identifier,Split
A0A023FBW4,val
A0A023FBW7,train
A0A023FF81,val
A0A023FFB5,train
A0A023FFD0,train
A0A023FT45,test
A0A023G6B6,train
A0A023VZM6,train
A0A023VZR2,val
A0A023W090,train
A0A023W0B6,test
A0A023W0C3,train
A0A023W0V6,train
A0A023W0W9,train
A0A023W145,train
A0A023W168,train
A0A024R1R8,val
A0A026W182,train
A0A044RE18,train
A0A059T2H4,test
A0A059U8Y9,val
A0A059U906,val
A0A059UEE4,train
A0A059UI21,train
A0A059UI30,test
A0A060XQP6,train
A0A061AE05,val
A0A061I403,train
A0A061IR73,train
A0A075B6H8,val
A0A075B6H9,train
A0A075B6I0,train
A0A075B6I1,train
A0A075B6I3,train
A0A075B6I4,train
A0A075B6I6,train
A0A075B6I7,test
A0A075B6I9,val
A0A075B6J1,train
A0A075B6J2,train
A0A075B6J6,train
A0A075B6J9,train
A0A075B6K2,train
A0A075B6K4,train
A0A075B6K5,train
A0A075B6K6,val
A0A075B6L2,train
A0A075B6L6,train
A0A075B6N1,train
A0A075B6N2,train
A0A075B6N3,train
A0A075B6N4,train
A0A075B6P5,train
A0A075B6S0,train
A0A075B6S2,train
A0A075B6S4,test
A0A075B6S5,train
A0A075B6S6,train
A0A075B6T6,val
A0A075B6T7,train
A0A075B6T8,train
A0A075B6U4,train
A0A075B6V5,train
A0A075B6W5,test
A0A075B6X5,test
A0A075B6Y3,train
A0A075B6Y9,train
A0A075B700,val
A0A075B706,train
A0A075B734,train
A0A075F932,train
A0A078BQP2,train
A0A087WRI3,train
A0A087WRU1,val
A0A087WSX0,train
A0A087WSY6,train
A0A087WSZ9,train
A0A087WT01,test
A0A087WT02,val
A0A087WT03,train
A0A087WTH1,train
A0A087WUV0,val
A0A087WV53,train
A0A087WV62,train
A0A087WW87,train
A0A087WWA1,test
A0A087WWS6,train
A0A087WXM9,train
A0A087X0K7,val
A0A087X0M5,train
A0A088BP94,train
A0A088MI62,train
A0A088MIT0,test
A0A088SG62,train
A0A090BX51,val
A0A090XA85,train
A0A090XBH9,train
A0A096LNP1,train
A0A096LP01,train
A0A096LP49,train
A0A096LPI5,test
A0A096LPK9,train
A0A096MJZ0,train
A0A096MK47,train
A0A096P2H6,test
A0A096X8J7,train
A0A096XJN4,train
A0A0A0MRZ7,train
A0A0A0MRZ9,train
A0A0A0MS00,train
A0A0A0MS01,train
A0A0A0MS02,train
A0A0A0MS03,test
A0A0A0MS04,train
A0A0A0MS06,train
A0A0A0MS14,test
A0A0A0MS15,train
A0A0A0MT70,train
A0A0A0MT76,train
A0A0A0MT78,test
A0A0A0MT87,train
A0A0A0MT89,test
A0A0A0MT94,train
A0A0A0MTA4,train
A0A0A0MTA7,train
A0A0A0VBX4,train
A0A0A1I6E7,val
A0A0A6YXX9,train
A0A0A6YY25,train
A0A0A6YYC5,val
A0A0A6YYD4,train
A0A0A6YYG2,test
A0A0A6YYG3,val
A0A0A6YYJ7,train
A0A0A6YYK1,test
A0A0A6YYK4,test
A0A0A6YYK6,val
A0A0A6YYK7,train
A0A0A7DNP6,test
A0A0B4J1F4,test
A0A0B4J1G0,train
A0A0B4J1L0,train
A0A0B4J1N3,train
A0A0B4J1U3,train
A0A0B4J1U4,train
A0A0B4J1U6,val
A0A0B4J1U7,val
A0A0B4J1V0,train
A0A0B4J1V1,train
A0A0B4J1V2,train
A0A0B4J1V6,train
A0A0B4J1V7,test
A0A0B4J1X5,train
A0A0B4J1Y8,train
A0A0B4J1Y9,train
A0A0B4J1Z2,val
A0A0B4J200,train
A0A0B4J234,train
A0A0B4J235,train
A0A0B4J238,val
A0A0B4J240,train
A0A0B4J241,val
A0A0B4J244,train
A0A0B4J245,train
A0A0B4J248,val
A0A0B4J249,train
A0A0B4J262,test
A0A0B4J263,train
A0A0B4J265,val
A0A0B4J266,val
A0A0B4J268,train
A0A0B4J271,train
A0A0B4J272,test
A0A0B4J273,train
A0A0B4J274,train
A0A0B4J275,val
A0A0B4J276,train
A0A0B4J277,test
A0A0B4J279,train
A0A0B4J280,train
A0A0B4J2E0,train
A0A0B4J2F0,train
A0A0B4J2H0,train
A0A0B4K692,test
A0A0B4K753,val
A0A0B4K7K9,train
A0A0B4K859,train
A0A0B4KEE4,train
A0A0B4KGY6,train
A0A0B4LFY9,val
A0A0B4U9L8,val
A0A0B5A7M7,val
A0A0B5A7N5,train
A0A0B5A8P8,test
A0A0B5A8Q6,train
A0A0B5ABD5,train
A0A0B5ABE6,test
A0A0B5AC86,train
A0A0B5AC95,train
A0A0B5ADT3,train
A0A0B5ADV0,train
A0A0B7P9G0,train
A0A0C4DGP1,val
A0A0C4DH24,test
A0A0C4DH26,train
A0A0C4DH27,train
A0A0C4DH28,train
A0A0C4DH29,train
A0A0C4DH30,train
A0A0C4DH31,test
A0A0C4DH32,train
A0A0C4DH33,train
A0A0C4DH34,train
A0A0C4DH35,train
A0A0C4DH39,train
A0A0C4DH43,train
A0A0C4DH55,train
A0A0C4DH59,train
A0A0C4DH62,train
A0A0C4DH67,train
A0A0C4DH68,test
A0A0C4G489,train
A0A0C4G5K0,train
A0A0C5B5G6,train
A0A0C5PHQ7,train
A0A0C5PRW9,train
A0A0C5Q309,train
A0A0C9S461,test
A0A0D3QS97,train
A0A0D3QS99,train
A0A0D4WV12,val
A0A0D9S1R0,train
A0A0D9SF12,train
A0A0E3SVB8,train
A0A0E4AVP3,train
A0A0E4BZH1,train
A0A0F6MY85,train
A0A0F7YYV0,train
A0A0F7YYX3,train
A0A0F7YZI5,train
A0A0F7Z3J2,val
A0A0G2JDV3,val
A0A0G2JMD5,train
A0A0G2JMI3,train
A0A0G2JS06,train
A0A0G2JTR4,val
A0A0G2JXN2,train
A0A0G2K344,train
A0A0G2K5L2,train
A0A0G2K6Z9,train
A0A0G2K7V7,train
A0A0G2KBC9,train
A0A0G2KIZ8,train
A0A0G2KQY6,train
A0A0G2KTI4,test
A0A0G2L7I0,train
A0A0G2UGT2,train
A0A0J9X1W9,test
A0A0J9YVY3,val
A0A0J9YWL9,val
A0A0J9YWP8,train
A0A0J9YWX3,train
A0A0J9YX06,train
A0A0J9YX35,train
A0A0J9YX57,train
A0A0J9YX75,train
A0A0J9YX94,train
A0A0J9YXA8,train
A0A0J9YXG5,train
A0A0J9YXM7,train
A0A0J9YXQ4,train
A0A0J9YXV3,test
A0A0J9YXX1,train
A0A0J9YY54,train
A0A0K0IP23,train
A0A0K0JFP3,train
A0A0K0K1A3,train
A0A0K0K1A5,train
A0A0K0K1B3,train
A0A0K0K1C0,train
A0A0K0K1C4,train
A0A0K0K1D8,test
A0A0K0K1G6,train
A0A0K0K1G8,train
A0A0K0MJ13,train
A0A0K0MJN3,train
A0A0K1YW63,test
A0A0K2S4Q6,train
A0A0K3AUE4,train
A0A0K3AUJ9,train
A0A0K3AV08,train
A0A0K3AWM6,val
A0A0K3AXH1,train
A0A0K8R4R9,train
A0A0K8R556,train
A0A0K8R5I2,train
A0A0K8R6B3,train
A0A0K8R726,train
A0A0K8R7D4,val
A0A0K8RAI0,train
A0A0K8RCE3,train
A0A0K8RCU3,val
A0A0K8RCY5,train
A0A0K8RD51,train
A0A0K8RDH6,train
A0A0K8RDJ1,train
A0A0K8RE99,test
A0A0K8RG61,test
A0A0K8RJ89,train
A0A0K8RJV9,train
A0A0K8RK34,test
A0A0K8RKE4,train
A0A0K8TUE2,train
A0A0L8FVQ9,train
A0A0M3KKW3,train
A0A0M3U1B0,train
A0A0M4JNZ0,train
A0A0M4JNZ6,train
A0A0N6WHT4,train
A0A0N7CSQ4,val
A0A0N7FMT9,train
A0A0N7HUN6,val
A0A0N7KBN8,train
A0A0N9E2K8,train
A0A0N9LWM6,train
A0A0P0BQD2,train
A0A0P0E482,train
A0A0P0UTI6,train
A0A0P0UTQ7,train
A0A0P6JG37,test
A0A0R4IB93,train
A0A0R4IBL7,val
A0A0R4IC37,train
A0A0R4IDP3,train
A0A0R4IDX9,train
A0A0R4IF99,train
A0A0R4IFG5,test
A0A0R4IGV4,train
A0A0R4IKJ1,train
A0A0R4IKU3,train
A0A0R4ILB2,train
A0A0R4IM31,train
A0A0R4IMY7,train
A0A0R4INB9,train
A0A0R4IP11,train
A0A0R4IQZ2,test
A0A0R4IVA4,train
A0A0R4IVV0,train
A0A0R4IWG9,val
A0A0R4IXF6,train
A0A0R4IY06,train
A0A0R4IYX6,train
A0A0R4IZ84,train
A0A0U1QT59,train
A0A0U1RQ45,train
A0A0U1RQE8,test
A0A0U1RQF7,train
A0A0U1RQG5,train
A0A0U1RQI7,train
A0A0U1RQS6,train
A0A0U1RR11,train
A0A0U1RR37,train
A0A0U1RRA0,test
A0A0U1RRK4,train
A0A0U1RRL7,test
A0A0U1RRN3,train
A0A0X1KGZ5,train
A0A125S9D9,val
A0A125S9E0,train
A0A125S9E1,train
A0A125S9E4,test
A0A125S9E6,train
A0A125S9E9,val
A0A125S9F0,train
A0A125S9F2,train
A0A125S9F3,train
A0A125S9F6,val
A0A125S9M4,train
A0A125S9M5,test
A0A125S9M6,val
A0A126GUP6,train
A0A131MBU3,train
A0A131MCZ8,train
A0A140C435,train
A0A140LFM6,test
A0A140LHF2,train
A0A140LHV9,val
A0A140LI67,test
A0A140LI88,train
A0A140LIA7,test
A0A140LIF8,val
A0A140LIJ0,train
A0A140LIT1,train
A0A141SFN4,test
A0A141SFN5,train
A0A142C197,test
A0A144LUY5,train
A0A144LVL3,train
A0A144LVM3,train
A0A146B485,train
A0A146B5A4,test
A0A158RFT4,train
A0A163UT06,test
A0A173GP47,train
A0A182C2Z2,train
A0A182GD79,train
A0A182GL09,test
A0A182IRF8,train
A0A182RFI2,train
A0A183,train
A0A193CHJ5,train
A0A193H329,train
A0A193H362,train
A0A193H395,train
A0A193KX02,test
A0A1A6FVC0,train
A0A1A6FVD4,train
A0A1B0GQX3,train
A0A1B0GR13,train
A0A1B0GRQ0,train
A0A1B0GRQ3,test
A0A1B0GSN8,test
A0A1B0GSZ0,val
A0A1B0GTB2,train
A0A1B0GTC6,test
A0A1B0GTD5,val
A0A1B0GTH6,train
A0A1B0GTH9,train
A0A1B0GTI1,train
A0A1B0GTI8,train
A0A1B0GTJ6,train
A0A1B0GTK4,train
A0A1B0GTK5,train
A0A1B0GTL2,train
A0A1B0GTQ4,test
A0A1B0GTR0,val
A0A1B0GTR3,train
A0A1B0GTR4,train
A0A1B0GTU2,train
A0A1B0GTW7,train
A0A1B0GTY4,test
A0A1B0GTZ2,train
A0A1B0GU29,train
A0A1B0GU33,train
A0A1B0GU71,train
A0A1B0GUA5,train
A0A1B0GUA6,train
A0A1B0GUA7,train
A0A1B0GUA9,train
A0A1B0GUC4,val
A0A1B0GUI7,val
A0A1B0GUJ8,train
A0A1B0GUS0,train
A0A1B0GUT2,train
A0A1B0GUU1,train
A0A1B0GUV1,val
A0A1B0GUV7,train
A0A1B0GUW6,train
A0A1B0GUW7,train
A0A1B0GUX0,val
A0A1B0GUY1,train
A0A1B0GV03,val
A0A1B0GV85,train
A0A1B0GV90,test
A0A1B0GV96,train
A0A1B0GVB3,train
A0A1B0GVD1,train
A0A1B0GVG4,train
A0A1B0GVG6,train
A0A1B0GVH4,train
A0A1B0GVH6,train
A0A1B0GVH7,train
A0A1B0GVK7,test
A0A1B0GVM5,test
A0A1B0GVM6,train
A0A1B0GVN3,train
A0A1B0GVQ0,train
A0A1B0GVQ3,train
A0A1B0GVR7,train
A0A1B0GVS7,train
A0A1B0GVT2,train
A0A1B0GVV1,val
A0A1B0GVX0,train
A0A1B0GVY4,test
A0A1B0GVZ2,train
A0A1B0GVZ9,train
A0A1B0GW54,val
A0A1B0GW64,test
A0A1B0GWB2,train
A0A1B0GWH4,train
A0A1B0GWH6,val
A0A1B0GWI6,train
A0A1B0GWK0,val
A0A1B0GX31,train
A0A1B0GX49,train
A0A1B0GX51,val
A0A1B0GX56,train
A0A1B0GX68,train
A0A1B0GX78,train
A0A1B0GX95,train
A0A1B0GXF2,test
A0A1B8YAB1,train
A0A1C3NSL9,train
A0A1D0BNA3,train
A0A1D0BND9,train
A0A1D0BPK9,train
A0A1D0BR67,test
A0A1D0BRB0,train
A0A1D0BZF5,train
A0A1D0BZI2,train
A0A1D0BZZ2,test
A0A1D0C023,train
A0A1D0C027,train
A0A1D1V3Z0,train
A0A1D1VU85,train
A0A1D3IXJ5,test
A0A1D3IXR7,train
A0A1D3IY23,train
A0A1D5NS60,train
A0A1D5NSK0,val
A0A1D5NVS8,test
A0A1D5NY17,train
A0A1D5P556,train
A0A1D5PJB7,train
A0A1D5PPP7,train
A0A1D5PRR9,val
A0A1D5PUP4,train
A0A1D5PXA5,val
A0A1D5RMD1,train
A0A1D9BZF0,val
A0A1E1GEY0,test
A0A1E1WVR9,test
A0A1E1WVX2,train
A0A1F4,train
A0A1I8M2I8,train
A0A1I8MUL8,train
A0A1J0M738,train
A0A1J1DL12,test
A0A1L1QJU3,train
A0A1L1SUL6,train
A0A1L2F565,val
A0A1L2FZD4,val
A0A1L4BJ42,train
A0A1L4BJ46,train
A0A1L4BJ98,train
A0A1L7NVA6,train
A0A1L8ENT6,train
A0A1L8ER70,train
A0A1L8EYB2,test
A0A1L8F8I9,test
A0A1L8FDW4,train
A0A1L8FM16,train
A0A1L8FZ84,train
A0A1L8FZ98,train
A0A1L8G016,train
A0A1L8G2K9,train
A0A1L8GR68,val
A0A1L8GSA2,val
A0A1L8GUX5,train
A0A1L8GVF0,val
A0A1L8GWK2,train
A0A1L8GXM0,test
A0A1L8GXY4,train
A0A1L8GXY6,train
A0A1L8H0H2,train
A0A1L8H579,test
A0A1L8H8C0,train
A0A1L8HCK2,test
A0A1L8HFX9,train
A0A1L8HJK9,train
A0A1L8HU22,test
A0A1L8HV70,test
A0A1L8HX76,train
A0A1L8HYT7,train
A0A1L8I2C5,train
A0A1L8I316,val
A0A1N7SYS3,val
A0A1P8NVR4,test
A0A1P8NVR5,train
A0A1P8NVS2,train
A0A1P8NVS3,train
A0A1P8NVS8,train
A0A1P8NVS9,train
A0A1P8NVU0,train
A0A1R3S3A8,train
A0A1S3EL69,train
A0A1S3PBB7,train
A0A1S4EWW7,train
A0A1S4F020,train
A0A1S4F0I0,train
A0A1S4F1Z7,train
A0A1S4F2V5,train
A0A1S4F362,train
A0A1S4F550,train
A0A1S4FD88,test
A0A1S4FGH1,test
A0A1S4FQ37,train
A0A1S4GGP7,train
A0A1S4GMJ4,train
A0A1S4GMU2,train
A0A1S4GYH6,train
A0A1S4GYH9,val
A0A1S4GYJ6,val
A0A1S4H2E2,train
A0A1S4H5M5,train
A0A1S4H5S2,train
A0A1S4HDQ2,train
A0A1S4HE51,train
A0A1S4HE90,test
A0A1S4K3K8,train
A0A1S4NYE8,train
A0A1W2P884,train
A0A1W2PP81,train
A0A1W2PP97,train
A0A1W2PPD8,train
A0A1W2PPE3,train
A0A1W2PPF3,train
A0A1W2PPG7,train
A0A1W2PPK0,train
A0A1W2PPL8,train
A0A1W2PPM1,train
A0A1W2PPW3,train
A0A1W2PQ72,train
A0A1W2PQ73,train
A0A1W2PQD8,train
A0A1W2PQL4,train
A0A1W2PQU2,train
A0A1W2PR19,test
A0A1W2PR48,train
A0A1W2PR82,train
A0A1W2PR95,train
A0A1W2PRP0,train
A0A1W2PS18,train
A0A1W6EVM7,train
A0A1W6EVN2,train
A0A1W6EVN4,train
A0A1X7TVA9,train
A0A1X9QHL1,val
A0A1Y9G8H0,train
A0A1Z2R986,train
A0A218QWY4,train
A0A218QWY8,train
A0A218QWZ8,train
A0A218QX08,train
A0A218QX22,train
A0A218QX58,val
A0A218QXT6,train
A0A219CMY0,train
A0A286QZ36,train
A0A286R7K5,train
A0A286Y9D1,train
A0A286YDK6,train
A0A286YEC0,val
A0A286YEU6,train
A0A286YEV6,train
A0A286YEX9,train
A0A286YF18,train
A0A286YF46,train
A0A286YF58,train
A0A286YF60,train
A0A286YF77,train
A0A286YFG1,train
A0A286YFK9,train
A0A287B8J2,val
A0A287BIW9,train
A0A291NUG3,train
A0A291NUI4,train
A0A291NUI5,train
A0A291PQF1,train
A0A291PQG3,train
A0A291PQH4,test
A0A2B4RNI3,val
A0A2B4RP11,train
A0A2B4SES9,train
A0A2B4SII1,train
A0A2B4SJA1,train
A0A2B4SJD2,train
A0A2B4SJZ1,train
A0A2C9JXL4,val
A0A2D0TC04,train
A0A2D1P890,train
A0A2H1VE33,train
A0A2I6EDL2,train
A0A2I6EDL3,train
A0A2I6EDL6,test
A0A2I6EDM2,train
A0A2I6EDM5,train
A0A2I6EDN1,train
A0A2I6EDN2,val
A0A2I6EDN5,train
A0A2I8B346,val
A0A2I8B352,val
A0A2I8B353,train
A0A2K5X3B6,train
A0A2K6TRM6,train
A0A2L0VBG2,train
A0A2L1DGG0,train
A0A2L2DDD0,train
A0A2L2DDE6,train
A0A2L2P6T1,val
A0A2L2P6T9,train
A0A2P1BRP3,train
A0A2P1BRQ0,train
A0A2P1BSS8,train
A0A2P1BSS9,train
A0A2P1BST7,val
A0A2P1BSU3,test
A0A2R4SV19,train
A0A2R8Q1W5,train
A0A2R8Q3S9,train
A0A2R8QCI3,train
A0A2R8QF68,val
A0A2R8QHQ6,train
A0A2R8QP51,train
A0A2R8QPS5,train
A0A2R8RWN9,train
A0A2R8RY99,train
A0A2R8VHF7,train
A0A2R8VHR8,test
A0A2R8Y2Y2,test
A0A2R8Y4L6,train
A0A2R8Y4Y8,train
A0A2R8Y619,test
A0A2R8Y7D0,train
A0A2R8Y7Y5,train
A0A2R8YCJ5,train
A0A2R8YED5,test
A0A2R8YFL7,val
A0A2R8YFM6,test
A0A2R9YJI3,train
A0A2U3Y4D7,test
A0A2U8JCR5,train
A0A2U8QPE6,train
A0A2Y9GDB5,train
A0A2Y9HKE5,train
A0A2Z2U4G9,test
A0A2Z4LIS9,train
A0A2Z5Z9H5,train
A0A2Z5Z9X0,train
A0A330KUG5,val
A0A330KW27,train
A0A338P6K9,train
A0A343W969,train
A0A343W970,train
A0A345GPN1,test
A0A346CED7,train
A0A346CIA0,train
A0A346CIB0,train
A0A346CIB2,train
A0A346CIB3,train
A0A348G5V8,train
A0A348G5V9,train
A0A348G5W1,train
A0A348G5W2,train
A0A348G6I7,train
A0A348G6I9,train
A0A348G6J0,train
A0A348G6J1,train
A0A383ZFX3,train
A0A384E0Y8,train
A0A384E129,train
A0A386CAB9,train
A0A386JV86,train
A0A386JVA3,train
A0A3B1DZW5,test
A0A3B3IS91,train
A0A3B3IT33,train
A0A3B3IT45,val
A0A3B3IT52,train
A0A3B3IU46,test
A0A3B3IU63,train
A0A3B6UES5,train
A0A3F2YLP5,train
A0A3F2YLV2,train
A0A3G1DIU6,train
A0A3G1DJK2,train
A0A3G1DJL1,train
A0A3G1DJL7,test
A0A3G1DJN1,test
A0A3G1DJQ2,test
A0A3G1VU73,train
A0A3G1VU78,train
A0A3G3C7S0,test
A0A3G3C7S2,test
A0A3G3C7S6,train
A0A3G3C7T5,train
A0A3G3C7U1,test
A0A3G3C7U2,val
A0A3G3C7U7,train
A0A3G3C7V0,train
A0A3G3C7V6,train
A0A3G3C7V7,train
A0A3G5BIB1,train
A0A3G5BIB4,train
A0A3G5BIC2,train
A0A3G5BID2,train
A0A3M6TIF0,train
A0A3P7XL18,test
A0A3P8MJV5,val
A0A3Q0KDV9,val
A0A3Q0KGQ7,train
A0A3Q0KHE7,val
A0A3Q0KJ78,train
A0A3Q0KQY7,train
A0A3Q0KR05,train
A0A3Q1LFG5,test
A0A3Q1LFK7,train
A0A3Q1LRJ2,train
A0A3Q1MT14,test
A0A3Q1N1R0,test
A0A3Q2HW92,train
A0A3Q2IDB4,train
A0A3Q2TTB3,train
A0A3Q2UEI8,val
A0A3Q7ZPG5,train
A0A3S6I186,train
A0A3S9V8K6,train
A0A3S9V8L7,val
A0A410UD22,test
A0A411D538,test
A0A411EZW9,val
A0A452CSQ9,train
A0A455ZAR2,val
A0A481NSZ4,val
A0A482WD11,val
A0A486WWJ9,train
A0A494BA31,val
A0A494BZU4,train
A0A494C071,train
A0A494C0Y3,train
A0A494C0Z2,train
A0A494C103,train
A0A494C1I1,train
A0A4P1LYC9,train
A0A4V8GZX0,train
A0A4W3GG95,val
A0A4X1T4U3,train
A0A4X1TZW7,test
A0A4X1UM84,train
A0A4Z3,train
A0A515MEM9,val
A0A515MEN7,train
A0A571BEE2,train
A0A576,train
A0A577,train
A0A578,train
A0A584,train
A0A589,train
A0A590UK83,train
A0A599,train
A0A5A2,train
A0A5A6,train
A0A5B0,test
A0A5B6,train
A0A5B7,train
A0A5C1J0Z8,train
A0A5C1ZXT8,train
A0A5C2A2T2,train
A0A5E4M3Q4,test
A0A5F4BST2,train
A0A5F8AH41,test
A0A5F8MPE6,train
A0A5F9ZH02,train
A0A5F9ZHS7,train
A0A5G2QD80,val
A0A5H1ZR48,train
A0A5K7RLP0,train
A0A5P9K461,train
A0A5P9K470,train
A0A5P9K9Z4,val
A0A5P9NYS6,train
A0A5Q0MUM5,train
A0A5Q0MUT1,val
A0A5S9MMK5,train
A0A646QV53,train
A0A678XMK4,val
A0A679PF76,train
A0A6B7FMR5,val
A0A6B9KZ02,test
A0A6B9KZ30,train
A0A6B9KZ40,val
A0A6B9KZ52,train
A0A6B9KZ59,val
A0A6B9KZ66,train
A0A6B9KZ79,train
A0A6B9KZ83,val
A0A6B9KZ89,train
A0A6B9KZ90,train
A0A6B9KZA1,test
A0A6B9L1A2,test
A0A6B9L1F0,train
A0A6B9L1H0,train
A0A6B9L3M7,train
A0A6B9L3R4,train
A0A6B9L3U7,test
A0A6B9L4T1,test
A0A6B9L4Z7,train
A0A6B9L664,train
A0A6B9L6A5,train
A0A6B9L8T7,train
A0A6B9L8Y4,val
A0A6E8W6Y5,train
A0A6G9KHD1,train
A0A6G9KHD6,val
A0A6G9KHE4,train
A0A6G9KHE5,train
A0A6G9KIR5,train
A0A6G9KJK9,val
A0A6G9KJM3,train
A0A6G9KJV6,train
A0A6I8MX38,train
A0A6I8PMZ8,train
A0A6I8PUB9,train
A0A6I8RMG7,train
A0A6I8TBG6,train
A0A6I8TCE0,val
A0A6I8TI61,train
A0A6I8TMQ9,test
A0A6J1SUS3,train
A0A6J1WQD0,train
A0A6M3Z4D9,train
A0A6M3Z4E7,train
A0A6M3Z4L2,train
A0A6M3Z9I6,train
A0A6M6R9M4,test
A0A6M6RE84,train
A0A6P3CW73,train
A0A6P3DGX7,train
A0A6P3DHB8,train
A0A6P3HVI0,test
A0A6P3R0Z0,train
A0A6P7EFR0,test
A0A6P8HC43,train
A0A7D0AGU9,test
A0A7E5WTY7,val
A0A7E5WUT2,val
A0A7E6FSU6,train
A0A7G6KN55,train
A0A7I2V3R4,train
A0A7L8Y648,train
A0A7M4DUE8,train
A0A7M6UMR7,train
A0A7M6UNN1,train
A0A7M6UUR2,train
A0A7M6W5F9,test
A0A7M6W880,test
A0A7M7H308,train
A0A7N9VSG0,train
A0A7P0TBJ1,train
A0A7S8MU59,train
A0A7S8MU78,train
A0A7S8MU86,train
A0A7S8MUG8,test
A0A7S8MV32,train
A0A7S8MVA6,test
A0A7S8MVF3,train
A0A7S8MVN3,test
A0A7S8RFI7,train
A0A7S8RGC8,test
A0A804C8T0,train
A0A890,train
A0A8B0RBM2,train
A0A8B6XDS4,train
A0A8B6XWW9,train
A0A8B6XWY5,val
A0A8B7DWS6,train
A0A8B7DY61,train
A0A8B7HA97,train
A0A8B8BQ58,test
A0A8B8EY61,test
A0A8C0N7E5,train
A0A8C0N8E3,train
A0A8C0TYJ0,val
A0A8C2LVE3,train
A0A8C2M425,train
A0A8D0I1K1,train
A0A8I3NFE2,test
A0A8I3NQW8,train
A0A8I3NRY3,train
A0A8I3P7X4,train
A0A8I3PDQ1,train
A0A8I3PI99,train
A0A8I3PJ84,train
A0A8I3PMN2,test
A0A8I3S724,test
A0A8I5KY20,train
A0A8I5ZN27,train
A0A8I6A2H6,val
A0A8I6ASZ5,train
A0A8I6GJ95,train
A0A8I6GM68,test
A0A8J1K1A4,train
A0A8J1LLF7,val
A0A8J1M587,train
A0A8K1YTT4,train
A0A8K1YTT9,train
A0A8K1YTU0,test
A0A8M1N5Y4,train
A0A8M1NHK4,train
A0A8M1PLI9,test
A0A8M2B5N2,train
A0A8M2B818,train
A0A8M2BIB6,test
A0A8M2BID5,train
A0A8M3AJY3,train
A0A8M9P821,train
A0A8M9PDM1,test
A0A8M9PFP2,train
A0A8M9PQ61,train
A0A8M9Q308,test
A0A8M9QN10,train
A0A8P0N4K0,test
A0A8U0LTF0,train
A0A8U0LTT7,train
A0A8U0LTT9,train
A0A8U0LU66,val
A0A8U0WQ84,train
A0A8U0WQF3,test
A0A8U1C100,test
A0A8U1C2Y4,test
A0A8V0YY16,train
A0A8V0ZB02,val
A0A8V0ZLT4,test
A0A8V1ABE9,train
A0A8V8TMC4,train
A0A903V9Z8,val
A0A913XCT1,train
A0A974CYQ5,train
A0A974E306,test
A0A974HZL0,train
A0A9B0BQN9,train
A0A9B2JT35,train
A0AAA9T569,train
A0AAQ4VMX2,train
A0AAT9JA24,train
A0AAU7VAB8,train
A0AAU7VAE8,train
A0AB32TH67,test
A0AB32U2W5,train
A0AEI5,train
A0AEI6,train
A0ASK0,val
A0AUP1,val
A0AUR5,train
A0AUS0,train
A0AUT1,train
A0AUV4,test
A0AUZ9,train
A0AV02,train
A0AVF1,test
A0AVI2,test
A0AVK6,val
A0AVT1,train
A0AVX7,train
A0EQL2,train
A0EYN2,train
A0F0C2,train
A0FGR0,train
A0FGR9,train
A0FKI7,train
A0FKN5,val
A0FLQ6,train
A0JC51,train
A0JD32,val
A0JD36,train
A0JD37,test
A0JLY1,train
A0JM08,train
A0JM12,train
A0JM24,val
A0JM49,train
A0JM51,train
A0JM56,train
A0JM64,train
A0JM80,train
A0JM83,val
A0JM95,train
A0JM98,train
A0JMA9,train
A0JMD0,train
A0JMD2,train
A0JMD4,train
A0JME2,test
A0JME6,train
A0JMF1,test
A0JMF6,train
A0JMF7,train
A0JMF8,train
A0JMG9,test
A0JMH0,test
A0JMH2,train
A0JMI9,val
A0JMK5,train
A0JMK6,val
A0JMK8,test
A0JMK9,train
A0JML8,train
A0JMM9,train
A0JMP0,train
A0JMQ0,train
A0JMQ7,train
A0JMQ9,test
A0JMR6,test
A0JMS7,train
A0JMT0,train
A0JMU5,train
A0JMU8,train
A0JMV4,train
A0JMW2,train
A0JMW6,train
A0JMY4,val
A0JMY5,train
A0JMZ1,test
A0JMZ3,train
A0JMZ4,train
A0JN51,train
A0JN53,train
A0JN61,test
A0JN71,train
A0JN80,val
A0JN86,test
A0JN92,train
A0JN95,train
A0JNA8,train
A0JNB1,train
A0JNC3,test
A0JND2,train
A0JND3,train
A0JND4,test
A0JND9,val
A0JNF3,train
A0JNG4,train
A0JNH1,train
A0JNH9,train
A0JNI1,test
A0JNI4,train
A0JNI9,train
A0JNJ3,train
A0JNJ4,train
A0JNJ5,train
A0JNK3,train
A0JNK6,train
A0JNL1,train
A0JNL5,train
A0JNL8,test
A0JNM1,train
A0JNM6,train
A0JNN2,train
A0JNN6,train
A0JNP2,train
A0JNQ6,val
A0JNQ7,train
A0JNW5,train
A0JP26,test
A0JP43,test
A0JP70,test
A0JP75,train
A0JP80,train
A0JP82,train
A0JP86,val
A0JP89,train
A0JP94,train
A0JPA0,train
A0JPA1,train
A0JPB4,train
A0JPB5,train
A0JPE1,train
A0JPE9,train
A0JPF5,train
A0JPF9,train
A0JPG1,train
A0JPH3,train
A0JPH4,train
A0JPI9,train
A0JPK3,train
A0JPL0,train
A0JPN1,val
A0JPN2,test
A0JPN3,train
A0JPN6,train
A0JPP4,train
A0JPP5,train
A0JPQ1,train
A0JPQ7,train
A0JPQ8,train
A0M8R5,train
A0M8S1,train
A0M8U1,val
A0MCU0,train
A0MGZ5,train
A0MGZ7,train
A0MS83,test
A0MSJ1,train
A0MSX9,test
A0MT11,train
A0MTA1,val
A0NBD9,test
A0NDG6,train
A0NDK8,train
A0NEF7,train
A0NGI1,train
A0P8Z4,val
A0P8Z5,val
A0P9L2,train
A0PC02,train
A0PG75,val
A0PJE2,val
A0PJK1,train
A0PJN4,val
A0PJR5,train
A0PJS5,train
A0PJT0,test
A0PJW6,val
A0PJW8,train
A0PJX2,test
A0PJX8,train
A0PJZ0,train
A0PJZ3,train
A0PK05,val
A0RZB4,train
A0RZC6,train
A0S0B0,train
A0S864,val
A0S865,test
A0SE59,test
A0SE60,train
A0SIF1,train
A0SIX6,train
A0SQM0,val
A0T2N3,train
A0ZSE6,train
A0ZSF2,train
A0ZSK3,train
A0ZT23,train
A0ZT93,val
A1A4F0,train
A1A4G5,train
A1A4H9,train
A1A4I1,val
A1A4J1,train
A1A4J6,train
A1A4J8,train
A1A4K1,train
A1A4K3,train
A1A4L1,train
A1A4L4,test
A1A4L5,train
A1A4M2,test
A1A4M4,test
A1A4M6,train
A1A4N1,train
A1A4P4,train
A1A4P6,test
A1A4P9,train
A1A4Q3,val
A1A4R9,val
A1A4V9,train
A1A4Y4,train
A1A546,val
A1A547,val
A1A580,test
A1A5B4,train
A1A5C7,train
A1A5D9,val
A1A5F2,train
A1A5G0,test
A1A5G4,val
A1A5H8,train
A1A5I1,test
A1A5P0,train
A1A5P9,train
A1A5Q0,train
A1A5Q4,train
A1A5Q6,train
A1A5Q7,train
A1A5R7,test
A1A5R9,train
A1A5S3,train
A1A5V7,train
A1A5V9,train
A1A5X2,val
A1A5X5,train
A1A5Y0,train
A1A5Y5,test
A1A5Z0,train
A1A5Z3,train
A1A600,train
A1A619,val
A1A708,train
A1BQQ5,train
A1C2U6,train
A1DWM3,train
A1DZY4,train
A1E295,train
A1E2I4,val
A1E2I5,train
A1E2V0,test
A1E959,val
A1E960,train
A1EA99,train
A1EGX6,val
A1IGU4,val
A1IGU5,train
A1IGX5,train
A1IH00,test
A1IKL2,val
A1IKL3,train
A1KQY9,train
A1KXC4,train
A1KXI0,train
A1KXI1,train
A1KXM5,val
A1KZ92,val
A1L020,val
A1L0T0,train
A1L0T3,test
A1L0Y2,train
A1L0Z6,train
A1L112,train
A1L131,train
A1L157,train
A1L162,test
A1L168,train
A1L170,train
A1L188,val
A1L1A6,train
A1L1C2,train
A1L1C5,train
A1L1C7,train
A1L1F1,train
A1L1F4,train
A1L1F6,train
A1L1G1,train
A1L1H3,val
A1L1J9,train
A1L1K1,train
A1L1K3,train
A1L1K4,train
A1L1K7,val
A1L1L1,train
A1L1L2,train
A1L1L3,train
A1L1M4,val
A1L1N5,train
A1L1P7,train
A1L1P9,train
A1L1R0,train
A1L1R5,val
A1L1R6,train
A1L1S5,train
A1L1V4,test
A1L1W4,test
A1L1W9,train
A1L209,test
A1L224,val
A1L237,test
A1L243,val
A1L244,train
A1L251,test
A1L252,val
A1L253,train
A1L258,val
A1L259,train
A1L260,val
A1L271,val
A1L272,train
A1L293,test
A1L2E4,test
A1L2F3,train
A1L2F6,val
A1L2G3,train
A1L2H3,val
A1L2H9,train
A1L2I9,test
A1L2K1,val
A1L2L5,train
A1L2P5,test
A1L2P7,train
A1L2Q8,train
A1L2T6,train
A1L2U9,train
A1L2W7,test
A1L2W9,test
A1L2Y1,train
A1L314,train
A1L317,train
A1L390,test
A1L3C1,val
A1L3F4,train
A1L3F5,train
A1L3G4,train
A1L3H4,val
A1L3I3,train
A1L3I5,train
A1L3M3,val
A1L3T7,train
A1L3X0,train
A1L3X4,train
A1L453,train
A1L4H1,val
A1L4K1,train
A1L4L8,train
A1L4Q6,train
A1L504,val
A1L515,val
A1L520,test
A1L595,train
A1L5A6,test
A1X148,train
A1X150,test
A1X154,train
A1X157,train
A1X158,train
A1X159,train
A1X283,train
A1X8B6,test
A1X8B8,train
A1X8B9,train
A1X8C2,train
A1XBS5,train
A1XQR7,val
A1XQT2,train
A1XQU3,train
A1XQX0,train
A1XQX1,train
A1XQX2,test
A1XQX3,train
A1XQX8,train
A1XQY0,train
A1XQY1,train
A1XQY3,train
A1XSY8,test
A1XXJ9,train
A1YB07,train
A1YEP8,val
A1YER0,train
A1YEX3,train
A1YF08,train
A1YF56,train
A1YFC1,val
A1YFZ3,train
A1YG48,train
A1YG88,train
A1YGA4,train
A1YGR6,train
A1YIY0,train
A1YK02,val
A1YL77,train
A1YQ91,train
A1YQ93,val
A1Z0M0,train
A1Z198,train
A1Z1Q3,test
A1Z6E0,train
A1Z6H7,test
A1Z6J5,test
A1Z6L1,train
A1Z6M6,train
A1Z6S7,train
A1Z6W3,test
A1Z746,test
A1Z7A6,test
A1Z7A8,val
A1Z7K9,train
A1Z7L1,train
A1Z7L8,train
A1Z7R6,val
A1Z7T0,train
A1Z7U3,test
A1Z7Z9,train
A1Z830,train
A1Z877,val
A1Z897,val
A1Z8D0,val
A1Z8E9,train
A1Z8J0,train
A1Z8R8,val
A1Z8X3,train
A1Z9A2,train
A1Z9A8,val
A1Z9E2,train
A1Z9G2,test
A1Z9J4,train
A1Z9L3,train
A1Z9P3,train
A1Z9R4,val
A1Z9S1,train
A1Z9X0,train
A1ZA47,train
A1ZA55,train
A1ZA77,train
A1ZA92,train
A1ZAC4,train
A1ZAG4,train
A1ZAI3,test
A1ZAI5,train
A1ZAJ2,train
A1ZAK1,train
A1ZAU8,train
A1ZAV1,train
A1ZAW0,train
A1ZAW5,train
A1ZAX0,test
A1ZAY1,train
A1ZB29,val
A1ZB62,test
A1ZB64,train
A1ZB86,train
A1ZB91,train
A1ZBD6,train
A1ZBT5,test
A1ZBW7,val
A1ZBY1,train
A2A259,train
A2A288,test
A2A368,train
A2A3K4,train
A2A3L6,test
A2A3N6,train
A2A3V1,train
A2A3V2,val
A2A591,train
A2A5E6,train
A2A5H7,train
A2A5I3,train
A2A5N3,train
A2A5X4,train
A2A5X5,train
A2A699,train
A2A6A1,train
A2A6C4,train
A2A6H3,val
A2A6M5,train
A2A6T1,train
A2A761,train
A2A7S8,test
A2A7V7,train
A2A7Y5,train
A2A7Z8,train
A2A825,train
A2A870,train
A2A8L1,train
A2A8L5,test
A2A8T7,train
A2A8U2,train
A2A935,train
A2A995,val
A2A9A2,train
A2A9G7,train
A2A9I7,train
A2A9Q0,train
A2A9R3,test
A2A9T0,train
A2AAX3,train
A2AAY5,train
A2AB59,train
A2ABU4,val
A2ACG1,train
A2ACJ2,train
A2ACP1,train
A2AD83,train
A2ADA5,train
A2ADU8,train
A2ADU9,train
A2ADY9,val
A2ADZ8,train
A2AE20,train
A2AE42,val
A2AED3,val
A2AEP0,train
A2AEV7,train
A2AEY4,train
A2AFE9,train
A2AFR3,train
A2AFS3,train
A2AFS9,val
A2AG06,train
A2AG50,train
A2AG58,val
A2AGA4,train
A2AGB2,train
A2AGH6,train
A2AGT5,test
A2AGX3,train
A2AHC3,train
A2AHJ4,test
A2AI05,train
A2AI08,train
A2AIG8,train
A2AIP0,train
A2AIV2,train
A2AIW0,train
A2AJ77,train
A2AJA7,test
A2AJA9,train
A2AJB1,train
A2AJB2,train
A2AJB7,train
A2AJI0,test
A2AJN7,train
A2AJT4,val
A2AJT9,val
A2AJX4,train
A2AKB4,train
A2AKB9,train
A2AKE7,train
A2AKG8,train
A2AKK5,test
A2AKM2,train
A2AKY4,train
A2ALK8,val
A2ALU4,train
A2ALV5,train
A2AM05,val
A2AMT1,val
A2AMZ4,val
A2ANU3,train
A2ANX9,test
A2AP18,train
A2APA5,train
A2APB8,test
A2APF3,train
A2APT9,train
A2APV2,train
A2APX8,train
A2AQ14,train
A2AQ25,test
A2AQ92,train
A2AQH4,val
A2AQW0,test
A2AR02,train
A2ARA8,train
A2ARJ3,train
A2ARK0,train
A2ARM1,train
A2ARP9,train
A2AS55,train
A2ASI5,train
A2ASQ1,train
A2AT37,train
A2ATD1,train
A2AU37,train
A2AU72,val
A2AUM9,val
A2AUQ7,train
A2AUU0,train
A2AUY4,train
A2AV36,train
A2AV37,train
A2AVJ0,train
A2AVQ5,test
A2AVZ9,train
A2AWH2,train
A2AWP0,train
A2AWR3,train
A2AWT3,train
A2BD05,train
A2BD09,test
A2BD89,train
A2BDB7,train
A2BDC9,test
A2BDG0,train
A2BDG5,val
A2BDG9,train
A2BDP1,train
A2BDR7,train
A2BDX3,train
A2BE28,test
A2BE76,train
A2BEA6,train
A2BF66,train
A2BFC9,train
A2BFL2,test
A2BFP5,train
A2BG43,test
A2BGA0,train
A2BGD5,val
A2BGG1,val
A2BGL3,train
A2BGM5,val
A2BGP7,train
A2BGR3,train
A2BGS3,train
A2BGT0,val
A2BGU8,train
A2BGU9,val
A2BHB7,train
A2BHJ4,train
A2BID5,train
A2BID7,train
A2BIE7,val
A2BIG9,train
A2BIJ3,test
A2BIL7,test
A2BIL8,train
A2BIR6,test
A2CE44,train
A2CE83,train
A2CEA7,train
A2CEH0,train
A2CEI4,train
A2CEI6,test
A2CEM9,train
A2CEQ0,train
A2CER7,train
A2CES0,test
A2CEX1,train
A2CEZ5,train
A2CG63,val
A2CI34,train
A2CI35,train
A2CI97,train
A2CI98,test
A2CJ06,train
A2CKF6,train
A2D4U1,train
A2D649,train
A2I3Y6,val
A2I3Z2,train
A2I7N3,test
A2I8Z7,train
A2IA90,train
A2IA93,test
A2IAB1,val
A2IBY7,train
A2IDD5,test
A2JGV3,train
A2KF29,test
A2PYH4,train
A2PYL6,test
A2PZF9,train
A2RRD8,train
A2RRH5,train
A2RRL7,test
A2RRS8,test
A2RRT3,train
A2RRV3,train
A2RRV9,train
A2RRW4,train
A2RRX6,train
A2RRY8,train
A2RSJ4,train
A2RSQ1,train
A2RST1,train
A2RSX4,train
A2RSX7,test
A2RT62,val
A2RT67,train
A2RT91,train
A2RTF1,train
A2RTX5,train
A2RU14,train
A2RU30,train
A2RU37,val
A2RU48,test
A2RU49,val
A2RU54,train
A2RU67,train
A2RUB1,test
A2RUB6,train
A2RUC4,train
A2RUH7,train
A2RUQ5,test
A2RUR9,train
A2RUS2,train
A2RUT3,train
A2RUU4,val
A2RUV4,test
A2RUV5,train
A2RUW0,train
A2RUW7,val
A2RV01,train
A2RV06,val
A2RV18,train
A2RV29,train
A2RV61,train
A2RV66,train
A2RV80,train
A2RVA7,test
A2SW69,train
A2SWM2,train
A2T6Z6,train
A2T736,train
A2T748,test
A2T762,train
A2T763,train
A2T7D9,train
A2T7E6,train
A2T7G6,train
A2T7H5,train
A2T928,train
A2TF48,train
A2TGX5,train
A2TIL1,train
A2TJV2,test
A2TLM1,test
A2V735,train
A2V7M9,train
A2V9Z4,val
A2VB89,test
A2VB90,train
A2VBC4,train
A2VCK2,train
A2VCV0,train
A2VCW9,train
A2VCX1,train
A2VCZ5,train
A2VD00,train
A2VD01,train
A2VD12,val
A2VD13,train
A2VD23,train
A2VD33,train
A2VD82,val
A2VD92,train
A2VD93,val
A2VD95,train
A2VD98,train
A2VDA9,train
A2VDF0,train
A2VDH3,train
A2VDJ0,train
A2VDL4,train
A2VDL6,train
A2VDL8,train
A2VDM0,train
A2VDN5,train
A2VDP0,train
A2VDP4,test
A2VDP5,train
A2VDQ7,test
A2VDR2,train
A2VDR9,train
A2VDS1,train
A2VDT4,train
A2VDT9,train
A2VDU1,train
A2VDU2,test
A2VDV2,train
A2VDW6,train
A2VDW9,train
A2VDX7,train
A2VDX9,train
A2VDY3,train
A2VDY4,val
A2VDZ4,val
A2VDZ5,train
A2VDZ9,test
A2VE00,val
A2VE02,val
A2VE04,train
A2VE10,train
A2VE15,train
A2VE23,train
A2VE29,train
A2VE31,val
A2VE33,train
A2VE36,train
A2VE40,test
A2VE53,train
A2VE54,train
A2VE56,train
A2VE58,train
A2VEA7,train
A2VEI2,train
A2VEY9,train
A3F4S0,train
A3F7X1,train
A3F7X2,test
A3FBE9,train
A3FEM2,train
A3FFS8,train
A3FIN4,train
A3FKF7,train
A3FM55,train
A3FMN3,test
A3FPJ2,train
A3KCL7,train
A3KFF6,train
A3KFT3,train
A3KFU9,train
A3KFX0,train
A3KG59,train
A3KGB4,test
A3KGF7,train
A3KGF9,val
A3KGK3,train
A3KGT9,val
A3KGZ2,train
A3KMH1,train
A3KMI0,test
A3KMN5,val
A3KMP2,train
A3KMR8,train
A3KMV2,test
A3KMV8,train
A3KMW7,val
A3KMX0,train
A3KMX7,test
A3KMX8,train
A3KMY4,train
A3KMZ6,train
A3KN05,train
A3KN19,test
A3KN24,test
A3KN25,train
A3KN27,val
A3KN28,test
A3KN32,val
A3KN33,test
A3KN36,val
A3KN46,train
A3KN83,train
A3KN95,train
A3KNA5,val
A3KNA7,val
A3KNB6,train
A3KNI7,train
A3KNJ3,val
A3KNJ8,test
A3KNK1,val
A3KNK7,test
A3KNL5,train
A3KNL6,train
A3KNM4,train
A3KNN3,train
A3KNS2,test
A3KNS9,val
A3KNW0,train
A3KNX5,val
A3KNX6,train
A3KP37,train
A3KP40,train
A3KP48,val
A3KP59,train
A3KP74,train
A3KP77,train
A3KP85,test
A3KPA0,test
A3KPA3,val
A3KPK0,train
A3KPL7,train
A3KPN8,test
A3KPP3,train
A3KPP4,val
A3KPQ7,train
A3KPR5,train
A3KPW7,train
A3KPW9,test
A3KQ55,train
A3KQ58,test
A3KQ86,train
A3KQA5,train
A3KQH2,val
A3KQQ9,train
A3KQS4,train
A3KQS5,train
A3KQV2,train
A3QJU3,train
A3QJZ6,val
A3QK15,train
A3QK16,train
A3QM97,train
A3QMC6,val
A3QMD7,train
A3QP01,train
A3QP09,train
A3QPB9,train
A3QU28,train
A3QVN3,test
A3QVV1,test
A3R064,test
A3R0T9,train
A3RF36,val
A3RFZ7,train
A3RGB0,train
A3RGB1,train
A3RJ36,train
A3RK74,train
A3RK75,train
A3RL54,val
A3RLD7,val
A3RLD8,train
A3RLE1,val
A3RLR0,train
A3RLR1,train
A3RLT6,test
A4D0S4,test
A4D0V7,train
A4D0Y5,test
A4D126,train
A4D161,train
A4D1B5,train
A4D1E1,train
A4D1E9,val
A4D1F6,train
A4D1N5,test
A4D1S0,train
A4D1Z8,test
A4D250,val
A4D256,train
A4D263,test
A4D2B0,train
A4D2B8,train
A4D2G3,train
A4D2H0,train
A4D7T3,val
A4F5G6,train
A4FU01,train
A4FU49,train
A4FU69,test
A4FUB0,train
A4FUB7,train
A4FUC0,val
A4FUC9,train
A4FUD4,train
A4FUG7,val
A4FUG8,val
A4FUH1,train
A4FUH5,test
A4FUI1,train
A4FUM1,train
A4FUN9,train
A4FUP9,test
A4FUQ5,val
A4FUW8,val
A4FUY7,train
A4FUY9,train
A4FUZ5,val
A4FUZ6,train
A4FV37,train
A4FV42,test
A4FV45,train
A4FV48,val
A4FV54,train
A4FV58,test
A4FV97,train
A4FV98,test
A4FVD8,train
A4FVI0,train
A4FVJ7,test
A4GG66,val
A4GT88,train
A4GTP4,train
A4GWN3,val
A4GXA9,train
A4H209,train
A4H213,train
A4H216,train
A4H223,train
A4H225,val
A4H240,train
A4H241,train
A4H244,train
A4H245,test
A4H254,train
A4H255,val
A4H262,val
A4H265,train
A4IF69,train
A4IF75,train
A4IF90,train
A4IF93,train
A4IF98,test
A4IFA3,test
A4IFA6,test
A4IFA7,train
A4IFC9,val
A4IFD0,test
A4IFD2,train
A4IFD7,val
A4IFG4,train
A4IFH4,train
A4IFH5,train
A4IFI1,train
A4IFJ0,val
A4IFJ1,train
A4IFJ5,train
A4IFK0,val
A4IFK7,test
A4IFL1,train
A4IFL2,train
A4IFM1,val
A4IFM3,train
A4IFM7,train
A4IFP3,train
A4IFR0,train
A4IFR8,train
A4IFU7,train
A4IFU8,train
A4IFW2,val
A4IG32,train
A4IG42,val
A4IG53,val
A4IG55,train
A4IG59,train
A4IG61,val
A4IG62,train
A4IG66,train
A4IG72,test
A4IGC3,train
A4IGD2,train
A4IGF3,train
A4IGH2,val
A4IGH4,train
A4IGI5,test
A4IGK3,val
A4IGL3,val
A4IGL7,train
A4IGL8,train
A4IGM4,train
A4IGM9,train
A4IGN3,train
A4IGN8,val
A4IGQ8,val
A4IGU3,train
A4IGU9,train
A4IGY3,train
A4IGY6,train
A4IGY9,train
A4IH24,train
A4IH36,val
A4IH46,train
A4IH61,test
A4IH68,train
A4IHA1,test
A4IHB9,train
A4IHD2,val
A4IHG1,test
A4IHH4,train
A4IHK6,train
A4IHP4,test
A4IHR0,train
A4IHR5,train
A4IHS0,val
A4IHT0,train
A4IHU6,train
A4IHW3,train
A4IHY1,train
A4IHY6,val
A4IHZ3,test
A4II09,train
A4II15,train
A4II32,train
A4II40,test
A4II73,train
A4II83,train
A4IIA2,val
A4IIC5,val
A4IIE8,train
A4IIF2,train
A4IIG7,train
A4III8,train
A4IIJ3,train
A4IIJ8,train
A4IIK1,train
A4IIL4,train
A4IIM9,train
A4IIN5,train
A4IIS8,test
A4IIT5,train
A4IIU3,train
A4IIV4,train
A4IIW5,test
A4IIW9,train
A4IIY1,train
A4IIZ9,train
A4IJ05,train
A4IJ15,test
A4IJ20,test
A4IJ21,train
A4K2M3,train
A4K2Q6,train
A4K2Q7,train
A4K2S3,train
A4K2S4,train
A4K2T2,train
A4K2T3,test
A4K2V0,train
A4K2V4,test
A4K2W8,train
A4K2X6,train
A4K436,train
A4K526,val
A4KWA5,val
A4KWA6,train
A4KWA8,train
A4L691,test
A4L9I9,train
A4PB26,train
A4PBQ9,train
A4PCD4,train
A4PES0,train
A4Q998,train
A4Q9E4,train
A4Q9E5,train
A4Q9E8,test
A4Q9F0,train
A4Q9F1,train
A4Q9F3,train
A4Q9F4,train
A4Q9F6,train
A4QMS7,val
A4QN01,val
A4QN56,train
A4QN59,val
A4QNB6,train
A4QNE0,train
A4QNG1,test
A4QNG5,val
A4QNI8,train
A4QNL6,train
A4QNL8,train
A4QNN3,train
A4QNN7,test
A4QNR3,train
A4QNR8,train
A4QNW2,train
A4QNW7,train
A4QNX2,train
A4QNX3,train
A4QNX6,test
A4QNZ7,train
A4QP16,train
A4QP31,train
A4QP72,train
A4QP73,train
A4QP75,train
A4QP78,train
A4QP81,train
A4QPB2,train
A4QPC6,train
A4QPH2,train
A4UM16,train
A4USB4,train
A4UTP7,train
A4UUI3,test
A4UYK8,train
A4VBF0,train
A4VCH0,train
A4VCH4,train
A4VCL2,train
A4Z945,val
A4ZNR5,test
A4ZYQ5,train
A5A3H1,train
A5A3H2,train
A5A6H8,train
A5A6I0,train
A5A6J2,train
A5A6J6,train
A5A6J9,test
A5A6M2,test
A5A6M3,train
A5A6M6,train
A5A6N0,train
A5A6N3,train
A5A6S6,test
A5A752,train
A5A769,train
A5A777,train
A5A8Y8,test
A5D6R3,train
A5D6U8,train
A5D6V4,train
A5D6W6,train
A5D787,train
A5D789,train
A5D791,train
A5D794,train
A5D7A0,train
A5D7B1,test
A5D7B2,train
A5D7C1,train
A5D7C2,test
A5D7C3,train
A5D7F6,train
A5D7F8,train
A5D7H1,train
A5D7I0,train
A5D7I4,test
A5D7J3,train
A5D7K1,train
A5D7K7,train
A5D7K8,train
A5D7L8,train
A5D7M7,train
A5D7N9,train
A5D7P0,val
A5D7P8,train
A5D7Q3,train
A5D7R1,test
A5D7R8,test
A5D7S3,train
A5D7T4,train
A5D7U0,train
A5D7U1,train
A5D7V5,train
A5D7V7,train
A5D7V9,train
A5D8M0,train
A5D8N2,train
A5D8Q0,test
A5D8Q8,val
A5D8R3,train
A5D8S0,train
A5D8S1,train
A5D8S5,train
A5D8S8,train
A5D8V7,train
A5D979,val
A5D9A7,val
A5D9D4,train
A5D9M6,train
A5GFQ0,val
A5GFW5,test
A5GFW8,train
A5GFZ5,train
A5GFZ6,train
A5GZW8,train
A5GZY1,train
A5H447,train
A5HAK0,train
A5HJM1,train
A5HNF6,train
A5HWA8,train
A5JV83,train
A5JYQ9,val
A5JYS0,train
A5JYW9,val
A5JYX5,train
A5JYX8,train
A5LFW8,val
A5LFX5,train
A5LFY3,train
A5LGM7,train
A5LHG2,test
A5LHX3,train
A5PF08,train
A5PF10,train
A5PF44,val
A5PF48,train
A5PF62,train
A5PJ82,train
A5PJ93,train
A5PJC4,train
A5PJC7,train
A5PJD0,val
A5PJD3,train
A5PJD8,train
A5PJF4,train
A5PJG7,train
A5PJI6,test
A5PJI7,train
A5PJJ7,train
A5PJK0,train
A5PJK1,test
A5PJK7,train
A5PJL1,train
A5PJM4,train
A5PJM7,train
A5PJN1,train
A5PJQ2,train
A5PJR4,train
A5PJS2,val
A5PJS6,train
A5PJU6,val
A5PJU7,train
A5PJV3,train
A5PJV8,val
A5PJW2,val
A5PJW8,val
A5PJX4,train
A5PK14,train
A5PK16,train
A5PK19,train
A5PK21,train
A5PK23,val
A5PK26,test
A5PK29,val
A5PK40,val
A5PK42,val
A5PK43,train
A5PK45,train
A5PK46,val
A5PK51,train
A5PK62,train
A5PK65,test
A5PK74,train
A5PKA5,test
A5PKB7,train
A5PKC7,train
A5PKD8,train
A5PKE4,train
A5PKF5,train
A5PKH3,val
A5PKK7,test
A5PKK9,val
A5PKL1,val
A5PKL6,train
A5PKL7,train
A5PKN5,train
A5PKP9,train
A5PKR8,train
A5PKW4,train
A5PL33,train
A5PL98,test
A5PLA0,test
A5PLC8,train
A5PLC9,test
A5PLE2,val
A5PLE7,val
A5PLF5,train
A5PLG0,train
A5PLH4,test
A5PLI4,train
A5PLK2,test
A5PLK6,train
A5PLL1,train
A5PLL7,val
A5PLN7,val
A5PMF6,train
A5PMF7,train
A5PMR2,train
A5PMU4,train
A5PMX1,test
A5PMY6,val
A5PN09,train
A5PN28,train
A5PN38,test
A5PN43,train
A5PN52,val
A5WUL3,train
A5WUN7,train
A5WUX7,train
A5WUY6,val
A5WV69,train
A5WVU6,test
A5WVU9,train
A5WVX0,train
A5WVX1,train
A5WVX9,train
A5WW08,train
A5WW21,train
A5WW24,train
A5WWA0,train
A5WWB6,train
A5WWC6,val
A5X2H7,train
A5X2W8,train
A5X2X1,train
A5X5Y0,train
A5X7A0,train
A5YC49,train
A5YM69,val
A5YM72,train
A5YVV0,test
A5Z1X6,train
A5Z2X3,test
A6BLY7,val
A6BM72,test
A6H5X4,val
A6H5Y1,test
A6H5Y3,train
A6H5Z3,train
A6H603,train
A6H619,train
A6H630,train
A6H639,train
A6H666,train
A6H684,val
A6H687,train
A6H694,train
A6H6A4,val
A6H6E2,train
A6H6E9,test
A6H6Q4,train
A6H6T1,val
A6H6Z7,val
A6H707,test
A6H712,train
A6H730,train
A6H739,train
A6H750,train
A6H751,train
A6H757,train
A6H759,train
A6H770,train
A6H772,test
A6H773,train
A6H784,val
A6H791,test
A6H793,test
A6H7A0,train
A6H7B0,train
A6H7B4,train
A6H7C9,train
A6H7D1,train
A6H7E1,val
A6H7E2,train
A6H7F9,test
A6H7G2,train
A6H7H7,train
A6H7I3,train
A6H7I5,test
A6H7I7,train
A6H7I8,train
A6H7J2,train
A6H8H2,test
A6H8I0,train
A6H8I2,train
A6H8M9,train
A6H8T2,val
A6H8T7,train
A6H8Z2,train
A6H909,train
A6HD62,test
A6IBC5,train
A6K136,train
A6M934,train
A6MFK5,val
A6MFK6,train
A6MFK7,train
A6MFK8,train
A6MFK9,train
A6MFL0,train
A6MFL1,train
A6MFL4,train
A6MFL5,train
A6MGY1,train
A6MHQ4,train
A6MVL7,train
A6MWS8,train
A6MWS9,train
A6MWT0,val
A6N6I9,train
A6N6J5,test
A6N7Y9,val
A6N9N3,train
A6NA00,val
A6NAF9,test
A6NC05,train
A6NC42,val
A6NC51,val
A6NC57,train
A6NC62,test
A6NC86,test
A6NC97,test
A6NC98,train
A6NCF5,train
A6NCF6,val
A6NCI4,train
A6NCI5,train
A6NCI8,train
A6NCJ1,train
A6NCK2,train
A6NCL1,val
A6NCL2,test
A6NCL7,train
A6NCM1,train
A6NCN2,train
A6NCN8,train
A6NCQ9,train
A6NCS4,val
A6NCS6,train
A6NCV1,train
A6ND01,test
A6ND36,test
A6ND48,test
A6ND91,train
A6NDA9,train
A6NDB9,train
A6NDD5,train
A6NDG6,train
A6NDL7,train
A6NDL8,test
A6NDN8,train
A6NDR6,train
A6NDU8,train
A6NDV4,train
A6NDX5,train
A6NDY0,train
A6NE52,train
A6NEC2,test
A6NEF3,train
A6NEH6,train
A6NEH8,train
A6NEK1,train
A6NEL2,val
A6NEL3,val
A6NEM1,train
A6NEN9,train
A6NEQ2,train
A6NES4,train
A6NET4,val
A6NF01,train
A6NF34,train
A6NF36,test
A6NF83,train
A6NF89,train
A6NFA0,train
A6NFA1,train
A6NFC5,train
A6NFC9,train
A6NFE2,train
A6NFE3,train
A6NFF2,train
A6NFH5,train
A6NFI3,train
A6NFK2,train
A6NFN3,test
A6NFN9,train
A6NFQ2,train
A6NFQ7,train
A6NFR6,train
A6NFT4,train
A6NFU0,train
A6NFU8,train
A6NFX1,train
A6NFY4,train
A6NFY7,val
A6NFZ4,train
A6NG13,train
A6NGA9,test
A6NGB0,train
A6NGB7,train
A6NGB9,train
A6NGC4,train
A6NGD5,train
A6NGE4,test
A6NGE7,train
A6NGG3,train
A6NGG8,test
A6NGH7,train
A6NGH8,train
A6NGK3,train
A6NGR9,train
A6NGS2,train
A6NGU5,train
A6NGU7,val
A6NGW2,train
A6NGY3,train
A6NGY5,test
A6NGZ8,train
A6NH00,train
A6NH11,train
A6NH13,train
A6NH21,test
A6NH52,test
A6NH57,train
A6NHA9,train
A6NHC0,test
A6NHG4,train
A6NHG9,train
A6NHJ4,test
A6NHL2,val
A6NHM9,train
A6NHN0,train
A6NHP3,train
A6NHQ2,test
A6NHQ4,val
A6NHR8,train
A6NHR9,train
A6NHS1,val
A6NHS7,train
A6NHX0,train
A6NHY2,train
A6NHZ5,test
A6NI03,train
A6NI15,train
A6NI47,test
A6NI56,train
A6NI61,train
A6NI73,test
A6NI79,val
A6NI86,train
A6NI87,train
A6NIE6,train
A6NIE9,train
A6NIJ9,train
A6NIK2,train
A6NIM6,train
A6NIN4,train
A6NIU2,val
A6NIV6,train
A6NIX2,train
A6NJ64,test
A6NJ88,train
A6NJB7,train
A6NJG2,train
A6NJG6,train
A6NJI1,train
A6NJI9,train
A6NJJ6,val
A6NJL1,test
A6NJR5,test
A6NJT0,test
A6NJU9,train
A6NJV1,train
A6NJW4,train
A6NJY1,val
A6NJY4,val
A6NJZ3,train
A6NJZ7,val
A6NK02,train
A6NK06,train
A6NK44,train
A6NK53,train
A6NK58,train
A6NK59,train
A6NK89,train
A6NK97,val
A6NKB5,train
A6NKC9,train
A6NKD9,train
A6NKF1,train
A6NKF2,train
A6NKF7,train
A6NKG5,train
A6NKH3,train
A6NKK0,train
A6NKL6,train
A6NKN8,test
A6NKP2,train
A6NKU9,test
A6NKW6,train
A6NKX1,train
A6NKX4,train
A6NL08,test
A6NL26,train
A6NL82,train
A6NL88,train
A6NLE4,train
A6NLJ0,val
A6NLU5,val
A6NLW8,train
A6NLX3,train
A6NLX4,val
A6NM03,test
A6NM28,train
A6NM36,train
A6NM45,train
A6NM62,train
A6NM66,train
A6NM76,train
A6NMA1,val
A6NMB1,train
A6NMB9,train
A6NMK7,train
A6NMK8,val
A6NML5,test
A6NMN3,train
A6NMS3,train
A6NMT0,test
A6NMU1,train
A6NMX2,train
A6NMZ2,train
A6NMZ5,train
A6NN14,train
A6NN73,val
A6NN90,train
A6NN92,train
A6NNA2,train
A6NNA5,train
A6NNB3,train
A6NNC1,val
A6NND4,train
A6NNE9,train
A6NNF4,val
A6NNH2,test
A6NNM8,val
A6NNN8,train
A6NNP5,train
A6NNT2,val
A6NNW6,train
A6NNX1,val
A6NP11,train
A6NP61,train
A6P320,train
A6P331,train
A6P3B2,train
A6P7L8,val
A6PVC2,train
A6PVI3,test
A6PVL3,train
A6PVS8,train
A6PVY3,test
A6PWD2,val
A6PWV3,train
A6PWV5,train
A6PWY4,train
A6QL48,train
A6QL63,train
A6QL64,train
A6QL70,test
A6QL72,val
A6QL94,train
A6QLA0,train
A6QLA6,val
A6QLC6,train
A6QLC7,train
A6QLD2,train
A6QLD5,train
A6QLE5,train
A6QLE6,val
A6QLE7,train
A6QLF8,test
A6QLH5,train
A6QLI2,train
A6QLI5,train
A6QLI6,train
A6QLI8,val
A6QLJ3,train
A6QLJ8,train
A6QLN9,train
A6QLQ8,test
A6QLR3,train
A6QLU6,train
A6QLU7,val
A6QLU8,train
A6QLY7,train
A6QLZ1,val
A6QLZ5,val
A6QLZ7,test
A6QM00,train
A6QM03,train
A6QM04,train
A6QNK1,train
A6QNL6,train
A6QNL7,train
A6QNM2,train
A6QNM3,train
A6QNM8,test
A6QNP3,train
A6QNP9,test
A6QNQ6,train
A6QNR0,train
A6QNR1,train
A6QNS9,test
A6QNT4,train
A6QNW6,train
A6QNX5,test
A6QNY1,train
A6QNZ0,test
A6QNZ4,test
A6QNZ8,train
A6QP05,train
A6QP06,val
A6QP11,train
A6QP24,test
A6QP29,test
A6QP35,train
A6QP57,test
A6QP66,test
A6QP72,train
A6QP75,train
A6QP81,train
A6QP84,train
A6QP92,train
A6QPA3,test
A6QPB3,train
A6QPC0,train
A6QPC8,train
A6QPE1,train
A6QPE7,train
A6QPF4,train
A6QPF8,train
A6QPH1,train
A6QPH9,train
A6QPI1,test
A6QPI4,train
A6QPL2,train
A6QPL4,val
A6QPM6,train
A6QPN6,train
A6QPQ2,train
A6QPQ5,test
A6QPR9,train
A6QPT6,train
A6QPT7,test
A6QPU5,test
A6QPY8,train
A6QQ07,train
A6QQ14,train
A6QQ24,train
A6QQ47,train
A6QQ60,train
A6QQ66,train
A6QQ68,train
A6QQ70,train
A6QQ74,test
A6QQ77,train
A6QQ85,train
A6QQ91,train
A6QQ92,train
A6QQA5,val
A6QQC0,train
A6QQD2,train
A6QQF5,train
A6QQF6,train
A6QQF7,train
A6QQJ8,train
A6QQL0,train
A6QQL3,val
A6QQL5,val
A6QQM4,train
A6QQM8,train
A6QQQ9,train
A6QQR4,train
A6QQS3,train
A6QQT9,train
A6QQU6,train
A6QQV6,train
A6QQV9,val
A6QQW0,val
A6QQX5,train
A6QQY4,train
A6QQZ0,train
A6QR00,train
A6QR09,val
A6QR20,train
A6QR44,val
A6QR56,val
A6X8Z5,train
A6X8Z9,train
A6X935,train
A6XGL0,train
A6XMY0,train
A6XMY1,train
A6YB85,test
A6YF56,train
A6YLM6,test
A6YP92,val
A6YPJ8,train
A6YPK1,train
A6YR20,train
A6YR40,train
A6YR42,train
A6ZIQ8,train
A6ZJ55,train
A6ZJ71,train
A6ZKI3,train
A7BJ46,val
A7DTF0,train
A7DTG3,train
A7E2I7,train
A7E2M3,train
A7E2S9,train
A7E2U8,train
A7E2V1,train
A7E2Y1,val
A7E2Y6,train
A7E2Z9,train
A7E305,train
A7E316,train
A7E320,train
A7E321,test
A7E346,train
A7E369,val
A7E371,val
A7E379,train
A7E3C4,train
A7E3D8,train
A7E3N2,test
A7E3N7,test
A7E3S4,train
A7E3S5,test
A7E3W2,train
A7E3W5,train
A7IQW5,train
A7ISW1,val
A7IZE9,train
A7J1T2,val
A7K6Y9,train
A7KAU2,train
A7KAU3,train
A7KAX9,val
A7KII6,train
A7KJJ7,test
A7L035,train
A7L036,train
A7L6A0,val
A7L6A2,train
A7LAC7,test
A7LCJ2,train
A7LCJ3,test
A7M7B9,train
A7M7C7,train
A7MB05,test
A7MB10,train
A7MB11,train
A7MB16,train
A7MB27,train
A7MB34,train
A7MB40,test
A7MB46,test
A7MB54,train
A7MB63,val
A7MB64,test
A7MB71,val
A7MB73,train
A7MB75,train
A7MBB3,train
A7MBB4,train
A7MBB8,train
A7MBC2,val
A7MBC7,train
A7MBD8,train
A7MBE0,train
A7MBF6,test
A7MBH5,test
A7MBI1,train
A7MBI3,train
A7MBI7,val
A7MBJ2,test
A7MBL8,train
A7MBM2,train
A7MBP4,train
A7MBS7,train
A7MBU6,train
A7MC22,val
A7MC48,train
A7MC64,train
A7MCB7,train
A7MCS3,train
A7MD48,train
A7MD70,train
A7RDN6,train
A7RF00,train
A7RFA1,train
A7RFL3,train
A7RFT2,train
A7RG82,test
A7RH72,train
A7RHB3,train
A7RHL5,train
A7RIT9,train
A7RJ12,train
A7RJ13,val
A7RJI7,test
A7RK30,train
A7RKF6,val
A7RKS5,train
A7RL75,test
A7RLE5,test
A7RM20,val
A7RM45,train
A7RMN1,train
A7RNG8,test
A7RNZ0,train
A7RP64,train
A7RPT4,val
A7RQM5,train
A7RR04,train
A7RR34,test
A7RRG3,val
A7RRJ0,train
A7RRZ8,test
A7RS11,test
A7RSH7,train
A7RT29,train
A7RTB3,val
A7RU46,test
A7RUD5,train
A7RV13,train
A7RVK7,test
A7RWC9,val
A7RWD2,train
A7RWP6,train
A7RX26,val
A7RX34,val
A7RX69,val
A7RYM6,train
A7RZS0,train
A7RZW4,train
A7S1A4,train
A7S1H9,train
A7S1L6,train
A7S2N8,train
A7S338,test
A7S3I2,train
A7S3J7,test
A7S4N4,test
A7S5D9,train
A7S641,test
A7S6A1,train
A7S6A5,train
A7S6M8,val
A7S6Y0,train
A7S710,val
A7S7F2,val
A7S7Z9,test
A7S8T5,train
A7SA47,val
A7SAZ1,train
A7SBF0,train
A7SBN6,train
A7SCH8,val
A7SD85,val
A7SDA8,train
A7SDW5,train
A7SE05,train
A7SE07,train
A7SEP9,train
A7SFB5,train
A7SFP1,train
A7SG48,train
A7SGF0,val
A7SGU3,train
A7SGU6,train
A7SGZ5,train
A7SIM4,test
A7SJ66,val
A7SK27,train
A7SK48,train
A7SKE9,train
A7SKJ3,train
A7SL20,train
A7SLC8,train
A7SLW1,train
A7SLX5,train
A7SLZ2,val
A7SM54,train
A7SMR0,train
A7SMR1,test
A7SMW7,train
A7SN31,train
A7SNN5,val
A7SNN9,train
A7SNR3,train
A7SP74,train
A7SPE8,train
A7SPW6,train
A7SPX9,train
A7SRR3,test
A7ST80,train
A7STV9,train
A7SUU7,val
A7SVT1,val
A7SWD3,train
A7SWH1,train
A7SXG9,train
A7SXK3,train
A7SXZ6,train
A7T0T1,train
A7T0W1,test
A7T167,test
A7T1N0,train
A7T395,test
A7TDI2,val
A7TZE6,train
A7TZF0,train
A7TZF3,train
A7TZG1,train
A7TZG3,train
A7UA95,train
A7UDM9,train
A7UHZ5,test
A7UKY7,val
A7UMC0,train
A7UVN1,val
A7VK00,train
A7VL23,val
A7VN13,test
A7VN14,train
A7VN15,val
A7VN16,val
A7VN17,train
A7WLH8,train
A7WLI0,train
A7WNV3,train
A7WNV6,train
A7WPL7,train
A7X3M3,train
A7X3M9,train
A7X3R6,val
A7X3S0,train
A7X3S2,train
A7X3V0,train
A7X3V4,train
A7X3V7,train
A7X3W6,train
A7X3X0,train
A7X3Z0,train
A7X3Z7,train
A7X401,train
A7X409,train
A7X413,test
A7X4I7,train
A7X4J4,train
A7X4K1,train
A7X4K7,val
A7X4M1,train
A7X4M7,train
A7X4T2,train
A7X5R6,test
A7X6I4,test
A7X6J0,train
A7X8C2,val
A7XUJ6,train
A7XUX6,train
A7XUY5,train
A7XUZ6,train
A7XV04,val
A7XV07,train
A7XV14,test
A7XY94,train
A7XYH5,val
A7XYI6,train
A7XYJ6,train
A7Y2W8,train
A7Y2X0,train
A7Y7W2,train
A7Y7W3,test
A7Y7X5,train
A7YD35,train
A7YDW0,train
A7YE96,train
A7YH32,val
A7YSY2,train
A7YT82,train
A7YVD7,train
A7YVH9,train
A7YVI8,test
A7YW45,test
A7YW81,train
A7YWC8,train
A7YWE4,train
A7YWG4,val
A7YWH3,train
A7YWI9,train
A7YWK3,train
A7YWL5,train
A7YWM1,train
A7YWM2,test
A7YWP2,test
A7YWU3,test
A7YY07,train
A7YY28,test
A7YY35,train
A7YY44,train
A7YY53,train
A7YY54,train
A7YY57,train
A7YY73,train
A7YY97,train
A7Z026,val
A7Z033,train
A7Z035,train
A7Z052,val
A7Z063,train
A8C750,test
A8C754,train
A8C756,train
A8C984,val
A8CAG3,train
A8CEM7,train
A8CG34,train
A8CG86,val
A8CG87,val
A8CG89,train
A8CG90,test
A8CL69,test
A8CVX7,train
A8CZZ0,test
A8CZZ1,train
A8CZZ8,train
A8D8P8,train
A8DQI8,test
A8DQK7,train
A8DQK9,train
A8DY01,test
A8DYE2,train
A8DYP7,train
A8DYY5,val
A8DYY6,test
A8DZE6,val
A8DZE7,train
A8DZH4,test
A8DZJ1,train
A8E0R9,train
A8E0Y8,train
A8E2V8,train
A8E2V9,test
A8E4L1,train
A8E4L3,train
A8E4N3,train
A8E4S7,train
A8E4V2,train
A8E4X8,train
A8E534,train
A8E5C5,train
A8E5V7,train
A8E5V9,train
A8E5W8,val
A8E5Y3,test
A8E624,train
A8E653,train
A8E657,train
A8E7C5,train
A8E7D2,train
A8E7D3,train
A8E7G4,test
A8E7G5,train
A8E7I5,train
A8E7N9,train
A8HAL1,train
A8HDJ5,train
A8HDJ7,train
A8HDJ8,train
A8HDK1,val
A8HDK2,val
A8HDK4,train
A8HDK6,train
A8HDK7,val
A8I0L8,train
A8I1B9,train
A8IHN8,train
A8J4S9,train
A8JNV4,train
A8JQX3,train
A8JR14,train
A8JR92,test
A8JUP7,val
A8JUV0,train
A8JUV4,train
A8K010,val
A8K0R7,val
A8K0S8,train
A8K2U0,test
A8K4G0,test
A8K554,train
A8K5M9,test
A8K830,train
A8K855,train
A8K8P3,train
A8K8V0,val
A8K979,train
A8KB34,val
A8KB59,test
A8KB87,train
A8KBF3,train
A8KBF6,train
A8KBG2,val
A8KBH6,train
A8KBL5,val
A8KBL7,val
A8KBY2,train
A8MPH9,train
A8MPS7,train
A8MPX8,train
A8MPY1,train
A8MQ03,val
A8MQ11,train
A8MQ14,train
A8MQB3,train
A8MQT2,train
A8MRT5,train
A8MT19,val
A8MT33,test
A8MT65,train
A8MT66,train
A8MT70,val
A8MTA8,train
A8MTB9,train
A8MTI9,train
A8MTJ3,train
A8MTJ6,train
A8MTL0,train
A8MTL9,train
A8MTQ0,train
A8MTT3,val
A8MTW9,train
A8MTY0,val
A8MTZ0,val
A8MTZ7,train
A8MU10,train
A8MU46,train
A8MU93,train
A8MUH7,train
A8MUL3,train
A8MUM7,val
A8MUN3,train
A8MUP6,test
A8MUU1,test
A8MUU9,test
A8MUV8,train
A8MUX0,test
A8MV23,train
A8MV24,train
A8MV57,test
A8MV65,train
A8MV72,test
A8MV81,train
A8MVA2,train
A8MVJ9,train
A8MVM7,train
A8MVS5,train
A8MVU1,train
A8MVW5,train
A8MVX0,test
A8MVZ5,train
A8MW92,train
A8MW95,train
A8MW99,val
A8MWE9,train
A8MWK0,test
A8MWL6,train
A8MWL7,train
A8MWP4,test
A8MWV9,test
A8MX34,test
A8MX76,val
A8MXE2,test
A8MXK1,test
A8MXQ7,train
A8MXT2,train
A8MXU0,val
A8MXV4,train
A8MXV6,train
A8MXY4,val
A8MXZ3,val
A8MY62,train
A8MYA2,train
A8MYB1,train
A8MYJ7,train
A8MYP8,train
A8MYV0,train
A8MYZ0,train
A8MYZ5,train
A8MYZ6,test
A8MZ25,train
A8MZ26,test
A8MZ36,train
A8MZ59,train
A8MZ97,val
A8MZA4,val
A8MZF0,train
A8MZG2,train
A8MZH6,train
A8N285,train
A8N286,train
A8NFF0,train
A8NIX5,train
A8NJ91,train
A8NJZ7,train
A8NN94,train
A8NS61,train
A8NS89,train
A8NY27,test
A8P7J8,train
A8PB32,test
A8PF69,train
A8PGQ3,train
A8PHP4,train
A8PJ38,train
A8PJJ2,val
A8PJX4,train
A8PKH2,train
A8PU71,test
A8PUI7,train
A8PV03,train
A8PW87,train
A8PWB6,train
A8Q2D1,val
A8Q2H5,train
A8Q2R5,train
A8Q3T2,train
A8Q8J2,test
A8Q8M5,test
A8QB65,train
A8QBB1,val
A8QBF3,train
A8QC60,train
A8QCE4,test
A8QCE7,train
A8QCH0,train
A8QCY3,train
A8QDN3,train
A8QE42,test
A8QE76,train
A8QFF6,train
A8QFQ3,train
A8QFY9,train
A8QGZ7,val
A8QHQ0,val
A8QL49,train
A8QL51,val
A8QL56,train
A8QL59,train
A8QMS7,train
A8QW39,test
A8QZJ5,val
A8R0V4,train
A8S6A4,train
A8S6B0,train
A8S6B6,val
A8SMG2,val
A8STG1,test
A8T677,val
A8T6P4,train
A8V0B3,train
A8VU90,train
A8W649,train
A8WCC4,train
A8WE67,train
A8WFF7,train
A8WFJ9,train
A8WFR0,train
A8WFS8,train
A8WFT6,train
A8WFU8,train
A8WG21,train
A8WG43,train
A8WG57,train
A8WG88,train
A8WGA0,train
A8WGA3,train
A8WGB1,val
A8WGF4,train
A8WGS4,train
A8WGT1,train
A8WGU8,train
A8WH18,val
A8WH34,train
A8WH72,val
A8WH74,train
A8WHP3,train
A8WHP8,train
A8WHP9,train
A8WHR0,train
A8WHR3,train
A8WHT1,test
A8WIP6,test
A8WJ41,train
A8WJ66,train
A8WJR8,train
A8WK63,val
A8WL06,train
A8WL28,train
A8WLF6,train
A8WLG6,train
A8WLV5,train
A8WM57,val
A8WMD5,train
A8WMY3,train
A8WMY4,train
A8WN14,train
A8WN56,train
A8WN62,train
A8WP66,train
A8WP91,test
A8WPC5,train
A8WPF0,train
A8WPG6,test
A8WPG9,train
A8WQH2,train
A8WQT4,train
A8WQV9,val
A8WQY8,train
A8WR59,train
A8WR63,train
A8WRE3,train
A8WRG3,train
A8WRJ2,train
A8WRV1,train
A8WS58,train
A8WS92,train
A8WSQ9,train
A8WSU9,train
A8WT19,train
A8WT26,train
A8WTA7,train
A8WTF8,train
A8WTH5,test
A8WTI8,train
A8WTM7,val
A8WTV9,val
A8WU31,train
A8WU84,train
A8WUE9,test
A8WUP2,train
A8WUS5,train
A8WUV1,train
A8WUV8,train
A8WVD2,train
A8WVJ9,train
A8WVM4,test
A8WVR2,test
A8WVU7,train
A8WVU9,train
A8WVX4,test
A8WVX8,train
A8WW61,train
A8WWC0,train
A8WWH5,train
A8WWQ7,train
A8WWR3,train
A8WWU0,train
A8WWX1,val
A8WX15,train
A8WX27,train
A8WX89,train
A8WXF6,train
A8WXM1,train
A8WXS4,train
A8WXX7,train
A8WY26,train
A8WYE4,train
A8WZ09,train
A8WZ92,train
A8WZU4,train
A8WZU5,train
A8X0C4,test
A8X0L4,train
A8X0L9,train
A8X0Z1,train
A8X181,train
A8X2R2,train
A8X2U9,train
A8X2W2,train
A8X354,val
A8X379,train
A8X3A7,test
A8X3V8,train
A8X481,test
A8X482,val
A8X485,val
A8X493,train
A8X4H1,train
A8X4W9,train
A8X5H5,train
A8X5H6,train
A8X633,train
A8X679,test
A8X6H1,train
A8X6I9,val
A8X6J7,train
A8X765,train
A8X775,train
A8X7F0,train
A8X7H5,test
A8X7Z3,train
A8X811,train
A8X858,test
A8X8C6,train
A8X8D0,train
A8X8I4,train
A8X8I6,train
A8X8R3,train
A8X9H4,train
A8X9U4,train
A8X9V4,train
A8XA40,train
A8XA58,val
A8XA80,train
A8XAA9,train
A8XAC4,test
A8XAC6,train
A8XAD0,train
A8XAF4,train
A8XBR9,train
A8XBZ8,test
A8XC92,train
A8XCP3,val
A8XDF8,val
A8XDI8,test
A8XDJ2,val
A8XDR5,train
A8XDX2,train
A8XE00,test
A8XEA2,train
A8XEG9,train
A8XEN7,train
A8XEQ8,train
A8XEZ1,val
A8XF54,train
A8XFF4,train
A8XFG2,val
A8XFH3,train
A8XFM8,test
A8XFZ3,test
A8XG63,train
A8XGS6,train
A8XGY6,train
A8XGZ9,test
A8XHX1,train
A8XI07,train
A8XI14,train
A8XI74,train
A8XI75,train
A8XJ40,train
A8XJ44,train
A8XJ93,train
A8XJ98,test
A8XJD0,test
A8XJL7,val
A8XJN7,train
A8XJQ6,train
A8XJW8,train
A8XJZ8,train
A8XK26,train
A8XKF2,train
A8XKG6,train
A8XKM2,train
A8XKV0,train
A8XL02,train
A8XL25,train
A8XLL0,val
A8XLS0,train
A8XLU5,train
A8XLW0,test
A8XMF2,train
A8XMW6,train
A8XND8,train
A8XNF0,train
A8XNJ6,test
A8XNK6,train
A8XNX8,val
A8XP14,train
A8XP79,train
A8XP91,train
A8XP97,train
A8XPH5,train
A8XPL7,val
A8XPU7,test
A8XPY4,test
A8XQC7,val
A8XQD5,train
A8XRF5,train
A8XSC1,val
A8XSQ8,val
A8XST1,train
A8XSW2,train
A8XT16,train
A8XT81,train
A8XT88,train
A8XU52,train
A8XU68,val
A8XUS3,train
A8XV37,train
A8XV40,train
A8XV95,train
A8XW44,val
A8XW52,train
A8XW88,val
A8XWB7,train
A8XWC4,train
A8XWW4,train
A8XWX5,train
A8XX92,val
A8XXB0,train
A8XXC0,test
A8XY47,train
A8XYS0,train
A8XYW9,train
A8XYX2,train
A8XYX3,train
A8XYZ2,train
A8XZB0,train
A8XZJ9,test
A8XZP2,train
A8XZU0,train
A8Y0L5,val
A8Y181,train
A8Y183,train
A8Y197,train
A8Y1R8,train
A8Y236,train
A8Y2C9,train
A8Y2U2,train
A8Y3E2,test
A8Y3H3,train
A8Y3M2,train
A8Y3N1,train
A8Y3Q1,train
A8Y3R9,train
A8Y3V5,train
A8Y3X9,train
A8Y461,train
A8Y4B2,train
A8Y5H7,val
A8Y5T1,val
A8Y5U1,val
A8Y7N8,train
A8Y7N9,train
A8Y7P0,test
A8Y7P1,train
A8Y9I2,train
A8YPR6,train
A8YPR9,train
A8YXX7,train
A8YXZ5,train
A9C3N6,val
A9C3P0,train
A9C3R9,train
A9C3W3,train
A9CB27,test
A9CB42,train
A9CM07,train
A9CPT4,train
A9D2P7,train
A9JR78,train
A9JR86,train
A9JRA0,train
A9JRB3,train
A9JRD8,train
A9JRE2,train
A9JRI0,train
A9JRJ2,train
A9JRM0,train
A9JRX0,val
A9JS49,test
A9JS51,train
A9JS71,val
A9JSD6,val
A9JSE7,test
A9JSM3,test
A9JSQ8,train
A9JSR5,val
A9JTG4,test
A9JTG5,train
A9JTJ0,train
A9JTM7,val
A9JTP3,val
A9JTS5,val
A9JTX2,test
A9LMC0,train
A9LS46,train
A9Q1D5,train
A9Q1J7,test
A9Q751,train
A9QA56,test
A9QLM3,train
A9QM74,train
A9QQ26,train
A9QT41,train
A9QWP9,train
A9QWQ1,train
A9RA84,test
A9RA96,train
A9UHW6,train
A9UKA2,test
A9UL59,train
A9UL63,train
A9UL70,train
A9UL78,val
A9ULC7,train
A9ULE9,val
A9ULG4,test
A9ULH0,train
A9ULR1,train
A9ULR9,train
A9ULX8,train
A9ULZ2,train
A9UM79,train
A9UM82,val
A9UMP7,train
A9UMQ3,train
A9UMU8,train
A9X185,test
A9X1A9,train
A9X1C6,train
A9X4T1,train
A9XE49,train
A9XE59,test
A9XFZ7,val
A9YME1,train
A9YTQ3,train
A9YUB5,val
A9Z1V5,train
A9ZLX4,train
A9ZPC9,train
A9ZSY2,val
A9ZSY3,train
A9ZSZ2,train
B0BF33,train
B0BK70,val
B0BLS9,train
B0BLT0,train
B0BLT4,train
B0BLU1,train
B0BLW3,train
B0BLZ5,val
B0BM16,train
B0BM20,train
B0BM24,train
B0BM28,test
B0BM95,train
B0BMG8,train
B0BML1,val
B0BML7,train
B0BMX9,train
B0BMZ3,train
B0BMZ6,train
B0BN13,train
B0BN28,test
B0BN49,test
B0BN56,test
B0BN70,train
B0BN85,train
B0BNA9,train
B0BNE4,train
B0BNF0,train
B0BNF8,test
B0BNG2,train
B0BNK9,train
B0CLX4,train
B0DOB4,test
B0DOB5,train
B0F0H3,train
B0F2B4,test
B0F9W3,train
B0FHH8,train
B0FJL7,train
B0FPE9,train
B0FRH7,train
B0FWC6,train
B0FWC7,train
B0FWC9,train
B0FWD1,train
B0FWD2,train
B0FWD3,train
B0FWD5,train
B0FWD6,val
B0FXM3,val
B0FXQ5,test
B0FZN7,test
B0FZP2,train
B0I1G7,train
B0I1T2,train
B0I564,train
B0JFB8,val
B0JYH6,train
B0JYS7,val
B0JYW5,train
B0JYX6,test
B0JZ65,test
B0JZ85,test
B0JZ89,train
B0JZD0,train
B0JZE1,train
B0JZG0,train
B0JZP3,train
B0JZV4,train
B0K012,train
B0K035,train
B0K036,train
B0KW86,train
B0KW95,val
B0KWH8,train
B0KWR6,val
B0KYV5,val
B0KZ78,train
B0KZ79,train
B0KZK1,train
B0L3A2,test
B0LSW3,val
B0M2T2,train
B0M2T3,val
B0M2T4,val
B0M2T5,train
B0M2T6,test
B0M2T7,train
B0M2T8,test
B0M2T9,train
B0M2U0,train
B0M2U1,val
B0M2U2,val
B0M2U4,train
B0M2U5,train
B0M2U6,val
B0M2U7,train
B0M2X0,train
B0M3A0,test
B0M3A1,train
B0M3A2,train
B0M3A9,test
B0M3B4,test
B0M3C3,train
B0M3C7,test
B0M3D4,train
B0M3D5,test
B0M3E0,train
B0M3E1,train
B0M3E4,train
B0M3E6,train
B0M8U1,train
B0M8U2,train
B0M8U6,train
B0QZF7,train
B0R034,train
B0R061,test
B0R0B1,train
B0R0B3,train
B0R0D7,train
B0R0T1,test
B0R0W9,train
B0R160,train
B0R191,train
B0R1D5,test
B0S4Q5,train
B0S5D5,test
B0S5G3,train
B0S5N4,train
B0S5Y3,val
B0S6C5,val
B0S6J3,train
B0S6S9,val
B0S6T2,train
B0S6U7,train
B0S728,train
B0S733,train
B0S794,train
B0S8I0,test
B0U7C5,train
B0UXH6,train
B0UXH9,train
B0UXL7,test
B0UXR0,train
B0UXS1,train
B0UXU6,train
B0UY98,val
B0UYF2,val
B0UYH6,test
B0UYI1,val
B0UYL8,val
B0UYT5,val
B0UZC8,train
B0V0U5,train
B0V1P1,val
B0V207,train
B0V2N1,train
B0V2S2,test
B0V3F8,train
B0V3H4,train
B0VXE6,train
B0VXL7,train
B0VXV0,test
B0VXV1,train
B0VXV2,train
B0VXV4,train
B0VXV6,test
B0VXV8,test
B0VYY2,train
B0VYY5,train
B0VZR4,train
B0W010,train
B0W041,train
B0W0S3,val
B0W1V2,train
B0W2R4,train
B0W2S0,train
B0W2W6,train
B0W377,train
B0W3H3,test
B0W3R7,train
B0W3S2,train
B0W429,train
B0W517,train
B0W6M9,train
B0W6N3,train
B0W730,train
B0W8M5,train
B0W9F4,train
B0WAE3,train
B0WAN0,train
B0WAQ0,train
B0WAU6,train
B0WAU8,test
B0WC25,train
B0WC36,train
B0WC46,val
B0WCZ5,train
B0WD26,test
B0WGM1,train
B0WH58,val
B0WI30,train
B0WII7,train
B0WIW5,train
B0WMG3,train
B0WPU9,val
B0WQ10,train
B0WQ75,test
B0WQG0,train
B0WQV1,train
B0WRR9,train
B0WSB8,train
B0WSV2,test
B0WSW8,test
B0WSX1,train
B0WTU5,train
B0WU24,train
B0WU52,train
B0WV73,test
B0WVC4,train
B0WXB8,train
B0WYR6,train
B0WYS3,val
B0WYY2,train
B0X0K1,train
B0X1Q4,train
B0X1V5,train
B0X2V9,train
B0X4H5,train
B0X4N1,train
B0X4N8,train
B0X4T2,train
B0X560,train
B0X5E3,train
B0X6E8,train
B0X6P7,train
B0X6V0,val
B0X6Z1,test
B0X755,val
B0X911,test
B0X9H6,train
B0X9V1,val
B0XAA1,test
B0XAF3,train
B0XDC4,train
B0XDJ0,train
B0XEA7,train
B0XK69,train
B0XKF3,train
B0XL39,train
B0XLA4,train
B0ZE70,train
B0ZTE1,train
B1A193,train
B1A4F7,train
B1A4N8,val
B1A4Q6,train
B1A4R4,train
B1A8Z2,test
B1AH88,train
B1AJZ9,train
B1AK53,train
B1AK76,train
B1AL88,train
B1AMM8,train
B1ANH7,train
B1ANS9,test
B1ANY3,train
B1APH4,train
B1AQ75,val
B1AQJ2,train
B1AQL3,train
B1AR13,train
B1ARD6,train
B1ARD8,test
B1ARI9,val
B1ARW8,train
B1ARY8,val
B1AS29,test
B1AS42,train
B1ASB6,train
B1ATG9,train
B1ATL7,test
B1ATY8,train
B1AUC7,train
B1AUE5,train
B1AUF7,train
B1AUR6,test
B1AUS7,train
B1AVD1,train
B1AVH7,train
B1AVY7,train
B1AVZ0,train
B1AWI6,train
B1AWN4,train
B1AWN6,train
B1AX39,train
B1AXH1,test
B1AY10,val
B1AY15,val
B1AYL1,test
B1AZ99,val
B1B0V2,train
B1B1A0,val
B1B1W5,train
B1B212,train
B1B213,train
B1B557,train
B1B5I8,train
B1B5I9,train
B1B5J0,test
B1GYJ5,train
B1H116,train
B1H120,train
B1H134,train
B1H1H3,train
B1H1N7,val
B1H1P9,train
B1H1S4,train
B1H1W9,train
B1H1X1,train
B1H1Z8,train
B1H222,test
B1H224,train
B1H228,train
B1H234,train
B1H267,train
B1H268,train
B1H283,train
B1H285,val
B1H299,train
B1H2N3,train
B1H2P5,train
B1H2Q6,test
B1H2T2,train
B1H349,train
B1H3B4,train
B1H3D5,test
B1H3G4,train
B1H3H9,train
B1MTB7,train
B1MTC3,train
B1NWR6,test
B1NWT3,train
B1NWT4,train
B1NWT5,train
B1NWU2,train
B1P0S1,train
B1P1A5,train
B1P1A7,train
B1P1B0,train
B1P1B3,train
B1P1B4,val
B1P1B6,train
B1P1B7,train
B1P1B9,train
B1P1C1,test
B1P1C7,train
B1P1D0,val
B1P1D3,train
B1P1D4,train
B1P1D5,train
B1P1D8,test
B1P1D9,train
B1P1E5,val
B1P1E9,train
B1P1F0,val
B1P1F1,train
B1P1F2,train
B1P1F3,train
B1P1F7,train
B1P1F9,train
B1P1G0,train
B1P1G1,train
B1P1G7,train
B1P1G8,train
B1P1H0,train
B1P1H2,train
B1P1H3,val
B1P1H7,val
B1P1H8,train
B1P1H9,train
B1P1I0,train
B1P1I2,val
B1P1I4,train
B1P1I6,train
B1P1I8,train
B1P1I9,train
B1P1J2,train
B1P1J3,train
B1P1W2,train
B1PHQ8,val
B1PK17,val
B1PM81,train
B1PRL5,test
B1PVZ9,val
B1PZN6,train
B1Q005,train
B1Q006,test
B1Q236,train
B1Q257,train
B1V8A0,train
B1WAP7,val
B1WAR9,train
B1WAV2,train
B1WAX6,val
B1WB06,train
B1WB17,train
B1WB39,train
B1WB65,train
B1WBB4,val
B1WBD7,train
B1WBS3,test
B1WBS9,train
B1WBT0,train
B1WBU4,train
B1WBV0,test
B1WC10,train
B1WC15,train
B1WC39,train
B1WC40,train
B1WC58,train
B1WC68,val
B1WC86,val
B1WC88,val
B2B9D9,val
B2BRQ5,test
B2BRQ6,train
B2BS84,train
B2CAZ2,train
B2CW77,train
B2D0J4,train
B2D0J5,train
B2D1U1,train
B2D2C0,train
B2D6K9,val
B2D6M2,val
B2D6P4,train
B2DCZ9,test
B2DD29,train
B2FDA8,test
B2GM84,val
B2GU58,val
B2GUB3,train
B2GUE2,val
B2GUN4,test
B2GUP8,train
B2GUS6,test
B2GUV7,val
B2GUW6,train
B2GUY0,train
B2GUY1,test
B2GUY2,val
B2GUZ2,train
B2GV05,train
B2GV17,test
B2GV36,train
B2GV38,val
B2GV47,train
B2GV50,train
B2GV52,train
B2GV54,train
B2GV71,val
B2GV77,val
B2GV87,train
B2KF05,val
B2KFW1,train
B2KG20,val
B2KGE5,val
B2KI30,train
B2KIK3,train
B2KIQ4,train
B2KKL4,train
B2KKV6,train
B2KKW0,val
B2KTG1,train
B2KTG2,val
B2KTG3,train
B2LT62,test
B2LW77,train
B2LYG4,train
B2MVK7,train
B2MVX9,test
B2MVY4,train
B2MW54,test
B2MZD0,train
B2NI93,train
B2RBV5,train
B2RD01,train
B2RFN2,train
B2RPU2,val
B2RPV6,train
B2RQA1,test
B2RQC2,train
B2RQE8,test
B2RQL2,train
B2RQR8,test
B2RRD7,train
B2RRE4,train
B2RRE7,train
B2RRF6,val
B2RRL2,train
B2RS91,val
B2RSH2,test
B2RTN2,test
B2RU80,val
B2RUI1,val
B2RUP2,test
B2RUR4,train
B2RUR8,train
B2RUZ4,test
B2RV13,train
B2RV46,test
B2RVI8,val
B2RVW2,test
B2RVY9,train
B2RW38,train
B2RW88,train
B2RWW0,train
B2RX14,train
B2RX88,train
B2RXA7,train
B2RXB0,train
B2RXC5,train
B2RXF0,train
B2RXF5,train
B2RXH2,train
B2RXH4,test
B2RXR6,train
B2RXS4,val
B2RXZ1,train
B2RY04,train
B2RY50,train
B2RY56,train
B2RY71,train
B2RYD2,train
B2RYE5,train
B2RYF1,train
B2RYG6,train
B2RYG7,val
B2RYG8,train
B2RYM0,test
B2RYN7,val
B2RYR0,train
B2RZ39,train
B2RZ42,train
B2RZ59,train
B2RZ86,train
B2RZ87,train
B2RZC4,val
B2RZD2,test
B2RZF9,train
B2Z449,val
B2Z450,train
B2ZB95,val
B2ZB98,val
B2ZBA1,train
B2ZBB8,train
B2ZFP3,train
B2ZG38,train
B2ZGJ1,val
B2ZHY2,val
B2ZZS9,train
B3A003,train
B3A052,train
B3A059,train
B3A063,train
B3A064,train
B3A068,train
B3A078,train
B3A080,train
B3A082,train
B3A083,train
B3A087,train
B3A088,train
B3A089,test
B3A097,val
B3A0A1,train
B3A0A2,val
B3A0A6,train
B3A0A8,train
B3A0A9,train
B3A0B7,train
B3A0C1,train
B3A0C2,train
B3A0C6,train
B3A0C8,train
B3A0D6,train
B3A0E0,train
B3A0E1,train
B3A0E5,train
B3A0E7,train
B3A0E8,test
B3A0F9,train
B3A0G0,train
B3A0G5,train
B3A0G8,test
B3A0H0,train
B3A0H3,test
B3A0H6,train
B3A0H7,test
B3A0H8,train
B3A0H9,val
B3A0I3,train
B3A0I4,train
B3A0I5,train
B3A0I8,test
B3A0I9,train
B3A0J0,train
B3A0J3,train
B3A0J7,val
B3A0K7,test
B3A0K8,train
B3A0K9,train
B3A0L5,val
B3A0M4,train
B3A0M8,val
B3A0N5,test
B3A0N9,test
B3A0P0,train
B3A0P2,train
B3A0P5,train
B3A0P7,train
B3A0P8,train
B3A0P9,train
B3A0Q0,test
B3A0Q1,train
B3A0Q2,train
B3A0Q3,train
B3A0Q4,train
B3A0Q5,train
B3A0Q7,val
B3A0Q9,train
B3A0R0,train
B3A0R1,train
B3A0R2,train
B3A0R3,train
B3A0R4,train
B3A0R5,train
B3A0R6,train
B3A0R7,train
B3A0R8,test
B3A0R9,train
B3A0S3,train
B3A0S4,train
B3CKG1,test
B3DFP2,val
B3DFV0,train
B3DFW5,train
B3DGJ2,train
B3DGU2,train
B3DH20,val
B3DH96,train
B3DHH5,train
B3DHS1,train
B3DHU2,train
B3DHW5,test
B3DI94,test
B3DIG4,train
B3DIV9,train
B3DIY3,test
B3DJK0,train
B3DJM5,train
B3DJT0,train
B3DK16,train
B3DK56,train
B3DL53,train
B3DLB3,train
B3DLD3,val
B3DLE8,train
B3DLF3,train
B3DLH6,train
B3DM23,train
B3DM25,test
B3DM43,train
B3DM47,train
B3DM66,train
B3DMA0,train
B3EWD1,test
B3EWD2,train
B3EWD6,train
B3EWD7,train
B3EWD8,val
B3EWD9,train
B3EWE0,val
B3EWE1,test
B3EWE2,train
B3EWE4,train
B3EWF2,train
B3EWF3,test
B3EWF4,train
B3EWF5,test
B3EWF6,train
B3EWF7,train
B3EWF9,test
B3EWG0,train
B3EWG3,test
B3EWH0,train
B3EWH1,train
B3EWJ0,val
B3EWJ3,train
B3EWJ4,train
B3EWJ5,val
B3EWJ7,train
B3EWJ8,train
B3EWJ9,val
B3EWK1,train
B3EWK2,test
B3EWK3,train
B3EWK4,train
B3EWK5,train
B3EWK8,train
B3EWK9,val
B3EWL0,train
B3EWL1,train
B3EWL3,train
B3EWL4,train
B3EWL5,train
B3EWL7,val
B3EWM1,train
B3EWM3,train
B3EWM5,val
B3EWM6,val
B3EWM8,train
B3EWM9,train
B3EWN0,val
B3EWN1,train
B3EWN2,val
B3EWN3,train
B3EWP8,train
B3EWQ0,train
B3EWR7,train
B3EWR8,train
B3EWR9,train
B3EWS5,val
B3EWS6,test
B3EWT0,train
B3EWT1,train
B3EWT2,train
B3EWT3,train
B3EWT4,train
B3EWT5,train
B3EWT7,train
B3EWU1,train
B3EWU4,train
B3EWU5,train
B3EWU6,train
B3EWU7,train
B3EWU8,test
B3EWU9,test
B3EWV0,train
B3EWV1,val
B3EWV4,train
B3EWV5,val
B3EWV6,train
B3EWV7,train
B3EWV8,val
B3EWW0,train
B3EWW1,train
B3EWW2,train
B3EWW4,train
B3EWW5,train
B3EWW6,test
B3EWW7,train
B3EWW8,train
B3EWX0,train
B3EWX1,val
B3EWX3,train
B3EWX4,train
B3EWX6,train
B3EWX9,val
B3EWY2,train
B3EWY3,val
B3EWY4,train
B3EWY6,train
B3EWY7,train
B3EWZ0,test
B3EWZ2,train
B3EWZ9,test
B3EX01,train
B3EX21,train
B3EX61,train
B3EX63,train
B3EY83,test
B3F211,train
B3FIA5,test
B3FIA6,train
B3FIP2,train
B3FIQ7,train
B3FIS7,train
B3FIU2,train
B3FIV1,val
B3G515,train
B3GLJ2,train
B3GLJ3,train
B3GSH5,val
B3IUD8,train
B3IUE0,train
B3IWF8,train
B3IWF9,val
B3IXK1,train
B3KS81,test
B3LV44,train
B3LVF9,train
B3LVG7,val
B3LVQ1,test
B3LVW5,train
B3LW62,val
B3LWP6,train
B3LWS4,test
B3LWU3,train
B3LY22,test
B3LYC0,val
B3LYS5,train
B3LZN3,test
B3M011,train
B3M0F3,train
B3M0Y8,val
B3M173,train
B3M1F2,val
B3M1G0,val
B3M268,train
B3M269,train
B3M301,train
B3M383,train
B3M3M6,train
B3M6C8,train
B3M6I4,val
B3M7M6,train
B3M881,train
B3M8G0,train
B3M9A8,train
B3M9V8,train
B3M9W1,test
B3MA91,test
B3MB79,val
B3MDA3,val
B3MET8,test
B3MEZ6,train
B3MF31,val
B3MF39,train
B3MFV7,train
B3MG50,test
B3MG58,train
B3MGT3,test
B3MGU5,train
B3MH43,train
B3MHB7,train
B3MHX6,train
B3MI37,test
B3MI72,train
B3MI77,val
B3MIW0,val
B3MJ16,train
B3MJ61,train
B3MJ69,test
B3MJV4,test
B3MK83,val
B3MKS0,test
B3MLB7,test
B3MLI0,train
B3MLX7,train
B3MM49,train
B3MMA5,train
B3MMW0,train
B3MN22,train
B3MN57,train
B3MPC0,test
B3MPN6,train
B3MQ24,train
B3MR30,train
B3MRC6,train
B3MRI9,test
B3MRS1,train
B3MRT7,train
B3MSG8,train
B3MSI4,train
B3MSP2,val
B3MT31,test
B3MTI8,train
B3MTI9,train
B3MTS2,train
B3MTS7,test
B3MTS8,train
B3MUX9,train
B3MYY4,train
B3MZN7,train
B3MZY6,val
B3N018,train
B3N0Q8,train
B3N4C7,train
B3N4J9,train
B3N538,train
B3N666,val
B3N6U7,train
B3N6Y7,train
B3N946,train
B3NAN9,val
B3NDM7,train
B3NEF0,train
B3NGS7,train
B3NIL9,val
B3NKK1,train
B3NKZ6,train
B3NLX1,train
B3NP26,test
B3NPV7,val
B3NPV8,train
B3NPW0,train
B3NQ14,train
B3NS99,train
B3NU20,val
B3NUC9,train
B3NXQ7,train
B3NY01,train
B3NY08,val
B3NYF7,test
B3P048,train
B3P0Q4,train
B3P1F9,train
B3P1R1,train
B3P230,test
B3P309,train
B3P312,train
B3P3W1,train
B3P4I7,test
B3P5D3,val
B3P773,test
B3P7K6,test
B3P8A3,train
B3P8V8,train
B3P935,train
B3RFC3,test
B3RFR8,val
B3RID0,train
B3RLE6,train
B3RML8,train
B3RNE8,train
B3RNR8,train
B3RNT0,train
B3RPX4,train
B3RPX6,train
B3RQN1,test
B3RTL9,train
B3RVF0,train
B3RVZ1,train
B3RXR7,train
B3RYG4,train
B3RYZ0,train
B3S0D3,train
B3S3D5,train
B3S4I5,train
B3S6Y0,train
B3S866,train
B3SAE4,train
B3SBB5,train
B3SHH9,train
B3SP85,test
B3STU3,train
B3SVF0,val
B3SVF1,train
B3TP03,val
B3VZU1,train
B3VZU2,train
B3VZU3,train
B3VZU4,train
B3VZU6,train
B3WFY8,val
B3Y064,train
B3Y613,train
B3Y678,test
B4DH59,val
B4DJY2,train
B4DS77,test
B4DU55,train
B4DX44,train
B4DXR9,train
B4DYI2,train
B4E2M5,train
B4ER10,train
B4ESA2,train
B4F6I5,test
B4F6J6,train
B4F6K2,train
B4F6Q9,test
B4F6U4,train
B4F6W9,train
B4F6X2,train
B4F753,train
B4F769,train
B4F777,val
B4F785,train
B4F7A1,val
B4F7A7,train
B4F7C4,train
B4F7C5,train
B4F7E7,train
B4F7E8,val
B4G2G5,test
B4G4E5,test
B4G4S8,train
B4G5C9,train
B4G652,train
B4G653,train
B4G8N3,train
B4G8R5,train
B4G9L6,train
B4G9V0,train
B4GAM1,train
B4GBH0,train
B4GCP2,test
B4GD14,test
B4GFN6,train
B4GGT6,val
B4GHE3,train
B4GIU9,train
B4GKQ3,train
B4GMI7,train
B4GN46,train
B4GR63,val
B4GT53,train
B4GUZ2,train
B4GVM9,train
B4GX14,train
B4GY79,train
B4GYC7,train
B4GZN1,train
B4H303,train
B4H3U8,train
B4H4H5,val
B4H7P4,val
B4HEM4,train
B4HEM8,val
B4HEQ8,val
B4HGK2,val
B4HI06,train
B4HK67,test
B4HKS2,train
B4HL48,train
B4HLH4,train
B4HMH2,train
B4HPU1,train
B4HQT6,train
B4HS00,train
B4HVU2,test
B4HWD7,train
B4HWV2,val
B4HXA6,test
B4HYP0,train
B4I029,val
B4I0K4,train
B4I100,test
B4IAB8,train
B4IBY3,train
B4IC49,val
B4IDM2,test
B4IFU5,train
B4IH30,test
B4II55,train
B4II58,train
B4IIC7,train
B4IJG8,train
B4IL62,train
B4IMI7,train
B4ISL0,train
B4IXD3,val
B4IXE0,val
B4IXJ2,train
B4J043,test
B4J1U5,val
B4J252,train
B4J272,test
B4J3A3,train
B4J3F1,train
B4J497,val
B4J4E7,train
B4J4Y2,train
B4J5U3,train
B4J613,train
B4J6N6,train
B4J6R7,train
B4J780,train
B4J789,train
B4J8A0,train
B4J8Z9,train
B4J913,train
B4J9K1,train
B4J9U3,val
B4JAL5,val
B4JAX0,test
B4JBC4,val
B4JBN5,train
B4JCG4,train
B4JCV8,train
B4JCX8,test
B4JDU5,train
B4JE52,train
B4JEF2,train
B4JEY0,train
B4JF25,train
B4JG35,train
B4JG39,val
B4JGW7,test
B4JHB4,train
B4JHI7,train
B4JHJ7,train
B4JHP4,train
B4JII0,test
B4JIY0,train
B4JLC3,train
B4JLX2,test
B4JMC1,test
B4JMM7,train
B4JMQ2,val
B4JND4,train
B4JNS2,test
B4JQ42,val
B4JQM7,train
B4JQY3,val
B4JSC2,train
B4JSI3,val
B4JSL2,val
B4JSP3,train
B4JSW8,train
B4JT39,train
B4JT42,train
B4JTF5,train
B4JTN0,train
B4JTS9,train
B4JTT7,train
B4JUE4,val
B4JUG8,test
B4JUM0,train
B4JV25,train
B4JVW6,train
B4JW81,train
B4JW99,train
B4JWF5,train
B4JWL5,train
B4JWR9,train
B4JWS7,train
B4JXP7,test
B4JXU2,train
B4JXV2,val
B4JXX2,train
B4JYJ2,train
B4JYN1,test
B4JYN3,test
B4K250,train
B4K4M0,test
B4K5R2,train
B4K5S6,test
B4K5X8,train
B4K616,val
B4K617,train
B4K6I9,train
B4K6T8,train
B4K799,val
B4K843,train
B4K8J8,train
B4K934,val
B4K982,train
B4KA44,train
B4KB36,train
B4KB60,train
B4KBF6,train
B4KBH3,train
B4KBJ0,val
B4KBL1,train
B4KCG1,train
B4KCL9,train
B4KDK5,train
B4KEN8,train
B4KF66,val
B4KFE1,test
B4KH32,val
B4KHL5,train
B4KI53,train
B4KIW3,val
B4KJW1,train
B4KKN1,train
B4KKN5,test
B4KLY7,train
B4KMF8,train
B4KN44,train
B4KND9,train
B4KPG8,train
B4KPU0,test
B4KR05,train
B4KS18,val
B4KSL6,train
B4KSY3,test
B4KT50,train
B4KT51,test
B4KVI7,train
B4KXI8,train
B4KXJ5,train
B4KY56,train
B4KYX8,test
B4KYY0,train
B4KZ16,val
B4KZN6,train
B4L0H1,train
B4L1K2,train
B4L1Z2,train
B4L1Z8,train
B4L340,train
B4L6Q5,test
B4L6S9,train
B4L6T9,train
B4L7U0,train
B4L7V4,train
B4L8V5,train
B4LC58,train
B4LCX4,train
B4LDA6,val
B4LDJ6,test
B4LE89,train
B4LF72,val
B4LFW2,test
B4LG38,train
B4LIK8,val
B4LKE5,train
B4LKS9,test
B4LM90,train
B4LMA2,test
B4LMK1,train
B4LN42,test
B4LNA8,test
B4LNV5,val
B4LP08,train
B4LPB6,test
B4LPP8,val
B4LQ23,val
B4LQR5,test
B4LQT7,train
B4LQW4,train
B4LQY8,train
B4LRB9,train
B4LRN7,train
B4LS82,train
B4LV24,train
B4LVP8,train
B4LVR8,test
B4LW09,test
B4LWT7,train
B4LWZ8,test
B4LX81,train
B4LXW1,train
B4LY58,train
B4LY66,train
B4LYB9,test
B4LYC5,train
B4LZT9,train
B4LZW7,train
B4M140,train
B4M1W5,val
B4M2R8,train
B4M357,train
B4M375,train
B4M3W0,val
B4M401,train
B4M416,train
B4M4X4,train
B4M5A7,train
B4M5L0,train
B4M5T5,train
B4M5T7,train
B4M686,train
B4M703,train
B4M709,train
B4M7J1,val
B4M7P8,train
B4M7S0,train
B4M7T6,test
B4M891,test
B4M8J8,train
B4M8L8,train
B4M9F7,test
B4MA12,train
B4MB78,test
B4MBU8,train
B4MCL6,train
B4MDZ0,train
B4MEG2,val
B4MKC7,train
B4MLE8,val
B4MLR8,train
B4MLV0,train
B4MNL1,train
B4MP81,test
B4MQJ1,test
B4MQY1,test
B4MR28,train
B4MR33,train
B4MR46,train
B4MR74,train
B4MRE7,train
B4MRW2,train
B4MRZ8,train
B4MTY2,val
B4MU54,train
B4MU83,val
B4MUE1,train
B4MUM8,test
B4MUQ2,train
B4MV81,train
B4MVH6,train
B4MVR2,train
B4MX21,test
B4MXH8,train
B4MXR6,train
B4MXR8,train
B4MXW6,train
B4MY63,train
B4MYA4,test
B4MYI5,val
B4MYR2,val
B4MZ79,train
B4N072,train
B4N0P7,train
B4N1C2,train
B4N1G8,train
B4N1V2,train
B4N1W9,train
B4N278,train
B4N4E1,train
B4N549,train
B4N5D3,train
B4N665,train
B4N6G2,test
B4N7R4,val
B4N8G6,test
B4N8G7,val
B4N8Z4,val
B4N937,train
B4N943,train
B4N984,train
B4N9D3,train
B4N9T4,train
B4NAB3,train
B4NAD3,val
B4NAJ1,train
B4NAU8,train
B4NBB0,train
B4NBL5,train
B4NBL6,train
B4NBP4,train
B4NDE5,train
B4NDG5,train
B4NDL8,train
B4NE56,train
B4NE93,train
B4NE96,val
B4NEH6,val
B4NER4,train
B4NEU8,test
B4NFJ7,train
B4NFN4,train
B4NFR1,train
B4NFY1,train
B4NI64,train
B4NIM7,train
B4NIM9,val
B4NJP3,val
B4NJW0,train
B4NK88,train
B4NKL1,train
B4NKT1,train
B4NP05,train
B4NP88,train
B4NSP6,train
B4NSS7,train
B4NSS9,val
B4NU50,val
B4NXA8,train
B4NXB8,train
B4NXF7,train
B4NYU1,test
B4P071,train
B4P0E1,train
B4P1N5,train
B4P2P8,train
B4P6W7,train
B4P8I0,train
B4PAP8,train
B4PAZ6,train
B4PB41,train
B4PDM5,train
B4PEU8,train
B4PIP5,train
B4PKZ7,val
B4PN49,train
B4PPG0,test
B4PPK2,train
B4PPT4,val
B4PPU4,val
B4PPU5,train
B4PPU6,train
B4PRJ9,train
B4PSQ2,val
B4PST7,train
B4PTD3,train
B4PUD0,train
B4PV71,train
B4PVI7,train
B4PYH5,val
B4PZQ4,train
B4Q068,train
B4Q0P1,train
B4Q0P5,train
B4Q3K8,test
B4Q9Z1,train
B4QAF0,val
B4QAF1,train
B4QBN3,train
B4QD77,train
B4QEJ9,train
B4QI55,train
B4QIS3,test
B4QL99,train
B4QQE2,train
B4QRJ0,train
B4QT07,val
B4QU20,test
B4QW11,train
B4QX59,train
B4QYZ3,train
B4QZV5,train
B4R089,train
B4R090,train
B4R0A5,test
B4R133,train
B4R1D8,train
B4R1Q2,train
B4R1Q3,test
B4R345,test
B4R3W7,train
B4R4H1,train
B4USV4,test
B4USX2,test
B4X8D9,train
B4XC07,train
B4XF06,test
B4XSY4,train
B4XSY6,train
B4XSZ0,test
B4XSZ1,train
B4XT00,train
B4YSU8,train
B5A9S9,train
B5A9T0,train
B5AJT3,test
B5AJT4,train
B5B3U4,train
B5D5N9,test
B5DE09,train
B5DE31,train
B5DE69,test
B5DE70,val
B5DE73,val
B5DE93,train
B5DEH0,train
B5DEI4,train
B5DF21,train
B5DF51,train
B5DF91,train
B5DFC9,train
B5DFF2,train
B5DFM7,train
B5DFN3,test
B5DFQ4,test
B5DFW7,train
B5DG51,train
B5DG67,test
B5DGK1,val
B5DGM3,train
B5DGM4,train
B5DGM7,train
B5DGQ7,test
B5DHB2,train
B5DHW4,train
B5DK05,test
B5DK31,train
B5DK35,train
B5DMC9,train
B5DPF1,train
B5DRT7,train
B5DRY3,train
B5DUH6,train
B5DXG8,train
B5DZ31,train
B5DZN7,train
B5E022,train
B5E0H4,train
B5E0U2,train
B5E1N0,train
B5FWC0,train
B5FX50,val
B5FX56,train
B5FXA0,val
B5FXE5,train
B5FXK1,train
B5FXN8,train
B5FXT6,test
B5FXU9,train
B5FXZ4,train
B5FY93,test
B5FYC7,val
B5FYQ0,train
B5FZ42,train
B5FZA8,test
B5G1P1,train
B5G279,train
B5G6G5,test
B5G6G8,train
B5KF99,train
B5KFD7,val
B5KFL3,train
B5KL27,train
B5KL30,train
B5KL31,test
B5KL37,test
B5KL38,train
B5KL41,test
B5KM66,train
B5L5M7,test
B5L5N6,train
B5L5P5,test
B5L5Q8,train
B5L5R0,train
B5L5R1,train
B5L5R6,train
B5L5R7,val
B5LUQ3,train
B5LUQ5,train
B5LUQ6,val
B5LUQ8,train
B5LUQ9,train
B5LUR1,test
B5M0W4,train
B5MCN3,test
B5MCY1,train
B5MD39,train
B5MFE9,train
B5RHS5,train
B5RI54,val
B5SNH4,train
B5SNZ6,train
B5T255,train
B5TTX7,train
B5U2W0,train
B5U6Y3,train
B5U6Y4,train
B5U6Y6,test
B5U6Y7,train
B5U6Y8,train
B5X0E4,train
B5X0W9,train
B5X165,train
B5X171,train
B5X186,val
B5X1G3,train
B5X1G6,train
B5X1P9,train
B5X1Q3,val
B5X216,train
B5X277,train
B5X2B8,train
B5X2D1,test
B5X2S3,test
B5X337,train
B5X370,train
B5X392,train
B5X3B2,train
B5X3C1,train
B5X3I1,val
B5X3I6,train
B5X3V2,test
B5X3W7,train
B5X3X5,train
B5X441,train
B5X4E0,test
B5X4H8,train
B5X4Y9,train
B5X5B4,train
B5X5D0,train
B5X5L2,test
B5X5N3,train
B5X5U9,val
B5X601,train
B5X737,val
B5X8A5,train
B5X8I6,train
B5X8M4,train
B5X8S2,train
B5X9L9,train
B5X9P2,train
B5X9S3,test
B5XAM2,train
B5XB24,train
B5XB27,val
B5XBI1,train
B5XBP5,train
B5XCA1,test
B5XCB8,val
B5XCZ6,test
B5XD90,train
B5XDD3,train
B5XE27,train
B5XF11,test
B5XFA7,train
B5XG19,train
B5XG43,train
B5XGE7,test
B5XGH3,train
B6A8C7,val
B6A8R8,train
B6CHA3,val
B6CJY4,val
B6CKP4,train
B6CQR5,train
B6CZ18,train
B6CZ45,val
B6CZ62,train
B6D5P1,train
B6D985,test
B6DCJ0,train
B6DCN3,train
B6DCP7,train
B6DCT3,test
B6DCU1,val
B6DCU2,train
B6DCU9,train
B6DCV0,train
B6DCV2,train
B6DCW1,train
B6DCW9,train
B6DCX5,val
B6DCZ1,train
B6DCZ3,val
B6DD01,train
B6DD02,train
B6DD07,test
B6DD11,train
B6DD13,test
B6DD18,train
B6DD19,train
B6DD31,test
B6DD34,train
B6DD40,train
B6DD53,train
B6DD54,train
B6DD55,test
B6DD56,train
B6DD59,test
B6DD61,train
B6DDQ8,train
B6DDU5,train
B6DT16,train
B6E465,train
B6F1W5,train
B6HY14,train
B6HY15,train
B6HY16,train
B6IFG5,train
B6IFN4,train
B6IJ52,val
B6JUP5,train
B6LI37,train
B6LS00,val
B6MFW3,train
B6MUN4,train
B6NK32,train
B6NXD5,train
B6PLN3,test
B6RLX2,val
B6RSP1,train
B6S2X0,train
B6S2X2,train
B6SEH8,train
B6ULW6,test
B6ULW7,test
B6V6L0,train
B6V8E6,train
B6VH75,train
B6VH76,train
B6VQ60,train
B6VQA1,train
B6VQA5,train
B6ZI38,train
B6ZK76,train
B6ZK77,train
B7FAS0,train
B7FAS6,train
B7FDI1,val
B7FF06,train
B7FF07,val
B7FF08,train
B7FF09,test
B7FF67,train
B7P877,val
B7PBI5,train
B7PCF6,train
B7PCV3,train
B7PDC5,val
B7PJS6,train
B7PKZ2,test
B7PLT0,val
B7PP17,train
B7PRF6,test
B7PS00,val
B7PXE3,train
B7PY76,train
B7PZ18,train
B7Q052,train
B7Q1Q9,train
B7Q290,train
B7Q2M2,train
B7Q5K1,train
B7QDG3,test
B7QIN3,train
B7QK46,train
B7QKS1,train
B7S4N9,val
B7SB91,train
B7SB92,train
B7SBD2,train
B7SNI3,train
B7SNV8,test
B7SXM5,train
B7TB45,val
B7TWP7,train
B7U492,test
B7VGF9,train
B7W112,train
B7WFQ1,train
B7WN72,train
B7WN96,val
B7XDF1,val
B7XFT1,train
B7XFU7,train
B7XFU8,val
B7YZT2,train
B7YZU2,test
B7YZV4,train
B7Z031,val
B7Z0E2,test
B7Z0I7,val
B7Z0K8,train
B7Z0L8,train
B7Z0W9,train
B7Z0X7,train
B7Z1M9,train
B7Z368,test
B7Z6K7,train
B7Z8K6,train
B7ZAP0,train
B7ZAQ6,test
B7ZBB8,train
B7ZC32,val
B7ZC77,train
B7ZD04,train
B7ZMP1,train
B7ZNG0,test
B7ZNG4,train
B7ZQA9,train
B7ZQJ9,train
B7ZR30,train
B7ZR65,train
B7ZRM8,test
B7ZRT8,train
B7ZS37,train
B7ZS42,test
B7ZS96,test
B7ZSG3,val
B7ZSK1,train
B7ZTR0,train
B7ZTW1,train
B7ZUF3,train
B7ZUL2,train
B7ZWI3,train
B8A4F0,train
B8A4F4,val
B8A4W9,train
B8A556,train
B8A5G9,train
B8A5I7,train
B8A5S6,test
B8A5W4,train
B8A5Y1,test
B8JI67,train
B8JJV5,train
B8JK76,test
B8JKD7,val
B8JKF4,train
B8JKP6,train
B8JLQ0,train
B8JLQ9,test
B8JLV7,train
B8JM82,train
B8JMH0,train
B8K1V9,train
B8K1W0,train
B8K1W2,train
B8PYG1,val
B8QB46,train
B8QG00,train
B8UU51,train
B8VIU6,train
B8VIW9,test
B8VIX3,train
B8WI85,train
B8XGZ8,val
B8XH01,train
B8XH30,test
B8XH38,train
B8XH44,val
B8XH45,train
B8XH47,train
B8XH50,val
B8XX90,train
B8XY56,val
B8ZHC9,val
B8ZXI1,val
B8ZZ34,train
B9A014,val
B9A064,train
B9A8D7,train
B9EJ80,train
B9EJG8,train
B9EJI9,train
B9EJR8,train
B9EJV3,val
B9EJX3,train
B9EK06,train
B9EKE5,train
B9EKI3,test
B9ELP3,val
B9EM04,train
B9EMY6,train
B9EN89,test
B9ENM6,train
B9EQ30,train
B9TQX1,val
B9TQX2,val
B9TQX3,test
B9TQX4,val
B9U3F2,test
B9UIY3,train
B9URJ1,train
B9VJ80,train
B9VR26,train
B9VTT2,train
B9WZ56,train
B9X0L5,train
C0H690,train
C0H691,train
C0H692,train
C0H694,val
C0H8I2,test
C0H906,val
C0H9B6,train
C0HAC0,train
C0HAV3,train
C0HB46,train
C0HBB2,train
C0HBG1,val
C0HBT3,test
C0HJA8,test
C0HJB4,train
C0HJB7,train
C0HJB8,train
C0HJB9,train
C0HJC1,test
C0HJC2,train
C0HJC3,train
C0HJC4,train
C0HJD3,train
C0HJD7,test
C0HJE0,train
C0HJE1,train
C0HJE8,train
C0HJF1,test
C0HJF6,train
C0HJF8,train
C0HJH3,train
C0HJH4,train
C0HJH6,train
C0HJI5,train
C0HJI8,train
C0HJJ0,test
C0HJJ2,train
C0HJJ4,test
C0HJJ7,train
C0HJK0,train
C0HJK1,train
C0HJK2,val
C0HJK3,train
C0HJK4,train
C0HJK5,test
C0HJL8,train
C0HJM9,train
C0HJN0,train
C0HJQ1,train
C0HJQ4,train
C0HJQ5,test
C0HJQ8,train
C0HJQ9,train
C0HJR0,train
C0HJR2,val
C0HJS9,train
C0HJT2,train
C0HJT4,train
C0HJU6,test
C0HJU9,test
C0HJV1,train
C0HJV3,train
C0HJV5,train
C0HJV6,train
C0HJV8,val
C0HJW4,train
C0HJX3,val
C0HJX5,train
C0HJX7,train
C0HJY4,val
C0HJY5,val
C0HJY7,train
C0HJY8,train
C0HJY9,val
C0HJZ0,val
C0HJZ6,train
C0HJZ8,train
C0HK08,train
C0HK09,train
C0HK10,test
C0HK11,train
C0HK21,train
C0HK23,val
C0HK24,train
C0HK25,train
C0HK26,test
C0HK43,train
C0HK44,train
C0HK45,train
C0HK46,train
C0HK47,train
C0HK69,train
C0HK71,train
C0HK72,test
C0HK73,train
C0HK75,val
C0HK79,train
C0HK83,val
C0HK85,test
C0HK86,train
C0HK87,val
C0HK88,train
C0HK89,test
C0HK90,train
C0HK91,train
C0HK92,test
C0HK94,test
C0HK95,train
C0HK98,test
C0HKA2,train
C0HKA5,val
C0HKA8,train
C0HKA9,train
C0HKB2,val
C0HKB3,train
C0HKB8,train
C0HKB9,val
C0HKC9,train
C0HKD0,test
C0HKD1,test
C0HKD6,test
C0HKD7,train
C0HKF6,train
C0HKF8,train
C0HKG6,test
C0HKG7,train
C0HKK7,val
C0HKK8,test
C0HKL1,train
C0HKL3,train
C0HKL4,train
C0HKL8,val
C0HKL9,train
C0HKM2,train
C0HKM3,train
C0HKM6,test
C0HKM7,train
C0HKN1,train
C0HKN2,val
C0HKN3,train
C0HKN4,train
C0HKN5,train
C0HKN6,train
C0HKN7,train
C0HKN8,train
C0HKN9,train
C0HKP0,train
C0HKP2,train
C0HKP3,train
C0HKP4,train
C0HKQ0,train
C0HKQ1,train
C0HKQ2,train
C0HKQ6,train
C0HKQ7,train
C0HKQ9,train
C0HKR1,train
C0HKR2,test
C0HKS0,test
C0HKS1,train
C0HKS3,train
C0HKS4,train
C0HKS5,train
C0HKS6,train
C0HKT1,train
C0HKT2,train
C0HKT3,train
C0HKT4,val
C0HKT6,train
C0HKU0,train
C0HKU1,train
C0HKU2,val
C0HKU9,train
C0HKV8,test
C0HKV9,val
C0HKW2,train
C0HKW7,train
C0HKX5,val
C0HKX7,val
C0HKX8,train
C0HKY1,train
C0HKY3,test
C0HKY4,val
C0HKY5,train
C0HKY6,val
C0HKY7,train
C0HKY8,train
C0HKZ0,val
C0HKZ1,train
C0HKZ3,train
C0HKZ6,val
C0HKZ7,train
C0HKZ8,train
C0HKZ9,train
C0HL00,test
C0HL02,train
C0HL04,test
C0HL05,train
C0HL07,test
C0HL09,train
C0HL10,test
C0HL11,train
C0HL12,test
C0HL40,train
C0HL41,train
C0HL42,train
C0HL43,val
C0HL44,train
C0HL48,train
C0HL49,train
C0HL51,train
C0HL52,train
C0HL57,train
C0HL58,train
C0HL59,train
C0HL63,train
C0HL65,test
C0HL68,val
C0HL69,val
C0HL70,val
C0HL73,train
C0HL84,train
C0HL86,train
C0HL91,train
C0HL92,train
C0HL93,val
C0HL94,train
C0HL98,train
C0HLA7,train
C0HLB0,train
C0HLB3,test
C0HLB7,train
C0HLB9,train
C0HLC0,test
C0HLC3,train
C0HLC4,val
C0HLD0,test
C0HLD3,test
C0HLD5,train
C0HLD8,train
C0HLE0,val
C0HLE1,train
C0HLF0,test
C0HLF4,train
C0HLG4,val
C0HLK1,train
C0HLK5,train
C0HLK7,train
C0HLK8,train
C0HLK9,train
C0HLL2,train
C0HLL3,train
C0HLL4,val
C0HLL9,train
C0HLM0,train
C0HLM1,train
C0HLM2,train
C0HLN0,train
C0HLN4,train
C0HLN5,train
C0HLN6,test
C0HLR8,train
C0HLS1,train
C0HLS4,train
C0HLU0,train
C0HLU2,train
C0HLU6,train
C0HLU7,train
C0HLU8,train
C0HLV8,train
C0HLV9,train
C0HLW3,test
C0HLW7,test
C0HLX1,val
C0HLX3,train
C0HLX4,val
C0HLX5,train
C0HLX7,train
C0HLX9,train
C0HLY1,val
C0HLY2,val
C0HLY3,train
C0HLZ1,train
C0HLZ3,val
C0HLZ6,train
C0HLZ7,train
C0HM00,val
C0HM01,train
C0HM02,train
C0HM08,train
C0HM09,test
C0HM19,train
C0HM20,train
C0HM25,train
C0HM26,test
C0HM29,train
C0HM30,train
C0HM33,train
C0HM34,train
C0HM35,val
C0HM36,test
C0HM42,train
C0HM54,train
C0HM56,train
C0HM57,train
C0HM58,train
C0HM59,train
C0HM60,train
C0HM62,test
C0HM65,test
C0HM66,train
C0HM67,train
C0HM69,train
C0HM70,train
C0HM73,train
C0HM74,test
C0HM78,test
C0HM83,train
C0HM98,train
C0HMA1,test
C0HMA7,train
C0HMA9,test
C0HMB7,train
C0HMD6,test
C0HMD7,train
C0HMD8,val
C0HME4,test
C0HME5,train
C0HME6,test
C0HME7,train
C0HMF8,train
C0HMG0,test
C0HMG4,train
C0IN03,train
C0J7L8,test
C0K3N1,train
C0K3N2,train
C0K3N3,val
C0K3N5,train
C0KJQ4,train
C0KYB6,train
C0KYC3,train
C0KYC4,train
C0KYC5,train
C0LLJ0,train
C0LNR2,train
C0LZJ1,train
C0LZJ5,train
C0SPF7,test
C0SPG1,train
C0STK7,train
C1BH56,train
C1BHN7,train
C1BJB1,train
C1BJQ3,val
C1BK83,train
C1BKZ7,val
C1BL82,test
C1BW56,val
C1BY38,val
C1BYA3,train
C1C416,val
C1C488,train
C1C4M3,train
C1C4M8,val
C1C524,test
C1FXW2,train
C1IBY0,test
C1IBY3,train
C1IBZ3,train
C1IC04,train
C1IC47,test
C1IC48,train
C1IC49,test
C1IC50,train
C1IC51,train
C1IC53,train
C1IE32,test
C1IIX1,train
C1ITJ8,train
C1J5M5,train
C1J5M7,train
C1JAR9,train
C1JE15,train
C1JZ66,val
C1KIY9,train
C1KIZ0,train
C1KIZ3,train
C1KIZ4,train
C1KIZ5,test
C1L7Y4,val
C3KHF2,train
C3KHG1,train
C3KJF2,train
C3RT17,train
C3RT18,test
C3RT22,train
C3RT24,train
C3TS04,val
C3TS07,test
C3U0S3,train
C3VD30,train
C3VMW3,train
C3VPR6,train
C3VVN5,train
C3XR70,train
C3XRY1,test
C3XVM1,train
C3XVT5,train
C3Y3G4,train
C3Y431,train
C3YDS7,train
C3YEM5,train
C3YFB4,train
C3YN79,train
C3YWU0,train
C3YZ51,train
C3YZ59,train
C3Z1P5,train
C3Z6E6,train
C3Z724,train
C3ZAH2,train
C3ZBT0,val
C3ZDX5,test
C3ZQF9,train
C4A0D9,val
C4A0P0,test
C4AMC7,test
C4N147,train
C4N9P6,train
C4NYZ3,train
C4NZN9,test
C4P6S0,train
C4PWC3,train
C4PWC4,train
C4PYP8,train
C4PZQ3,train
C4Q0P6,train
C4QCD2,train
C4QGM3,test
C4QH88,val
C4QM85,val
C4WU37,train
C4WUT0,train
C4WXC1,train
C5H0C8,train
C5H0D4,train
C5H0E1,train
C5H0E2,val
C5H5C4,train
C5H5D2,train
C5H5D6,train
C5IAW9,train
C5IB03,test
C5ILC5,train
C5J886,val
C5J887,train
C5J888,val
C5J893,train
C5J895,test
C5J896,train
C5J897,train
C5J8E3,train
C5NSL2,test
C6EUD4,train
C6EVG1,train
C6EVG2,train
C6EVG7,train
C6FG12,val
C6JUN9,train
C6JUP1,train
C6JUP2,test
C6JUP3,train
C6K7I2,train
C6KFA3,train
C6KGD8,train
C6KI89,test
C6KRL6,test
C6KRN1,train
C6KYS2,train
C6ZDB5,val
C6ZH25,test
C6ZH27,train
C6ZJQ2,train
C7B247,train
C7C1L2,train
C7DQB9,train
C7DQC1,train
C7DQC2,train
C7DQX6,train
C7DQX7,train
C7DQX9,train
C7DQY0,train
C7DT09,train
C7DZK3,train
C7EMF5,train
C7EXK4,test
C7G0B5,train
C7G3A0,train
C7G3K3,train
C7IVR4,train
C7T2J9,train
C8AW45,train
C8AW46,train
C8AW47,train
C8BKF2,train
C8BKF3,train
C8CK74,train
C8CK75,test
C8CK77,train
C8CK78,train
C8CK79,train
C8YJ99,train
C8YJG3,test
C8YJG4,train
C8YJG5,train
C9D7C2,train
C9DPL5,train
C9E1R7,train
C9E1R9,val
C9E1S0,val
C9EIC7,train
C9J069,train
C9J1S8,train
C9J202,train
C9J2P7,test
C9J302,train
C9J3I9,train
C9J3V5,val
C9J6K1,train
C9J798,train
C9J7I0,train
C9JBD0,test
C9JC47,test
C9JCN9,train
C9JDP6,train
C9JE40,train
C9JFL3,train
C9JH25,train
C9JI98,train
C9JL84,train
C9JLR9,train
C9JN71,train
C9JQI7,train
C9JQL5,val
C9JR72,test
C9JSJ3,test
C9JTQ0,test
C9JUS6,train
C9JVW0,val
C9JXX5,train
C9K4X8,train
C9WMM5,val
C9X4J0,train
C9X4J8,train
C9X4K0,train
C9X4K1,train
C9X4K4,train
C9X4K7,val
C9X4K8,train
C9XI66,val
D0E0C2,train
D0EPY3,train
D0EYG3,val
D0FH76,train
D0G895,test
D0PV95,test
D0PX85,val
D0PX86,val
D0Q0Y7,train
D0QMC3,val
D0UGJ0,val
D0VWM8,train
D0VYS2,val
D0Z5N4,test
D1FNJ7,test
D1FNK0,train
D1FNK4,train
D1FQ14,train
D1GY43,train
D1MEI6,train
D1MEI8,test
D1MEI9,train
D1MEJ2,train
D1MEJ3,train
D1MGU0,test
D1MGU1,test
D1MWE7,train
D1MZV3,test
D2A0H5,train
D2CFI7,train
D2CLZ9,test
D2DGD3,train
D2DGD4,val
D2DGD6,train
D2DGD7,train
D2DGD8,train
D2DGD9,train
D2DGW3,train
D2EAC2,train
D2GU20,test
D2GXM8,train
D2GXY4,train
D2GZW6,train
D2H0G5,val
D2H0H6,val
D2H3M0,train
D2H417,train
D2H526,train
D2H6Z0,train
D2H8V8,train
D2HBJ8,test
D2HBV9,val
D2HC77,test
D2HD32,train
D2HHP1,train
D2HJ50,train
D2HNW6,val
D2HNY3,train
D2HQI1,val
D2HS03,train
D2HS90,val
D2HSA6,train
D2HSB3,train
D2HWM5,train
D2HXI8,train
D2HZB0,train
D2I2M6,train
D2I3C6,train
D2I4M3,train
D2IT41,train
D2IYS2,train
D2J0Y4,test
D2K835,train
D2KBH9,train
D2KC46,train
D2KQB0,test
D2KUZ7,train
D2KX92,train
D2WKD9,val
D2X5V5,test
D2X5W4,train
D2X8K2,val
D2XPP7,train
D2XUU6,test
D2XUU7,train
D2XUU9,test
D2XUV0,train
D2XUV1,test
D2XV59,train
D2Y170,train
D2Y172,train
D2Y174,test
D2Y1X6,test
D2Y1X9,test
D2Y232,train
D2Y251,train
D2Y271,val
D2Y273,train
D2Y282,train
D2Y283,train
D2Y299,train
D2Y2A0,train
D2Y2B6,train
D2Y2C1,val
D2Y2C3,val
D2Y2C4,test
D2Y2C6,train
D2Y2C8,train
D2Y2C9,train
D2Y2E1,train
D2Y2Q6,test
D2Y488,train
D2Y492,val
D2Y496,val
D2Y499,train
D2YVJ6,train
D2YVK1,train
D2YVK5,train
D2YW40,train
D2YZQ3,val
D2Z1D6,train
D3DTV9,train
D3GDK4,train
D3GGZ8,test
D3GME4,train
D3INW7,train
D3IUT5,train
D3K0N9,train
D3K0R6,val
D3KCC4,train
D3KU67,train
D3KZG3,train
D3TLL6,train
D3TQJ5,test
D3TS87,train
D3TTC2,train
D3UW23,train
D3W0D1,test
D3YN49,train
D3YT16,train
D3YTS9,train
D3YU32,train
D3YU81,train
D3YUB6,train
D3YUE4,test
D3YUG0,train
D3YUK8,val
D3YV10,train
D3YV92,test
D3YVF0,train
D3YVL2,val
D3YWE6,train
D3YWJ0,train
D3YWP0,train
D3YWX3,train
D3YX43,train
D3YXF5,test
D3YXK1,val
D3YXS5,val
D3YY23,val
D3YY91,test
D3YYI7,train
D3YYM0,train
D3YYM4,train
D3YYU8,test
D3YZF7,test
D3YZG8,train
D3YZI9,val
D3YZP9,train
D3YZV8,test
D3YZZ2,train
D3Z070,test
D3Z0R2,train
D3Z120,test
D3Z1D3,train
D3Z1Q2,train
D3Z1U7,val
D3Z2R5,test
D3Z338,train
D3Z3C6,test
D3Z3I0,test
D3Z3K2,val
D3Z423,val
D3Z4R1,train
D3Z4S3,train
D3Z5L9,train
D3Z5T1,train
D3Z690,train
D3Z6P0,train
D3Z6Q9,train
D3Z6S9,train
D3Z750,train
D3Z7H8,val
D3Z8D9,train
D3Z8K2,train
D3Z8X7,val
D3Z8Y2,test
D3Z902,train
D3Z987,train
D3Z9M3,train
D3Z9R8,train
D3ZA76,train
D3ZAP3,train
D3ZAQ5,train
D3ZAR1,train
D3ZB51,train
D3ZB94,test
D3ZBE5,train
D3ZBP4,train
D3ZC96,train
D3ZCM9,train
D3ZD82,val
D3ZDI6,train
D3ZDX9,val
D3ZE55,test
D3ZE85,test
D3ZEF4,val
D3ZEG1,test
D3ZEH5,test
D3ZEN0,train
D3ZEY0,train
D3ZF18,train
D3ZF42,train
D3ZF77,train
D3ZFB6,train
D3ZFW5,test
D3ZG27,test
D3ZG52,train
D3ZGP9,train
D3ZGS3,train
D3ZGZ6,train
D3ZHP7,train
D3ZJ25,test
D3ZJK7,train
D3ZK93,train
D3ZKB9,train
D3ZKF5,train
D3ZKM3,val
D3ZL52,test
D3ZLB7,test
D3ZLY0,train
D3ZMK9,train
D3ZML2,train
D3ZN43,train
D3ZNF5,train
D3ZNQ3,train
D3ZNV2,train
D3ZPX4,test
D3ZQE1,train
D3ZQL6,train
D3ZQX2,train
D3ZQX4,train
D3ZRW8,train
D3ZS28,train
D3ZS74,train
D3ZSC8,train
D3ZSZ3,train
D3ZT37,train
D3ZTE0,train
D3ZTQ1,train
D3ZTX0,train
D3ZU57,train
D3ZUC4,train
D3ZUC6,train
D3ZUE1,train
D3ZUI5,train
D3ZUK3,val
D3ZUM2,train
D3ZV31,train
D3ZVK1,train
D3ZVN1,train
D3ZVP7,train
D3ZVR1,train
D3ZVR7,val
D3ZVR9,train
D3ZVT0,train
D3ZVU1,train
D3ZVV1,train
D3ZWE7,train
D3ZWK4,train
D3ZWT9,train
D3ZXD8,train
D3ZXS4,test
D3ZXW3,train
D3ZY68,val
D3ZYB7,train
D3ZYP5,val
D3ZYW7,test
D3ZZ07,test
D3ZZC3,train
D3ZZL9,train
D3ZZN9,train
D3ZZW6,train
D3ZZX1,val
D4A039,train
D4A0X3,train
D4A1F2,train
D4A1X2,train
D4A208,val
D4A280,train
D4A2H2,test
D4A2K4,train
D4A2Z2,train
D4A3T6,val
D4A4D7,val
D4A4K3,val
D4A4L4,train
D4A4P4,train
D4A5U3,train
D4A612,train
D4A631,train
D4A693,train
D4A6D7,train
D4A6Z8,train
D4A770,test
D4A7E1,train
D4A7N1,train
D4A7T3,train
D4A7T8,train
D4A7U2,train
D4A929,train
D4A9E1,train
D4A9I3,train
D4A9K4,train
D4A9R4,train
D4AAA5,val
D4AAT7,val
D4AB66,train
D4AB98,val
D4ABB4,train
D4ABL6,train
D4ABM4,test
D4ABW7,test
D4ABY2,train
D4AC13,train
D4ACP5,train
D4AD02,val
D4AE48,train
D4AEP3,train
D4HPD6,test
D4HRK4,train
D4HRL0,val
D4N4Z9,train
D4P2Y4,train
D5FM34,train
D5FM37,test
D5FM38,train
D5GRW4,val
D5HR53,test
D5J6X1,test
D5J9Q8,train
D5J9S0,val
D5K8A2,train
D5K8A9,train
D5KR59,train
D5L5Q7,train
D5LGE0,train
D5LMJ3,train
D5MCN2,train
D5SHR0,test
D6C4H5,train
D6C4H9,val
D6C4I0,val
D6C4I8,train
D6C4J0,train
D6C4J7,train
D6C4J9,val
D6C4K0,train
D6C4K5,train
D6C4K9,val
D6C4L2,train
D6C4L4,test
D6C4L5,test
D6C4L6,train
D6C4L7,train
D6C4L8,train
D6C652,train
D6MZJ6,train
D6PXE8,train
D6QY17,train
D6REC4,train
D6RGH6,val
D6RIA3,train
D6WI29,train
D6WIX5,test
D6WJ77,train
D6WMX4,train
D6WMZ8,val
D6WT67,train
D6X268,train
D7EZN2,train
D7PDD4,train
D7UQM5,train
D8KY57,train
D8UWD3,train
D8UWD8,train
D8VNS0,train
D8VNS7,train
D8VNT0,val
D8X2C5,train
D9I2F9,train
D9IQ16,train
D9IVE5,train
D9IWN7,test
D9IX97,val
D9J143,train
D9N129,train
D9PTN5,train
D9U297,train
D9U299,train
D9U2A0,train
D9U2A1,train
D9U2A3,train
D9U2A5,train
D9U2A8,train
D9U2B0,train
D9U2B2,train
D9U2B5,test
E0CYV9,test
E0CZ16,train
E0CZ22,val
E0CZ42,val
E0D877,train
E0V9D8,val
E0VI98,train
E0VIU9,train
E0VLV0,train
E0VSF4,train
E0VSP9,train
E0VVF6,test
E0W1I1,test
E0W3E3,train
E0W481,val
E0X9F6,train
E0XKJ8,val
E0XKJ9,test
E0Y418,val
E0Y419,train
E0Y420,train
E0Y421,test
E1AWD2,val
E1AWD4,train
E1AWD6,train
E1AWD7,train
E1AWD8,val
E1AXF5,test
E1AXF9,train
E1AZ71,train
E1B230,train
E1B231,train
E1B241,val
E1B247,train
E1B7R9,train
E1B7X3,train
E1B8U2,train
E1B8W3,train
E1B9D8,train
E1B9E5,train
E1B9I5,val
E1B9R1,train
E1B9W9,train
E1BAR0,test
E1BB03,train
E1BB52,train
E1BBG2,train
E1BBQ2,train
E1BC15,train
E1BC52,train
E1BCH6,train
E1BD52,test
E1BD59,train
E1BDF2,train
E1BE02,train
E1BE10,test
E1BEA8,train
E1BF81,train
E1BF86,train
E1BFR5,train
E1BFX5,val
E1BGH8,test
E1BGN7,test
E1BGQ2,train
E1BHC3,val
E1BI64,train
E1BJD3,val
E1BJL9,train
E1BJS7,train
E1BJW1,test
E1BK52,test
E1BKH1,test
E1BKK0,val
E1BLK7,train
E1BLP6,test
E1BLT8,train
E1BM58,test
E1BM70,train
E1BMP7,train
E1BN97,train
E1BNG3,train
E1BNQ4,train
E1BNS6,train
E1BP36,train
E1BP74,train
E1BP92,val
E1BPH3,train
E1BPN0,train
E1BPQ1,train
E1BPQ3,train
E1BPX4,train
E1BR24,train
E1BRC3,train
E1BRE2,train
E1BSI0,train
E1BSW7,test
E1BTE1,train
E1BTG2,train
E1BUG7,train
E1BVR9,train
E1BW58,train
E1BWM5,train
E1BXS0,train
E1BY51,test
E1BY77,train
E1BYA3,test
E1BYJ2,test
E1BZ85,train
E1BZR9,test
E1C065,val
E1C1L6,train
E1C1U1,val
E1C213,val
E1C231,train
E1C2I2,train
E1C2P3,train
E1C2Q8,train
E1C2V1,train
E1C2Z0,train
E1C3P4,train
E1C3S7,train
E1C3U7,train
E1C5V0,val
E1C656,train
E1C6Q1,train
E1C760,train
E1C762,train
E1C7T6,train
E1C7U0,train
E1C8P7,train
E1CHH8,val
E1FU46,val
E1JH25,train
E1JI63,test
E1JIB2,train
E1JIT7,test
E1U8D0,train
E1ZVK1,train
E1ZVK3,test
E1ZXU8,train
E1ZZF9,train
E2A1R1,train
E2A3M7,test
E2A6P1,train
E2AB17,train
E2ADG2,test
E2ADX8,train
E2AFK9,train
E2AIS8,val
E2AJ76,train
E2ARW3,val
E2ASG4,train
E2AX35,train
E2AX75,train
E2AXC7,train
E2AYH6,test
E2AZE8,train
E2DIH5,train
E2E4E4,test
E2E4L2,train
E2IH92,train
E2IHA6,train
E2J6T4,train
E2QRY6,train
E2QSX5,train
E2QUI9,train
E2QXH7,val
E2QYC9,test
E2R0A5,val
E2R1I5,val
E2R4X3,test
E2R9X2,train
E2RAK7,val
E2RBS6,train
E2RD63,train
E2RDM9,train
E2RDZ6,train
E2RE76,train
E2RG47,train
E2RK33,train
E2RP87,train
E2RP94,train
E2RQ08,train
E2RSQ2,val
E2RSS3,test
E2RVI8,train
E2RYF6,train
E2RYF7,train
E2RYF8,train
E2S061,train
E2S066,test
E3LYX0,train
E3M3V1,val
E3MIE2,train
E3P6N4,train
E3P6P4,train
E3P6S4,val
E3TDS3,val
E3WDQ9,test
E3WPP8,train
E3WSB5,val
E3X5D6,train
E3XA68,train
E3XDZ8,train
E4VP04,train
E4VP07,train
E4VP11,train
E4VP41,val
E4VP43,train
E4VP50,train
E4Z7G0,train
E5AJX2,val
E5AJX3,train
E5D3Z8,test
E5DHB5,train
E5EZW7,train
E5EZX0,train
E5FYH0,val
E5FYH1,test
E5L0E3,train
E5L0E4,train
E5L0E5,val
E5RG02,train
E5RIL1,val
E5RJ46,train
E5RJM6,train
E5RQL4,train
E6ZBE2,val
E6ZGB4,train
E6ZHJ8,train
E6ZIJ1,train
E7BLC7,train
E7CIP7,train
E7CLP2,val
E7CLP3,train
E7CLP4,train
E7CLP5,train
E7CLP6,train
E7D082,test
E7E2N8,train
E7EAU8,train
E7EKC4,train
E7EKD0,train
E7EKD4,train
E7EKD6,test
E7EKD9,train
E7EKE1,train
E7EKH1,train
E7EKH2,train
E7EKH3,test
E7EKH5,train
E7EKH6,train
E7EKH7,test
E7EKI0,train
E7EKI9,train
E7EKJ5,test
E7EKJ6,test
E7EM37,train
E7ERA6,train
E7ETH6,train
E7EW31,train
E7EXT2,train
E7EXX2,train
E7EXZ6,train
E7EY42,train
E7EYQ9,train
E7EZ53,train
E7EZF3,train
E7EZI4,train
E7F021,train
E7F0W1,train
E7F0Z8,train
E7F187,train
E7F1C4,val
E7F1H9,train
E7F1U2,train
E7F211,train
E7F221,train
E7F240,train
E7F3I6,train
E7F4N7,train
E7F4V6,train
E7F4V8,train
E7F4Z4,train
E7F555,train
E7F568,train
E7F587,train
E7F590,test
E7F594,train
E7F5E1,train
E7F5F0,train
E7F654,train
E7F6D7,train
E7F6F7,val
E7F6F9,train
E7F6H7,test
E7F6T8,train
E7F6V0,train
E7F7V7,test
E7F7X0,test
E7F888,test
E7F8F4,val
E7F9L8,val
E7F9T0,val
E7FA21,train
E7FAG6,val
E7FAM5,val
E7FAP1,train
E7FAP8,val
E7FB98,train
E7FBF7,train
E7FBS9,train
E7FBU4,train
E7FBY6,train
E7FC72,val
E7FCN8,train
E7FCP8,train
E7FDB3,train
E7FDE0,train
E7FDV5,train
E7FDW2,train
E7FDW8,val
E7FDX5,train
E7FE13,val
E7FE40,train
E7FEC4,test
E7FEL0,train
E7FEV0,val
E7FF10,train
E7FFT2,train
E7FFX1,train
E7FGT5,train
E7FGY2,train
E7FH11,test
E7FH61,val
E9FR69,val
E9GD30,train
E9HCD7,test
E9NA96,train
E9NW26,train
E9NW27,val
E9P886,train
E9PAV3,val
E9PB15,test
E9PGG2,train
E9PQX1,train
E9PRG8,train
E9PT23,val
E9PT87,val
E9PTT0,train
E9PU17,train
E9PU28,train
E9PUN2,train
E9PV24,train
E9PV82,train
E9PV87,train
E9PVB3,train
E9PVD1,val
E9PW05,test
E9PW74,train
E9PX95,val
E9PXB6,train
E9PXT9,train
E9PXV9,train
E9PY46,val
E9PYH6,val
E9PYI1,val
E9PYK3,train
E9PYL2,train
E9PYY5,train
E9PZM4,train
E9PZZ1,train
E9Q0C6,train
E9Q0N2,val
E9Q0S6,train
E9Q137,val
E9Q173,train
E9Q1P8,train
E9Q1U1,test
E9Q236,train
E9Q238,train
E9Q286,train
E9Q2Z1,val
E9Q2Z6,train
E9Q343,val
E9Q349,train
E9Q368,train
E9Q3C1,train
E9Q3E1,val
E9Q3G8,train
E9Q3L2,train
E9Q3S4,val
E9Q3T6,train
E9Q4F2,train
E9Q4S1,train
E9Q5C9,train
E9Q5G3,train
E9Q5G7,val
E9Q5K4,val
E9Q5L8,train
E9Q5M6,val
E9Q5R7,train
E9Q5Z5,test
E9Q649,val
E9Q6D6,test
E9Q6D8,val
E9Q6E9,train
E9Q6I0,test
E9Q6P5,train
E9Q6W4,train
E9Q6X9,val
E9Q6Z5,train
E9Q735,val
E9Q743,val
E9Q784,train
E9Q793,train
E9Q7D5,train
E9Q7E2,train
E9Q7F2,test
E9Q7F5,test
E9Q7G0,train
E9Q7M2,train
E9Q7P9,train
E9Q7R9,train
E9Q7T7,test
E9Q7X6,val
E9Q816,train
E9Q8D0,train
E9Q8G5,val
E9Q8Q6,train
E9Q8Q8,test
E9Q942,train
E9Q9A9,train
E9Q9D5,train
E9Q9F6,train
E9Q9F7,test
E9Q9H8,train
E9Q9K5,val
E9Q9M8,train
E9Q9R3,train
E9Q9U0,val
E9Q9W4,train
E9Q9W7,train
E9QA62,test
E9QAF0,train
E9QAG8,train
E9QBI7,train
E9QCD3,test
E9QDC5,train
E9QEA3,train
E9QG33,train
E9QG68,train
E9QHE3,train
E9QHT9,train
E9QI36,train
E9QIN8,train
E9QJ05,train
E9QJ30,train
E9QJ73,train
E9QJQ6,train
E9QMW4,train
F0JA92,val
F0JAI6,train
F0UZ12,train
F1AWB0,train
F1CIY9,val
F1CIZ6,train
F1CJ67,test
F1CJ80,val
F1DFM9,train
F1DQG5,test
F1LNI5,train
F1LNJ2,train
F1LPQ2,train
F1LQQ7,test
F1LR10,val
F1LTR1,val
F1LV46,val
F1LWT0,train
F1LX07,train
F1LZF0,train
F1M391,test
F1M5F3,train
F1M5M3,train
F1M649,train
F1M707,train
F1M7L9,train
F1M928,val
F1MAB7,train
F1MCY2,train
F1MDB2,train
F1MDL2,val
F1MF21,train
F1MF74,train
F1MGG3,train
F1MH07,test
F1MH24,train
F1MHT9,train
F1MIW6,train
F1MJR8,train
F1MJW3,train
F1MLB4,train
F1MMS9,test
F1MMV1,train
F1MN90,test
F1MQW7,train
F1MRW8,train
F1MT22,test
F1MUG2,train
F1MV99,train
F1MX48,train
F1N206,test
F1N2K1,val
F1N2N9,train
F1N2W9,train
F1N3B8,train
F1N4E5,train
F1N4M2,test
F1N5C8,train
F1N7G5,train
F1N8V3,train
F1N9S8,val
F1N9Y5,train
F1NB38,train
F1NBT0,train
F1NCD6,train
F1ND48,train
F1NEA7,train
F1NHE9,test
F1NJ67,val
F1NLH9,train
F1NNL1,test
F1NPG5,train
F1NPQ2,train
F1NQJ3,train
F1NSM7,test
F1NTD6,train
F1NUK7,test
F1NV61,val
F1NVK6,train
F1NW29,train
F1NWE3,test
F1NXU8,train
F1NZI4,val
F1NZP5,train
F1P065,test
F1P3Y5,train
F1P4W9,train
F1PAA9,train
F1PJP5,val
F1PRN2,test
F1PT61,train
F1PTE3,train
F1PZQ5,train
F1PZV2,train
F1Q4R9,train
F1Q4S1,train
F1Q506,train
F1Q514,train
F1Q575,train
F1Q749,train
F1Q7H8,train
F1Q7Z7,train
F1Q8C3,train
F1Q8J0,train
F1Q8K0,test
F1Q8R9,train
F1Q8W0,train
F1Q930,train
F1QAJ4,test
F1QAM1,train
F1QB30,test
F1QB54,val
F1QB81,train
F1QC17,train
F1QC45,test
F1QCC6,train
F1QCN0,train
F1QCP6,train
F1QCV2,train
F1QCY8,val
F1QDF8,val
F1QDI9,train
F1QEA1,train
F1QEB7,test
F1QEG2,train
F1QF89,train
F1QFR9,train
F1QFS9,train
F1QFU0,val
F1QG30,train
F1QGC8,train
F1QGD2,train
F1QGH6,test
F1QGZ6,train
F1QH17,train
F1QHM7,val
F1QHZ6,train
F1QIC4,train
F1QIK8,train
F1QJF4,test
F1QJX5,val
F1QLG5,test
F1QLP1,train
F1QLR3,train
F1QLY4,train
F1QMB9,train
F1QMV3,train
F1QMY1,test
F1QN48,train
F1QN54,train
F1QN74,train
F1QNV4,train
F1QNW4,train
F1QNX7,train
F1QPC3,val
F1QPR4,train
F1QPX0,train
F1QQA8,train
F1QQC3,train
F1QR43,train
F1QR98,test
F1QRC1,train
F1QRX7,train
F1QSQ0,train
F1QU13,train
F1QUP1,train
F1QVR8,train
F1QVU0,train
F1QW76,train
F1QW93,train
F1QWA8,train
F1QWK4,train
F1QWM2,test
F1QWW8,val
F1QWZ4,train
F1QX91,val
F1QXD3,train
F1QXM5,train
F1QY75,train
F1QYC4,train
F1QYJ6,test
F1QZ15,train
F1QZ88,val
F1QZE9,val
F1R013,train
F1R0H0,train
F1R237,val
F1R2J1,train
F1R2X6,train
F1R332,train
F1R345,val
F1R3W0,train
F1R4C4,train
F1R4U0,train
F1R4Y7,train
F1R520,train
F1R5H6,train
F1R6I3,train
F1R6N4,train
F1R777,train
F1R7R1,test
F1R8P4,test
F1R8Z9,train
F1R983,train
F1RA39,train
F1RAX4,train
F1RAX8,val
F1RB95,train
F1RBC8,train
F1RBN2,train
F1RCE7,train
F1RCP1,train
F1RCR6,val
F1RCY6,train
F1RD85,val
F1RDG9,test
F1RDM5,train
F1RE08,test
F1RE57,train
F1RET2,train
F1REV3,val
F1RKB1,train
F1RKQ4,train
F1RMN2,train
F1RQM2,val
F1RRT2,train
F1RRW5,val
F1S668,val
F1SAM7,val
F1SLM8,train
F1SRY5,train
F1SS88,train
F1SSF9,train
F1T149,train
F1T150,train
F1T151,train
F1T152,train
F1T153,train
F1T154,train
F1T157,train
F2XFS9,train
F2YLA3,test
F2YMG0,train
F2Z333,train
F2Z398,train
F2Z3F1,train
F2Z3T4,val
F2Z3Y9,train
F2Z461,train
F2Z472,train
F2Z4R5,train
F2Z5G5,test
F3Y5P4,test
F3YDF1,train
F4ZGF2,train
F5A6E9,train
F5C0A0,val
F5C3U4,train
F5CPD3,train
F5CPD6,train
F5CPD7,test
F5CPD8,train
F5CPD9,train
F5CPE0,train
F5CPE2,test
F5CPE3,train
F5CPE6,train
F5CPE8,train
F5CPF0,val
F5CPF1,train
F5GTK6,train
F5GUE5,test
F5GYI3,train
F5H4A9,train
F5H4B4,train
F5HK49,val
F5HKX0,train
F5HM55,train
F6JWU7,test
F6K5S6,train
F6K6F3,train
F6KSI8,val
F6KSY1,train
F6NSX9,train
F6NVH9,train
F6NXI9,train
F6P6X0,val
F6PHZ6,train
F6PTN1,train
F6Q1T7,val
F6Q2R9,train
F6QEU4,train
F6QRE9,val
F6QS54,test
F6QXW0,train
F6QZ15,val
F6R2G2,train
F6RCC2,train
F6RIX4,val
F6RJC2,test
F6RRD7,train
F6RWY9,train
F6S215,train
F6S3G9,train
F6S675,val
F6S9E6,train
F6SDF8,train
F6SNN2,train
F6SZT2,val
F6TQD1,train
F6U5F9,train
F6UA42,train
F6UF99,train
F6UH96,val
F6ULY1,test
F6UMY3,train
F6V1J6,test
F6V515,test
F6V6I0,train
F6VSS6,test
F6W3G8,train
F6W8I0,test
F6WXT2,train
F6X2V8,train
F6XLV1,train
F6XZJ7,train
F6Y089,train
F6Y9J3,train
F6YCR7,val
F6YVB9,train
F6Z5C0,train
F6ZFR0,train
F6ZQ54,train
F7A355,train
F7A3P2,train
F7AEX0,val
F7AQ22,val
F7ARS3,val
F7B645,train
F7BHS0,train
F7BJB9,train
F7BK26,train
F7BLM1,train
F7C0L1,train
F7C1E2,train
F7D4X9,train
F7DF15,train
F7DKV7,train
F7DL67,train
F7DP49,train
F7DRV9,train
F7E235,test
F7E540,train
F7E727,train
F7E728,test
F7E7M3,train
F7EA39,train
F7EC58,val
F7EL49,train
F7EMX9,train
F7F3Q2,train
F7FIH8,val
F7FKV1,val
F7FQM7,test
F7IW82,train
F7J184,val
F7J186,train
F7J187,train
F7J188,train
F7J220,train
F7UI86,val
F7VJQ1,val
F7VJQ2,train
F7VJQ3,val
F8J2D2,test
F8J2D3,train
F8J2D7,val
F8J2E1,val
F8J2E2,train
F8J2E5,train
F8J2F2,train
F8J2F3,val
F8J2F5,train
F8J2F6,train
F8J2G3,train
F8J2G5,train
F8QN50,train
F8QN51,train
F8QN53,train
F8QQG5,train
F8RKV9,train
F8RKW2,train
F8RT80,train
F8S0Z7,train
F8S101,val
F8S122,train
F8U830,train
F8UWP3,train
F8VPJ6,test
F8VPK0,train
F8VPQ2,train
F8VPY8,train
F8VPZ5,train
F8VPZ9,train
F8VQ03,train
F8VQB6,test
F8VQN3,train
F8VTS6,train
F8W0I5,train
F8W2C9,train
F8W2M1,train
F8W2M8,train
F8W3R9,train
F8W3X3,val
F8W463,train
F8W4H9,test
F8WCM5,train
F8WFD2,train
F8WK50,test
G0LWV9,train
G0W2H8,train
G0W2H9,val
G0W2I0,train
G0W2I1,train
G1AS74,train
G1AS75,val
G1AS76,train
G1AS77,train
G1AS80,train
G1AS81,train
G1AS82,train
G1AS83,val
G1ESZ9,test
G1FC92,train
G1FE62,train
G1NJB6,test
G1SGR6,train
G1SK22,train
G1SKF7,test
G1SPE9,train
G1SRW8,val
G1STW0,train
G1SV32,test
G1SZ12,train
G1SZD9,train
G1T469,train
G1T7U7,test
G1TGF1,train
G1TR84,train
G1TZ76,train
G1TZA0,train
G2HK15,val
G2XKQ0,train
G3C7W6,train
G3CJR9,val
G3CJS0,train
G3DT18,train
G3ETQ2,train
G3F828,test
G3GXG9,test
G3HIK4,val
G3HKI1,train
G3HQ82,train
G3I8R9,train
G3LH89,train
G3LU44,val
G3M4F8,train
G3MJ83,train
G3MU46,train
G3MWR8,test
G3MY25,test
G3MYZ3,train
G3MZC5,test
G3MZQ6,train
G3MZR2,train
G3N131,test
G3N1S4,train
G3UW36,test
G3UW82,train
G3UW99,val
G3UWD5,train
G3UXB3,train
G3UYQ4,train
G3UYX5,train
G3UZ78,train
G3V0H7,train
G3V211,train
G3V645,val
G3V686,train
G3V7J5,train
G3V7R4,val
G3V7X8,train
G3V893,train
G3V8D4,train
G3V8H4,train
G3V8T1,train
G3V8Y7,train
G3V909,train
G3V9A7,test
G3V9Q9,train
G3V9R3,train
G3V9R8,train
G3V9T7,val
G3X6E2,val
G3X745,test
G3X8R9,train
G3X8U3,train
G3X943,train
G3X987,train
G3X9C2,train
G3X9G7,train
G3X9J0,train
G3X9P6,train
G3X9R7,train
G3X9U1,train
G3X9Z4,train
G3XA59,val
G3XDT7,test
G4RT11,test
G4SDH4,test
G4V4F9,val
G4V4G0,test
G4V4G1,val
G4VGH9,train
G4VJD5,train
G4VJD6,val
G4VQX9,train
G4WAW9,train
G4WMX4,train
G5AY81,train
G5BQH4,train
G5BQH5,train
G5BWH8,val
G5CBM7,train
G5CKU5,train
G5CTF8,train
G5CTF9,train
G5CTG0,test
G5CTG1,val
G5CTG2,test
G5CTG3,train
G5CTG4,val
G5CTG5,train
G5CTG6,test
G5CTG7,train
G5CTG8,train
G5DGA8,train
G5E5X0,train
G5E845,train
G5E861,train
G5E869,train
G5E872,val
G5E8A8,train
G5E8B9,train
G5E8D7,train
G5E8F4,train
G5E8I7,train
G5E8K5,train
G5E8K6,train
G5E8P0,train
G5E8Q8,train
G5E8Z2,train
G5E9R7,val
G5EBF1,train
G5EBH0,train
G5EBH1,val
G5EBI4,train
G5EBK1,val
G5EBL2,train
G5EBL8,val
G5EBM1,train
G5EBM5,train
G5EBN9,train
G5EBQ8,train
G5EBR3,val
G5EBR8,train
G5EBT1,train
G5EBU3,train
G5EBU4,val
G5EBV0,train
G5EBV6,test
G5EBX3,train
G5EBX4,train
G5EBX6,train
G5EBX9,test
G5EBY0,train
G5EBY8,test
G5EBZ4,train
G5EBZ8,train
G5EC21,test
G5EC23,train
G5EC24,test
G5EC32,test
G5EC36,test
G5EC37,val
G5EC44,train
G5EC63,train
G5EC68,val
G5EC77,train
G5EC84,train
G5EC86,train
G5EC89,test
G5ECB1,train
G5ECB2,train
G5ECC7,train
G5ECD6,train
G5ECD9,train
G5ECE8,train
G5ECG0,train
G5ECG2,train
G5ECG7,train
G5ECH5,val
G5ECH7,test
G5ECI1,train
G5ECJ0,train
G5ECJ5,test
G5ECJ6,test
G5ECK3,train
G5ECL2,train
G5ECL4,test
G5ECM9,val
G5ECN5,train
G5ECN9,test
G5ECP4,train
G5ECQ2,train
G5ECQ3,train
G5ECQ8,train
G5ECR8,train
G5ECR9,train
G5ECS8,train
G5ECT0,test
G5ECT8,train
G5ECU1,test
G5ECU7,test
G5ECW5,val
G5ECX0,val
G5ECY0,train
G5ECZ4,train
G5ED00,train
G5ED05,train
G5ED14,test
G5ED29,test
G5ED35,test
G5ED39,train
G5ED41,test
G5ED44,train
G5ED45,train
G5ED46,train
G5ED47,test
G5ED65,train
G5ED66,train
G5ED68,train
G5ED84,test
G5ED89,test
G5EDA5,train
G5EDB2,train
G5EDB8,train
G5EDB9,train
G5EDE1,test
G5EDE2,train
G5EDE5,train
G5EDE9,val
G5EDF0,train
G5EDF7,test
G5EDG2,train
G5EDJ0,train
G5EDJ4,train
G5EDL5,train
G5EDM4,val
G5EDM7,train
G5EDN0,val
G5EDN3,val
G5EDN6,train
G5EDP2,train
G5EDQ2,val
G5EDQ9,train
G5EDR3,train
G5EDR5,train
G5EDS1,test
G5EDT1,train
G5EDT6,train
G5EDU6,val
G5EDW1,test
G5EDW2,train
G5EDW5,val
G5EDW7,train
G5EDX4,train
G5EDY0,val
G5EDZ2,train
G5EDZ9,train
G5EE01,train
G5EE06,train
G5EE07,train
G5EE18,train
G5EE56,train
G5EE72,test
G5EE86,test
G5EE96,train
G5EEA1,train
G5EEB1,train
G5EEC2,train
G5EEC5,train
G5EED4,train
G5EEE1,test
G5EEE5,train
G5EEE9,train
G5EEG1,train
G5EEG7,train
G5EEG9,train
G5EEH5,train
G5EEH9,train
G5EEI4,train
G5EEI8,train
G5EEJ1,train
G5EEK3,train
G5EEK9,train
G5EEL0,train
G5EEL5,test
G5EEM0,train
G5EEM1,train
G5EEM5,train
G5EEM6,train
G5EEM9,val
G5EEN4,train
G5EEN8,test
G5EEP3,test
G5EEQ5,test
G5EEQ9,val
G5EER4,train
G5EES6,train
G5EET5,test
G5EET6,train
G5EEU2,train
G5EEU3,train
G5EEV9,val
G5EEW6,val
G5EEW9,train
G5EEY6,test
G5EF15,val
G5EF33,train
G5EF48,train
G5EF51,val
G5EF53,test
G5EF60,train
G5EF68,train
G5EF76,train
G5EF84,train
G5EF96,val
G5EFA2,train
G5EFC3,test
G5EFD2,val
G5EFD4,test
G5EFD5,val
G5EFD9,train
G5EFE7,train
G5EFF1,train
G5EFF4,train
G5EFF5,train
G5EFF7,train
G5EFH1,train
G5EFH8,train
G5EFI7,train
G5EFI8,val
G5EFJ4,test
G5EFJ9,train
G5EFL0,train
G5EFL9,val
G5EFM9,test
G5EFN6,val
G5EFP5,val
G5EFQ0,train
G5EFQ5,train
G5EFR6,train
G5EFS2,train
G5EFS4,val
G5EFT4,train
G5EFT5,test
G5EFU0,train
G5EFV3,train
G5EFV5,train
G5EFV8,train
G5EFW7,val
G5EFX6,val
G5EFY4,train
G5EFY5,train
G5EFY7,val
G5EFZ1,train
G5EFZ3,test
G5EG11,test
G5EG14,val
G5EG17,train
G5EG38,train
G5EG44,train
G5EG51,train
G5EG59,train
G5EG61,train
G5EG78,train
G5EG86,train
G5EG88,test
G5EGA3,train
G5EGA5,train
G5EGA6,test
G5EGA9,train
G5EGB2,train
G5EGC3,train
G5EGC4,train
G5EGC9,train
G5EGD2,train
G5EGE9,train
G5EGF4,train
G5EGF8,train
G5EGH6,test
G5EGH7,train
G5EGI7,train
G5EGJ5,train
G5EGJ9,test
G5EGK5,val
G5EGK8,train
G5EGL9,train
G5EGM1,train
G5EGM3,train
G5EGN2,train
G5EGN3,val
G5EGN8,train
G5EGP4,train
G5EGP8,train
G5EGQ2,train
G5EGQ3,train
G5EGQ5,val
G5EGS3,train
G5EGS5,val
G5EGS7,val
G5EGT9,val
G5EGU2,train
G5EGU9,train
G7NY55,val
G7NYP9,train
G7PWZ3,val
G8F204,test
G8HTB6,train
G8JYB2,train
G8JYC6,train
G8XQX1,test
G8XYX6,test
G9BWP3,train
G9CGD6,val
G9G127,train
G9I929,train
G9I930,train
G9JJU2,train
G9M8X1,train
H0UI37,train
H0UZ81,val
H0VCJ6,val
H0VDZ8,test
H0WFA5,test
H0YL14,train
H0ZAB5,train
H1AFJ5,train
H1AFJ6,train
H1AFJ7,train
H1UBK1,test
H1UBN0,train
H1ZZH7,train
H1ZZH9,train
H1ZZI1,train
H1ZZI2,test
H1ZZI3,test
H1ZZI4,train
H1ZZI5,train
H1ZZI6,train
H1ZZI7,train
H1ZZI8,val
H1ZZI9,train
H2A0K6,val
H2A0K7,train
H2A0K8,train
H2A0K9,train
H2A0L0,test
H2A0L2,train
H2A0L4,train
H2A0L7,train
H2A0L8,train
H2A0M0,train
H2A0M1,val
H2A0M2,train
H2A0M3,train
H2A0M4,train
H2A0M5,test
H2A0M6,train
H2A0M7,train
H2A0M8,train
H2A0M9,train
H2A0N0,train
H2A0N1,val
H2A0N2,train
H2A0N3,val
H2A0N4,val
H2A0N6,val
H2A0N7,train
H2A0N8,val
H2A0N9,train
H2A0P0,train
H2A0P1,train
H2A0P2,test
H2A0P3,train
H2B3G5,train
H2BK78,train
H2BKJ0,train
H2BKS9,train
H2CYP1,train
H2CYR5,val
H2EQR6,train
H2ER22,train
H2ER23,test
H2ETQ6,train
H2FH31,train
H2FLJ1,train
H2KY84,train
H2KY86,train
H2KY91,train
H2KYE0,train
H2KYH4,test
H2KYJ8,val
H2KYP0,val
H2KYQ5,test
H2KYS3,train
H2KYS8,test
H2KYW5,train
H2KYZ5,train
H2KZ49,train
H2KZ60,val
H2KZ72,val
H2KZ86,train
H2KZB2,train
H2KZH5,train
H2KZK4,train
H2KZM6,train
H2KZM9,test
H2KZU7,val
H2KZW3,val
H2KZZ2,train
H2KZZ6,train
H2L002,train
H2L006,train
H2L008,test
H2L045,val
H2L056,train
H2L099,train
H2L0G5,train
H2L0H3,train
H2L0H5,train
H2L0N3,train
H2L0N8,val
H2L0Q3,train
H2L2B8,train
H2LBU8,train
H2LID1,test
H2LNR5,train
H2LP95,val
H2LRU7,train
H2M146,train
H2MCM1,train
H2MTR9,val
H2N0D4,train
H2N2P1,train
H2N4I1,train
H2QAR5,test
H3BCW1,train
H3BJG9,train
H3BKT1,train
H3BMG3,train
H3BNL1,train
H3BNL8,train
H3BPM6,train
H3BQB6,train
H3BQJ8,train
H3BQW9,test
H3BR10,train
H3BRN8,test
H3BS89,val
H3BTG2,train
H3BU77,train
H3BV60,test
H6AGY0,train
H6BDU4,train
H6D7E6,test
H6VC05,train
H6VC06,train
H7BZ55,train
H7C241,train
H7C350,train
H8Y1U0,train
H9BFW7,train
H9D1R1,train
H9FNA4,val
H9G301,train
H9GBX2,val
H9IUR0,train
H9IWW7,train
H9J9M0,test
H9JAQ7,test
H9JBU5,test
H9JD76,train
H9JDT2,test
H9JIQ1,train
H9JTG9,train
H9JU86,test
H9JW43,train
H9JW44,train
H9TB17,train
H9TB18,train
H9TB19,train
I0CME7,train
I0DEB3,val
I0DEB4,train
I0DEB6,train
I0IUP3,train
I0IUP4,train
I0J062,train
I0J1J1,train
I1FQB6,train
I1SB07,train
I1VC85,train
I1VZH0,train
I1YAP6,train
I2C090,val
I2DDG2,train
I2G9B4,train
I2HAA0,train
I3J7Q8,train
I3L0S3,train
I3L1E1,val
I3L273,train
I3L3R5,train
I3LGZ3,val
I3LHK5,train
I3LHS8,train
I3LM39,train
I3LMB3,val
I4CHP3,test
I4DJ24,val
I6L899,val
I6M4H4,train
I6PG79,train
I6R1R5,train
I6R1R7,train
I6R1S1,test
I6RA71,train
I6RA73,test
I6RA76,test
I6RU32,train
I6RU37,train
I6RU51,train
I6S394,train
I6S3A0,test
I6S3A9,train
I6S7G5,test
I6S7G9,train
I6S7H3,train
I6S7H5,train
I6S7I0,train
I6V1W0,train
I6VSD2,train
I7C2V3,train
I7GQA7,train
I7HJS4,train
I7ICN3,train
I7JUQ0,train
J3KML8,train
J3KSC0,train
J3QK54,test
J3QM76,train
J3QMI4,val
J3QMK6,train
J3QMY9,train
J3QNX5,train
J3QPC3,train
J3QPP8,val
J3QPZ5,train
J3RY43,val
J3RYA3,train
J3RYX9,train
J3RZ81,train
J3S3U6,train
J3S3W5,train
J3S6Y1,train
J3S820,val
J3S829,train
J3S830,test
J3S832,train
J3S835,train
J3S836,train
J3S9D9,val
J3SBP0,test
J3SBQ3,test
J3SDW9,train
J3SDX0,train
J3SDX8,train
J3SE80,train
J7FCF0,train
J7FQE8,val
J7H8J4,train
J7HCX7,train
J7JU64,train
J7M3T1,val
J7M799,train
J7MAN2,train
J7MDG6,test
J7MFT5,train
J9HGJ1,train
J9Z332,train
K0P7H2,train
K7EIQ3,test
K7EJ46,test
K7FQW8,test
K7FSQ4,train
K7GET2,train
K7IM66,test
K7N5K9,train
K7N5M5,train
K7N5M6,train
K7N6K2,train
K7NA32,train
K7NTD0,train
K7SGN7,train
K7WMX6,val
K7WRE1,train
K7XFK5,train
K7ZGS2,val
K8ERR8,train
K8ERU3,train
K8ESC5,train
K8FE10,train
K9IMD0,train
K9J977,train
K9JA28,train
K9JHZ4,val
K9M1U5,train
K9MCX0,train
K9N4Q4,train
K9USW8,val
L0G8Z0,val
L0G8Z2,train
L0GAZ8,test
L0GB04,train
L0GBQ6,train
L0GBR1,train
L0GCI6,val
L0GCJ1,train
L0GCJ6,train
L0GCV8,val
L0GCW2,train
L0GCW8,test
L0L3V3,train
L0N7N1,train
L0P323,train
L0P329,train
L0P402,train
L0PIN3,train
L0R6Q1,train
L0R819,test
L0R8F8,train
L5KLU7,train
L7M8Z8,train
L7MB58,train
L7MC74,test
L7N1X6,train
L7N6F8,train
L7UZ85,train
L7VG99,train
L7VIN3,train
L7WGA7,train
L7X735,train
L7X8P2,test
L7YAI7,train
L8E946,val
M0QWB7,test
M0QZC1,train
M0R2J8,train
M0R3K6,test
M0R3Q7,train
M0R4F8,train
M0R6D8,val
M0R7T9,test
M0R7Z9,train
M0R8L2,train
M0RAU5,train
M0RC99,test
M0RD54,train
M0RDU0,train
M1E1F0,train
M1E1F1,train
M1GL27,train
M1INJ1,val
M1J7U4,val
M1JB54,train
M1JBC0,train
M1JMQ7,train
M1MR49,train
M1NKV5,train
M1NRH7,test
M1P048,train
M1RIR6,train
M3TYT0,train
M3WHG5,train
M3XFH7,val
M3XQV7,train
M3XWH1,train
M4GX67,train
M5A7P9,val
M5A8F1,train
M5B4R7,train
M5BGS2,train
M9MRD5,train
M9MRI4,train
M9MS50,test
M9NE38,train
M9P2C1,val
M9PBE2,val
M9PD06,train
M9PE65,train
M9PF61,train
M9PFN0,train
M9PH32,train
M9PQ91,test
M9RZ95,val
N0EAL3,train
N1NVB7,train
O00110,train
O00115,train
O00124,test
O00154,train
O00155,train
O00160,train
O00161,train
O00165,val
O00175,train
O00180,train
O00182,train
O00187,train
O00198,train
O00204,train
O00206,test
O00212,train
O00214,val
O00217,val
O00219,test
O00220,train
O00221,train
O00230,test
O00231,train
O00232,train
O00233,test
O00238,train
O00241,val
O00244,train
O00253,test
O00254,train
O00255,val
O00257,train
O00258,train
O00268,train
O00270,train
O00273,val
O00287,test
O00291,train
O00294,test
O00295,train
O00299,train
O00300,train
O00305,train
O00311,train
O00321,train
O00330,test
O00337,val
O00338,train
O00339,train
O00358,train
O00370,train
O00398,train
O00399,train
O00400,train
O00408,train
O00411,train
O00422,test
O00442,train
O00443,train
O00451,train
O00453,val
O00461,test
O00462,val
O00463,train
O00468,train
O00470,train
O00476,train
O00478,train
O00481,train
O00483,train
O00515,train
O00519,test
O00533,train
O00534,train
O00548,train
O00560,train
O00566,train
O00567,train
O00570,train
O00584,train
O00590,train
O00592,train
O00602,train
O00624,test
O00626,train
O00631,val
O00634,val
O00635,train
O00746,train
O00748,train
O00750,train
O00755,train
O00764,train
O00767,train
O01159,train
O01258,val
O01305,val
O01323,train
O01326,test
O01346,train
O01352,train
O01358,val
O01359,val
O01367,train
O01369,train
O01374,train
O01377,test
O01382,train
O01391,test
O01393,train
O01395,train
O01404,train
O01409,train
O01422,train
O01427,train
O01454,train
O01477,train
O01479,train
O01498,train
O01501,val
O01503,val
O01504,train
O01509,test
O01513,train
O01514,train
O01519,val
O01530,val
O01538,train
O01541,train
O01578,train
O01583,val
O01592,train
O01608,test
O01609,train
O01615,test
O01634,val
O01635,train
O01639,train
O01658,train
O01666,train
O01668,train
O01670,train
O01671,train
O01683,train
O01692,val
O01700,train
O01704,train
O01705,val
O01725,val
O01727,train
O01735,train
O01737,train
O01738,train
O01739,val
O01757,train
O01763,train
O01775,train
O01789,train
O01798,train
O01802,train
O01803,train
O01805,val
O01811,train
O01812,train
O01814,train
O01822,val
O01824,train
O01833,train
O01835,train
O01836,train
O01839,train
O01840,train
O01868,train
O01884,train
O01887,val
O01901,val
O01914,train
O01916,train
O01925,train
O01929,train
O01930,train
O01931,train
O01939,train
O01949,train
O01965,train
O01971,train
O01974,train
O01975,train
O01991,train
O02002,val
O02008,train
O02019,train
O02033,train
O02036,train
O02039,test
O02042,train
O02051,test
O02056,train
O02058,val
O02073,train
O02100,train
O02101,train
O02108,val
O02115,train
O02119,test
O02151,train
O02161,train
O02164,train
O02173,test
O02192,val
O02193,val
O02194,test
O02197,train
O02213,test
O02217,train
O02218,train
O02219,train
O02228,train
O02235,train
O02241,train
O02274,val
O02275,test
O02279,test
O02298,train
O02300,val
O02305,train
O02316,train
O02323,train
O02324,train
O02326,test
O02327,train
O02328,train
O02334,train
O02350,train
O02351,train
O02365,train
O02372,train
O02373,test
O02380,train
O02387,test
O02388,train
O02414,train
O02443,train
O02464,train
O02465,train
O02466,train
O02482,train
O02485,train
O02491,train
O02621,test
O02623,test
O02626,train
O02639,train
O02640,train
O02649,test
O02654,val
O02655,train
O02659,train
O02665,train
O02666,test
O02667,train
O02668,train
O02671,train
O02686,test
O02696,train
O02703,test
O02713,train
O02721,train
O02722,test
O02732,train
O02733,test
O02734,train
O02739,val
O02740,train
O02741,train
O02747,train
O02751,train
O02754,val
O02757,val
O02765,train
O02766,val
O02767,train
O02768,train
O02771,train
O02773,train
O02775,train
O02777,train
O02785,val
O02789,val
O02791,train
O02799,train
O02812,train
O02824,val
O02826,train
O02828,val
O02833,train
O02837,train
O02839,test
O02840,train
O02849,train
O02858,test
O03166,train
O03168,train
O03169,train
O03170,train
O03171,val
O03172,train
O03173,train
O03174,val
O03175,train
O03176,val
O03199,test
O03202,train
O03206,train
O03538,train
O03553,train
O03847,val
O03848,train
O08520,test
O08523,val
O08529,train
O08540,val
O08542,train
O08543,test
O08545,test
O08546,train
O08547,test
O08553,val
O08557,train
O08564,train
O08565,test
O08569,val
O08573,test
O08574,val
O08575,train
O08579,train
O08580,val
O08583,test
O08584,train
O08586,train
O08590,train
O08597,train
O08599,test
O08600,test
O08601,train
O08604,train
O08619,train
O08628,train
O08632,test
O08633,test
O08640,train
O08648,val
O08651,val
O08658,train
O08672,train
O08674,train
O08675,train
O08677,train
O08678,train
O08679,train
O08684,train
O08686,train
O08692,train
O08699,train
O08701,train
O08707,test
O08727,train
O08734,train
O08736,train
O08738,train
O08742,train
O08746,test
O08759,train
O08762,train
O08770,test
O08773,test
O08781,train
O08782,val
O08784,train
O08790,train
O08795,train
O08800,train
O08808,test
O08811,train
O08815,train
O08837,train
O08838,test
O08839,train
O08841,train
O08843,train
O08848,train
O08849,val
O08856,train
O08858,train
O08859,test
O08863,train
O08875,train
O08884,train
O08888,train
O08892,train
O08893,train
O08900,test
O08901,train
O08911,train
O08915,val
O08917,train
O08918,train
O08919,train
O08957,val
O08961,train
O08967,test
O08969,train
O08970,train
O08976,test
O08983,train
O08984,train
O08987,train
O08999,test
O09000,train
O09005,test
O09008,train
O09009,train
O09014,test
O09015,train
O09027,train
O09028,val
O09029,train
O09030,test
O09032,test
O09037,train
O09039,train
O09043,train
O09046,train
O09047,train
O09049,train
O09053,train
O09101,train
O09102,train
O09105,test
O09107,train
O09111,test
O09112,train
O09114,train
O09116,train
O09117,test
O09118,train
O09126,test
O09130,train
O09131,train
O09133,train
O09159,train
O09164,train
O09167,train
O09171,train
O09174,test
O09178,val
O09185,train
O09209,train
O09210,train
O09232,train
O12940,val
O12946,train
O12947,val
O12948,val
O12956,train
O12961,val
O12962,val
O12971,train
O12972,train
O12976,train
O12977,train
O12980,train
O12985,train
O12990,train
O13001,train
O13008,test
O13009,train
O13010,test
O13012,train
O13016,train
O13018,test
O13023,train
O13024,train
O13033,train
O13034,test
O13035,train
O13046,train
O13048,train
O13055,train
O13058,test
O13060,train
O13061,train
O13062,train
O13063,train
O13065,train
O13066,test
O13067,train
O13069,val
O13074,train
O13076,val
O13082,train
O13085,train
O13089,val
O13097,train
O13113,test
O13124,test
O13126,train
O13127,train
O13134,train
O13146,train
O13154,train
O13156,test
O13157,train
O13163,train
O13164,train
O13166,test
O13224,train
O13227,train
O13262,train
O13268,train
O14490,train
O14492,train
O14494,train
O14513,train
O14522,train
O14525,test
O14526,train
O14529,train
O14543,train
O14556,train
O14559,train
O14561,train
O14562,val
O14576,train
O14578,train
O14579,train
O14581,train
O14593,val
O14594,train
O14598,train
O14599,train
O14603,train
O14607,train
O14609,val
O14610,test
O14613,test
O14617,test
O14618,test
O14625,train
O14627,train
O14628,train
O14639,train
O14645,test
O14646,test
O14649,val
O14654,train
O14657,train
O14662,val
O14668,test
O14669,train
O14678,train
O14681,train
O14709,train
O14713,val
O14717,train
O14718,train
O14727,val
O14732,val
O14734,val
O14737,train
O14746,train
O14756,train
O14763,train
O14771,train
O14772,train
O14776,train
O14782,train
O14788,test
O14791,train
O14792,val
O14795,train
O14796,train
O14798,val
O14810,train
O14813,train
O14815,train
O14817,train
O14829,val
O14830,train
O14832,train
O14836,test
O14862,test
O14867,train
O14880,train
O14894,train
O14901,train
O14905,val
O14910,val
O14917,train
O14920,train
O14921,train
O14924,train
O14933,val
O14944,train
O14948,train
O14957,train
O14958,val
O14960,train
O14964,val
O14965,train
O14967,train
O14975,train
O14976,test
O14977,train
O14978,val
O14979,test
O14981,val
O14990,train
O15013,train
O15014,train
O15015,train
O15016,train
O15031,train
O15034,train
O15037,train
O15040,train
O15047,train
O15055,test
O15056,train
O15060,train
O15061,test
O15063,val
O15067,train
O15068,train
O15069,train
O15072,train
O15075,train
O15085,train
O15090,test
O15116,train
O15117,train
O15118,val
O15120,train
O15126,train
O15127,val
O15130,val
O15143,test
O15144,train
O15145,train
O15151,val
O15156,train
O15160,train
O15162,train
O15164,val
O15169,train
O15172,train
O15173,train
O15195,train
O15198,train
O15204,train
O15205,train
O15209,train
O15212,train
O15213,train
O15218,val
O15225,val
O15229,train
O15231,train
O15232,train
O15235,val
O15240,train
O15243,train
O15245,train
O15255,train
O15258,train
O15259,val
O15260,test
O15263,val
O15265,test
O15266,train
O15287,train
O15294,train
O15296,val
O15297,train
O15304,train
O15305,train
O15315,train
O15318,test
O15342,val
O15344,train
O15347,train
O15350,val
O15353,train
O15354,train
O15360,val
O15371,test
O15374,train
O15375,test
O15379,val
O15381,train
O15389,train
O15391,train
O15393,train
O15400,train
O15403,train
O15427,train
O15428,train
O15432,test
O15438,train
O15442,train
O15444,test
O15446,train
O15455,train
O15457,val
O15467,train
O15479,test
O15480,train
O15481,train
O15482,val
O15488,val
O15492,test
O15496,train
O15499,train
O15503,train
O15511,train
O15514,train
O15522,train
O15524,train
O15525,train
O15527,val
O15528,val
O15529,train
O15530,train
O15535,train
O15544,train
O15547,test
O15551,train
O15552,test
O15553,test
O15554,val
O15945,train
O15946,train
O15973,train
O15974,train
O15975,train
O15978,train
O15981,train
O15982,val
O15989,train
O15990,test
O15991,val
O15992,train
O15995,train
O16000,train
O16005,train
O16011,val
O16023,train
O16025,test
O16053,train
O16098,test
O16099,test
O16102,train
O16115,train
O16116,train
O16118,train
O16119,train
O16129,train
O16130,test
O16136,train
O16137,train
O16140,test
O16168,train
O16171,train
O16172,val
O16202,test
O16207,train
O16216,train
O16224,test
O16228,test
O16242,test
O16259,train
O16262,test
O16264,train
O16277,test
O16294,train
O16299,train
O16327,test
O16354,train
O16359,train
O16360,train
O16361,train
O16368,train
O16374,val
O16391,train
O16406,train
O16425,test
O16444,train
O16452,val
O16466,train
O16519,test
O16520,val
O16544,train
O16580,train
O16581,train
O16616,train
O16658,train
O16662,train
O16686,val
O16785,train
O16796,train
O16797,train
O16805,train
O16810,train
O16811,train
O16812,train
O16844,train
O16845,train
O16846,test
O16850,train
O16852,val
O16867,train
O16868,train
O16881,train
O16883,train
O16887,train
O16925,train
O16926,test
O16927,test
O16956,train
O16962,train
O16963,train
O16966,train
O16974,train
O16975,train
O16977,train
O16991,train
O16999,train
O17025,train
O17040,train
O17071,train
O17072,test
O17082,train
O17087,train
O17185,train
O17204,val
O17212,train
O17213,train
O17214,val
O17239,train
O17240,train
O17264,train
O17271,train
O17286,train
O17287,train
O17319,val
O17323,train
O17386,train
O17389,train
O17397,train
O17403,train
O17405,test
O17433,train
O17444,train
O17445,train
O17446,val
O17450,train
O17453,train
O17468,train
O17473,val
O17482,train
O17486,val
O17488,train
O17513,train
O17514,test
O17528,train
O17536,train
O17554,test
O17570,val
O17573,train
O17580,train
O17581,train
O17582,train
O17583,train
O17586,train
O17606,train
O17607,train
O17608,train
O17611,train
O17617,train
O17622,train
O17624,train
O17645,val
O17657,train
O17670,train
O17679,val
O17680,test
O17683,val
O17695,train
O17699,train
O17706,train
O17730,train
O17731,train
O17732,train
O17736,test
O17748,val
O17754,train
O17795,train
O17798,train
O17800,train
O17811,val
O17816,train
O17818,train
O17819,train
O17820,train
O17821,train
O17822,val
O17823,train
O17828,train
O17842,train
O17844,train
O17846,test
O17847,test
O17850,test
O17861,train
O17862,train
O17883,train
O17894,train
O17898,train
O17899,test
O17901,train
O17907,train
O17917,train
O17927,val
O17928,train
O17930,test
O17931,train
O17933,val
O17934,train
O17953,test
O17956,train
O17966,train
O17972,val
O18016,val
O18017,train
O18023,val
O18037,val
O18048,train
O18054,val
O18086,train
O18087,train
O18141,train
O18158,val
O18175,train
O18178,train
O18191,val
O18195,train
O18209,train
O18211,train
O18214,val
O18216,val
O18229,test
O18276,train
O18280,train
O18282,val
O18303,train
O18304,train
O18330,train
O18333,train
O18334,test
O18344,train
O18373,train
O18381,val
O18388,val
O18391,val
O18400,val
O18404,train
O18405,train
O18408,train
O18412,train
O18423,train
O18424,train
O18425,test
O18473,train
O18475,train
O18477,test
O18480,val
O18492,train
O18494,val
O18496,train
O18497,train
O18498,train
O18518,train
O18531,train
O18552,test
O18596,val
O18598,train
O18601,train
O18635,train
O18638,val
O18640,train
O18650,train
O18689,test
O18690,train
O18696,test
O18728,train
O18733,train
O18737,train
O18740,val
O18747,train
O18754,train
O18756,val
O18759,test
O18765,train
O18766,train
O18778,val
O18783,train
O18793,train
O18794,test
O18796,train
O18805,train
O18809,train
O18811,train
O18821,train
O18823,train
O18824,val
O18835,train
O18870,train
O18873,train
O18874,val
O18879,train
O18883,train
O18924,train
O18937,train
O18956,train
O18963,train
O18979,test
O18994,train
O18998,test
O18999,val
O19002,train
O19010,train
O19011,train
O19038,train
O19039,train
O19045,train
O19062,val
O19063,train
O19069,train
O19071,train
O19073,train
O19085,train
O19093,train
O19094,train
O19097,val
O19104,test
O19105,val
O19110,train
O19111,test
O19131,train
O19179,train
O19477,test
O20612,train
O20964,train
O21001,train
O21004,train
O21077,train
O21078,train
O21079,train
O21326,train
O21329,test
O21330,val
O21332,train
O21333,val
O21334,train
O21335,train
O21336,test
O21337,val
O21397,train
O21398,train
O21401,train
O21402,train
O21405,test
O21406,train
O21407,val
O21408,train
O21409,train
O21513,val
O21514,val
O21517,train
O21519,test
O21535,test
O21540,test
O21543,test
O21546,train
O21549,train
O21554,val
O21558,train
O21560,test
O21566,train
O21567,test
O21569,train
O21572,train
O21578,test
O21581,val
O21584,val
O21587,train
O21590,train
O21592,train
O21595,train
O21601,train
O21604,train
O21607,train
O21616,train
O21619,val
O21787,test
O21798,train
O21807,val
O35048,val
O35052,train
O35054,train
O35086,train
O35089,train
O35090,train
O35095,test
O35098,train
O35099,train
O35111,train
O35118,val
O35125,test
O35129,train
O35130,train
O35132,train
O35136,train
O35141,train
O35143,train
O35144,train
O35152,train
O35160,train
O35165,val
O35174,train
O35177,train
O35181,test
O35182,val
O35188,train
O35205,train
O35206,train
O35214,test
O35215,train
O35216,train
O35217,train
O35226,train
O35228,train
O35231,train
O35235,test
O35251,train
O35256,train
O35257,test
O35261,train
O35263,train
O35264,val
O35276,train
O35290,train
O35291,val
O35292,val
O35293,train
O35296,test
O35298,test
O35303,train
O35305,train
O35309,val
O35314,train
O35324,train
O35343,train
O35344,test
O35347,train
O35348,train
O35367,val
O35368,test
O35379,val
O35385,train
O35386,val
O35392,val
O35400,val
O35403,train
O35417,test
O35433,val
O35440,train
O35445,train
O35449,train
O35450,train
O35451,test
O35457,train
O35458,val
O35459,train
O35465,train
O35492,test
O35497,val
O35501,train
O35507,test
O35521,train
O35532,test
O35536,train
O35548,train
O35567,train
O35587,train
O35593,train
O35599,val
O35601,train
O35604,test
O35608,train
O35609,val
O35613,train
O35615,train
O35618,train
O35622,val
O35623,val
O35639,val
O35643,train
O35646,train
O35648,train
O35655,train
O35657,val
O35658,val
O35659,test
O35660,train
O35664,train
O35668,train
O35674,train
O35679,train
O35680,test
O35681,train
O35683,train
O35696,train
O35701,train
O35709,val
O35711,val
O35714,train
O35719,val
O35723,train
O35728,train
O35730,train
O35732,test
O35734,test
O35735,train
O35736,train
O35740,train
O35744,train
O35774,train
O35775,train
O35778,train
O35780,train
O35783,train
O35787,test
O35793,train
O35799,train
O35806,train
O35814,train
O35817,train
O35820,train
O35821,train
O35826,train
O35828,val
O35831,val
O35855,test
O35857,train
O35864,train
O35867,train
O35870,val
O35874,test
O35881,train
O35885,test
O35893,train
O35900,train
O35902,train
O35903,val
O35904,val
O35906,test
O35912,train
O35913,train
O35914,train
O35921,train
O35929,train
O35930,train
O35932,val
O35936,train
O35942,test
O35943,train
O35949,train
O35961,val
O35964,train
O35975,train
O35980,test
O35982,train
O35985,train
O35987,test
O35988,train
O36006,train
O41515,train
O42091,train
O42097,train
O42099,train
O42101,val
O42106,train
O42115,train
O42122,test
O42123,train
O42127,val
O42130,train
O42131,train
O42138,train
O42144,train
O42145,train
O42146,train
O42148,train
O42152,train
O42153,train
O42163,train
O42173,test
O42175,test
O42179,train
O42182,test
O42184,train
O42188,train
O42190,train
O42191,train
O42196,val
O42197,train
O42201,train
O42202,test
O42204,train
O42222,train
O42230,train
O42237,train
O42241,test
O42242,test
O42254,train
O42257,train
O42260,train
O42265,train
O42266,val
O42273,train
O42275,train
O42277,train
O42280,train
O42281,test
O42282,val
O42287,train
O42290,train
O42305,val
O42329,train
O42350,train
O42354,train
O42356,val
O42357,test
O42358,train
O42363,val
O42364,train
O42365,train
O42366,val
O42367,train
O42368,train
O42370,train
O42376,train
O42384,train
O42385,val
O42386,test
O42393,train
O42400,train
O42401,train
O42406,train
O42409,train
O42410,train
O42413,val
O42414,val
O42422,test
O42446,test
O42449,val
O42469,val
O42470,test
O42471,test
O42477,test
O42479,val
O42490,train
O42493,val
O42494,train
O42499,train
O42502,train
O42503,test
O42504,train
O42506,train
O42563,train
O42565,train
O42574,train
O42579,test
O42582,test
O42583,train
O42584,test
O42596,train
O42601,val
O42602,train
O42603,train
O42604,val
O42606,train
O42611,train
O43151,val
O43156,train
O43157,train
O43159,val
O43167,train
O43173,train
O43181,train
O43182,train
O43184,train
O43186,train
O43193,val
O43194,val
O43196,train
O43236,train
O43237,train
O43240,train
O43246,train
O43247,train
O43251,val
O43257,val
O43261,val
O43272,train
O43278,train
O43280,train
O43281,train
O43290,train
O43291,train
O43293,train
O43296,train
O43299,train
O43303,train
O43304,train
O43310,train
O43312,train
O43313,val
O43314,train
O43315,train
O43316,train
O43318,val
O43320,train
O43325,train
O43345,train
O43353,train
O43361,train
O43364,train
O43379,test
O43390,train
O43395,train
O43405,test
O43423,test
O43424,test
O43426,train
O43427,val
O43432,val
O43435,test
O43463,train
O43464,train
O43474,train
O43482,train
O43488,train
O43490,test
O43491,val
O43493,test
O43502,train
O43504,train
O43505,train
O43506,train
O43508,val
O43511,test
O43513,val
O43516,test
O43520,test
O43521,train
O43529,test
O43542,val
O43543,train
O43548,train
O43555,test
O43556,test
O43557,train
O43559,train
O43561,train
O43566,train
O43570,val
O43572,train
O43583,test
O43586,test
O43593,train
O43598,test
O43603,train
O43615,train
O43617,test
O43623,train
O43638,train
O43653,train
O43657,train
O43663,train
O43670,train
O43674,train
O43676,train
O43677,val
O43683,val
O43684,test
O43687,train
O43688,test
O43699,train
O43704,train
O43708,train
O43709,test
O43716,val
O43734,train
O43745,test
O43747,val
O43749,train
O43759,test
O43768,train
O43772,train
O43776,train
O43791,train
O43809,train
O43812,train
O43813,train
O43815,test
O43819,train
O43822,train
O43823,val
O43824,train
O43825,train
O43826,train
O43837,train
O43847,train
O43852,train
O43865,train
O43866,train
O43868,val
O43869,train
O43889,test
O43895,train
O43897,train
O43900,train
O43903,train
O43915,val
O43918,train
O43924,train
O43927,train
O43929,test
O43930,train
O43933,test
O44074,val
O44081,val
O44125,train
O44126,train
O44156,train
O44169,train
O44185,train
O44186,train
O44199,train
O44218,train
O44219,val
O44220,test
O44221,train
O44248,test
O44249,test
O44252,train
O44314,train
O44326,train
O44342,train
O44386,test
O44390,val
O44400,train
O44406,test
O44408,train
O44410,train
O44411,train
O44424,train
O44437,test
O44440,train
O44441,train
O44443,train
O44445,val
O44451,train
O44476,train
O44477,train
O44480,train
O44498,test
O44502,val
O44510,train
O44514,train
O44516,train
O44518,train
O44548,train
O44552,train
O44568,val
O44572,train
O44616,test
O44628,train
O44662,train
O44663,val
O44665,train
O44712,test
O44730,train
O44739,train
O44740,train
O44743,test
O44749,train
O44750,train
O44757,train
O44770,train
O44783,train
O44786,test
O44827,train
O44836,train
O44857,test
O44952,train
O44953,val
O44959,train
O44960,train
O44989,val
O44997,train
O45035,train
O45040,val
O45100,train
O45102,test
O45150,train
O45166,train
O45168,test
O45181,train
O45201,train
O45218,val
O45228,train
O45241,train
O45244,train
O45291,train
O45293,test
O45300,train
O45306,test
O45307,train
O45319,train
O45346,train
O45348,train
O45363,train
O45364,val
O45365,train
O45379,train
O45380,train
O45405,train
O45406,test
O45420,test
O45433,test
O45435,train
O45436,train
O45449,val
O45460,test
O45487,train
O45489,train
O45495,train
O45499,train
O45503,train
O45521,train
O45523,train
O45524,train
O45526,train
O45539,val
O45551,val
O45595,train
O45599,train
O45657,test
O45666,train
O45679,val
O45685,train
O45686,train
O45687,val
O45700,train
O45717,train
O45731,train
O45734,train
O45766,train
O45767,train
O45782,train
O45784,train
O45797,train
O45813,train
O45818,val
O45824,train
O45830,train
O45870,train
O45876,train
O45879,train
O45903,test
O45907,test
O45923,val
O45924,test
O45933,val
O45935,train
O45944,train
O45952,train
O45962,val
O46028,train
O46036,val
O46037,train
O46040,train
O46043,train
O46051,train
O46054,test
O46072,train
O46077,val
O46080,val
O46084,train
O46089,train
O46098,train
O46101,train
O46102,train
O46106,train
O46107,train
O46108,train
O46119,train
O46157,train
O46160,train
O46162,train
O46163,test
O46168,train
O46197,train
O46199,train
O46200,test
O46201,test
O46202,train
O46203,test
O46227,train
O46339,val
O46341,train
O46372,train
O46373,test
O46385,train
O46406,test
O46409,train
O46419,test
O46421,val
O46427,train
O46432,val
O46491,train
O46502,train
O46503,train
O46510,train
O46512,train
O46515,val
O46516,test
O46530,train
O46540,train
O46541,train
O46547,train
O46550,val
O46559,test
O46560,train
O46563,test
O46567,test
O46598,test
O46600,train
O46606,train
O46607,train
O46612,train
O46613,test
O46631,train
O46633,test
O46635,test
O46640,train
O46642,val
O46649,train
O46650,train
O46655,train
O46658,test
O46669,train
O46675,train
O46683,val
O46685,train
O46689,train
O47427,train
O47428,val
O47475,train
O47476,train
O47477,train
O47478,train
O47479,train
O47488,test
O47491,test
O47492,train
O47493,train
O47494,train
O47495,train
O47496,train
O47497,train
O47498,test
O47499,test
O47815,train
O47868,train
O47870,train
O47871,val
O47872,train
O47874,train
O47885,val
O47890,val
O47993,test
O48009,train
O48010,val
O48014,test
O48023,train
O48027,train
O48043,val
O48067,train
O48076,train
O48087,train
O48089,train
O48094,val
O48100,train
O48358,train
O54689,train
O54698,train
O54705,train
O54707,train
O54709,train
O54713,train
O54714,train
O54728,test
O54732,test
O54735,train
O54749,train
O54753,train
O54757,train
O54759,train
O54761,train
O54762,train
O54763,train
O54766,test
O54767,train
O54774,val
O54781,train
O54782,train
O54783,train
O54786,train
O54788,train
O54792,val
O54794,train
O54800,train
O54818,train
O54819,val
O54820,train
O54824,train
O54826,test
O54827,train
O54830,train
O54831,train
O54833,test
O54834,train
O54839,train
O54851,train
O54853,train
O54858,test
O54865,train
O54873,train
O54888,train
O54889,train
O54891,train
O54902,train
O54904,train
O54907,train
O54908,train
O54909,train
O54910,train
O54916,val
O54917,test
O54921,train
O54922,test
O54926,train
O54927,train
O54931,test
O54939,train
O54940,train
O54942,train
O54943,val
O54947,val
O54950,train
O54951,val
O54952,train
O54963,train
O54972,val
O54974,train
O54982,train
O54988,val
O54990,train
O55000,train
O55003,train
O55004,val
O55006,test
O55012,train
O55026,val
O55033,train
O55038,train
O55040,test
O55043,train
O55044,train
O55047,val
O55055,train
O55058,train
O55060,train
O55071,train
O55074,test
O55076,val
O55082,train
O55087,val
O55091,train
O55092,train
O55098,test
O55099,test
O55101,train
O55111,train
O55112,train
O55123,train
O55125,test
O55126,val
O55127,train
O55134,train
O55135,train
O55142,test
O55143,train
O55144,val
O55145,train
O55162,test
O55170,train
O55176,train
O55186,train
O55187,train
O55188,train
O55189,val
O55196,train
O55197,train
O55208,train
O55222,train
O55226,test
O55227,train
O55230,train
O55233,train
O55235,test
O55237,train
O55239,train
O55240,test
O55241,train
O57312,test
O57314,train
O57321,test
O57329,train
O57337,train
O57340,train
O57341,val
O57374,val
O57379,val
O57380,train
O57382,train
O57383,train
O57385,train
O57401,train
O57405,test
O57409,train
O57415,val
O57422,test
O57425,train
O57426,train
O57427,train
O57428,train
O57429,train
O57457,train
O57460,train
O57472,train
O57474,train
O57476,test
O57478,train
O57483,train
O57486,train
O57523,train
O57525,train
O57539,train
O57540,train
O57561,train
O57579,train
O57589,test
O57594,train
O57595,train
O57598,train
O57601,train
O57604,train
O57605,train
O57606,test
O57607,train
O57611,val
O57656,train
O57682,train
O57690,train
O60218,val
O60220,val
O60224,val
O60225,val
O60231,test
O60232,train
O60235,train
O60237,train
O60238,train
O60239,test
O60240,train
O60242,val
O60244,test
O60245,train
O60248,train
O60259,train
O60260,train
O60268,train
O60269,train
O60271,val
O60279,train
O60282,train
O60284,train
O60290,train
O60291,train
O60293,train
O60294,test
O60296,train
O60299,train
O60303,val
O60304,train
O60307,val
O60308,train
O60309,val
O60312,train
O60313,train
O60318,train
O60320,train
O60333,test
O60336,train
O60341,train
O60343,train
O60346,train
O60347,test
O60356,train
O60359,train
O60383,train
O60384,val
O60391,train
O60393,train
O60397,val
O60403,test
O60404,train
O60412,train
O60423,train
O60427,val
O60431,test
O60437,test
O60443,train
O60447,train
O60449,train
O60486,train
O60487,train
O60493,train
O60496,test
O60499,train
O60500,train
O60504,train
O60506,train
O60513,train
O60516,train
O60522,train
O60524,val
O60542,test
O60543,train
O60566,val
O60568,train
O60575,train
O60583,val
O60602,val
O60609,train
O60613,val
O60637,train
O60645,val
O60656,train
O60658,train
O60663,train
O60667,train
O60669,val
O60671,train
O60674,train
O60675,train
O60676,val
O60678,test
O60682,train
O60684,test
O60687,train
O60701,val
O60721,train
O60732,train
O60733,train
O60755,train
O60756,train
O60759,train
O60760,train
O60765,train
O60774,train
O60779,train
O60784,train
O60825,train
O60826,val
O60829,train
O60831,train
O60840,train
O60844,val
O60869,val
O60879,test
O60882,train
O60883,val
O60884,train
O60885,train
O60888,train
O60890,train
O60894,val
O60895,test
O60906,train
O60911,train
O60921,train
O60925,train
O60927,train
O60930,train
O60931,train
O60936,train
O60939,train
O60941,val
O60942,train
O61213,train
O61219,test
O61231,train
O61235,train
O61267,train
O61270,train
O61271,train
O61303,train
O61305,train
O61308,val
O61309,train
O61345,train
O61365,test
O61366,train
O61367,train
O61369,train
O61370,train
O61374,val
O61387,train
O61389,train
O61394,train
O61397,train
O61443,train
O61460,train
O61462,train
O61463,test
O61466,train
O61470,train
O61471,val
O61491,train
O61492,val
O61510,train
O61570,train
O61573,train
O61577,test
O61585,val
O61590,train
O61598,val
O61608,train
O61613,train
O61643,train
O61660,train
O61661,test
O61667,train
O61668,train
O61703,train
O61704,val
O61705,train
O61707,val
O61708,test
O61722,train
O61734,train
O61735,val
O61742,train
O61749,train
O61764,train
O61787,train
O61788,train
O61789,train
O61790,train
O61820,val
O61847,train
O61856,train
O61866,train
O61887,train
O61892,train
O61898,train
O61902,test
O61924,train
O61931,train
O61955,train
O61967,val
O61998,train
O62026,train
O62053,train
O62090,train
O62106,train
O62126,train
O62136,val
O62137,test
O62138,train
O62139,train
O62140,train
O62146,test
O62169,train
O62179,test
O62193,train
O62203,val
O62220,train
O62238,train
O62243,test
O62246,train
O62247,train
O62250,train
O62251,train
O62252,train
O62255,train
O62259,test
O62266,val
O62267,train
O62269,train
O62275,train
O62301,train
O62305,train
O62327,train
O62367,train
O62368,train
O62389,train
O62415,train
O62416,val
O62420,train
O62431,test
O62461,train
O62471,test
O62479,test
O62488,train
O62489,test
O62515,train
O62518,test
O62538,train
O62589,train
O62605,train
O62609,train
O62618,train
O62619,train
O62621,test
O62640,val
O62641,train
O62644,train
O62647,train
O62653,train
O62657,train
O62664,train
O62667,train
O62671,train
O62676,train
O62677,test
O62680,train
O62683,train
O62697,train
O62699,train
O62702,test
O62725,train
O62728,train
O62743,train
O62757,val
O62763,test
O62770,val
O62771,train
O62802,train
O62809,test
O62812,train
O62816,train
O62820,train
O62823,val
O62826,train
O62827,train
O62837,test
O62845,val
O62848,train
O62849,train
O62855,val
O63623,test
O63767,test
O63848,train
O63849,train
O63850,train
O63851,test
O63852,train
O63902,train
O63908,train
O63912,train
O63913,train
O63915,train
O70127,train
O70129,val
O70133,val
O70138,train
O70139,train
O70142,train
O70143,train
O70145,val
O70150,test
O70156,train
O70157,train
O70159,val
O70161,test
O70165,train
O70166,train
O70167,train
O70169,train
O70173,train
O70174,train
O70201,test
O70212,test
O70215,val
O70218,train
O70237,train
O70239,train
O70240,train
O70248,train
O70249,train
O70251,train
O70255,val
O70263,train
O70273,train
O70274,train
O70280,train
O70283,test
O70291,train
O70293,train
O70299,train
O70300,train
O70301,val
O70302,test
O70303,test
O70305,train
O70309,test
O70311,train
O70318,train
O70320,train
O70324,val
O70337,train
O70344,test
O70351,train
O70352,train
O70354,train
O70355,train
O70361,train
O70362,train
O70367,train
O70370,train
O70372,val
O70373,train
O70374,train
O70377,train
O70394,train
O70397,test
O70405,train
O70410,test
O70417,test
O70418,val
O70437,test
O70444,val
O70445,val
O70451,train
O70453,test
O70458,train
O70460,train
O70461,test
O70468,test
O70469,train
O70472,train
O70489,test
O70490,train
O70497,train
O70513,train
O70514,train
O70526,val
O70534,val
O70537,val
O70540,train
O70546,train
O70551,train
O70552,train
O70554,train
O70555,train
O70556,train
O70558,test
O70559,val
O70561,val
O70562,train
O70566,train
O70570,test
O70572,train
O70576,train
O70577,test
O70579,train
O70584,train
O70593,train
O70595,train
O70600,train
O70601,train
O70608,train
O70631,train
O73592,train
O73606,train
O73612,train
O73615,train
O73622,val
O73630,test
O73673,train
O73682,val
O73683,train
O73686,train
O73688,val
O73700,train
O73737,test
O73746,train
O73747,train
O73753,train
O73754,train
O73755,train
O73761,val
O73762,train
O73763,train
O73770,train
O73775,train
O73787,train
O73790,test
O73791,val
O73795,val
O73797,train
O73798,train
O73800,test
O73810,train
O73823,train
O73824,train
O73847,train
O73848,train
O73849,test
O73853,train
O73860,val
O73864,train
O73872,test
O73874,train
O73875,train
O73878,test
O73881,test
O73884,test
O73888,val
O73895,train
O73915,train
O73916,train
O73925,train
O75019,train
O75022,test
O75023,train
O75031,val
O75038,train
O75056,train
O75064,train
O75071,train
O75078,val
O75081,train
O75095,train
O75106,train
O75110,train
O75112,test
O75113,val
O75123,val
O75128,train
O75129,val
O75131,val
O75132,train
O75144,train
O75147,train
O75150,val
O75153,train
O75154,test
O75157,train
O75161,train
O75164,train
O75165,train
O75167,val
O75170,train
O75173,val
O75177,test
O75182,train
O75185,test
O75192,test
O75197,train
O75200,train
O75223,val
O75251,test
O75264,train
O75290,val
O75293,test
O75298,train
O75306,train
O75309,train
O75310,train
O75319,train
O75325,train
O75326,val
O75330,train
O75333,test
O75334,train
O75335,train
O75342,train
O75343,train
O75346,train
O75351,test
O75354,val
O75355,train
O75356,val
O75362,train
O75363,train
O75366,test
O75368,val
O75373,train
O75380,train
O75385,test
O75386,train
O75387,test
O75388,train
O75390,train
O75394,test
O75409,train
O75410,train
O75420,train
O75425,train
O75427,train
O75437,train
O75438,train
O75449,train
O75452,train
O75459,train
O75460,test
O75461,train
O75473,val
O75474,train
O75477,train
O75478,train
O75486,train
O75487,val
O75496,train
O75509,train
O75521,train
O75526,val
O75528,train
O75531,train
O75554,train
O75556,train
O75558,train
O75564,train
O75569,train
O75570,train
O75578,train
O75581,train
O75586,test
O75593,test
O75594,test
O75596,train
O75600,train
O75603,train
O75604,test
O75607,train
O75608,train
O75610,test
O75616,train
O75626,val
O75628,test
O75629,train
O75631,train
O75635,train
O75636,train
O75638,train
O75648,train
O75665,train
O75674,train
O75676,test
O75678,test
O75679,train
O75683,train
O75689,test
O75690,train
O75695,train
O75711,test
O75712,train
O75717,train
O75718,train
O75747,test
O75751,val
O75752,train
O75762,train
O75771,train
O75781,train
O75791,train
O75792,train
O75800,train
O75807,val
O75808,train
O75818,val
O75820,train
O75828,val
O75830,train
O75832,val
O75843,train
O75845,train
O75864,train
O75865,train
O75871,train
O75874,train
O75879,train
O75880,train
O75881,train
O75886,val
O75888,train
O75891,train
O75900,val
O75901,train
O75907,val
O75908,train
O75911,val
O75915,train
O75920,train
O75923,test
O75940,train
O75947,train
O75951,train
O75953,train
O75956,train
O75964,train
O75969,val
O75970,val
O75971,train
O75973,val
O75976,train
O76000,val
O76001,train
O76003,test
O76011,train
O76013,train
O76014,val
O76024,train
O76027,train
O76031,train
O76036,val
O76038,train
O76041,train
O76042,train
O76054,train
O76062,train
O76064,train
O76075,test
O76076,train
O76080,train
O76081,train
O76082,test
O76083,train
O76095,train
O76096,train
O76099,test
O76100,train
O76145,train
O76146,train
O76190,test
O76192,train
O76198,val
O76200,train
O76201,val
O76202,train
O76206,test
O76217,train
O76242,val
O76243,train
O76263,train
O76324,test
O76337,train
O76357,train
O76358,train
O76368,train
O76371,train
O76373,train
O76387,test
O76411,test
O76437,train
O76454,train
O76463,train
O76464,train
O76483,train
O76484,train
O76485,test
O76511,val
O76512,train
O76534,test
O76537,train
O76554,train
O76555,train
O76565,train
O76577,train
O76584,train
O76612,train
O76616,train
O76689,train
O76720,test
O76732,val
O76735,train
O76742,val
O76743,train
O76745,train
O76756,train
O76757,train
O76762,test
O76767,train
O76808,test
O76818,val
O76819,val
O76828,test
O76840,val
O76878,train
O76879,test
O76902,test
O76908,val
O76922,train
O76924,train
O76927,train
O76963,train
O76971,train
O76997,train
O77003,train
O77009,test
O77051,train
O77059,train
O77061,train
O77081,test
O77086,train
O77091,val
O77150,test
O77201,val
O77210,train
O77215,train
O77220,train
O77237,val
O77245,train
O77248,test
O77256,train
O77264,val
O77277,train
O77302,train
O77303,train
O77408,train
O77417,train
O77420,train
O77421,test
O77422,train
O77438,train
O77457,test
O77459,train
O77460,train
O77462,train
O77463,train
O77469,val
O77473,train
O77475,train
O77480,test
O77482,val
O77486,train
O77504,train
O77507,train
O77512,train
O77515,test
O77541,train
O77559,train
O77617,test
O77618,train
O77620,train
O77627,test
O77636,train
O77638,train
O77642,val
O77645,train
O77649,test
O77655,train
O77667,val
O77681,test
O77682,train
O77691,test
O77726,train
O77727,train
O77733,val
O77736,train
O77741,train
O77742,train
O77755,train
O77760,train
O77762,train
O77764,train
O77770,val
O77774,train
O77775,train
O77780,train
O77788,train
O77791,train
O77797,val
O77801,test
O77808,train
O77809,train
O77812,train
O77819,test
O77834,train
O77932,train
O78679,train
O78681,train
O78682,train
O78684,train
O78693,train
O78695,train
O78696,train
O78697,train
O78698,train
O78701,train
O78702,train
O78703,val
O78706,train
O78709,train
O78710,val
O78715,test
O78752,train
O79102,train
O79396,train
O79405,train
O79406,train
O79408,train
O79409,train
O79410,train
O79411,train
O79412,train
O79413,test
O79421,train
O79422,val
O79427,train
O79428,train
O79431,test
O79434,test
O79436,train
O79437,val
O79438,train
O79546,train
O79547,train
O79548,train
O79549,train
O79550,train
O79551,train
O79552,test
O79553,train
O79554,train
O79555,val
O79556,train
O79557,train
O79670,train
O79671,train
O79672,train
O79673,train
O79674,train
O79675,test
O79676,val
O79677,test
O79678,train
O79679,train
O79680,train
O79874,test
O79875,test
O79881,train
O79882,test
O88174,train
O88177,train
O88178,train
O88182,train
O88186,train
O88188,train
O88196,train
O88199,train
O88201,train
O88202,train
O88204,train
O88267,val
O88282,train
O88286,val
O88291,train
O88298,train
O88302,train
O88324,train
O88327,train
O88329,train
O88335,train
O88338,train
O88343,val
O88346,train
O88354,train
O88370,val
O88379,train
O88384,train
O88393,val
O88396,train
O88406,test
O88413,train
O88416,val
O88420,train
O88422,test
O88426,train
O88430,val
O88444,test
O88445,test
O88447,train
O88448,train
O88451,val
O88453,val
O88454,train
O88457,train
O88466,train
O88472,test
O88480,test
O88483,test
O88484,val
O88492,train
O88495,train
O88498,val
O88502,test
O88507,train
O88509,train
O88512,train
O88513,train
O88514,train
O88536,train
O88537,train
O88543,val
O88551,train
O88553,train
O88554,train
O88561,train
O88563,test
O88569,train
O88573,train
O88574,train
O88582,train
O88588,test
O88593,train
O88602,train
O88621,val
O88622,test
O88628,train
O88637,val
O88665,train
O88668,val
O88671,val
O88676,train
O88680,test
O88685,train
O88693,train
O88696,train
O88700,train
O88704,train
O88708,train
O88713,test
O88728,test
O88735,test
O88736,train
O88746,train
O88751,test
O88758,train
O88764,train
O88775,train
O88783,test
O88803,train
O88807,train
O88819,train
O88823,test
O88829,test
O88834,train
O88842,train
O88843,train
O88845,test
O88846,train
O88850,train
O88851,train
O88852,test
O88853,train
O88854,test
O88867,test
O88870,val
O88873,train
O88874,train
O88875,val
O88879,val
O88884,test
O88904,test
O88907,train
O88910,test
O88940,train
O88941,train
O88942,test
O88947,test
O88951,val
O88952,val
O88958,train
O88959,test
O88962,train
O88968,train
O88969,train
O88978,train
O88983,val
O88987,train
O88989,val
O88990,train
O88998,test
O89016,train
O89019,train
O89020,train
O89023,train
O89029,train
O89032,train
O89033,train
O89035,train
O89039,train
O89043,train
O89053,train
O89086,train
O89090,train
O89091,train
O89093,val
O89094,train
O89098,train
O89100,train
O89103,train
O89104,train
O89107,train
O89110,train
O89113,test
O93222,val
O93223,train
O93224,train
O93225,train
O93226,val
O93229,train
O93233,train
O93248,train
O93256,train
O93257,test
O93262,train
O93267,val
O93274,train
O93277,train
O93279,train
O93295,val
O93297,train
O93299,train
O93307,train
O93309,train
O93310,train
O93319,train
O93323,train
O93337,train
O93343,test
O93344,train
O93353,train
O93360,train
O93361,train
O93364,test
O93366,train
O93367,train
O93375,val
O93379,train
O93383,train
O93384,test
O93385,train
O93403,train
O93409,train
O93422,train
O93426,train
O93427,train
O93428,test
O93429,train
O93430,train
O93434,test
O93436,train
O93441,val
O93448,train
O93449,train
O93451,train
O93452,test
O93453,train
O93454,train
O93455,train
O93456,train
O93459,train
O93464,test
O93470,train
O93479,train
O93484,val
O93499,test
O93505,train
O93507,test
O93510,test
O93511,train
O93512,train
O93525,train
O93526,train
O93529,train
O93530,train
O93532,train
O93533,train
O93537,train
O93566,train
O93567,test
O93571,train
O93590,val
O93591,test
O93603,train
O93610,train
O94759,train
O94761,train
O94762,test
O94763,train
O94769,train
O94778,train
O94808,train
O94810,val
O94812,test
O94818,train
O94819,train
O94822,test
O94823,test
O94826,train
O94827,train
O94829,test
O94830,test
O94844,test
O94850,train
O94851,val
O94855,train
O94856,train
O94875,train
O94885,train
O94887,train
O94892,train
O94901,val
O94906,test
O94907,val
O94911,train
O94919,train
O94925,train
O94927,train
O94933,train
O94941,train
O94953,train
O94956,test
O94966,train
O94967,train
O94983,test
O94986,train
O94988,train
O94989,train
O94992,test
O95006,train
O95007,train
O95045,train
O95049,train
O95072,train
O95073,val
O95076,test
O95081,val
O95104,test
O95125,test
O95139,train
O95150,train
O95153,val
O95155,train
O95158,test
O95163,train
O95164,train
O95166,train
O95167,train
O95168,test
O95169,train
O95170,train
O95171,train
O95177,train
O95182,train
O95183,train
O95196,train
O95197,train
O95199,train
O95201,train
O95202,train
O95208,train
O95210,train
O95214,train
O95221,train
O95222,test
O95229,train
O95231,test
O95232,train
O95236,val
O95237,train
O95238,train
O95239,train
O95243,train
O95248,train
O95255,train
O95256,val
O95264,val
O95271,train
O95274,val
O95278,train
O95279,train
O95294,train
O95298,train
O95299,train
O95319,train
O95340,train
O95342,train
O95343,train
O95363,train
O95365,train
O95371,train
O95377,test
O95382,test
O95388,train
O95389,test
O95393,train
O95394,train
O95395,train
O95397,train
O95399,train
O95400,test
O95405,train
O95406,val
O95407,test
O95411,train
O95425,train
O95427,train
O95428,test
O95429,train
O95445,train
O95450,train
O95452,test
O95453,test
O95455,train
O95460,train
O95466,train
O95467,train
O95473,test
O95476,train
O95479,train
O95486,train
O95487,train
O95490,test
O95497,test
O95498,val
O95502,test
O95503,val
O95522,test
O95528,train
O95551,train
O95561,train
O95563,val
O95567,train
O95568,test
O95573,train
O95600,test
O95602,test
O95620,train
O95622,train
O95625,train
O95626,train
O95630,val
O95644,val
O95661,train
O95665,train
O95670,val
O95671,train
O95678,val
O95685,train
O95696,train
O95711,train
O95727,val
O95741,val
O95744,train
O95749,train
O95750,train
O95751,train
O95754,train
O95755,train
O95772,train
O95777,test
O95780,train
O95785,train
O95786,train
O95789,train
O95800,train
O95801,train
O95810,train
O95813,train
O95817,train
O95822,train
O95833,test
O95837,train
O95838,test
O95843,val
O95848,test
O95857,train
O95859,train
O95863,train
O95864,train
O95866,train
O95867,test
O95868,train
O95870,train
O95872,train
O95873,val
O95876,test
O95897,test
O95900,train
O95905,test
O95907,train
O95918,train
O95925,train
O95931,train
O95932,train
O95935,test
O95936,train
O95944,train
O95948,train
O95954,train
O95968,val
O95969,train
O95970,train
O95971,train
O95972,train
O95976,train
O95977,train
O95988,train
O95989,test
O95992,train
O95995,train
O95997,test
O95998,train
O96000,train
O96001,val
O96002,val
O96006,train
O96008,test
O96009,train
O96013,train
O96015,train
O96017,train
O96018,val
O96024,train
O96028,val
O96033,test
O96049,train
O96059,train
O96064,train
O96107,train
O96347,train
O96382,train
O96433,test
O96447,train
O96533,train
O96539,train
O96553,test
O96559,train
O96567,train
O96570,train
O96605,train
O96642,train
O96647,train
O96650,test
O96651,val
O96660,train
O96690,train
O96764,train
O96827,train
O96838,test
O96863,train
O96870,val
O96952,train
O97018,test
O97067,train
O97069,train
O97125,train
O97148,train
O97159,train
O97172,test
O97177,train
O97178,train
O97179,train
O97366,test
O97370,train
O97373,train
O97374,val
O97383,val
O97385,train
O97394,train
O97395,train
O97396,train
O97397,test
O97398,val
O97399,train
O97400,train
O97401,val
O97402,test
O97420,train
O97422,train
O97432,train
O97472,train
O97477,train
O97490,train
O97492,train
O97507,train
O97554,train
O97562,train
O97571,train
O97593,train
O97598,train
O97626,train
O97649,val
O97655,train
O97676,train
O97686,train
O97687,val
O97703,train
O97704,test
O97716,train
O97725,train
O97741,train
O97742,train
O97756,val
O97758,train
O97763,test
O97764,val
O97772,train
O97790,train
O97797,train
O97798,val
O97831,train
O97859,val
O97860,val
O97862,val
O97863,train
O97919,train
O97921,train
O97935,train
O97936,train
O97937,train
O97939,train
O97943,test
O97944,train
O97946,train
O97949,train
O97961,train
O97965,train
O97967,train
O97969,train
O97972,val
O97980,train
O99041,val
O99240,train
O99598,train
O99602,train
O99795,test
O99817,test
O99818,train
O99819,test
O99820,train
O99821,train
O99822,val
O99823,test
O99824,val
O99825,train
O99826,train
O99827,val
O99828,train
P00000,train
P00002,train
P00004,train
P00015,train
P00022,train
P00025,val
P00027,train
P00028,train
P00029,val
P00030,train
P00031,train
P00032,train
P00037,train
P00038,train
P00040,train
P00125,train
P00129,train
P00130,test
P00156,train
P00160,val
P00167,train
P00171,train
P00173,train
P00174,train
P00179,val
P00180,test
P00181,train
P00182,train
P00185,train
P00187,train
P00191,test
P00257,val
P00258,train
P00325,train
P00328,train
P00334,train
P00338,val
P00340,train
P00341,train
P00342,train
P00348,train
P00352,train
P00366,train
P00371,val
P00377,test
P00378,val
P00399,train
P00403,train
P00407,val
P00414,test
P00418,train
P00419,test
P00423,test
P00435,train
P00442,train
P00443,test
P00450,train
P00488,train
P00489,train
P00491,train
P00492,train
P00503,val
P00504,train
P00505,test
P00508,val
P00515,test
P00517,train
P00519,train
P00520,train
P00522,train
P00528,train
P00539,train
P00548,test
P00558,val
P00570,train
P00591,test
P00595,train
P00597,train
P00598,test
P00599,train
P00601,val
P00602,train
P00604,train
P00606,train
P00607,train
P00609,train
P00610,train
P00611,train
P00613,train
P00614,train
P00616,train
P00617,train
P00620,train
P00621,test
P00622,train
P00623,train
P00625,train
P00626,test
P00629,train
P00633,train
P00657,train
P00662,val
P00663,val
P00669,train
P00671,train
P00672,train
P00673,train
P00674,train
P00675,train
P00676,train
P00677,train
P00678,train
P00679,train
P00680,train
P00682,test
P00684,train
P00685,train
P00687,train
P00689,train
P00690,test
P00698,train
P00708,train
P00710,test
P00711,train
P00713,train
P00714,test
P00716,train
P00718,val
P00730,train
P00732,train
P00734,train
P00735,test
P00736,train
P00742,test
P00743,train
P00744,test
P00746,train
P00748,train
P00750,val
P00751,train
P00752,train
P00755,train
P00756,train
P00757,train
P00758,train
P00759,train
P00760,train
P00761,train
P00762,train
P00764,train
P00765,train
P00766,train
P00767,train
P00768,train
P00770,train
P00771,test
P00772,train
P00773,train
P00774,train
P00789,train
P00791,test
P00792,train
P00793,test
P00795,train
P00796,train
P00813,train
P00849,train
P00883,train
P00915,val
P00917,train
P00918,test
P00919,val
P00922,val
P00939,train
P00940,train
P00941,test
P00949,train
P00967,val
P00973,train
P00974,train
P00975,train
P00976,train
P00978,train
P00980,val
P00982,train
P00983,train
P00986,train
P00987,train
P00989,train
P00991,train
P00992,train
P00993,train
P00994,train
P00995,test
P00997,test
P00998,train
P00999,test
P01000,test
P01001,test
P01003,train
P01005,train
P01014,train
P01015,train
P01019,train
P01021,val
P01022,train
P01024,train
P01025,train
P01027,test
P01030,train
P01031,train
P01032,train
P01033,train
P01035,train
P01036,val
P01039,val
P01040,train
P01041,test
P01042,train
P01045,train
P01049,train
P01050,train
P01051,train
P01096,train
P01099,test
P01101,train
P01103,train
P01109,train
P01112,test
P01122,train
P01130,train
P01131,train
P01132,test
P01133,train
P01144,val
P01145,train
P01147,val
P01148,val
P01150,train
P01152,train
P01153,train
P01154,test
P01155,train
P01158,train
P01159,train
P01168,train
P01169,train
P01170,train
P01171,train
P01172,train
P01173,train
P01174,train
P01175,train
P01178,train
P01185,test
P01191,train
P01192,train
P01194,val
P01201,train
P01202,train
P01203,train
P01205,train
P01206,train
P01207,train
P01209,train
P01210,train
P01211,test
P01212,train
P01213,train
P01214,test
P01215,train
P01216,train
P01221,val
P01222,test
P01225,val
P01227,train
P01235,train
P01237,train
P01238,train
P01239,val
P01244,train
P01246,train
P01249,test
P01255,train
P01256,train
P01258,test
P01260,train
P01261,train
P01262,train
P01263,val
P01269,train
P01275,train
P01278,train
P01280,train
P01282,test
P01286,train
P01295,train
P01297,train
P01298,test
P01299,train
P01302,train
P01303,train
P01307,train
P01308,val
P01310,val
P01314,val
P01315,val
P01318,train
P01321,test
P01325,val
P01327,train
P01328,train
P01329,val
P01330,train
P01331,val
P01333,train
P01335,train
P01338,train
P01340,test
P01342,val
P01344,val
P01347,train
P01348,train
P01350,train
P01351,val
P01353,val
P01354,train
P01356,train
P01357,train
P01358,train
P01360,train
P01361,train
P01362,train
P01363,train
P01372,train
P01374,test
P01377,train
P01379,test
P01380,train
P01382,train
P01383,train
P01384,val
P01385,train
P01387,val
P01389,train
P01393,train
P01395,val
P01398,train
P01399,val
P01400,train
P01401,train
P01402,train
P01404,train
P01406,val
P01407,val
P01414,train
P01415,train
P01416,train
P01418,val
P01419,train
P01421,train
P01422,test
P01424,train
P01425,train
P01426,test
P01432,train
P01433,train
P01434,train
P01437,train
P01445,train
P01448,train
P01452,train
P01454,train
P01456,test
P01461,test
P01462,val
P01467,train
P01471,train
P01473,test
P01474,train
P01477,train
P01479,test
P01480,train
P01481,train
P01486,train
P01487,test
P01490,train
P01492,val
P01496,test
P01497,train
P01498,val
P01501,train
P01502,train
P01504,train
P01505,train
P01507,train
P01508,train
P01509,train
P01511,val
P01512,train
P01513,train
P01514,val
P01516,train
P01517,train
P01518,val
P01520,train
P01521,train
P01522,train
P01523,test
P01525,test
P01526,train
P01527,train
P01531,train
P01533,train
P01535,train
P01563,test
P01566,train
P01569,test
P01570,train
P01572,train
P01573,train
P01575,train
P01576,test
P01577,train
P01578,val
P01580,test
P01581,test
P01582,test
P01586,train
P01587,val
P01588,train
P01590,train
P01591,val
P01592,train
P01594,train
P01599,train
P01618,val
P01627,train
P01629,train
P01630,train
P01631,train
P01632,val
P01633,train
P01634,train
P01636,train
P01637,train
P01639,train
P01641,train
P01643,train
P01644,train
P01649,train
P01650,val
P01656,train
P01657,train
P01659,train
P01661,test
P01668,test
P01670,train
P01674,train
P01676,train
P01680,train
P01681,train
P01682,val
P01683,train
P01684,train
P01685,val
P01687,val
P01688,train
P01689,train
P01693,train
P01694,train
P01695,train
P01696,test
P01697,test
P01700,val
P01701,train
P01705,train
P01709,train
P01714,train
P01715,train
P01717,train
P01718,val
P01721,train
P01724,val
P01729,train
P01730,val
P01731,train
P01732,train
P01734,test
P01735,test
P01737,test
P01738,test
P01739,train
P01741,train
P01743,train
P01745,train
P01747,test
P01748,train
P01750,train
P01757,train
P01758,train
P01759,train
P01766,train
P01767,test
P01768,val
P01780,train
P01784,train
P01785,train
P01786,train
P01787,train
P01795,test
P01802,val
P01805,test
P01806,train
P01813,train
P01817,val
P01819,train
P01820,train
P01821,val
P01823,train
P01825,train
P01826,train
P01827,train
P01828,train
P01829,train
P01830,train
P01831,train
P01832,train
P01833,train
P01834,train
P01835,train
P01836,train
P01837,val
P01838,test
P01839,train
P01840,val
P01841,train
P01843,train
P01845,val
P01846,train
P01847,train
P01848,train
P01849,train
P01850,train
P01852,val
P01853,train
P01854,train
P01855,test
P01858,train
P01859,test
P01860,train
P01862,train
P01863,train
P01864,train
P01867,train
P01868,train
P01870,train
P01871,test
P01872,train
P01874,train
P01875,train
P01877,train
P01878,train
P01880,train
P01881,train
P01885,train
P01886,val
P01887,val
P01889,train
P01893,train
P01898,train
P01899,train
P01900,test
P01902,train
P01906,train
P01909,test
P01910,train
P01920,train
P01935,test
P01941,train
P01942,train
P01945,val
P01946,train
P01947,test
P01948,train
P01949,train
P01951,train
P01955,train
P01957,train
P01958,train
P01963,train
P01964,train
P01965,val
P01966,train
P01972,train
P01975,train
P01976,test
P01978,train
P01979,train
P01980,train
P01982,train
P01983,val
P01984,train
P01985,train
P01993,train
P01994,train
P01999,train
P02000,val
P02001,train
P02006,train
P02009,train
P02010,train
P02011,val
P02014,train
P02015,train
P02017,val
P02018,test
P02020,val
P02021,train
P02022,train
P02024,test
P02051,train
P02052,train
P02058,train
P02060,val
P02067,test
P02074,val
P02076,train
P02077,train
P02078,train
P02080,val
P02083,train
P02086,test
P02087,val
P02090,train
P02091,train
P02092,train
P02093,test
P02095,train
P02099,test
P02103,val
P02104,train
P02109,train
P02111,train
P02112,train
P02128,train
P02130,train
P02131,test
P02133,train
P02134,test
P02135,train
P02136,test
P02137,train
P02138,train
P02140,train
P02141,train
P02142,train
P02143,train
P02144,train
P02161,train
P02166,train
P02182,train
P02185,val
P02187,train
P02194,test
P02196,train
P02199,train
P02200,val
P02203,train
P02204,train
P02206,train
P02208,train
P02209,train
P02210,train
P02211,train
P02213,test
P02214,val
P02215,train
P02216,train
P02218,val
P02219,train
P02220,val
P02221,val
P02222,train
P02223,test
P02224,train
P02226,train
P02227,train
P02228,train
P02229,train
P02230,train
P02231,train
P02241,train
P02242,train
P02245,train
P02246,test
P02247,train
P02251,val
P02254,train
P02255,test
P02256,train
P02258,train
P02259,train
P02284,train
P02285,test
P02288,train
P02315,train
P02321,train
P02324,train
P02325,train
P02328,train
P02332,train
P02340,train
P02350,val
P02399,train
P02402,train
P02438,train
P02439,train
P02440,train
P02442,train
P02446,val
P02448,train
P02449,train
P02451,train
P02457,train
P02463,test
P02465,train
P02466,train
P02467,val
P02468,train
P02470,val
P02497,train
P02503,train
P02505,val
P02509,train
P02510,train
P02512,train
P02515,val
P02516,train
P02517,train
P02518,train
P02524,val
P02527,test
P02532,train
P02533,train
P02537,train
P02538,train
P02540,train
P02542,test
P02564,train
P02566,val
P02567,train
P02585,train
P02597,test
P02604,train
P02605,train
P02606,val
P02607,train
P02609,train
P02610,val
P02611,train
P02613,train
P02614,test
P02615,test
P02616,val
P02617,train
P02618,train
P02619,train
P02620,train
P02621,test
P02622,train
P02623,test
P02625,train
P02626,val
P02627,test
P02628,test
P02629,train
P02630,train
P02632,val
P02633,train
P02635,train
P02636,test
P02637,train
P02639,train
P02640,val
P02641,val
P02642,train
P02645,train
P02651,train
P02652,train
P02655,train
P02656,train
P02657,test
P02658,train
P02659,train
P02660,train
P02661,test
P02663,test
P02664,val
P02665,train
P02667,train
P02671,train
P02672,train
P02675,train
P02676,test
P02679,train
P02681,val
P02683,train
P02686,train
P02688,train
P02691,train
P02701,train
P02702,train
P02703,val
P02706,train
P02707,train
P02711,train
P02712,train
P02713,val
P02714,train
P02715,train
P02717,test
P02718,train
P02719,train
P02720,train
P02721,train
P02724,train
P02725,train
P02726,train
P02727,test
P02728,test
P02729,train
P02730,train
P02733,test
P02734,val
P02738,train
P02740,train
P02741,train
P02742,test
P02743,test
P02745,val
P02746,train
P02747,test
P02748,train
P02750,val
P02752,train
P02753,test
P02754,test
P02760,train
P02761,train
P02762,val
P02763,train
P02764,train
P02766,train
P02770,test
P02771,test
P02772,train
P02773,train
P02774,train
P02775,train
P02777,train
P02781,train
P02782,train
P02783,train
P02784,train
P02785,train
P02787,val
P02788,train
P02789,train
P02793,val
P02795,train
P02798,train
P02804,train
P02805,val
P02806,train
P02808,val
P02809,train
P02810,val
P02814,train
P02815,test
P02816,train
P02817,test
P02821,train
P02822,train
P02823,train
P02827,train
P02830,test
P02831,train
P02832,train
P02833,train
P02835,train
P02836,train
P02840,train
P02841,train
P02842,train
P02843,train
P02844,train
P02845,train
P02852,train
P02993,train
P03001,train
P03886,train
P03889,test
P03890,train
P03893,train
P03894,val
P03895,test
P03898,test
P03899,test
P03900,train
P03901,train
P03902,val
P03903,val
P03904,train
P03905,train
P03909,train
P03910,train
P03911,test
P03912,train
P03916,train
P03919,train
P03920,train
P03921,train
P03922,train
P03923,train
P03924,train
P03925,train
P03926,test
P03927,train
P03928,train
P03930,train
P03931,val
P03934,train
P03935,train
P03940,train
P03946,test
P03949,train
P03950,train
P03951,test
P03952,train
P03953,train
P03954,val
P03956,train
P03957,train
P03971,val
P03972,val
P03973,train
P03974,train
P03975,train
P03980,train
P03981,train
P03982,train
P03983,val
P03984,train
P03986,test
P03987,train
P03988,train
P03991,train
P03997,train
P03998,train
P04000,train
P04003,train
P04004,test
P04038,test
P04047,train
P04052,train
P04053,train
P04054,train
P04055,test
P04056,train
P04058,val
P04059,train
P04060,train
P04061,test
P04062,test
P04068,val
P04069,test
P04070,test
P04071,train
P04080,test
P04087,test
P04090,train
P04092,train
P04094,val
P04096,train
P04099,train
P04101,train
P04104,val
P04109,train
P04110,train
P04111,train
P04112,train
P04115,train
P04116,train
P04118,train
P04119,train
P04120,train
P04142,train
P04143,train
P04146,train
P04148,test
P04155,train
P04157,train
P04167,test
P04178,train
P04179,test
P04180,val
P04184,test
P04185,train
P04186,test
P04187,test
P04196,train
P04197,train
P04203,train
P04205,train
P04210,train
P04211,train
P04212,train
P04214,val
P04216,test
P04217,train
P04218,train
P04219,train
P04233,train
P04235,test
P04241,train
P04243,train
P04244,train
P04246,test
P04253,train
P04256,train
P04258,train
P04271,train
P04278,train
P04279,train
P04280,train
P04282,train
P04283,val
P04323,test
P04354,val
P04359,train
P04361,train
P04370,val
P04375,train
P04378,train
P04388,train
P04394,train
P04401,train
P04412,train
P04414,train
P04416,train
P04417,train
P04426,test
P04428,train
P04435,train
P04437,train
P04439,train
P04440,train
P04441,train
P04444,train
P04459,train
P04467,val
P04468,test
P04474,train
P04542,val
P04557,train
P04558,train
P04561,train
P04563,train
P04564,train
P04567,train
P04570,val
P04571,train
P04572,val
P04625,test
P04626,test
P04629,train
P04630,train
P04633,train
P04634,train
P04636,train
P04637,test
P04638,train
P04639,val
P04640,train
P04651,train
P04654,train
P04655,val
P04656,val
P04657,train
P04667,train
P04695,train
P04696,train
P04735,train
P04755,train
P04757,train
P04759,train
P04764,train
P04769,train
P04773,train
P04792,val
P04799,test
P04800,train
P04808,train
P04812,train
P04813,train
P04815,train
P04818,train
P04822,train
P04823,train
P04897,train
P04917,train
P04918,train
P04921,train
P04924,val
P04925,train
P04939,test
P04944,test
P04945,train
P04946,train
P04961,train
P04962,train
P04971,train
P04972,train
P04975,train
P04985,train
P05000,train
P05001,train
P05002,test
P05003,train
P05008,test
P05011,train
P05012,train
P05013,train
P05015,train
P05017,train
P05019,train
P05025,test
P05029,train
P05047,train
P05049,train
P05059,test
P05060,test
P05062,train
P05081,train
P05083,val
P05089,train
P05090,train
P05093,train
P05094,train
P05099,test
P05105,val
P05107,train
P05109,train
P05111,train
P05114,test
P05120,train
P05121,train
P05125,train
P05129,val
P05130,train
P05140,train
P05141,train
P05142,train
P05143,train
P05153,train
P05154,train
P05155,train
P05160,train
P05161,test
P05162,val
P05164,train
P05165,train
P05176,train
P05178,train
P05179,test
P05182,train
P05183,test
P05186,train
P05197,train
P05198,train
P05200,train
P05204,test
P05205,train
P05208,train
P05221,train
P05222,train
P05224,train
P05226,val
P05230,train
P05300,train
P05305,train
P05363,train
P05367,train
P05371,train
P05376,train
P05377,train
P05387,train
P05389,train
P05402,train
P05422,train
P05432,test
P05451,train
P05452,train
P05482,train
P05484,train
P05485,test
P05486,train
P05487,train
P05504,train
P05505,train
P05506,train
P05507,test
P05508,train
P05524,test
P05527,val
P05531,train
P05532,train
P05533,val
P05538,train
P05540,train
P05541,train
P05544,train
P05545,train
P05546,train
P05547,train
P05548,train
P05552,train
P05555,train
P05560,train
P05619,train
P05620,train
P05623,train
P05661,train
P05686,train
P05687,train
P05688,train
P05689,train
P05690,train
P05696,train
P05708,train
P05709,train
P05712,test
P05714,test
P05781,val
P05783,train
P05786,test
P05787,train
P05805,test
P05812,train
P05814,train
P05938,train
P05939,train
P05940,train
P05941,train
P05945,test
P05946,train
P05980,val
P05990,train
P05995,train
P06027,train
P06028,train
P06126,train
P06127,train
P06132,test
P06133,test
P06140,train
P06144,train
P06145,train
P06148,val
P06171,train
P06172,train
P06180,train
P06186,train
P06198,test
P06199,test
P06206,train
P06207,val
P06240,train
P06280,train
P06296,test
P06298,train
P06300,train
P06303,train
P06304,train
P06305,val
P06306,train
P06308,train
P06312,test
P06315,train
P06320,train
P06321,train
P06322,train
P06323,test
P06324,val
P06325,val
P06327,train
P06328,val
P06329,val
P06330,train
P06331,val
P06332,train
P06333,train
P06335,train
P06336,train
P06337,train
P06339,val
P06340,val
P06345,val
P06347,val
P06348,val
P06350,train
P06394,train
P06396,train
P06398,train
P06399,val
P06400,train
P06467,train
P06493,train
P06518,test
P06526,val
P06537,train
P06580,test
P06581,train
P06582,val
P06596,train
P06601,val
P06602,val
P06606,test
P06607,train
P06623,val
P06638,test
P06639,val
P06643,test
P06649,val
P06651,train
P06680,train
P06681,train
P06683,train
P06684,val
P06687,train
P06702,train
P06706,train
P06707,val
P06714,train
P06727,test
P06728,train
P06729,val
P06731,train
P06732,test
P06734,train
P06737,train
P06742,train
P06748,train
P06753,train
P06754,train
P06757,train
P06759,train
P06760,train
P06765,train
P06766,test
P06767,train
P06768,train
P06795,train
P06796,val
P06798,train
P06800,train
P06801,train
P06804,train
P06833,train
P06841,test
P06850,test
P06857,train
P06860,train
P06866,train
P06867,train
P06868,test
P06869,train
P06871,train
P06872,train
P06876,train
P06879,train
P06881,train
P06885,test
P06890,train
P06892,test
P06893,train
P06894,train
P06895,train
P06898,train
P06902,train
P06908,train
P06909,train
P06910,train
P06911,train
P06913,test
P07032,train
P07037,train
P07064,train
P07086,train
P07087,train
P07090,test
P07093,test
P07095,test
P07096,train
P07098,train
P07099,train
P07101,train
P07106,test
P07107,train
P07140,train
P07141,train
P07147,test
P07148,train
P07151,train
P07152,test
P07154,train
P07164,train
P07178,train
P07182,train
P07183,train
P07184,test
P07185,train
P07186,train
P07187,train
P07188,train
P07189,train
P07190,train
P07191,train
P07192,train
P07193,val
P07197,train
P07198,train
P07201,train
P07202,train
P07203,train
P07222,train
P07223,train
P07224,test
P07225,train
P07228,test
P07229,train
P07231,train
P07237,train
P07247,train
P07288,train
P07290,train
P07305,train
P07307,train
P07309,test
P07313,train
P07320,train
P07322,train
P07323,test
P07333,train
P07339,train
P07341,val
P07349,test
P07350,train
P07351,train
P07352,train
P07353,test
P07354,train
P07357,train
P07358,train
P07359,train
P07360,train
P07379,val
P07380,val
P07403,train
P07407,train
P07408,train
P07409,train
P07413,train
P07414,train
P07415,test
P07419,train
P07425,train
P07428,test
P07429,train
P07431,val
P07432,train
P07433,val
P07434,val
P07435,val
P07438,train
P07439,train
P07447,train
P07448,train
P07453,val
P07457,train
P07461,val
P07462,val
P07467,train
P07468,val
P07469,train
P07471,train
P07476,train
P07477,train
P07480,train
P07481,test
P07487,test
P07489,train
P07492,train
P07493,train
P07494,val
P07495,train
P07496,train
P07498,test
P07499,train
P07500,train
P07510,val
P07514,train
P07516,train
P07522,train
P07526,test
P07530,train
P07548,train
P07550,test
P07552,train
P07583,test
P07584,test
P07602,val
P07628,train
P07629,val
P07630,train
P07634,train
P07647,train
P07660,test
P07664,test
P07665,train
P07666,val
P07668,train
P07686,test
P07700,test
P07701,test
P07709,train
P07712,train
P07713,train
P07722,train
P07724,train
P07725,train
P07733,train
P07735,train
P07741,train
P07743,train
P07744,train
P07746,train
P07750,train
P07759,train
P07764,train
P07766,train
P07768,train
P07795,train
P07796,train
P07797,train
P07798,test
P07812,train
P07814,train
P07818,train
P07845,train
P07846,train
P07849,val
P07850,train
P07851,train
P07852,train
P07856,train
P07857,train
P07867,train
P07882,train
P07895,train
P07898,train
P07903,train
P07909,train
P07915,train
P07919,test
P07934,train
P07936,train
P07942,test
P07947,train
P07948,train
P07949,train
P07951,test
P07952,train
P07954,train
P07988,train
P07992,train
P07994,train
P07996,val
P07997,train
P07998,train
P08001,train
P08003,val
P08021,train
P08030,train
P08033,val
P08037,train
P08042,train
P08043,val
P08044,train
P08045,train
P08049,val
P08051,test
P08052,train
P08059,train
P08060,train
P08070,train
P08071,train
P08074,test
P08101,val
P08105,train
P08111,test
P08118,train
P08120,val
P08122,train
P08124,train
P08125,train
P08130,val
P08132,train
P08134,val
P08145,train
P08151,test
P08154,test
P08155,train
P08162,train
P08165,val
P08168,train
P08174,train
P08175,train
P08176,val
P08181,train
P08182,train
P08183,train
P08195,train
P08207,train
P08209,test
P08217,train
P08218,train
P08223,train
P08224,train
P08228,train
P08239,train
P08243,test
P08246,train
P08250,test
P08251,val
P08254,train
P08255,train
P08257,train
P08260,val
P08266,train
P08285,train
P08290,train
P08294,test
P08311,train
P08317,train
P08319,train
P08334,train
P08335,train
P08380,test
P08397,train
P08399,val
P08414,val
P08418,train
P08419,test
P08422,train
P08423,train
P08424,train
P08426,test
P08428,test
P08429,train
P08430,train
P08433,train
P08435,train
P08461,train
P08462,test
P08472,train
P08478,train
P08479,train
P08480,train
P08482,train
P08485,train
P08494,test
P08505,test
P08508,train
P08510,train
P08514,val
P08515,train
P08516,train
P08519,train
P08520,train
P08523,train
P08541,train
P08548,train
P08568,train
P08570,train
P08571,train
P08572,test
P08575,test
P08582,train
P08587,train
P08591,train
P08603,train
P08607,train
P08608,train
P08610,train
P08611,val
P08612,train
P08613,train
P08614,train
P08615,train
P08616,val
P08620,train
P08628,train
P08629,train
P08630,train
P08635,test
P08641,train
P08645,train
P08648,train
P08649,train
P08650,test
P08659,train
P08661,train
P08682,train
P08683,train
P08686,train
P08689,val
P08697,train
P08699,val
P08708,train
P08709,train
P08721,train
P08723,train
P08728,train
P08730,train
P08733,train
P08734,train
P08759,train
P08761,val
P08775,train
P08776,train
P08777,train
P08778,val
P08779,train
P08793,train
P08802,test
P08815,val
P08825,train
P08826,train
P08828,train
P08829,train
P08830,train
P08831,train
P08833,train
P08835,train
P08836,train
P08842,train
P08855,train
P08858,train
P08872,train
P08873,val
P08879,val
P08882,train
P08883,train
P08884,train
P08887,train
P08897,train
P08899,train
P08904,train
P08905,train
P08908,val
P08910,val
P08911,train
P08912,test
P08920,train
P08921,train
P08923,val
P08924,train
P08928,train
P08932,val
P08934,val
P08935,train
P08937,train
P08938,train
P08939,val
P08940,train
P08944,train
P08945,train
P08946,val
P08948,train
P08949,train
P08950,test
P08951,train
P08952,train
P08953,val
P08955,val
P08962,train
P08970,train
P08983,train
P08989,train
P09001,train
P09006,train
P09010,test
P09011,train
P09013,train
P09014,val
P09015,test
P09023,train
P09025,val
P09031,train
P09034,train
P09036,train
P09037,train
P09040,train
P09041,val
P09045,train
P09052,val
P09066,train
P09070,train
P09071,train
P09074,train
P09077,train
P09079,train
P09081,test
P09082,train
P09083,val
P09084,train
P09085,train
P09087,train
P09089,val
P09090,train
P09092,val
P09093,train
P09102,train
P09106,train
P09108,train
P09110,train
P09115,train
P09116,val
P09131,train
P09132,train
P09139,train
P09145,train
P09172,train
P09179,train
P09180,train
P09196,train
P09199,train
P09207,test
P09208,train
P09212,train
P09215,train
P09227,val
P09234,train
P09235,train
P09237,train
P09238,train
P09240,train
P09241,test
P09242,train
P09318,train
P09319,train
P09320,test
P09321,test
P09326,val
P09330,test
P09334,test
P09336,test
P09337,train
P09338,val
P09340,val
P09341,train
P09367,train
P09369,val
P09380,val
P09383,test
P09405,test
P09412,test
P09421,test
P09426,train
P09428,train
P09446,val
P09455,test
P09464,val
P09466,train
P09467,train
P09472,test
P09476,train
P09478,val
P09479,train
P09480,train
P09481,train
P09482,test
P09484,train
P09485,val
P09486,train
P09488,test
P09491,train
P09496,train
P09527,train
P09529,train
P09531,train
P09534,val
P09535,val
P09537,val
P09539,train
P09540,train
P09558,val
P09560,train
P09564,test
P09565,train
P09567,train
P09571,train
P09581,test
P09582,train
P09585,train
P09586,train
P09588,train
P09603,val
P09611,train
P09615,train
P09628,train
P09629,test
P09631,train
P09650,train
P09651,test
P09654,test
P09655,train
P09656,train
P09661,test
P09668,train
P09680,train
P09681,test
P09682,train
P09683,train
P09685,train
P09690,train
P09693,val
P09758,val
P09769,val
P09774,train
P09775,val
P09793,test
P09803,train
P09809,train
P09813,train
P09837,train
P09838,train
P09840,val
P09841,train
P09848,train
P09849,train
P09859,train
P09871,train
P09872,train
P09875,train
P09884,train
P09889,train
P09892,test
P09897,train
P09904,train
P09907,train
P09913,test
P09916,train
P09919,val
P09920,train
P09922,train
P09923,train
P09926,test
P09929,train
P09933,train
P09936,train
P09944,train
P09951,train
P09954,train
P09955,train
P09956,val
P09965,test
P09966,train
P09967,val
P09971,train
P09972,train
P09981,train
P09982,val
P0C005,train
P0C006,train
P0C007,train
P0C008,train
P0C009,train
P0C010,train
P0C011,val
P0C022,train
P0C023,test
P0C024,train
P0C025,val
P0C027,train
P0C090,val
P0C091,train
P0C092,val
P0C0A1,val
P0C0A3,train
P0C0A9,test
P0C0K5,train
P0C0K7,train
P0C0L5,train
P0C0P5,test
P0C0P6,test
P0C0P8,train
P0C0R5,train
P0C0U3,train
P0C0U6,train
P0C0W8,train
P0C165,train
P0C166,train
P0C167,train
P0C171,train
P0C172,val
P0C173,val
P0C174,train
P0C175,test
P0C182,train
P0C183,val
P0C191,train
P0C194,train
P0C1B7,test
P0C1C8,train
P0C1C9,train
P0C1F1,train
P0C1F5,train
P0C1F8,train
P0C1G6,val
P0C1G7,train
P0C1H6,train
P0C1M2,train
P0C1M3,train
P0C1M4,train
P0C1M5,train
P0C1M6,val
P0C1M7,train
P0C1M9,train
P0C1N0,val
P0C1N1,train
P0C1N2,train
P0C1N3,train
P0C1N4,train
P0C1N5,val
P0C1N6,train
P0C1N7,train
P0C1N8,train
P0C1N9,train
P0C1P0,val
P0C1P1,train
P0C1Q4,train
P0C1Q5,train
P0C1Q6,train
P0C1Q8,train
P0C1Q9,train
P0C1R0,train
P0C1R1,train
P0C1R2,train
P0C1R3,test
P0C1S8,train
P0C1S9,train
P0C1T1,train
P0C1U0,train
P0C1U1,test
P0C1U2,train
P0C1V4,train
P0C1V7,train
P0C1V8,test
P0C1V9,train
P0C1W0,val
P0C1W1,val
P0C1W2,train
P0C1W3,train
P0C1W4,train
P0C1W5,train
P0C1W6,test
P0C1W7,train
P0C1W8,test
P0C1X0,train
P0C1X1,train
P0C1X2,train
P0C1X5,test
P0C1X6,train
P0C1X8,test
P0C1X9,train
P0C1Z3,train
P0C1Z4,train
P0C1Z7,train
P0C1Z9,train
P0C200,train
P0C201,train
P0C202,train
P0C218,train
P0C221,train
P0C226,train
P0C227,train
P0C228,train
P0C229,train
P0C230,train
P0C234,val
P0C235,train
P0C236,train
P0C238,train
P0C240,train
P0C241,train
P0C242,train
P0C244,train
P0C245,test
P0C246,train
P0C248,train
P0C249,train
P0C250,train
P0C251,val
P0C253,train
P0C254,train
P0C258,train
P0C263,test
P0C264,test
P0C267,train
P0C292,train
P0C296,train
P0C297,train
P0C299,test
P0C2A8,train
P0C2A9,test
P0C2B0,train
P0C2B1,val
P0C2B6,train
P0C2B7,train
P0C2B8,train
P0C2B9,train
P0C2C4,test
P0C2C6,train
P0C2D5,train
P0C2F0,train
P0C2F2,train
P0C2F4,train
P0C2L3,train
P0C2L6,train
P0C2L7,train
P0C2P6,train
P0C2S6,train
P0C2U7,train
P0C2U8,val
P0C2U9,train
P0C2V0,train
P0C2V1,train
P0C2V2,train
P0C2W7,test
P0C2W8,test
P0C2X7,train
P0C2X8,train
P0C2Y1,val
P0C350,train
P0C351,test
P0C424,train
P0C425,val
P0C548,train
P0C552,val
P0C553,train
P0C554,train
P0C555,train
P0C591,train
P0C592,train
P0C593,train
P0C594,train
P0C595,test
P0C597,test
P0C598,val
P0C599,train
P0C5A0,train
P0C5A1,test
P0C5A2,train
P0C5B4,train
P0C5E6,test
P0C5E7,train
P0C5E9,test
P0C5F3,train
P0C5G0,test
P0C5G1,train
P0C5G2,train
P0C5G3,train
P0C5G5,train
P0C5G6,val
P0C5G7,test
P0C5H0,val
P0C5H9,train
P0C5I0,test
P0C5I1,train
P0C5I3,train
P0C5J2,train
P0C5K0,train
P0C5K1,train
P0C5K6,train
P0C5K7,val
P0C5K8,train
P0C5W1,train
P0C5W6,test
P0C5W7,val
P0C5W8,train
P0C5W9,train
P0C5X0,train
P0C5X1,train
P0C5X4,train
P0C5X5,train
P0C5X6,train
P0C5X8,val
P0C5Y4,train
P0C5Y8,train
P0C5Z0,train
P0C604,train
P0C606,train
P0C607,train
P0C608,val
P0C609,test
P0C612,test
P0C613,train
P0C614,train
P0C615,train
P0C616,train
P0C617,train
P0C623,train
P0C626,val
P0C628,train
P0C629,train
P0C636,train
P0C638,train
P0C640,train
P0C641,train
P0C642,test
P0C644,val
P0C645,train
P0C646,train
P0C654,val
P0C659,test
P0C660,train
P0C661,train
P0C664,test
P0C666,train
P0C667,train
P0C668,train
P0C669,train
P0C670,train
P0C671,val
P0C672,train
P0C6A0,train
P0C6A1,train
P0C6A2,test
P0C6A3,train
P0C6A4,train
P0C6A5,train
P0C6A6,train
P0C6A7,train
P0C6A9,train
P0C6B0,train
P0C6B2,train
P0C6B3,train
P0C6B4,train
P0C6B5,val
P0C6B6,train
P0C6B7,train
P0C6C0,train
P0C6E2,train
P0C6E3,val
P0C6E4,train
P0C6G6,train
P0C6P0,train
P0C6P5,test
P0C6P7,train
P0C6R2,train
P0C6R3,train
P0C6R4,test
P0C6R6,train
P0C6R8,val
P0C6S2,val
P0C6S3,train
P0C6S4,train
P0C6S7,train
P0C6S8,train
P0C6T1,train
P0C6T2,train
P0C6Y7,test
P0C7A0,test
P0C7A1,train
P0C7A3,train
P0C7A6,train
P0C7A8,train
P0C7B0,val
P0C7I1,train
P0C7I2,train
P0C7I6,train
P0C7J7,val
P0C7J8,train
P0C7J9,test
P0C7K0,train
P0C7K1,train
P0C7K2,train
P0C7K3,test
P0C7K5,test
P0C7K6,train
P0C7L0,test
P0C7L1,train
P0C7M3,train
P0C7M4,val
P0C7M6,train
P0C7M7,train
P0C7N0,train
P0C7N2,train
P0C7N8,train
P0C7N9,train
P0C7P0,train
P0C7P2,train
P0C7P3,val
P0C7P5,train
P0C7P6,test
P0C7P9,val
P0C7Q1,train
P0C7Q2,train
P0C7R6,train
P0C7S1,train
P0C7S3,train
P0C7S4,train
P0C7S5,train
P0C7S7,test
P0C7S8,test
P0C7T2,train
P0C7T3,train
P0C7T4,train
P0C7T6,val
P0C7T7,train
P0C7T8,train
P0C7U0,train
P0C7U1,test
P0C7U3,train
P0C7U4,train
P0C7U5,test
P0C7U9,train
P0C7V0,test
P0C7V6,val
P0C7V7,train
P0C7V8,val
P0C7V9,train
P0C7W0,train
P0C7W1,test
P0C7W2,train
P0C7W6,val
P0C7W7,train
P0C7X2,train
P0C7X3,val
P0C7X4,train
P0C828,train
P0C830,val
P0C831,train
P0C833,train
P0C834,val
P0C837,train
P0C841,test
P0C844,train
P0C845,val
P0C846,test
P0C847,train
P0C848,train
P0C849,test
P0C850,train
P0C851,val
P0C853,test
P0C854,val
P0C860,train
P0C862,train
P0C864,train
P0C866,train
P0C869,val
P0C870,train
P0C871,train
P0C872,train
P0C875,train
P0C879,val
P0C880,train
P0C881,test
P0C8A1,train
P0C8A2,test
P0C8A3,train
P0C8A4,train
P0C8A5,train
P0C8A6,test
P0C8A7,train
P0C8A8,train
P0C8A9,train
P0C8B0,test
P0C8B1,train
P0C8B3,train
P0C8B4,train
P0C8B5,val
P0C8E0,test
P0C8E1,test
P0C8E2,train
P0C8E3,train
P0C8E7,train
P0C8E8,train
P0C8E9,train
P0C8F1,train
P0C8K7,val
P0C8L2,val
P0C8L3,test
P0C8L6,train
P0C8L7,train
P0C8L9,test
P0C8M0,train
P0C8M1,val
P0C8M3,train
P0C8M4,train
P0C8N6,train
P0C8R1,test
P0C8R6,train
P0C8R9,train
P0C8S0,train
P0C8S2,train
P0C8S8,train
P0C8T0,val
P0C8T1,train
P0C8T2,train
P0C8T3,test
P0C8T4,train
P0C8T5,train
P0C8T7,test
P0C8T8,val
P0C8T9,val
P0C8U1,train
P0C8U2,val
P0C8U3,test
P0C8U7,train
P0C8U8,train
P0C8V0,val
P0C8V1,train
P0C8V2,train
P0C8V4,train
P0C8V5,train
P0C8V6,train
P0C8V7,val
P0C8V9,train
P0C8W1,test
P0C8W2,val
P0C8W3,val
P0C8W5,train
P0C8W6,train
P0C8X6,train
P0C8X8,train
P0C8X9,train
P0C8Y1,train
P0C8Y2,train
P0C8Y3,train
P0C8Y6,train
P0C8Y7,train
P0C8Z4,test
P0C901,val
P0C903,train
P0C904,train
P0C905,train
P0C906,val
P0C907,train
P0C908,train
P0C909,train
P0C910,train
P0C914,train
P0C915,train
P0C920,train
P0C921,train
P0C927,train
P0C928,train
P0C929,val
P0C930,val
P0C931,train
P0C943,test
P0CAN6,train
P0CAQ6,test
P0CAR1,test
P0CAR9,train
P0CAS0,train
P0CAS4,train
P0CAS7,test
P0CAT2,train
P0CAT3,train
P0CAX4,val
P0CAX8,train
P0CAZ5,test
P0CAZ7,val
P0CB05,train
P0CB10,train
P0CB12,val
P0CB14,val
P0CB15,train
P0CB33,train
P0CB38,test
P0CB42,train
P0CB47,train
P0CB48,train
P0CB49,train
P0CB50,train
P0CB65,train
P0CB79,train
P0CC03,train
P0CC10,train
P0CC13,val
P0CC17,val
P0CC18,test
P0CD67,train
P0CD68,val
P0CD69,train
P0CD70,train
P0CD96,val
P0CE26,val
P0CE29,train
P0CE35,val
P0CE37,train
P0CE38,test
P0CE40,val
P0CE43,train
P0CE67,train
P0CE71,test
P0CE73,train
P0CE75,train
P0CE76,train
P0CE77,train
P0CE78,train
P0CE80,val
P0CF01,train
P0CF03,train
P0CF04,train
P0CF05,train
P0CF38,test
P0CF39,test
P0CF51,train
P0CF52,test
P0CF65,train
P0CF75,train
P0CF77,val
P0CF95,train
P0CF97,train
P0CG00,test
P0CG01,train
P0CG03,test
P0CG09,train
P0CG10,train
P0CG12,train
P0CG14,train
P0CG20,train
P0CG21,test
P0CG22,train
P0CG23,train
P0CG24,train
P0CG25,train
P0CG29,val
P0CG31,test
P0CG32,train
P0CG33,train
P0CG34,train
P0CG36,train
P0CG39,train
P0CG40,train
P0CG45,train
P0CG46,test
P0CG47,train
P0CG54,train
P0CG57,train
P0CG68,val
P0CH12,train
P0CH14,train
P0CH15,train
P0CH16,test
P0CH39,train
P0CH40,train
P0CH42,train
P0CH43,train
P0CH47,train
P0CH48,train
P0CH49,train
P0CH50,train
P0CH51,val
P0CH52,val
P0CH54,train
P0CH55,train
P0CH57,test
P0CH58,train
P0CH70,train
P0CH71,train
P0CH72,test
P0CH77,test
P0CH86,train
P0CH87,train
P0CH95,train
P0CH99,train
P0CI04,train
P0CI05,train
P0CI13,train
P0CI22,train
P0CI24,train
P0CI26,train
P0CI43,train
P0CI44,val
P0CI45,test
P0CI46,train
P0CI47,train
P0CI48,train
P0CI49,train
P0CI50,val
P0CI51,train
P0CI52,train
P0CI54,train
P0CI55,train
P0CI57,train
P0CI58,train
P0CI65,val
P0CI81,train
P0CI82,train
P0CI84,train
P0CI89,train
P0CI90,train
P0CI91,train
P0CI92,train
P0CI93,val
P0CI94,train
P0CI95,test
P0CI96,train
P0CI97,train
P0CI98,train
P0CI99,train
P0CJ01,val
P0CJ02,test
P0CJ03,train
P0CJ04,train
P0CJ05,train
P0CJ06,train
P0CJ07,val
P0CJ08,train
P0CJ09,test
P0CJ10,train
P0CJ11,train
P0CJ12,train
P0CJ13,val
P0CJ14,train
P0CJ15,val
P0CJ16,train
P0CJ18,val
P0CJ19,val
P0CJ23,train
P0CJ24,train
P0CJ27,train
P0CJ31,train
P0CJ32,train
P0CJ34,val
P0CJ36,train
P0CJ37,train
P0CJ38,train
P0CJ39,test
P0CJ45,train
P0CJ62,train
P0CJ68,train
P0CJ70,test
P0CJ71,val
P0CJ72,train
P0CJ73,train
P0CJ74,train
P0CJ76,test
P0CJ77,test
P0CJ78,train
P0CJ79,val
P0CJ87,val
P0CK96,train
P0CK97,train
P0CK98,train
P0CL18,train
P0CL83,train
P0CL85,train
P0CU29,train
P0CU30,train
P0CU39,train
P0CU40,train
P0CU41,train
P0CU42,val
P0CU44,test
P0CU46,train
P0CU47,train
P0CU49,test
P0CU50,train
P0CU51,train
P0CU52,train
P0CV87,val
P0CW03,train
P0CW18,test
P0CW19,train
P0CW21,val
P0CW23,train
P0CW24,train
P0CW27,train
P0CW70,train
P0CY46,train
P0CY60,val
P0CY61,train
P0CY62,train
P0CY63,train
P0CY64,test
P0CY65,train
P0CY73,train
P0CY75,train
P0CY80,train
P0CY83,train
P0CY84,train
P0CY85,train
P0CY86,train
P0CY88,train
P0CZ25,train
P0DH78,train
P0DI80,train
P0DI81,train
P0DI83,train
P0DJ02,train
P0DJ03,train
P0DJ07,train
P0DJ32,train
P0DJ33,train
P0DJ34,train
P0DJ38,train
P0DJ39,val
P0DJ40,train
P0DJ41,test
P0DJ46,test
P0DJ47,train
P0DJ48,train
P0DJ49,train
P0DJ50,train
P0DJ93,train
P0DJA9,train
P0DJC5,train
P0DJC6,train
P0DJC7,test
P0DJD1,test
P0DJD3,train
P0DJE0,train
P0DJE3,train
P0DJE9,train
P0DJF2,train
P0DJF3,train
P0DJF5,train
P0DJG4,train
P0DJH6,train
P0DJH7,test
P0DJH9,train
P0DJI6,train
P0DJI9,train
P0DJJ2,train
P0DJJ9,train
P0DJK1,train
P0DJK4,train
P0DJK5,train
P0DJK6,train
P0DJK7,train
P0DJK8,val
P0DJK9,train
P0DJL5,train
P0DJL6,train
P0DJN7,train
P0DJO3,train
P0DJO4,test
P0DJO5,train
P0DJQ9,train
P0DJR0,train
P0DKB4,train
P0DKB5,train
P0DKB6,train
P0DKL8,train
P0DKL9,train
P0DKM0,train
P0DKM1,test
P0DKM7,train
P0DKN0,train
P0DKN1,train
P0DKN2,train
P0DKN3,train
P0DKP6,train
P0DKP9,val
P0DKQ0,train
P0DKQ1,train
P0DKQ2,train
P0DKQ4,test
P0DKQ5,val
P0DKQ8,train
P0DKQ9,train
P0DKR3,train
P0DKR6,test
P0DKS4,test
P0DKT1,train
P0DKT3,train
P0DKT4,train
P0DKT5,train
P0DKU2,train
P0DKV4,train
P0DKV5,train
P0DKV9,train
P0DKW0,train
P0DKW2,test
P0DKW4,train
P0DKW5,train
P0DKW9,val
P0DKX0,val
P0DKX4,train
P0DKY6,train
P0DKY8,train
P0DKY9,train
P0DKZ3,train
P0DKZ4,train
P0DKZ8,val
P0DL01,train
P0DL02,train
P0DL03,train
P0DL04,test
P0DL05,test
P0DL08,train
P0DL12,train
P0DL22,val
P0DL28,train
P0DL32,val
P0DL33,test
P0DL34,train
P0DL35,train
P0DL36,train
P0DL37,train
P0DL38,test
P0DL39,train
P0DL40,val
P0DL41,train
P0DL42,train
P0DL43,train
P0DL45,train
P0DL47,train
P0DL48,train
P0DL57,train
P0DL60,train
P0DL62,train
P0DL65,train
P0DL66,val
P0DL67,train
P0DL68,test
P0DL71,test
P0DL73,train
P0DL74,train
P0DL75,train
P0DL76,train
P0DL77,val
P0DL78,train
P0DL80,train
P0DL81,train
P0DL82,train
P0DL85,val
P0DM13,train
P0DM14,train
P0DM16,train
P0DM17,test
P0DM18,train
P0DM20,train
P0DM21,train
P0DM22,train
P0DM25,train
P0DM26,train
P0DM27,train
P0DM28,train
P0DM29,train
P0DM30,train
P0DM34,train
P0DM35,test
P0DM38,train
P0DM39,train
P0DM40,train
P0DM44,test
P0DM54,train
P0DM55,train
P0DM56,train
P0DM57,train
P0DM59,train
P0DM60,train
P0DM64,train
P0DM65,train
P0DM66,train
P0DM67,train
P0DM68,train
P0DM69,train
P0DM70,train
P0DM71,train
P0DM72,train
P0DM73,train
P0DM74,train
P0DM75,train
P0DM76,train
P0DM77,train
P0DM82,train
P0DM87,train
P0DM90,test
P0DM97,train
P0DMA1,val
P0DMA2,train
P0DMA3,train
P0DMA4,train
P0DMA8,train
P0DMA9,train
P0DMB1,train
P0DMB2,train
P0DMB3,val
P0DMB4,train
P0DMC0,train
P0DMC1,train
P0DMC2,train
P0DMC3,train
P0DMD2,train
P0DMD3,train
P0DMD5,train
P0DMD6,val
P0DMD7,test
P0DMD8,val
P0DMD9,val
P0DME2,test
P0DME3,train
P0DME4,train
P0DME5,train
P0DME6,train
P0DME7,train
P0DME8,train
P0DME9,train
P0DMF0,train
P0DMF1,train
P0DMF2,train
P0DMF3,train
P0DMF5,train
P0DMF6,train
P0DMF7,train
P0DMF8,test
P0DMF9,train
P0DMG0,train
P0DMI6,train
P0DMI8,train
P0DMI9,train
P0DMJ0,train
P0DMJ2,val
P0DMJ4,train
P0DMJ5,test
P0DMJ6,val
P0DML3,train
P0DML4,val
P0DML7,train
P0DMM8,train
P0DMM9,val
P0DMN7,test
P0DMN8,train
P0DMN9,train
P0DMP0,train
P0DMP2,train
P0DMQ2,train
P0DMQ3,train
P0DMQ4,train
P0DMQ5,train
P0DMQ6,train
P0DMQ9,val
P0DMR1,train
P0DMR3,train
P0DMR6,train
P0DMR8,test
P0DMR9,train
P0DMS2,train
P0DMS3,train
P0DMS5,train
P0DMS7,train
P0DMS8,val
P0DMS9,train
P0DMT0,train
P0DMT2,test
P0DMT3,val
P0DMT4,train
P0DMT6,train
P0DMT8,train
P0DMT9,train
P0DMU3,train
P0DMU9,train
P0DMV4,train
P0DMW2,val
P0DMW3,val
P0DMW5,train
P0DMW7,train
P0DMX0,train
P0DMX9,train
P0DMY2,train
P0DMY5,test
P0DMY7,train
P0DMY8,train
P0DMY9,train
P0DMZ1,train
P0DMZ2,test
P0DMZ4,train
P0DMZ6,train
P0DMZ7,train
P0DMZ9,train
P0DN00,train
P0DN01,train
P0DN02,train
P0DN04,train
P0DN06,test
P0DN07,train
P0DN14,val
P0DN16,test
P0DN25,train
P0DN28,train
P0DN35,train
P0DN36,train
P0DN37,train
P0DN39,train
P0DN40,train
P0DN43,train
P0DN44,train
P0DN45,val
P0DN46,test
P0DN47,train
P0DN49,train
P0DN50,train
P0DN51,test
P0DN52,train
P0DN54,train
P0DN56,val
P0DN58,train
P0DN59,train
P0DN60,train
P0DN63,train
P0DN64,test
P0DN65,train
P0DN80,train
P0DN81,train
P0DN82,train
P0DN83,train
P0DN84,train
P0DN86,val
P0DO92,train
P0DO93,test
P0DO97,train
P0DOA4,train
P0DOB8,train
P0DOB9,val
P0DOC0,train
P0DOC1,val
P0DOC3,train
P0DOC4,val
P0DOC5,train
P0DOC7,train
P0DOC8,train
P0DOV1,train
P0DOV2,train
P0DOW4,train
P0DOW6,train
P0DOX0,train
P0DOX2,train
P0DOX3,train
P0DOX4,train
P0DOX5,val
P0DOX6,train
P0DOX7,val
P0DOX8,train
P0DOY1,test
P0DOY2,train
P0DOY5,train
P0DOZ2,train
P0DOZ3,train
P0DOZ7,val
P0DP01,train
P0DP04,train
P0DP09,val
P0DP11,test
P0DP12,val
P0DP13,train
P0DP14,train
P0DP17,val
P0DP18,train
P0DP36,test
P0DP42,train
P0DP43,train
P0DP47,val
P0DP52,val
P0DP53,train
P0DP54,val
P0DP56,train
P0DP58,train
P0DP59,val
P0DP60,train
P0DP61,train
P0DP72,train
P0DP73,val
P0DP75,train
P0DP76,train
P0DP77,val
P0DP81,test
P0DP88,train
P0DP91,train
P0DP94,train
P0DP95,train
P0DP96,test
P0DP97,train
P0DP98,train
P0DP99,train
P0DPA2,train
P0DPA3,test
P0DPB4,val
P0DPB5,val
P0DPB6,train
P0DPC2,train
P0DPD5,train
P0DPD7,train
P0DPE0,val
P0DPE1,train
P0DPE3,train
P0DPF1,train
P0DPF3,test
P0DPF4,train
P0DPF6,train
P0DPF7,train
P0DPG5,train
P0DPG6,test
P0DPG9,train
P0DPH5,test
P0DPI2,test
P0DPI4,train
P0DPJ2,train
P0DPJ6,train
P0DPJ7,val
P0DPJ8,train
P0DPK0,train
P0DPK2,train
P0DPK8,train
P0DPK9,train
P0DPL1,train
P0DPL2,test
P0DPL3,val
P0DPL4,train
P0DPL5,train
P0DPL6,train
P0DPL7,test
P0DPL8,train
P0DPM0,train
P0DPM1,train
P0DPM2,train
P0DPM3,train
P0DPM4,train
P0DPQ0,test
P0DPQ1,test
P0DPQ2,train
P0DPQ3,val
P0DPQ9,test
P0DPR2,train
P0DPR3,test
P0DPS4,train
P0DPT0,test
P0DPT1,train
P0DPT5,test
P0DPT6,train
P0DPT9,train
P0DPU0,train
P0DPU1,test
P0DPU2,train
P0DPU7,train
P0DPU9,train
P0DPV0,train
P0DPV2,train
P0DPV3,test
P0DPV4,train
P0DPV5,train
P0DPV6,train
P0DPV7,train
P0DPV8,train
P0DPV9,train
P0DPW0,test
P0DPW3,val
P0DPW4,val
P0DPW5,train
P0DPW6,train
P0DPW7,train
P0DPW8,train
P0DPW9,train
P0DPX2,train
P0DPX3,train
P0DPX4,val
P0DPX5,train
P0DPX6,val
P0DPX7,train
P0DPX8,test
P0DPX9,train
P0DPY0,val
P0DPY1,train
P0DPY2,train
P0DPY3,val
P0DPY4,val
P0DPY5,train
P0DPY6,train
P0DPY8,val
P0DPY9,val
P0DPZ0,train
P0DPZ1,train
P0DPZ3,train
P0DPZ4,train
P0DPZ5,train
P0DPZ6,test
P0DPZ7,train
P0DPZ8,train
P0DPZ9,train
P0DQA1,train
P0DQA2,val
P0DQA4,train
P0DQA6,test
P0DQA8,val
P0DQA9,test
P0DQB0,test
P0DQB2,train
P0DQB3,train
P0DQB4,train
P0DQB5,test
P0DQB6,train
P0DQB7,test
P0DQC0,val
P0DQC1,train
P0DQC2,train
P0DQC3,train
P0DQC4,train
P0DQC6,train
P0DQC7,train
P0DQC8,train
P0DQC9,val
P0DQD4,train
P0DQD5,test
P0DQE0,train
P0DQE1,train
P0DQE2,val
P0DQE3,train
P0DQE4,train
P0DQE5,test
P0DQE6,train
P0DQE7,train
P0DQE9,train
P0DQF0,train
P0DQF1,val
P0DQF2,train
P0DQF3,train
P0DQF4,train
P0DQF5,val
P0DQF6,train
P0DQF7,train
P0DQF8,test
P0DQF9,train
P0DQG0,train
P0DQG1,train
P0DQG4,train
P0DQG5,train
P0DQG6,train
P0DQG7,train
P0DQG8,train
P0DQG9,train
P0DQH1,test
P0DQH2,train
P0DQH8,train
P0DQI8,test
P0DQI9,train
P0DQJ0,val
P0DQJ1,train
P0DQJ5,train
P0DQJ6,train
P0DQJ7,train
P0DQJ8,val
P0DQJ9,train
P0DQK1,train
P0DQK2,test
P0DQK4,val
P0DQK5,train
P0DQK6,train
P0DQK7,train
P0DQK8,train
P0DQK9,train
P0DQL1,train
P0DQL2,train
P0DQM6,val
P0DQM7,train
P0DQM8,train
P0DQN1,val
P0DQN2,val
P0DQN4,train
P0DQN5,train
P0DQN8,train
P0DQN9,train
P0DQO0,train
P0DQO1,train
P0DQO2,train
P0DQO3,val
P0DQO4,train
P0DQO5,train
P0DQO6,test
P0DQO7,train
P0DQP0,train
P0DQP5,train
P0DQP8,train
P0DQQ0,train
P0DQQ2,train
P0DQQ4,test
P0DQQ5,train
P0DQQ6,train
P0DQQ7,train
P0DQQ8,val
P0DQQ9,test
P0DQR0,train
P0DQR1,test
P0DQR7,train
P0DQR8,train
P0DQR9,train
P0DQS0,test
P0DQS9,train
P0DQT2,test
P0DQT3,train
P0DQT4,val
P0DQT6,test
P0DQT7,train
P0DQU0,train
P0DQU1,train
P0DQU3,train
P0DQU4,train
P0DQU5,train
P0DQU7,train
P0DQU9,test
P0DQV0,train
P0DQV1,val
P0DQV2,train
P0DQV3,val
P0DQV4,train
P0DQV5,test
P0DQV6,train
P0DQV7,train
P0DQV8,train
P0DQW0,train
P0DQW1,val
P0DQW3,train
P0DQW5,train
P0DQW6,val
P0DQW7,train
P0DQW8,test
P0DQW9,train
P0DQX0,train
P0DQX1,train
P0DQX2,train
P0DQX3,val
P0DQX4,train
P0DQX5,train
P0DQX6,train
P0DQX7,val
P0DQX8,train
P0DQX9,test
P0DQY0,train
P0DQY1,train
P0DQY3,train
P0DQY4,train
P0DQY5,train
P0DQY7,train
P0DQY8,test
P0DQY9,val
P0DQZ2,train
P0DQZ3,test
P0DQZ7,train
P0DQZ9,train
P0DRA0,train
P0DRA2,val
P0DRA4,test
P0DRA5,train
P0DRA7,val
P0DRB0,train
P0DRB1,test
P0DRB2,train
P0DRB5,train
P0DRB6,train
P0DRB7,train
P0DRB8,train
P0DRB9,train
P0DRC5,train
P0DRC6,test
P0DRC7,train
P0DRC9,train
P0DRD0,train
P0DRD2,train
P0DRD3,train
P0DRD4,val
P0DRD5,test
P0DRD6,train
P0DRD7,train
P0DRD9,train
P0DRE0,train
P0DRE1,train
P0DRE6,train
P0DRE8,train
P0DRE9,train
P0DRF0,val
P0DRF1,train
P0DRF2,train
P0DRF3,train
P0DRF4,val
P0DRF5,test
P0DRF6,val
P0DRF7,train
P0DRF8,train
P0DRF9,train
P0DRG0,val
P0DRG1,test
P0DRG2,train
P0DRG3,train
P0DRG4,val
P0DRG5,train
P0DRG6,train
P0DRG7,train
P0DRG8,train
P0DRG9,train
P0DRH0,train
P0DRH1,train
P0DRH2,val
P0DRH3,test
P0DRH4,train
P0DRH5,test
P0DRH6,train
P0DRH8,val
P0DRH9,train
P0DRI0,test
P0DRI1,test
P0DRI2,val
P0DRI3,train
P0DRI4,train
P0DRI5,train
P0DRI6,train
P0DRI7,train
P0DRI8,train
P0DRI9,test
P0DRJ0,train
P0DRJ1,train
P0DRJ2,train
P0DRJ4,test
P0DRJ6,train
P0DRJ9,val
P0DRK1,train
P0DRK4,val
P0DRK5,train
P0DRK6,test
P0DRK7,train
P0DRK8,train
P0DRL1,train
P0DRL2,train
P0DRL4,val
P0DRL5,train
P0DRL6,test
P0DRL7,train
P0DRL8,train
P0DRL9,train
P0DRM0,test
P0DRM1,train
P0DRM2,train
P0DRM3,train
P0DRM4,train
P0DSE0,train
P0DSE1,train
P0DSE2,train
P0DSI2,train
P0DSI3,train
P0DSI4,train
P0DSI5,val
P0DSI6,test
P0DSI7,train
P0DSI8,train
P0DSI9,train
P0DSJ0,train
P0DSJ1,val
P0DSJ2,train
P0DSJ4,test
P0DSJ5,test
P0DSJ6,train
P0DSJ7,val
P0DSJ9,train
P0DSK0,train
P0DSK1,test
P0DSK2,train
P0DSK3,train
P0DSK4,train
P0DSK5,train
P0DSK6,train
P0DSK7,train
P0DSK9,val
P0DSL1,train
P0DSL2,test
P0DSL3,train
P0DSL4,train
P0DSL5,train
P0DSL7,train
P0DSL8,train
P0DSM0,train
P0DSM1,train
P0DSM2,train
P0DSM3,test
P0DSM4,val
P0DSM5,test
P0DSM7,train
P0DSM9,train
P0DSN0,train
P0DSN1,train
P0DSN6,train
P0DSN7,train
P0DSN9,test
P0DSO0,train
P0DSO1,train
P0DSO8,train
P0DSO9,train
P0DSP0,test
P0DSP1,train
P0DTA4,test
P0DTB9,train
P0DTD4,train
P0DTD5,train
P0DTD6,train
P0DTD7,test
P0DTE0,train
P0DTE1,train
P0DTE2,train
P0DTE4,train
P0DTE5,train
P0DTE7,train
P0DTF9,train
P0DTG2,test
P0DTG3,train
P0DTG4,train
P0DTG6,train
P0DTG8,train
P0DTG9,train
P0DTI4,train
P0DTJ2,val
P0DTJ3,test
P0DTJ4,train
P0DTJ5,train
P0DTJ6,test
P0DTJ7,test
P0DTJ8,train
P0DTJ9,train
P0DTK0,train
P0DTL4,train
P0DTL5,train
P0DTL6,train
P0DTL9,test
P0DTM0,train
P0DTM2,test
P0DTM3,train
P0DTS1,val
P0DTT5,val
P0DTT7,train
P0DTT9,val
P0DTU0,val
P0DTU2,train
P0DTU3,train
P0DTU4,train
P0DTU5,train
P0DTU6,train
P0DTU7,train
P0DTU8,train
P0DTU9,train
P0DTV1,train
P0DTV2,test
P0DTV3,val
P0DTV4,train
P0DTV5,train
P0DTV6,test
P0DTW3,val
P0DTX2,test
P0DTX3,test
P0DTX4,test
P0DTX7,train
P0DTY0,test
P0DTY2,train
P0DTY4,test
P0DTY5,train
P0DTY9,train
P0DTZ0,val
P0DTZ1,train
P0DTZ3,train
P0DTZ4,train
P0DTZ5,train
P0DTZ6,train
P0DTZ7,train
P0DUA0,train
P0DUB1,train
P0DUB2,train
P0DUC0,train
P0DUC2,train
P0DUC3,train
P0DUC4,train
P0DUC5,test
P0DUC6,train
P0DUC7,train
P0DUC8,train
P0DUE1,train
P0DUE8,val
P0DUG2,train
P0DUG5,test
P0DUG6,train
P0DUG7,train
P0DUG8,train
P0DUG9,train
P0DUH0,train
P0DUH1,train
P0DUH2,train
P0DUH3,train
P0DUH4,train
P0DUH7,test
P0DUH8,val
P0DUI0,train
P0DUI1,train
P0DUI2,train
P0DUI9,train
P0DUJ5,val
P0DUJ6,train
P0DUK5,train
P0DUK6,train
P0DUK8,train
P0DUN1,train
P0DUN2,train
P0DUP2,train
P0DUP4,train
P0DUP6,train
P0DUP8,train
P0DUQ2,train
P0DUQ3,train
P0DUQ4,train
P0DUQ6,val
P0DUQ7,train
P0DUQ8,train
P0DUQ9,val
P0DUR1,train
P0DUR2,train
P0DUR3,train
P0DUS0,val
P0DUS1,train
P0DUS2,train
P0DUS3,train
P0DUS4,val
P0DUS5,test
P0DUS6,val
P0DUS7,train
P0DUS8,train
P0DUS9,train
P0DUT0,train
P0DUT1,train
P0DUT2,train
P0DUT3,train
P0DUT4,train
P0DUT5,train
P0DUT6,test
P0DUU6,train
P0DUU7,train
P0DUU8,test
P0DUU9,val
P0DUV0,train
P0DUV2,train
P0DUX2,train
P0DUX4,train
P0DUX6,train
P0DUX8,train
P0DUY3,test
P0DUY5,test
P0DUY6,test
P0DUY7,train
P0DUZ1,train
P0DUZ7,train
P0DUZ8,train
P0DV00,train
P0DV01,train
P0DV04,train
P0DV05,val
P0DV10,train
P0DV11,val
P0DV12,train
P0DV13,train
P0DV15,test
P0DV16,train
P0DV17,test
P0DV18,val
P0DV31,train
P0DV60,train
P0DV61,test
P0DV62,test
P0DV63,train
P0DV70,val
P0DV71,train
P0DV72,train
P0DV77,train
P0DV80,val
P0DV95,train
P0DV96,train
P0DW16,train
P0DW17,train
P0DW19,train
P0DW20,train
P0DW21,train
P0DW22,train
P0DW23,test
P0DW24,train
P0DW25,train
P0DW27,train
P0DW28,val
P0DW50,train
P0DW51,train
P0DW72,train
P0DW73,train
P0DW74,train
P0DW81,train
P0DW84,val
P0DW85,train
P0DW88,train
P0DW90,train
P0DW95,train
P0DW96,train
P0DW97,train
P0DW98,test
P0DX02,train
P0DX17,train
P0DX19,train
P0DX30,train
P0DX31,val
P0DX32,train
P0DX33,train
P0DX34,train
P0DX36,train
P0DX37,train
P0DX38,train
P0DX39,train
P0DX46,train
P0DX47,val
P0DX48,train
P0DX49,test
P0DX52,train
P0DX55,train
P0DX56,train
P0DX60,train
P0DX61,train
P0DX64,train
P0DX99,train
P0DXA0,train
P0DXB4,train
P0DXB5,test
P0DXB6,test
P0DXB7,train
P0DXB8,train
P0DXB9,train
P0DXC0,train
P0DXC1,test
P0DXT0,train
P0DXT1,train
P0DXT5,train
P0DXT6,train
P0DXT7,val
P0DXT8,train
P0DXU1,train
P0DXU2,train
P0DXU3,val
P0DXW3,train
P0DXW4,train
P0DXW5,train
P0DXW6,train
P0DXW7,test
P0DXW8,train
P0DXW9,test
P0DXX0,train
P0DXX1,train
P0DXX3,train
P0DXZ6,test
P0DXZ8,test
P0DXZ9,train
P0DY00,test
P0DY01,val
P0DY02,train
P0DY03,train
P0DY15,train
P0DY16,train
P0DY17,test
P0DY18,val
P0DY19,train
P0DY20,train
P0DY21,train
P0DY24,test
P0DY38,test
P0DY39,val
P0DY41,val
P0DY42,train
P0DY55,train
P0DY57,train
P0DY58,train
P0DY81,train
P0DY82,train
P0DY83,test
P0DYA9,train
P0DYB0,train
P0DYB1,train
P0DYB2,val
P0DYB3,train
P0DYB4,val
P10034,train
P10035,train
P10037,test
P10038,train
P10039,train
P10040,train
P10041,train
P10042,train
P10043,train
P10044,train
P10059,train
P10060,train
P10061,train
P10062,train
P10063,train
P10065,test
P10067,test
P10070,train
P10071,test
P10072,train
P10073,train
P10075,train
P10076,train
P10077,train
P10078,val
P10079,test
P10082,train
P10083,test
P10084,val
P10090,train
P10092,train
P10093,train
P10105,train
P10107,train
P10108,test
P10109,train
P10112,test
P10114,train
P10116,train
P10117,train
P10118,train
P10119,train
P10124,train
P10144,train
P10146,train
P10148,train
P10152,train
P10153,train
P10154,train
P10155,val
P10157,train
P10163,train
P10165,train
P10166,train
P10168,train
P10175,train
P10180,test
P10181,test
P10184,train
P10244,train
P10247,test
P10252,train
P10256,train
P10275,train
P10280,train
P10284,test
P10286,train
P10287,val
P10288,train
P10289,train
P10299,test
P10300,train
P10323,val
P10333,test
P10351,train
P10354,train
P10360,train
P10361,train
P10379,val
P10383,test
P10394,train
P10401,train
P10403,train
P10404,train
P10405,train
P10412,val
P10415,train
P10420,val
P10451,val
P10453,test
P10456,train
P10458,train
P10459,train
P10462,train
P10493,val
P10499,train
P10515,test
P10518,test
P10521,train
P10522,test
P10523,train
P10536,train
P10552,train
P10567,test
P10568,train
P10575,test
P10598,train
P10599,val
P10601,train
P10605,train
P10610,train
P10611,train
P10612,val
P10620,train
P10628,val
P10629,val
P10634,train
P10635,train
P10637,train
P10645,test
P10649,train
P10650,val
P10658,test
P10666,test
P10667,train
P10668,val
P10669,val
P10673,train
P10674,train
P10675,train
P10676,test
P10687,train
P10696,train
P10716,train
P10720,train
P10723,train
P10731,train
P10734,val
P10735,train
P10736,train
P10741,train
P10745,train
P10746,train
P10747,train
P10749,train
P10751,test
P10754,train
P10755,train
P10758,val
P10760,train
P10762,train
P10764,train
P10765,train
P10767,val
P10769,train
P10771,test
P10775,test
P10776,test
P10780,val
P10781,train
P10783,test
P10784,val
P10785,val
P10786,train
P10787,test
P10790,train
P10807,train
P10808,train
P10810,train
P10813,test
P10820,train
P10830,test
P10831,test
P10833,train
P10836,train
P10852,train
P10868,train
P10881,test
P10888,train
P10889,train
P10891,val
P10909,test
P10911,train
P10912,train
P10914,train
P10923,val
P10936,val
P10937,val
P10938,test
P10949,train
P10950,val
P10959,train
P10960,train
P10966,test
P10997,val
P10999,train
P11006,train
P11009,train
P11012,test
P11020,val
P11023,test
P11024,train
P11025,val
P11032,train
P11033,train
P11034,train
P11046,train
P11048,train
P11049,train
P11052,train
P11057,val
P11058,train
P11060,train
P11069,train
P11101,train
P11117,train
P11137,train
P11141,train
P11146,train
P11147,train
P11150,train
P11153,val
P11159,test
P11167,val
P11168,train
P11170,train
P11178,train
P11180,test
P11182,train
P11183,train
P11185,test
P11215,train
P11216,train
P11226,train
P11228,train
P11234,train
P11242,train
P11245,train
P11247,train
P11248,train
P11250,test
P11251,train
P11260,train
P11272,val
P11275,train
P11277,train
P11279,train
P11309,train
P11344,train
P11346,train
P11352,train
P11369,train
P11370,train
P11376,test
P11378,train
P11384,val
P11403,train
P11415,train
P11418,train
P11420,train
P11424,train
P11434,test
P11438,train
P11441,test
P11442,train
P11449,train
P11450,train
P11455,train
P11464,train
P11465,train
P11477,train
P11478,val
P11487,train
P11495,train
P11510,val
P11528,train
P11536,train
P11578,train
P11582,train
P11584,train
P11586,train
P11590,train
P11591,test
P11596,train
P11598,train
P11602,val
P11608,train
P11609,train
P11612,val
P11614,train
P11617,train
P11645,test
P11654,val
P11661,train
P11662,train
P11669,train
P11672,train
P11680,train
P11684,train
P11706,train
P11707,train
P11711,train
P11714,train
P11715,train
P11730,train
P11733,val
P11734,test
P11740,train
P11748,train
P11749,train
P11751,train
P11752,train
P11753,train
P11756,train
P11758,train
P11760,test
P11761,train
P11762,train
P11766,val
P11799,train
P11801,train
P11835,train
P11836,train
P11840,train
P11841,test
P11842,train
P11843,train
P11844,val
P11858,train
P11859,test
P11860,val
P11896,val
P11909,train
P11911,train
P11912,train
P11916,test
P11919,train
P11920,train
P11921,train
P11925,train
P11928,train
P11929,train
P11936,train
P11937,train
P11939,train
P11941,train
P11942,train
P11944,test
P11950,train
P11952,train
P11953,train
P11956,val
P11975,train
P11979,train
P11982,val
P11985,train
P11991,test
P11992,train
P11993,train
P11994,train
P11995,train
P11996,test
P11997,test
P12018,test
P12020,test
P12024,train
P12027,train
P12032,train
P12034,train
P12035,val
P12036,test
P12064,val
P12065,val
P12068,train
P12074,train
P12080,train
P12081,test
P12082,test
P12100,test
P12101,train
P12104,val
P12106,train
P12108,val
P12110,train
P12114,train
P12115,test
P12226,train
P12246,test
P12252,train
P12258,train
P12259,train
P12261,train
P12262,train
P12263,train
P12265,test
P12271,train
P12273,test
P12274,train
P12275,test
P12277,train
P12278,train
P12279,train
P12285,train
P12297,train
P12303,train
P12309,val
P12314,train
P12319,train
P12323,train
P12336,train
P12337,train
P12342,train
P12346,val
P12348,train
P12349,val
P12368,val
P12370,train
P12371,train
P12387,train
P12388,train
P12389,train
P12394,test
P12399,test
P12400,train
P12401,train
P12402,val
P12417,train
P12426,test
P12428,train
P12429,train
P12524,train
P12525,test
P12530,train
P12532,test
P12544,val
P12546,train
P12548,train
P12607,test
P12613,val
P12617,train
P12633,train
P12645,train
P12646,train
P12656,train
P12660,train
P12661,test
P12675,test
P12696,train
P12697,train
P12702,train
P12704,val
P12707,train
P12708,train
P12710,train
P12760,train
P12763,train
P12764,test
P12771,train
P12772,train
P12773,train
P12774,val
P12775,train
P12776,val
P12777,train
P12778,train
P12788,train
P12789,train
P12790,train
P12791,train
P12797,train
P12799,train
P12804,train
P12812,train
P12815,train
P12818,train
P12820,train
P12821,train
P12822,train
P12837,train
P12839,test
P12842,train
P12843,train
P12844,train
P12845,train
P12847,train
P12849,train
P12855,val
P12856,val
P12864,train
P12881,train
P12890,train
P12902,train
P12931,train
P12938,train
P12939,train
P12956,train
P12957,test
P12965,test
P12966,train
P12967,train
P12969,train
P12970,test
P12980,val
P12982,train
P12992,val
P13002,test
P13007,test
P13008,test
P13010,train
P13049,train
P13051,test
P13054,test
P13055,test
P13073,train
P13080,train
P13083,val
P13095,val
P13096,train
P13097,train
P13098,train
P13107,train
P13116,train
P13164,train
P13183,train
P13184,train
P13189,train
P13190,train
P13196,train
P13205,test
P13206,train
P13207,train
P13208,val
P13211,val
P13217,val
P13222,test
P13224,train
P13229,test
P13230,train
P13232,train
P13234,val
P13238,train
P13241,val
P13263,train
P13273,train
P13274,val
P13275,test
P13276,train
P13277,train
P13280,train
P13284,val
P13350,val
P13351,train
P13360,test
P13361,val
P13366,train
P13369,val
P13373,train
P13379,train
P13386,train
P13388,train
P13420,test
P13424,train
P13425,train
P13426,val
P13427,train
P13428,train
P13432,train
P13438,train
P13439,train
P13468,train
P13469,train
P13473,train
P13487,train
P13488,test
P13492,val
P13494,test
P13496,train
P13498,train
P13500,val
P13501,train
P13504,test
P13508,train
P13516,train
P13525,val
P13527,test
P13528,train
P13532,val
P13545,train
P13562,train
P13563,test
P13566,train
P13578,val
P13579,train
P13582,train
P13584,test
P13589,train
P13590,val
P13595,test
P13597,val
P13598,train
P13601,train
P13607,train
P13609,train
P13612,train
P13613,val
P13618,val
P13619,train
P13620,test
P13631,train
P13634,test
P13642,val
P13645,train
P13646,train
P13647,train
P13648,test
P13666,train
P13667,test
P13668,train
P13671,train
P13673,train
P13674,test
P13675,train
P13676,train
P13677,train
P13678,train
P13679,train
P13682,test
P13684,train
P13686,test
P13688,train
P13693,val
P13698,test
P13701,val
P13705,train
P13707,train
P13709,train
P13716,train
P13724,train
P13725,test
P13726,train
P13727,train
P13728,val
P13729,val
P13730,train
P13731,train
P13732,train
P13736,train
P13737,train
P13745,val
P13752,train
P13753,train
P13762,train
P13786,train
P13787,train
P13789,test
P13797,val
P13804,train
P13805,train
P13808,val
P13839,test
P13854,val
P13861,train
P13864,test
P13866,train
P13903,test
P13904,train
P13908,val
P13909,train
P13913,val
P13914,train
P13926,train
P13928,val
P13941,train
P13943,train
P13945,train
P13952,train
P13985,train
P13994,train
P13995,train
P14000,train
P14003,train
P14004,train
P14018,train
P14019,val
P14046,test
P14056,test
P14059,train
P14069,train
P14082,test
P14083,train
P14087,val
P14088,train
P14091,train
P14093,train
P14094,train
P14095,train
P14097,train
P14100,val
P14115,train
P14131,train
P14137,val
P14138,train
P14148,val
P14154,train
P14173,train
P14174,val
P14188,train
P14202,test
P14207,train
P14209,train
P14210,train
P14214,train
P14216,test
P14220,val
P14221,train
P14222,train
P14238,train
P14261,val
P14287,train
P14296,train
P14297,train
P14309,train
P14314,val
P14315,val
P14317,train
P14318,train
P14324,val
P14380,val
P14381,val
P14388,train
P14393,train
P14394,val
P14399,train
P14402,train
P14404,test
P14406,train
P14410,test
P14413,val
P14414,train
P14415,val
P14419,test
P14420,train
P14421,train
P14423,train
P14426,train
P14427,train
P14429,train
P14430,train
P14432,train
P14439,train
P14448,train
P14480,test
P14484,train
P14520,test
P14521,train
P14522,train
P14523,train
P14525,train
P14526,train
P14527,train
P14528,test
P14533,train
P14534,train
P14543,train
P14550,train
P14555,train
P14562,val
P14569,test
P14570,val
P14573,train
P14574,train
P14576,train
P14579,test
P14580,val
P14581,train
P14585,train
P14590,train
P14591,test
P14595,train
P14596,train
P14599,train
P14600,test
P14607,train
P14612,test
P14615,test
P14616,train
P14620,val
P14626,train
P14628,val
P14629,train
P14632,train
P14635,train
P14639,train
P14651,val
P14652,train
P14661,test
P14662,train
P14666,train
P14672,test
P14676,val
P14678,test
P14685,val
P14708,train
P14719,test
P14731,test
P14732,train
P14733,train
P14734,val
P14735,train
P14745,train
P14750,train
P14754,train
P14755,train
P14769,val
P14770,train
P14773,train
P14778,train
P14780,train
P14781,val
P14784,train
P14785,train
P14787,train
P14790,test
P14791,train
P14805,train
P14821,train
P14822,train
P14837,test
P14840,val
P14841,train
P14842,train
P14844,train
P14847,train
P14858,train
P14859,train
P14872,train
P14893,train
P14901,val
P14902,train
P14920,train
P14921,train
P14923,val
P14925,train
P14943,train
P14944,test
P14950,train
P14956,train
P15007,train
P15018,test
P15036,train
P15063,train
P15083,train
P15085,test
P15086,test
P15088,train
P15089,train
P15101,val
P15107,train
P15119,train
P15120,val
P15121,val
P15122,val
P15127,test
P15128,train
P15131,val
P15144,train
P15145,val
P15149,train
P15153,train
P15156,val
P15159,val
P15161,val
P15162,train
P15164,test
P15169,val
P15170,train
P15172,train
P15175,train
P15178,train
P15196,train
P15203,train
P15206,train
P15210,train
P15211,train
P15215,val
P15216,train
P15217,train
P15220,train
P15221,train
P15223,train
P15224,test
P15225,train
P15229,train
P15230,train
P15242,train
P15247,test
P15248,train
P15253,train
P15259,val
P15260,train
P15261,train
P15262,train
P15265,train
P15278,train
P15285,train
P15287,train
P15289,train
P15291,train
P15304,train
P15306,train
P15307,train
P15308,val
P15309,train
P15328,train
P15330,val
P15336,train
P15337,train
P15340,test
P15343,val
P15348,val
P15364,train
P15370,test
P15372,train
P15374,val
P15375,train
P15379,train
P15384,test
P15385,train
P15391,test
P15393,train
P15396,train
P15399,train
P15407,train
P15410,test
P15421,train
P15425,test
P15428,train
P15429,train
P15431,train
P15444,test
P15450,val
P15464,val
P15468,train
P15469,train
P15471,train
P15501,val
P15502,test
P15503,train
P15504,train
P15505,val
P15506,train
P15507,val
P15509,train
P15513,train
P15514,test
P15515,train
P15516,test
P15522,train
P15529,train
P15530,train
P15531,test
P15533,test
P15535,train
P15540,train
P15541,val
P15544,train
P15545,train
P15546,test
P15547,test
P15548,train
P15549,train
P15550,train
P15551,train
P15552,train
P15553,test
P15554,train
P15566,train
P15575,test
P15586,train
P15589,test
P15619,train
P15620,train
P15621,train
P15622,train
P15626,test
P15651,train
P15656,train
P15684,val
P15690,test
P15691,train
P15692,train
P15693,train
P15696,train
P15697,val
P15702,train
P15720,train
P15743,train
P15771,test
P15781,train
P15782,train
P15783,test
P15785,train
P15786,train
P15796,test
P15812,train
P15814,train
P15815,train
P15816,train
P15818,train
P15844,train
P15845,val
P15861,train
P15862,train
P15863,train
P15864,train
P15866,train
P15869,train
P15870,train
P15887,train
P15907,test
P15919,val
P15920,train
P15923,val
P15941,test
P15944,train
P15946,train
P15947,train
P15948,train
P15949,train
P15954,test
P15957,train
P15964,train
P15967,train
P15969,val
P15972,train
P15973,train
P15974,train
P15975,train
P15976,test
P15978,test
P15979,train
P15980,train
P15983,test
P15988,train
P15995,train
P15996,train
P15997,train
P16014,train
P16015,val
P16026,train
P16035,val
P16036,train
P16038,val
P16039,train
P16041,train
P16042,val
P16043,val
P16044,test
P16047,test
P16052,train
P16053,train
P16058,train
P16065,train
P16066,train
P16070,val
P16076,train
P16104,test
P16108,test
P16109,train
P16110,test
P16116,train
P16118,train
P16144,val
P16150,train
P16152,val
P16163,train
P16170,train
P16176,train
P16221,train
P16222,val
P16223,train
P16224,train
P16225,train
P16226,test
P16229,train
P16230,train
P16232,val
P16233,test
P16236,train
P16237,train
P16240,train
P16241,train
P16242,test
P16253,val
P16254,train
P16264,val
P16275,train
P16276,train
P16277,test
P16283,test
P16284,train
P16291,val
P16292,train
P16294,train
P16297,train
P16298,train
P16301,test
P16305,train
P16309,train
P16310,train
P16311,train
P16320,train
P16330,train
P16338,train
P16339,test
P16340,train
P16353,train
P16354,train
P16369,train
P16371,train
P16372,train
P16373,train
P16374,train
P16375,train
P16376,train
P16382,train
P16383,train
P16386,val
P16389,train
P16391,test
P16393,test
P16395,val
P16402,train
P16403,test
P16406,train
P16410,train
P16413,train
P16414,train
P16415,train
P16417,train
P16418,train
P16419,train
P16423,train
P16424,train
P16425,train
P16435,train
P16442,train
P16443,test
P16444,train
P16452,train
P16453,test
P16455,train
P16463,train
P16464,train
P16469,val
P16471,train
P16476,train
P16501,test
P16519,train
P16527,train
P16537,test
P16548,train
P16549,val
P16554,train
P16562,train
P16563,train
P16568,train
P16573,train
P16580,val
P16581,val
P16582,train
P16586,val
P16589,train
P16591,test
P16598,val
P16612,train
P16620,train
P16621,train
P16627,train
P16641,test
P16662,train
P16671,train
P16672,train
P16673,train
P16675,train
P16708,train
P16854,train
P16859,val
P16860,val
P16863,test
P16864,train
P16870,train
P16872,train
P16878,train
P16882,train
P16884,train
P16887,train
P16889,train
P16895,train
P16905,train
P16909,test
P16911,test
P16912,train
P16914,test
P16924,train
P16970,train
P16973,test
P16989,train
P17010,train
P17014,train
P17017,test
P17019,train
P17021,train
P17022,train
P17024,train
P17027,test
P17028,val
P17030,test
P17031,train
P17032,train
P17035,train
P17036,test
P17038,train
P17039,train
P17040,train
P17046,train
P17047,train
P17050,test
P17066,train
P17074,val
P17081,train
P17095,test
P17098,test
P17108,train
P17110,train
P17111,train
P17124,train
P17130,val
P17133,val
P17139,train
P17140,val
P17141,train
P17152,train
P17153,train
P17164,train
P17177,val
P17178,train
P17181,train
P17200,train
P17207,train
P17208,train
P17209,train
P17210,train
P17213,train
P17219,test
P17220,val
P17221,test
P17225,train
P17231,test
P17232,test
P17234,train
P17235,test
P17236,test
P17237,train
P17238,train
P17246,val
P17247,train
P17251,test
P17256,train
P17257,train
P17267,val
P17268,val
P17276,val
P17277,train
P17278,test
P17289,train
P17301,train
P17306,train
P17326,train
P17329,train
P17331,train
P17336,train
P17346,train
P17350,train
P17404,train
P17405,train
P17426,train
P17431,train
P17437,train
P17439,train
P17453,val
P17454,val
P17475,test
P17481,test
P17486,train
P17487,val
P17488,test
P17502,train
P17506,train
P17508,train
P17511,train
P17512,train
P17515,train
P17532,train
P17533,train
P17534,train
P17540,train
P17544,train
P17554,train
P17559,train
P17560,train
P17564,train
P17605,train
P17607,train
P17630,val
P17634,train
P17635,train
P17636,train
P17644,train
P17656,train
P17657,train
P17665,train
P17666,train
P17667,train
P17668,val
P17671,train
P17672,train
P17676,train
P17677,test
P17678,test
P17681,train
P17684,train
P17685,train
P17690,val
P17691,train
P17696,train
P17697,train
P17704,train
P17706,test
P17713,test
P17715,train
P17716,val
P17717,train
P17719,train
P17720,train
P17726,train
P17735,train
P17752,train
P17777,train
P17785,train
P17789,train
P17790,train
P17803,train
P17808,train
P17813,test
P17842,test
P17852,test
P17861,train
P17886,train
P17919,train
P17926,train
P17927,train
P17931,train
P17934,test
P17936,train
P17941,train
P17948,train
P17955,train
P17970,test
P17971,train
P17972,train
P17977,train
P17981,test
P17988,test
P18031,train
P18053,train
P18054,test
P18063,train
P18080,train
P18085,test
P18087,test
P18089,train
P18101,val
P18104,train
P18105,train
P18106,train
P18107,test
P18108,test
P18110,val
P18111,val
P18119,train
P18121,test
P18137,test
P18144,val
P18145,val
P18153,test
P18165,train
P18167,test
P18168,train
P18169,train
P18170,train
P18171,test
P18172,val
P18174,train
P18175,train
P18181,train
P18202,val
P18206,train
P18207,train
P18208,train
P18211,train
P18241,test
P18248,train
P18252,val
P18254,train
P18257,test
P18264,train
P18266,train
P18276,train
P18283,train
P18287,test
P18289,val
P18291,train
P18292,train
P18294,train
P18297,train
P18301,test
P18302,train
P18312,train
P18313,train
P18320,train
P18321,train
P18328,val
P18329,train
P18334,train
P18337,train
P18340,train
P18405,val
P18419,train
P18425,val
P18426,val
P18427,train
P18428,train
P18430,train
P18431,train
P18432,train
P18434,train
P18435,test
P18438,train
P18440,test
P18444,train
P18459,train
P18460,train
P18466,train
P18467,test
P18468,train
P18470,train
P18475,train
P18486,train
P18487,train
P18488,train
P18489,train
P18491,test
P18502,train
P18509,test
P18512,train
P18514,train
P18516,train
P18519,train
P18520,val
P18523,train
P18524,train
P18527,test
P18528,train
P18529,train
P18530,train
P18531,train
P18532,test
P18533,train
P18564,val
P18572,train
P18577,val
P18588,train
P18590,val
P18597,train
P18598,train
P18605,val
P18606,train
P18608,train
P18619,train
P18621,train
P18625,train
P18626,test
P18627,train
P18645,test
P18648,test
P18649,train
P18650,train
P18652,train
P18653,train
P18658,train
P18659,train
P18660,train
P18665,train
P18669,test
P18685,train
P18687,train
P18691,train
P18707,train
P18708,train
P18709,val
P18714,train
P18725,train
P18745,test
P18748,train
P18755,train
P18761,test
P18824,train
P18825,train
P18827,train
P18828,val
P18829,val
P18831,train
P18832,train
P18833,train
P18834,train
P18835,train
P18839,test
P18844,train
P18845,val
P18848,val
P18850,train
P18858,train
P18860,train
P18861,train
P18870,train
P18871,train
P18887,val
P18889,train
P18892,train
P18893,test
P18894,test
P18897,train
P18908,train
P18909,train
P18915,train
P18917,val
P18926,train
P18930,test
P18931,val
P18932,train
P18935,train
P18937,train
P18938,train
P18939,train
P18940,test
P18941,train
P18942,val
P18943,train
P18946,val
P18947,train
P18948,val
P18959,train
P18964,train
P18968,val
P18969,val
P18974,train
P18975,train
P18978,test
P18981,train
P18986,test
P18987,test
P18990,train
P18993,train
P19000,train
P19001,train
P19003,val
P19004,train
P19006,test
P19007,train
P19012,test
P19013,train
P19014,train
P19016,train
P19018,train
P19035,train
P19039,train
P19069,train
P19070,train
P19090,train
P19091,train
P19093,train
P19098,test
P19100,train
P19109,train
P19111,train
P19114,train
P19121,val
P19130,train
P19134,train
P19139,train
P19150,train
P19159,train
P19179,val
P19180,train
P19204,val
P19208,test
P19217,test
P19218,train
P19223,test
P19224,train
P19225,train
P19228,train
P19235,train
P19236,train
P19238,train
P19246,test
P19253,test
P19256,val
P19313,train
P19320,test
P19332,train
P19333,train
P19334,train
P19336,train
P19351,train
P19360,test
P19364,test
P19375,train
P19377,train
P19382,train
P19388,test
P19397,train
P19398,test
P19399,train
P19400,train
P19402,val
P19419,train
P19425,test
P19427,train
P19437,train
P19438,train
P19439,train
P19442,train
P19448,train
P19453,val
P19467,train
P19468,train
P19469,train
P19473,train
P19474,train
P19477,train
P19488,train
P19490,val
P19491,test
P19492,train
P19493,train
P19517,train
P19518,train
P19525,train
P19527,train
P19532,train
P19536,train
P19538,train
P19540,train
P19600,val
P19602,train
P19605,train
P19606,test
P19614,train
P19615,val
P19616,train
P19619,train
P19622,train
P19626,train
P19627,test
P19629,train
P19630,train
P19631,train
P19633,train
P19637,train
P19639,train
P19651,train
P19652,val
P19660,train
P19661,test
P19686,train
P19687,val
P19708,train
P19753,train
P19757,train
P19761,train
P19782,train
P19785,train
P19789,val
P19794,train
P19799,train
P19801,test
P19802,train
P19813,train
P19814,test
P19823,train
P19826,train
P19827,val
P19831,val
P19835,train
P19836,train
P19838,test
P19850,train
P19851,train
P19852,val
P19853,train
P19856,train
P19857,train
P19859,train
P19863,val
P19872,test
P19874,train
P19875,train
P19876,val
P19878,train
P19884,val
P19890,train
P19939,train
P19941,val
P19957,val
P19958,train
P19962,train
P19965,test
P19966,val
P19967,train
P19969,train
P19971,train
P19973,test
P19974,train
P19987,train
P19988,train
P19989,test
P19990,train
P19991,train
P19999,val
P20000,train
P20007,test
P20009,train
P20023,test
P20028,test
P20036,train
P20037,train
P20056,test
P20058,test
P20059,train
P20060,train
P20061,train
P20062,val
P20065,train
P20068,train
P20072,train
P20096,train
P20097,train
P20105,test
P20109,train
P20111,train
P20132,train
P20135,val
P20136,train
P20138,train
P20146,train
P20151,train
P20153,train
P20154,train
P20155,train
P20160,val
P20163,train
P20164,test
P20165,train
P20192,train
P20193,train
P20226,train
P20227,train
P20228,val
P20229,train
P20232,train
P20236,train
P20239,train
P20240,train
P20241,train
P20245,train
P20247,train
P20249,test
P20250,val
P20253,val
P20254,train
P20257,train
P20258,train
P20259,val
P20262,train
P20263,train
P20265,train
P20268,train
P20269,train
P20270,train
P20271,test
P20287,train
P20310,train
P20333,val
P20334,train
P20340,train
P20348,train
P20350,test
P20351,test
P20352,train
P20353,train
P20357,val
P20373,train
P20374,test
P20385,train
P20391,train
P20396,train
P20397,train
P20398,train
P20404,train
P20421,train
P20428,train
P20439,train
P20456,val
P20462,train
P20477,train
P20478,train
P20480,train
P20481,train
P20482,train
P20483,train
P20489,train
P20490,train
P20491,test
P20585,train
P20594,train
P20607,train
P20613,train
P20614,train
P20615,test
P20616,train
P20617,train
P20631,train
P20648,train
P20650,val
P20662,train
P20664,train
P20675,train
P20678,train
P20689,train
P20690,train
P20693,train
P20695,train
P20701,train
P20702,val
P20711,train
P20715,train
P20718,train
P20719,test
P20727,test
P20730,test
P20735,train
P20736,train
P20740,train
P20742,train
P20749,train
P20756,test
P20757,test
P20758,val
P20759,test
P20760,train
P20761,train
P20762,train
P20763,val
P20764,train
P20766,val
P20767,train
P20768,train
P20782,val
P20784,train
P20785,train
P20786,val
P20789,train
P20792,val
P20794,val
P20800,train
P20808,train
P20810,train
P20811,train
P20813,train
P20814,train
P20815,train
P20816,train
P20821,train
P20822,val
P20825,val
P20827,val
P20828,train
P20829,val
P20848,test
P20851,train
P20852,train
P20854,train
P20855,train
P20863,train
P20897,val
P20905,train
P20908,val
P20911,train
P20912,train
P20934,train
P20937,train
P20938,val
P20944,train
P20959,train
P20961,val
P20968,test
P20974,train
P21109,train
P21127,train
P21128,test
P21129,train
P21137,train
P21140,test
P21141,test
P21142,train
P21143,val
P21145,train
P21146,test
P21150,train
P21180,train
P21183,val
P21187,train
P21188,test
P21198,train
P21199,train
P21213,train
P21249,train
P21250,train
P21259,train
P21263,test
P21265,train
P21271,train
P21278,train
P21279,train
P21283,train
P21300,train
P21327,train
P21328,test
P21329,train
P21330,train
P21331,train
P21350,test
P21352,test
P21376,train
P21380,val
P21398,train
P21440,train
P21448,train
P21449,train
P21450,train
P21452,train
P21460,test
P21461,train
P21462,val
P21506,val
P21518,val
P21519,train
P21520,val
P21521,test
P21522,val
P21525,val
P21531,val
P21541,train
P21551,train
P21556,train
P21563,train
P21564,train
P21570,val
P21571,val
P21572,train
P21573,train
P21574,train
P21575,train
P21581,train
P21583,train
P21591,train
P21612,test
P21613,train
P21614,val
P21617,train
P21619,train
P21642,train
P21654,train
P21658,train
P21660,train
P21663,train
P21664,train
P21671,train
P21673,train
P21675,test
P21692,train
P21702,test
P21708,test
P21709,train
P21711,train
P21730,train
P21741,train
P21748,train
P21749,val
P21752,train
P21754,train
P21755,train
P21756,test
P21757,train
P21758,train
P21760,train
P21769,train
P21779,train
P21781,train
P21786,train
P21788,val
P21789,train
P21797,val
P21798,train
P21803,train
P21804,train
P21805,train
P21807,train
P21808,test
P21810,train
P21812,train
P21814,train
P21815,train
P21816,train
P21819,train
P21828,train
P21841,test
P21842,train
P21845,val
P21850,train
P21854,test
P21855,val
P21856,val
P21859,train
P21872,train
P21894,train
P21895,train
P21901,train
P21902,train
P21910,train
P21914,test
P21916,train
P21917,train
P21918,train
P21919,train
P21932,test
P21937,train
P21941,val
P21952,test
P21956,train
P21958,train
P21964,train
P21980,train
P21995,test
P21996,val
P22006,train
P22029,train
P22030,train
P22031,train
P22032,train
P22033,train
P22057,train
P22058,train
P22061,train
P22063,train
P22069,train
P22071,val
P22074,val
P22075,train
P22079,train
P22085,train
P22087,test
P22091,val
P22102,test
P22103,train
P22122,train
P22128,train
P22182,train
P22223,train
P22227,train
P22232,train
P22265,train
P22269,test
P22270,test
P22272,train
P22273,train
P22282,val
P22283,train
P22288,train
P22293,val
P22297,train
P22304,train
P22307,test
P22309,train
P22311,train
P22312,train
P22314,val
P22315,train
P22316,train
P22323,train
P22325,train
P22327,train
P22328,train
P22329,train
P22331,test
P22334,test
P22352,train
P22361,train
P22362,train
P22387,train
P22388,train
P22389,val
P22395,train
P22396,train
P22397,val
P22398,train
P22412,test
P22413,train
P22415,train
P22439,train
P22444,train
P22449,train
P22454,test
P22455,train
P22456,train
P22457,train
P22458,train
P22460,train
P22464,train
P22465,train
P22466,train
P22468,train
P22469,test
P22488,train
P22492,train
P22518,test
P22528,train
P22531,train
P22544,test
P22557,train
P22570,val
P22574,test
P22600,train
P22612,train
P22613,test
P22642,val
P22646,train
P22648,train
P22673,train
P22674,test
P22680,train
P22681,test
P22688,train
P22689,train
P22690,train
P22691,train
P22695,train
P22711,train
P22717,val
P22724,train
P22728,train
P22734,train
P22743,train
P22745,train
P22748,train
P22749,train
P22757,train
P22758,train
P22760,train
P22761,test
P22762,train
P22765,train
P22766,val
P22777,train
P22781,train
P22789,train
P22790,train
P22792,train
P22793,train
P22794,train
P22797,train
P22800,train
P22807,train
P22808,train
P22809,train
P22810,train
P22812,train
P22813,train
P22814,test
P22815,val
P22816,train
P22817,val
P22829,train
P22831,train
P22845,train
P22858,train
P22888,test
P22889,train
P22890,train
P22891,train
P22893,train
P22894,test
P22897,train
P22923,train
P22933,train
P22934,train
P22942,train
P22952,train
P22969,test
P22974,train
P22977,val
P22978,train
P22979,val
P22980,train
P22981,train
P23004,train
P23005,train
P23017,val
P23018,train
P23019,train
P23023,train
P23025,train
P23026,test
P23027,train
P23028,train
P23035,train
P23038,train
P23063,val
P23083,test
P23088,test
P23108,train
P23117,train
P23118,test
P23126,val
P23128,train
P23132,train
P23142,train
P23170,train
P23194,val
P23206,test
P23216,test
P23226,test
P23227,test
P23228,train
P23229,train
P23239,train
P23241,train
P23257,train
P23258,train
P23260,test
P23265,train
P23266,train
P23267,val
P23268,train
P23269,train
P23270,train
P23271,train
P23272,val
P23273,train
P23274,val
P23275,val
P23276,train
P23280,train
P23284,test
P23298,train
P23299,train
P23323,train
P23327,val
P23336,train
P23352,train
P23356,train
P23359,test
P23362,test
P23368,test
P23377,train
P23378,train
P23389,train
P23414,test
P23415,train
P23435,train
P23437,test
P23440,train
P23442,train
P23457,train
P23459,train
P23463,train
P23465,train
P23467,val
P23475,train
P23487,train
P23488,train
P23490,test
P23491,test
P23492,train
P23497,train
P23498,train
P23499,train
P23505,train
P23507,train
P23508,train
P23510,test
P23512,test
P23514,test
P23515,train
P23543,test
P23544,train
P23562,train
P23563,train
P23570,train
P23572,test
P23573,train
P23574,train
P23578,val
P23589,train
P23604,train
P23605,train
P23610,test
P23611,train
P23612,train
P23613,train
P23614,train
P23625,train
P23633,train
P23634,test
P23640,train
P23645,val
P23647,val
P23650,train
P23654,train
P23668,train
P23678,train
P23680,train
P23682,train
P23685,test
P23693,test
P23696,test
P23699,train
P23711,train
P23726,val
P23729,train
P23731,train
P23735,train
P23738,val
P23739,train
P23740,val
P23741,val
P23757,train
P23758,val
P23767,val
P23768,train
P23770,train
P23772,train
P23773,train
P23775,test
P23779,val
P23780,train
P23785,train
P23790,val
P23791,val
P23792,train
P23798,test
P23800,train
P23803,train
P23804,train
P23805,train
P23806,train
P23812,train
P23813,val
P23820,train
P23824,train
P23834,train
P23881,train
P23897,train
P23913,train
P23919,train
P23934,train
P23935,val
P23938,train
P23943,train
P23944,train
P23949,val
P23953,train
P23965,train
P23975,train
P23999,val
P24001,train
P24014,val
P24028,train
P24045,val
P24046,train
P24047,train
P24052,val
P24053,train
P24054,train
P24055,train
P24056,train
P24057,val
P24063,val
P24071,train
P24090,train
P24156,val
P24158,val
P24159,train
P24160,val
P24161,train
P24243,train
P24257,val
P24268,train
P24271,train
P24275,train
P24288,train
P24291,test
P24292,train
P24293,test
P24294,train
P24298,train
P24310,test
P24329,test
P24333,test
P24336,train
P24338,train
P24342,train
P24343,train
P24344,train
P24346,val
P24347,train
P24348,train
P24349,train
P24350,train
P24363,train
P24385,test
P24386,train
P24387,train
P24390,train
P24392,train
P24393,train
P24394,train
P24399,train
P24405,train
P24408,train
P24453,val
P24454,test
P24455,train
P24457,val
P24460,train
P24461,train
P24462,train
P24463,train
P24464,train
P24470,train
P24471,test
P24472,train
P24473,train
P24479,test
P24480,test
P24485,train
P24490,train
P24491,train
P24492,train
P24494,train
P24498,test
P24503,train
P24505,val
P24506,train
P24507,train
P24510,train
P24511,train
P24512,train
P24513,train
P24514,test
P24515,train
P24516,train
P24522,train
P24524,test
P24526,train
P24528,train
P24529,train
P24540,train
P24541,train
P24549,val
P24551,train
P24558,train
P24585,test
P24587,train
P24588,val
P24591,train
P24592,train
P24594,train
P24603,train
P24604,val
P24608,train
P24628,train
P24642,train
P24662,train
P24663,test
P24699,val
P24700,val
P24706,train
P24708,train
P24709,train
P24710,train
P24711,train
P24712,train
P24713,val
P24714,train
P24721,train
P24722,train
P24727,train
P24733,train
P24775,train
P24776,val
P24777,test
P24778,train
P24781,train
P24785,train
P24787,train
P24789,train
P24793,train
P24799,train
P24800,train
P24802,train
P24807,train
P24815,val
P24816,test
P24821,train
P24822,train
P24823,train
P24853,train
P24855,train
P24861,train
P24862,train
P24863,train
P24864,train
P24873,train
P24874,test
P24875,train
P24876,train
P24877,val
P24878,train
P24879,train
P24880,train
P24881,train
P24882,train
P24883,train
P24884,test
P24885,train
P24887,train
P24888,train
P24889,train
P24890,train
P24891,train
P24892,train
P24893,train
P24895,train
P24896,val
P24898,train
P24899,train
P24948,val
P24949,train
P24951,train
P24952,train
P24956,val
P24962,train
P24971,train
P24972,val
P24974,train
P24975,train
P24976,test
P24979,train
P24981,train
P24982,test
P24983,train
P24995,train
P24996,val
P24997,test
P24998,train
P25000,train
P25001,train
P25003,train
P25004,train
P25005,train
P25007,train
P25021,train
P25022,train
P25025,train
P25028,val
P25030,train
P25033,train
P25035,train
P25063,train
P25066,train
P25068,test
P25085,test
P25086,train
P25089,train
P25090,val
P25092,train
P25093,train
P25094,train
P25095,train
P25099,val
P25100,train
P25102,test
P25105,train
P25107,val
P25108,train
P25110,test
P25115,test
P25117,train
P25118,train
P25119,train
P25127,val
P25140,train
P25153,train
P25155,train
P25157,train
P25158,val
P25159,val
P25160,train
P25161,val
P25162,train
P25165,train
P25167,train
P25169,test
P25171,train
P25172,train
P25183,train
P25188,val
P25205,train
P25208,train
P25210,val
P25227,train
P25228,train
P25230,train
P25233,train
P25236,train
P25271,test
P25285,val
P25289,test
P25291,test
P25305,train
P25311,train
P25318,train
P25319,train
P25320,train
P25324,train
P25325,train
P25326,train
P25331,train
P25398,train
P25405,train
P25406,test
P25418,train
P25420,train
P25421,train
P25428,train
P25433,train
P25435,val
P25439,train
P25444,train
P25445,train
P25446,train
P25455,train
P25456,train
P25473,val
P25489,train
P25509,test
P25510,test
P25514,test
P25517,train
P25518,train
P25660,train
P25670,train
P25676,train
P25677,train
P25679,train
P25680,train
P25681,train
P25682,train
P25683,test
P25686,train
P25687,train
P25688,train
P25690,train
P25691,train
P25692,test
P25703,train
P25712,train
P25722,train
P25723,test
P25724,train
P25773,val
P25780,train
P25782,train
P25784,train
P25788,train
P25789,train
P25791,train
P25792,train
P25793,train
P25796,train
P25799,train
P25802,train
P25807,test
P25815,train
P25822,train
P25824,val
P25843,train
P25874,test
P25886,train
P25916,train
P25918,val
P25931,val
P25932,train
P25940,train
P25942,train
P25975,test
P25976,train
P25979,val
P25980,train
P25991,train
P25992,train
P26007,train
P26008,val
P26009,train
P26010,train
P26011,val
P26013,test
P26014,val
P26016,train
P26017,val
P26019,test
P26022,train
P26023,test
P26038,test
P26044,test
P26051,train
P26150,train
P26151,train
P26152,train
P26186,train
P26201,val
P26203,val
P26228,train
P26255,train
P26256,train
P26258,train
P26260,test
P26261,train
P26262,train
P26267,val
P26269,train
P26270,val
P26305,train
P26308,train
P26322,train
P26324,train
P26325,train
P26339,test
P26351,train
P26352,val
P26358,train
P26361,train
P26362,train
P26363,train
P26369,train
P26371,train
P26372,train
P26373,val
P26374,train
P26376,train
P26377,train
P26429,train
P26432,train
P26434,train
P26435,val
P26436,train
P26439,train
P26441,train
P26445,train
P26446,train
P26447,train
P26450,train
P26453,train
P26461,train
P26516,train
P26572,train
P26584,train
P26591,train
P26595,train
P26619,train
P26631,val
P26632,train
P26633,test
P26641,train
P26642,train
P26644,test
P26651,test
P26652,train
P26675,train
P26677,train
P26686,train
P26697,train
P26714,train
P26717,train
P26718,val
P26731,test
P26733,train
P26736,train
P26743,val
P26770,train
P26774,train
P26779,train
P26788,train
P26797,test
P26801,train
P26802,train
P26842,train
P26889,val
P26890,train
P26891,test
P26893,train
P26894,train
P26895,val
P26896,val
P26897,train
P26898,train
P26914,val
P26927,val
P26928,train
P26932,val
P26951,test
P26952,train
P26954,train
P26967,train
P26968,train
P26990,train
P27003,train
P27004,train
P27005,train
P27006,train
P27007,train
P27010,train
P27011,val
P27012,test
P27013,test
P27016,train
P27037,test
P27039,test
P27041,train
P27042,test
P27043,val
P27049,train
P27085,train
P27088,train
P27089,train
P27091,train
P27092,train
P27093,train
P27105,train
P27106,train
P27113,train
P27114,train
P27120,train
P27139,val
P27144,train
P27169,train
P27170,train
P27177,train
P27274,train
P27321,train
P27338,val
P27348,val
P27352,train
P27364,train
P27393,train
P27398,train
P27425,train
P27429,train
P27435,train
P27442,train
P27447,train
P27463,train
P27464,train
P27469,val
P27471,train
P27479,train
P27487,train
P27512,val
P27536,train
P27539,train
P27540,train
P27544,train
P27545,test
P27546,train
P27587,train
P27590,train
P27591,test
P27592,train
P27594,train
P27597,train
P27604,train
P27607,train
P27609,train
P27610,train
P27612,train
P27613,train
P27615,train
P27619,train
P27628,train
P27635,val
P27639,train
P27641,train
P27645,val
P27652,train
P27656,train
P27664,train
P27671,train
P27672,test
P27681,val
P27686,test
P27701,train
P27715,test
P27716,test
P27718,train
P27730,train
P27731,train
P27775,train
P27779,test
P27780,train
P27781,train
P27784,val
P27786,train
P27790,test
P27794,val
P27798,train
P27811,train
P27814,train
P27815,train
P27816,train
P27821,test
P27822,val
P27823,train
P27864,train
P27869,train
P27878,train
P27916,train
P27917,train
P27921,test
P27922,train
P27931,val
P27987,train
P28019,val
P28022,train
P28026,train
P28027,train
P28028,train
P28033,train
P28039,test
P28047,val
P28048,val
P28049,test
P28051,train
P28052,train
P28053,train
P28062,train
P28064,train
P28066,train
P28067,train
P28068,train
P28074,test
P28078,train
P28159,val
P28166,test
P28169,test
P28171,train
P28172,train
P28173,train
P28174,test
P28191,train
P28192,train
P28220,train
P28222,train
P28227,train
P28233,train
P28234,train
P28235,train
P28238,train
P28285,val
P28286,train
P28290,train
P28291,test
P28292,train
P28293,test
P28300,train
P28301,train
P28311,train
P28312,train
P28316,train
P28317,train
P28318,val
P28324,train
P28325,train
P28327,train
P28328,train
P28332,val
P28335,test
P28336,val
P28337,test
P28356,train
P28357,val
P28358,train
P28360,train
P28361,val
P28362,test
P28370,train
P28374,train
P28375,train
P28465,val
P28466,train
P28468,train
P28470,train
P28481,train
P28482,test
P28494,train
P28498,train
P28499,val
P28504,train
P28512,train
P28513,train
P28514,train
P28515,val
P28517,test
P28518,train
P28548,train
P28549,val
P28550,test
P28568,train
P28571,train
P28573,test
P28574,val
P28575,test
P28576,train
P28586,train
P28649,train
P28654,train
P28661,train
P28666,train
P28668,train
P28674,train
P28675,val
P28676,train
P28678,train
P28679,train
P28680,train
P28682,test
P28684,train
P28685,train
P28686,train
P28693,train
P28698,val
P28699,train
P28700,train
P28701,train
P28704,val
P28705,val
P28714,train
P28715,train
P28749,train
P28750,train
P28755,val
P28772,train
P28774,train
P28776,train
P28781,train
P28782,train
P28783,test
P28797,train
P28798,train
P28799,train
P28800,train
P28818,train
P28824,train
P28825,train
P28826,train
P28827,train
P28839,train
P28840,train
P28843,train
P28862,train
P28863,train
P28878,test
P28879,train
P28881,train
P28891,test
P28906,val
P28907,train
P28908,test
P29003,train
P29004,test
P29005,train
P29006,train
P29007,train
P29017,train
P29030,train
P29033,test
P29119,test
P29121,train
P29135,val
P29145,train
P29172,train
P29179,train
P29182,train
P29186,test
P29187,train
P29190,train
P29203,val
P29204,train
P29207,train
P29219,train
P29227,train
P29233,test
P29240,train
P29241,train
P29242,train
P29243,train
P29258,train
P29268,train
P29287,train
P29289,train
P29291,val
P29293,train
P29294,train
P29303,val
P29317,val
P29318,val
P29322,train
P29328,train
P29329,train
P29330,train
P29332,test
P29335,train
P29338,train
P29349,train
P29351,train
P29352,train
P29355,train
P29371,train
P29372,train
P29374,test
P29376,train
P29377,train
P29387,train
P29392,train
P29400,train
P29401,train
P29413,train
P29414,train
P29415,train
P29423,test
P29425,train
P29426,train
P29452,train
P29466,val
P29475,train
P29477,test
P29498,train
P29499,val
P29503,train
P29506,test
P29522,val
P29523,train
P29524,train
P29533,val
P29534,val
P29536,train
P29540,train
P29552,val
P29553,test
P29555,train
P29560,test
P29590,train
P29595,test
P29596,val
P29597,train
P29598,train
P29601,train
P29615,test
P29617,train
P29621,train
P29625,test
P29629,test
P29636,val
P29663,train
P29667,train
P29673,train
P29674,train
P29676,train
P29678,train
P29681,train
P29691,train
P29693,test
P29695,train
P29699,val
P29702,train
P29728,train
P29742,train
P29746,train
P29747,train
P29752,train
P29762,train
P29774,train
P29775,val
P29776,train
P29778,val
P29786,test
P29787,train
P29788,train
P29803,val
P29812,val
P29826,train
P29829,train
P29843,train
P29844,val
P29845,test
P29856,train
P29870,test
P29871,val
P29872,test
P29873,train
P29875,train
P29876,val
P29877,train
P29878,train
P29879,test
P29880,train
P29881,val
P29966,train
P29974,train
P29981,train
P30009,train
P30034,train
P30035,train
P30044,train
P30046,test
P30049,val
P30050,train
P30051,test
P30052,train
P30085,train
P30086,train
P30098,train
P30099,train
P30104,test
P30112,test
P30114,train
P30116,test
P30120,train
P30123,val
P30151,val
P30152,train
P30153,train
P30189,train
P30201,train
P30203,test
P30204,test
P30205,train
P30218,train
P30249,train
P30250,train
P30252,train
P30254,train
P30256,val
P30258,val
P30259,train
P30274,train
P30277,train
P30281,train
P30288,train
P30304,train
P30305,test
P30307,train
P30310,train
P30348,train
P30355,val
P30367,train
P30372,train
P30373,train
P30374,train
P30378,train
P30382,train
P30383,val
P30385,val
P30388,test
P30403,train
P30405,val
P30409,train
P30411,train
P30414,train
P30415,train
P30424,train
P30426,train
P30429,val
P30430,train
P30432,train
P30433,train
P30437,train
P30438,train
P30440,train
P30511,test
P30515,train
P30518,train
P30520,train
P30530,test
P30533,train
P30536,val
P30544,val
P30545,train
P30546,train
P30551,train
P30552,train
P30553,train
P30554,train
P30558,train
P30563,train
P30566,train
P30568,train
P30613,train
P30622,val
P30623,val
P30625,test
P30626,val
P30627,train
P30628,train
P30629,train
P30630,train
P30631,test
P30632,val
P30634,train
P30635,train
P30636,train
P30637,train
P30638,train
P30639,train
P30640,val
P30641,test
P30642,train
P30643,val
P30644,train
P30645,train
P30646,train
P30647,val
P30648,val
P30650,train
P30651,test
P30652,val
P30653,train
P30658,val
P30659,val
P30669,train
P30676,train
P30679,train
P30680,train
P30681,train
P30684,train
P30710,train
P30711,test
P30714,test
P30715,train
P30716,train
P30728,train
P30730,val
P30736,train
P30740,train
P30741,train
P30759,test
P30783,train
P30802,test
P30805,train
P30811,test
P30814,val
P30825,train
P30831,val
P30836,train
P30838,train
P30841,train
P30842,train
P30872,val
P30881,train
P30882,train
P30885,train
P30886,train
P30894,test
P30919,train
P30926,val
P30931,train
P30932,train
P30933,train
P30936,val
P30937,train
P30944,train
P30945,val
P30946,test
P30948,train
P30951,test
P30954,val
P30955,train
P30971,test
P30972,test
P30973,train
P30974,train
P30975,test
P30988,train
P30989,train
P30990,train
P30992,train
P30993,train
P30994,train
P30998,val
P30999,train
P31007,train
P31009,train
P31025,test
P31029,train
P31030,train
P31039,test
P31042,test
P31043,test
P31053,train
P31097,train
P31098,train
P31107,val
P31153,train
P31161,val
P31210,train
P31211,test
P31226,train
P31227,val
P31228,train
P31229,train
P31230,test
P31231,val
P31240,test
P31241,train
P31249,train
P31254,train
P31258,test
P31259,test
P31260,train
P31263,train
P31264,test
P31272,train
P31274,val
P31285,train
P31286,val
P31291,train
P31297,train
P31299,train
P31310,train
P31311,train
P31313,test
P31314,test
P31315,val
P31316,test
P31319,train
P31324,train
P31325,val
P31326,val
P31328,train
P31331,train
P31335,test
P31346,train
P31347,train
P31351,train
P31356,train
P31358,train
P31365,train
P31367,train
P31368,test
P31369,test
P31370,train
P31371,val
P31388,train
P31389,train
P31390,train
P31391,test
P31392,train
P31393,train
P31394,test
P31396,val
P31398,val
P31399,train
P31400,train
P31401,train
P31402,train
P31404,train
P31407,train
P31416,train
P31417,train
P31418,train
P31419,train
P31420,test
P31421,train
P31422,test
P31423,train
P31424,train
P31428,train
P31429,train
P31430,test
P31482,train
P31512,train
P31513,test
P31515,val
P31529,val
P31530,train
P31532,train
P31533,train
P31579,train
P31580,train
P31636,test
P31637,val
P31639,train
P31645,test
P31650,train
P31670,train
P31671,train
P31695,train
P31696,train
P31717,train
P31720,train
P31721,train
P31722,test
P31725,test
P31727,train
P31729,train
P31745,val
P31754,train
P31779,test
P31783,test
P31785,train
P31786,train
P31799,train
P31800,train
P31809,train
P31824,train
P31836,test
P31854,train
P31886,train
P31888,train
P31889,train
P31930,val
P31936,train
P31941,train
P31942,train
P31943,train
P31944,train
P31946,train
P31949,train
P31950,train
P31955,test
P31976,train
P31990,val
P31994,train
P31995,test
P31996,train
P31997,val
P32004,train
P32006,test
P32017,val
P32018,val
P32019,train
P32020,val
P32023,train
P32027,val
P32028,train
P32029,train
P32030,train
P32031,train
P32038,val
P32043,train
P32070,test
P32082,val
P32085,train
P32089,val
P32100,val
P32114,train
P32115,train
P32119,train
P32120,test
P32122,train
P32182,test
P32187,train
P32188,test
P32192,train
P32196,train
P32212,train
P32215,train
P32233,train
P32234,train
P32239,train
P32241,train
P32242,train
P32245,train
P32246,train
P32248,train
P32250,train
P32251,train
P32261,train
P32262,train
P32298,test
P32299,train
P32300,val
P32302,train
P32303,val
P32306,train
P32307,val
P32310,test
P32313,train
P32314,test
P32315,val
P32320,train
P32321,val
P32322,train
P32358,train
P32359,train
P32392,train
P32394,train
P32412,val
P32413,train
P32414,val
P32417,train
P32423,train
P32424,train
P32428,test
P32442,val
P32456,train
P32506,train
P32507,train
P32519,train
P32551,test
P32560,train
P32577,train
P32592,train
P32647,test
P32648,val
P32736,train
P32738,train
P32739,train
P32740,val
P32742,train
P32743,train
P32744,train
P32745,val
P32748,train
P32756,train
P32759,train
P32760,train
P32763,val
P32766,train
P32822,train
P32824,train
P32845,val
P32847,val
P32850,train
P32856,train
P32865,train
P32866,train
P32881,train
P32883,test
P32926,train
P32927,train
P32940,train
P32969,train
P32970,val
P32971,train
P32972,train
P33033,train
P33034,test
P33046,train
P33048,test
P33076,train
P33085,train
P33088,val
P33090,train
P33091,train
P33092,train
P33121,train
P33124,train
P33146,train
P33148,train
P33150,test
P33151,test
P33174,train
P33187,train
P33215,train
P33238,train
P33241,train
P33244,train
P33248,train
P33260,train
P33261,test
P33262,train
P33265,train
P33268,test
P33270,train
P33272,val
P33273,val
P33279,train
P33316,train
P33431,train
P33435,train
P33438,train
P33439,test
P33502,train
P33507,val
P33510,train
P33512,train
P33513,train
P33552,test
P33568,train
P33571,train
P33573,train
P33575,train
P33577,train
P33578,test
P33579,train
P33580,train
P33587,train
P33589,val
P33609,val
P33610,train
P33618,val
P33622,val
P33676,val
P33681,train
P33685,train
P33686,train
P33688,train
P33703,test
P33704,test
P33705,train
P33706,train
P33713,train
P33714,train
P33715,train
P33717,test
P33718,train
P33719,train
P33720,train
P33722,train
P33727,train
P33729,train
P33730,train
P33731,train
P33735,train
P33739,train
P33745,train
P33763,train
P33766,train
P33879,train
P33896,train
P33908,train
P33945,test
P33947,val
P34006,train
P34007,train
P34021,train
P34059,train
P34060,train
P34067,train
P34073,train
P34075,val
P34076,train
P34079,train
P34082,train
P34084,train
P34088,train
P34089,test
P34129,train
P34131,train
P34170,train
P34171,train
P34174,train
P34179,train
P34180,train
P34182,train
P34183,val
P34187,train
P34190,train
P34192,train
P34194,val
P34195,val
P34196,test
P34205,test
P34207,train
P34212,train
P34213,val
P34254,train
P34255,train
P34256,train
P34257,train
P34258,train
P34259,train
P34260,train
P34261,train
P34263,train
P34264,test
P34266,train
P34268,train
P34269,train
P34271,train
P34272,train
P34273,train
P34274,train
P34275,test
P34276,train
P34277,train
P34278,train
P34279,train
P34280,train
P34281,train
P34282,train
P34283,train
P34284,train
P34285,test
P34286,train
P34287,val
P34288,val
P34289,train
P34290,train
P34291,train
P34292,train
P34293,train
P34294,train
P34295,val
P34296,train
P34298,train
P34299,val
P34301,test
P34302,val
P34303,train
P34304,test
P34305,train
P34306,train
P34307,test
P34308,train
P34310,train
P34311,val
P34312,train
P34313,train
P34314,test
P34315,train
P34316,test
P34317,val
P34318,val
P34319,train
P34320,train
P34321,train
P34322,val
P34325,val
P34326,train
P34327,train
P34328,train
P34329,train
P34330,val
P34331,train
P34333,val
P34334,train
P34335,train
P34337,train
P34338,train
P34339,train
P34340,val
P34341,train
P34342,train
P34343,train
P34344,train
P34345,train
P34346,test
P34347,train
P34348,train
P34349,train
P34350,train
P34351,train
P34352,val
P34355,train
P34356,train
P34357,test
P34358,val
P34360,test
P34361,val
P34362,train
P34363,train
P34364,test
P34365,val
P34366,test
P34367,val
P34368,test
P34370,train
P34371,train
P34375,train
P34376,train
P34378,val
P34379,train
P34380,train
P34382,train
P34383,train
P34384,train
P34385,val
P34387,train
P34388,train
P34389,val
P34390,train
P34391,train
P34392,train
P34393,train
P34394,train
P34395,train
P34396,train
P34397,train
P34398,test
P34399,val
P34400,train
P34401,train
P34402,train
P34404,train
P34405,val
P34406,test
P34407,train
P34409,val
P34410,train
P34412,train
P34413,train
P34415,test
P34416,train
P34418,train
P34419,train
P34420,val
P34422,train
P34423,train
P34424,train
P34425,train
P34426,train
P34427,train
P34428,train
P34429,train
P34430,train
P34431,train
P34433,train
P34434,train
P34436,test
P34437,train
P34438,val
P34439,train
P34440,train
P34441,train
P34442,test
P34443,train
P34444,train
P34445,val
P34447,train
P34450,train
P34451,train
P34452,train
P34453,train
P34454,train
P34455,val
P34456,train
P34457,train
P34458,train
P34459,train
P34460,train
P34461,train
P34462,train
P34465,train
P34466,test
P34467,train
P34468,val
P34469,train
P34470,train
P34471,test
P34472,val
P34473,val
P34474,test
P34475,train
P34476,test
P34477,val
P34478,train
P34479,train
P34480,train
P34481,train
P34482,val
P34483,train
P34484,train
P34487,val
P34488,train
P34489,val
P34490,train
P34491,train
P34492,val
P34493,train
P34494,train
P34495,train
P34496,test
P34497,train
P34498,train
P34499,train
P34500,train
P34501,val
P34502,test
P34504,train
P34507,val
P34508,test
P34509,train
P34510,train
P34511,train
P34512,test
P34514,test
P34515,test
P34516,val
P34517,train
P34518,val
P34519,train
P34520,train
P34521,test
P34522,train
P34523,test
P34524,test
P34525,train
P34526,train
P34527,train
P34528,test
P34529,test
P34530,train
P34531,val
P34534,train
P34535,train
P34536,train
P34537,val
P34538,train
P34540,train
P34541,train
P34542,train
P34544,val
P34545,train
P34547,train
P34548,train
P34549,test
P34550,train
P34551,test
P34552,train
P34553,val
P34554,train
P34555,train
P34557,train
P34558,train
P34559,train
P34560,train
P34561,val
P34562,train
P34563,train
P34564,val
P34565,train
P34566,train
P34567,val
P34568,val
P34569,train
P34571,train
P34572,train
P34574,train
P34577,train
P34578,val
P34579,train
P34580,test
P34582,train
P34583,train
P34584,train
P34586,train
P34587,train
P34590,val
P34592,test
P34593,train
P34594,test
P34595,test
P34596,train
P34599,train
P34600,train
P34601,train
P34603,val
P34604,train
P34606,test
P34607,train
P34608,train
P34609,val
P34610,train
P34611,train
P34613,val
P34614,test
P34615,train
P34617,val
P34618,train
P34619,val
P34621,train
P34622,train
P34623,train
P34624,train
P34625,train
P34626,train
P34627,train
P34629,train
P34630,train
P34631,train
P34633,train
P34635,train
P34636,train
P34638,train
P34639,train
P34640,train
P34641,train
P34642,train
P34643,train
P34644,train
P34645,train
P34646,test
P34648,train
P34649,train
P34650,val
P34651,train
P34652,train
P34653,train
P34654,train
P34655,train
P34656,train
P34657,train
P34658,val
P34659,val
P34660,train
P34662,train
P34663,train
P34664,test
P34665,train
P34666,train
P34667,train
P34668,train
P34669,val
P34670,train
P34671,train
P34672,train
P34673,train
P34674,train
P34675,test
P34676,val
P34677,train
P34678,train
P34679,val
P34680,train
P34681,test
P34682,val
P34683,train
P34684,train
P34685,val
P34686,train
P34687,train
P34688,train
P34689,val
P34690,train
P34691,train
P34692,val
P34693,train
P34694,train
P34695,train
P34697,train
P34703,train
P34704,train
P34705,train
P34706,train
P34707,train
P34708,train
P34709,test
P34710,train
P34711,val
P34712,train
P34713,test
P34714,val
P34722,train
P34739,train
P34741,train
P34743,train
P34744,val
P34746,train
P34748,test
P34751,train
P34765,train
P34766,train
P34803,train
P34804,train
P34807,train
P34808,train
P34810,train
P34815,train
P34820,train
P34821,test
P34822,train
P34836,val
P34840,val
P34842,train
P34843,val
P34844,train
P34845,train
P34847,train
P34848,train
P34849,train
P34850,val
P34851,test
P34852,train
P34853,test
P34855,val
P34856,test
P34857,train
P34859,train
P34866,val
P34869,train
P34871,train
P34884,test
P34885,val
P34888,val
P34889,val
P34890,train
P34891,train
P34892,train
P34900,val
P34902,train
P34904,train
P34910,test
P34913,train
P34927,val
P34928,train
P34932,val
P34941,train
P34942,test
P34943,train
P34949,train
P34953,train
P34955,val
P34962,train
P34963,train
P34964,train
P34965,train
P34966,test
P34969,train
P34972,train
P34978,test
P34979,test
P34980,test
P34982,train
P34983,train
P34984,test
P34985,val
P34986,train
P34987,val
P34992,test
P34995,train
P34997,train
P34998,train
P34999,train
P35001,val
P35003,train
P35004,test
P35030,train
P35031,train
P35034,val
P35035,train
P35036,test
P35037,train
P35038,train
P35039,test
P35040,train
P35041,train
P35042,train
P35044,test
P35045,train
P35052,train
P35054,test
P35060,train
P35067,val
P35070,train
P35072,train
P35074,train
P35080,train
P35122,train
P35123,train
P35125,train
P35128,train
P35171,train
P35173,train
P35174,train
P35175,val
P35218,val
P35220,train
P35223,train
P35224,val
P35225,train
P35228,train
P35230,train
P35231,train
P35232,test
P35234,train
P35235,train
P35237,test
P35242,test
P35243,train
P35244,val
P35245,train
P35246,train
P35249,train
P35250,test
P35251,train
P35268,train
P35270,train
P35278,train
P35284,train
P35292,train
P35293,train
P35295,train
P35297,train
P35299,train
P35302,train
P35303,train
P35304,val
P35306,train
P35307,train
P35308,train
P35310,train
P35311,train
P35312,test
P35314,train
P35316,train
P35317,test
P35318,train
P35323,train
P35324,train
P35329,train
P35330,train
P35331,train
P35343,train
P35344,train
P35345,val
P35346,train
P35349,train
P35350,train
P35356,train
P35357,train
P35358,train
P35360,train
P35362,train
P35364,train
P35365,train
P35368,test
P35371,train
P35373,train
P35374,val
P35377,train
P35378,val
P35381,val
P35383,train
P35384,train
P35385,train
P35394,train
P35404,val
P35405,train
P35406,train
P35407,train
P35409,train
P35410,train
P35413,train
P35415,test
P35416,train
P35418,train
P35419,test
P35421,train
P35429,train
P35431,val
P35440,train
P35447,test
P35448,train
P35449,train
P35453,train
P35455,val
P35456,train
P35458,train
P35459,val
P35460,val
P35461,train
P35462,test
P35463,train
P35464,test
P35475,train
P35478,test
P35481,train
P35487,train
P35490,train
P35495,train
P35496,train
P35500,train
P35501,test
P35504,train
P35507,train
P35519,train
P35521,train
P35523,train
P35526,test
P35527,train
P35541,val
P35542,train
P35543,train
P35546,val
P35548,train
P35554,val
P35563,val
P35565,test
P35568,train
P35569,train
P35572,train
P35578,test
P35581,train
P35584,test
P35585,train
P35587,train
P35588,train
P35589,train
P35600,val
P35601,train
P35602,train
P35603,val
P35605,test
P35613,train
P35616,train
P35617,train
P35621,train
P35622,train
P35624,val
P35625,val
P35658,val
P35659,train
P35661,val
P35662,train
P35663,val
P35668,train
P35670,test
P35689,val
P35705,train
P35709,train
P35711,train
P35713,train
P35716,val
P35720,val
P35737,test
P35738,test
P35744,test
P35748,train
P35750,train
P35751,train
P35753,train
P35754,train
P35761,train
P35763,train
P35775,val
P35776,train
P35777,train
P35779,train
P35780,train
P35781,train
P35786,test
P35787,test
P35789,test
P35790,train
P35799,test
P35800,train
P35801,val
P35803,train
P35808,val
P35820,train
P35821,train
P35831,train
P35832,train
P35834,val
P35846,train
P35849,train
P35869,test
P35875,train
P35896,train
P35898,train
P35900,train
P35903,train
P35904,train
P35905,train
P35908,train
P35915,train
P35916,val
P35917,train
P35918,train
P35919,val
P35920,train
P35921,train
P35950,train
P35951,train
P35952,val
P35968,test
P35969,val
P35978,train
P35992,train
P35998,train
P36179,val
P36188,train
P36190,val
P36191,train
P36192,test
P36195,train
P36196,train
P36197,train
P36200,train
P36222,test
P36225,val
P36241,train
P36269,train
P36362,val
P36366,val
P36367,test
P36369,val
P36370,train
P36371,test
P36373,train
P36374,val
P36375,train
P36376,train
P36377,train
P36378,train
P36380,train
P36381,train
P36382,test
P36386,train
P36389,val
P36393,train
P36394,train
P36395,train
P36396,train
P36402,test
P36404,val
P36407,train
P36423,val
P36425,train
P36510,train
P36511,train
P36512,val
P36513,train
P36542,val
P36543,train
P36544,train
P36551,train
P36573,train
P36575,train
P36578,train
P36608,train
P36609,train
P36633,val
P36639,test
P36718,train
P36776,train
P36836,train
P36872,train
P36885,test
P36888,train
P36897,test
P36915,train
P36940,train
P36941,val
P36951,test
P36953,test
P36954,train
P36955,train
P36956,train
P36957,train
P36958,train
P36963,val
P36964,train
P36965,test
P36975,val
P36976,train
P36977,train
P36980,train
P36983,test
P36988,train
P36991,val
P36993,train
P37041,test
P37042,val
P37044,test
P37045,train
P37058,train
P37059,train
P37070,train
P37085,train
P37086,train
P37088,val
P37089,train
P37091,train
P37109,train
P37111,test
P37137,val
P37141,train
P37153,train
P37156,train
P37160,test
P37161,train
P37164,val
P37176,train
P37193,train
P37198,train
P37205,train
P37209,train
P37217,train
P37232,train
P37233,train
P37234,train
P37235,train
P37237,train
P37268,val
P37275,test
P37287,train
P37288,train
P37289,train
P37301,train
P37361,train
P37362,val
P37363,train
P37364,train
P37379,train
P37380,train
P37709,train
P37712,test
P37727,train
P37801,test
P37802,val
P37806,train
P37840,train
P37879,train
P37881,train
P37883,train
P37889,train
P37892,val
P37913,train
P37997,train
P37998,train
P37999,train
P38024,train
P38029,train
P38040,test
P38117,train
P38377,train
P38405,train
P38411,train
P38412,test
P38432,val
P38435,train
P38445,train
P38484,val
P38486,train
P38495,train
P38496,train
P38497,test
P38498,test
P38499,train
P38529,test
P38530,train
P38531,train
P38532,train
P38533,train
P38544,train
P38552,train
P38566,test
P38567,test
P38568,val
P38570,train
P38574,train
P38575,train
P38585,val
P38621,test
P38649,train
P38656,test
P38658,train
P38660,val
P38918,test
P38935,test
P38936,train
P38952,train
P38976,train
P38977,train
P38978,val
P38979,train
P38980,train
P38981,train
P38984,train
P39018,train
P39020,test
P39021,train
P39022,val
P39035,train
P39036,train
P39037,train
P39038,train
P39039,train
P39047,val
P39055,train
P39056,train
P39059,train
P39060,val
P39061,train
P39080,val
P39084,train
P39089,train
P39098,train
P39205,train
P39210,val
P39413,train
P39428,train
P39429,train
P39572,train
P39655,train
P39656,val
P39675,train
P39689,test
P39698,train
P39736,test
P39745,train
P39749,train
P39768,val
P39769,train
P39770,val
P39806,train
P39877,val
P39880,train
P39900,train
P39921,train
P39963,train
P40121,val
P40122,train
P40126,train
P40140,train
P40141,train
P40145,test
P40147,train
P40148,train
P40189,train
P40190,val
P40197,test
P40198,train
P40199,test
P40200,train
P40205,train
P40222,test
P40223,train
P40225,val
P40226,train
P40227,train
P40238,train
P40259,test
P40261,train
P40262,train
P40264,train
P40265,train
P40266,train
P40276,train
P40277,train
P40286,train
P40293,val
P40301,train
P40304,val
P40305,train
P40306,val
P40313,train
P40320,val
P40321,train
P40337,train
P40338,train
P40394,test
P40417,train
P40421,train
P40423,val
P40424,test
P40425,train
P40426,train
P40589,train
P40614,train
P40615,train
P40622,test
P40623,train
P40630,train
P40644,train
P40646,train
P40649,train
P40650,val
P40656,train
P40657,train
P40682,val
P40688,val
P40689,test
P40692,test
P40745,train
P40751,train
P40752,train
P40753,val
P40754,train
P40755,val
P40756,train
P40757,test
P40791,train
P40792,val
P40793,test
P40794,train
P40795,test
P40796,val
P40797,train
P40798,test
P40807,train
P40808,val
P40809,test
P40818,val
P40835,train
P40836,train
P40837,train
P40842,val
P40844,train
P40846,train
P40879,train
P40936,train
P40938,train
P40939,val
P40945,train
P40951,train
P40967,train
P41002,train
P41042,val
P41043,train
P41044,train
P41046,train
P41073,train
P41091,train
P41092,train
P41093,val
P41094,test
P41105,train
P41110,train
P41111,test
P41114,train
P41126,train
P41133,val
P41134,train
P41135,train
P41136,train
P41148,train
P41150,train
P41154,train
P41155,train
P41157,train
P41158,train
P41163,train
P41164,train
P41182,train
P41209,train
P41216,train
P41218,train
P41222,val
P41223,train
P41226,val
P41227,train
P41229,train
P41231,train
P41243,test
P41244,train
P41245,train
P41246,train
P41247,val
P41251,train
P41252,val
P41260,train
P41261,train
P41262,train
P41263,train
P41272,test
P41273,train
P41274,train
P41290,test
P41291,val
P41292,train
P41296,val
P41297,train
P41299,train
P41300,train
P41303,val
P41304,train
P41306,val
P41308,val
P41309,val
P41312,train
P41314,test
P41315,test
P41317,train
P41319,train
P41320,val
P41321,train
P41323,train
P41324,train
P41331,train
P41332,train
P41333,train
P41334,train
P41336,train
P41366,val
P41374,train
P41375,train
P41384,train
P41385,train
P41387,val
P41413,train
P41438,train
P41439,test
P41440,test
P41485,val
P41486,train
P41487,train
P41488,train
P41489,train
P41490,train
P41491,train
P41492,train
P41493,train
P41495,train
P41509,test
P41512,train
P41516,val
P41517,train
P41518,train
P41520,val
P41534,train
P41535,val
P41536,val
P41538,train
P41540,train
P41547,train
P41567,test
P41570,train
P41571,train
P41573,val
P41585,train
P41586,val
P41587,test
P41588,train
P41589,train
P41590,train
P41591,train
P41595,val
P41596,val
P41680,train
P41681,train
P41683,train
P41685,train
P41687,train
P41688,train
P41689,train
P41690,val
P41691,val
P41731,train
P41732,val
P41738,train
P41740,train
P41759,train
P41774,val
P41775,train
P41776,test
P41777,train
P41779,val
P41822,train
P41823,val
P41824,train
P41827,train
P41828,train
P41829,val
P41830,train
P41837,train
P41839,train
P41840,test
P41841,train
P41842,train
P41843,val
P41844,train
P41845,train
P41846,train
P41847,train
P41848,train
P41849,train
P41853,train
P41854,train
P41855,train
P41857,train
P41858,test
P41859,train
P41860,train
P41861,train
P41862,test
P41863,train
P41864,train
P41865,train
P41867,test
P41868,train
P41869,train
P41870,val
P41871,train
P41872,test
P41873,train
P41875,train
P41876,train
P41877,train
P41879,val
P41880,train
P41881,train
P41882,test
P41883,train
P41884,train
P41885,val
P41886,train
P41894,train
P41900,val
P41931,train
P41932,train
P41933,test
P41934,test
P41935,train
P41936,train
P41938,train
P41941,train
P41942,train
P41949,train
P41950,test
P41951,train
P41952,train
P41953,val
P41954,train
P41955,test
P41956,train
P41957,train
P41958,train
P41962,train
P41963,train
P41964,train
P41966,train
P41967,train
P41968,train
P41970,train
P41973,train
P41974,train
P41975,train
P41977,val
P41981,train
P41987,train
P41988,test
P41989,train
P41990,train
P41991,train
P41992,val
P41993,val
P41994,train
P41995,train
P41996,val
P41998,train
P41999,test
P42000,train
P42001,train
P42003,train
P42025,train
P42026,test
P42029,train
P42069,train
P42070,train
P42071,test
P42072,train
P42081,train
P42082,train
P42083,test
P42098,test
P42099,train
P42118,train
P42119,train
P42124,val
P42125,train
P42126,train
P42128,train
P42129,train
P42131,train
P42132,train
P42136,train
P42137,val
P42143,train
P42145,train
P42148,test
P42157,train
P42159,train
P42160,train
P42166,train
P42168,train
P42169,train
P42170,train
P42171,val
P42172,test
P42173,train
P42201,train
P42202,train
P42203,train
P42207,train
P42212,train
P42225,train
P42226,val
P42271,train
P42280,train
P42281,train
P42282,train
P42283,train
P42284,train
P42286,train
P42287,train
P42288,val
P42289,train
P42290,train
P42291,train
P42292,train
P42325,train
P42331,train
P42335,train
P42519,train
P42532,train
P42533,train
P42557,test
P42558,train
P42560,train
P42562,train
P42563,train
P42564,train
P42565,val
P42566,train
P42567,train
P42568,val
P42570,train
P42571,train
P42573,train
P42574,train
P42575,train
P42577,test
P42578,train
P42579,train
P42580,train
P42581,train
P42582,train
P42583,train
P42587,train
P42633,train
P42634,test
P42638,train
P42660,train
P42664,val
P42665,val
P42669,train
P42674,train
P42676,train
P42678,train
P42679,val
P42681,train
P42682,train
P42683,test
P42685,train
P42686,train
P42687,train
P42690,train
P42692,train
P42694,train
P42695,train
P42696,train
P42700,train
P42701,train
P42702,train
P42703,train
P42704,val
P42705,train
P42716,train
P42717,train
P42718,train
P42766,train
P42768,train
P42771,train
P42772,test
P42787,train
P42819,train
P42830,test
P42831,val
P42852,train
P42854,train
P42860,test
P42867,val
P42889,train
P42890,val
P42916,train
P42925,train
P42929,train
P42930,train
P42931,val
P42984,train
P42985,train
P42987,test
P42988,train
P42990,train
P42991,train
P42993,val
P42994,val
P42995,train
P42996,val
P42997,train
P42998,train
P42999,train
P43000,train
P43002,train
P43006,test
P43021,test
P43023,train
P43024,val
P43025,train
P43027,val
P43029,val
P43030,test
P43031,train
P43088,val
P43090,test
P43091,test
P43114,train
P43115,train
P43116,train
P43118,val
P43119,train
P43121,train
P43125,train
P43136,train
P43137,test
P43141,train
P43143,train
P43145,val
P43157,train
P43159,test
P43165,train
P43170,train
P43171,test
P43172,train
P43173,val
P43194,train
P43202,train
P43204,val
P43207,train
P43218,train
P43219,train
P43233,val
P43234,train
P43236,train
P43241,train
P43242,train
P43244,train
P43246,train
P43248,val
P43251,val
P43252,train
P43267,train
P43268,train
P43275,test
P43276,train
P43300,train
P43303,train
P43304,train
P43305,train
P43306,train
P43307,train
P43308,test
P43320,train
P43332,test
P43351,val
P43352,train
P43353,train
P43355,val
P43356,test
P43358,train
P43359,train
P43360,train
P43361,train
P43362,train
P43363,train
P43364,val
P43365,val
P43366,train
P43404,test
P43405,train
P43406,test
P43425,train
P43427,train
P43428,train
P43429,train
P43430,train
P43431,train
P43432,test
P43434,train
P43443,train
P43445,test
P43446,test
P43449,train
P43487,train
P43488,train
P43489,train
P43507,train
P43508,test
P43509,train
P43510,train
P43511,train
P43514,test
P43527,train
P43630,train
P43631,train
P43647,train
P43652,train
P43679,train
P43680,val
P43685,train
P43686,train
P43688,train
P43689,test
P43692,train
P43693,train
P43696,train
P43697,test
P43698,train
P43883,test
P43884,test
P43896,val
P43897,test
P45352,train
P45376,train
P45379,train
P45380,train
P45429,test
P45433,val
P45436,train
P45437,train
P45441,val
P45442,train
P45447,train
P45452,test
P45479,train
P45561,train
P45583,test
P45584,val
P45585,test
P45587,train
P45588,train
P45589,train
P45590,train
P45593,train
P45594,train
P45628,train
P45639,train
P45640,train
P45641,test
P45642,train
P45643,train
P45644,train
P45646,train
P45656,train
P45657,train
P45660,train
P45664,train
P45697,train
P45698,train
P45720,train
P45722,train
P45842,train
P45843,test
P45844,train
P45845,test
P45877,train
P45878,train
P45881,test
P45882,train
P45883,train
P45888,train
P45889,train
P45890,val
P45891,train
P45894,train
P45895,test
P45896,train
P45897,train
P45898,train
P45952,train
P45953,train
P45961,train
P45962,test
P45963,train
P45964,train
P45965,train
P45966,train
P45967,val
P45968,train
P45969,train
P45970,train
P45971,train
P45972,val
P45974,train
P45975,train
P46012,test
P46018,train
P46020,train
P46023,train
P46029,test
P46058,val
P46059,test
P46060,test
P46061,train
P46062,train
P46064,test
P46065,train
P46066,train
P46087,test
P46088,val
P46090,train
P46092,train
P46094,test
P46095,train
P46098,train
P46099,train
P46108,val
P46110,test
P46112,train
P46114,train
P46115,train
P46150,val
P46152,train
P46153,train
P46156,train
P46158,train
P46159,val
P46162,train
P46163,train
P46164,train
P46166,train
P46168,val
P46170,val
P46194,train
P46195,train
P46198,train
P46199,train
P46201,train
P46202,test
P46222,train
P46223,train
P46282,test
P46402,train
P46408,train
P46409,val
P46411,train
P46414,test
P46415,test
P46418,train
P46419,train
P46424,val
P46426,test
P46427,train
P46428,train
P46429,val
P46430,train
P46432,train
P46433,val
P46435,val
P46436,test
P46437,train
P46439,train
P46441,train
P46443,val
P46461,train
P46470,train
P46499,train
P46500,train
P46502,train
P46504,train
P46505,train
P46506,train
P46507,train
P46508,val
P46548,train
P46549,train
P46550,val
P46551,train
P46553,train
P46554,test
P46555,train
P46556,test
P46557,test
P46558,test
P46559,test
P46560,train
P46561,train
P46562,train
P46563,train
P46564,train
P46565,train
P46566,train
P46567,train
P46568,train
P46569,train
P46570,train
P46571,test
P46572,train
P46576,train
P46577,train
P46578,train
P46580,train
P46581,train
P46582,val
P46583,val
P46616,val
P46629,train
P46630,test
P46632,train
P46650,val
P46656,test
P46657,train
P46686,train
P46692,train
P46694,train
P46720,train
P46721,train
P46734,val
P46735,train
P46736,test
P46737,train
P46769,val
P46770,test
P46781,train
P46782,train
P46783,train
P46822,train
P46824,train
P46825,test
P46844,train
P46863,val
P46867,train
P46871,val
P46872,train
P46873,test
P46892,train
P46896,val
P46934,train
P46936,train
P46937,train
P46940,test
P46941,train
P46952,test
P46975,train
P46976,train
P46979,train
P46980,train
P47193,train
P47194,val
P47196,train
P47207,train
P47208,test
P47209,train
P47212,test
P47213,test
P47238,train
P47239,train
P47708,train
P47710,test
P47711,test
P47733,val
P47736,val
P47739,train
P47740,test
P47741,val
P47744,train
P47747,train
P47749,train
P47750,test
P47751,test
P47754,train
P47759,val
P47774,train
P47776,val
P47777,test
P47780,train
P47781,train
P47787,train
P47788,train
P47791,train
P47792,train
P47793,val
P47794,test
P47795,train
P47796,test
P47797,train
P47798,train
P47800,train
P47803,test
P47804,test
P47805,train
P47806,train
P47807,train
P47809,train
P47812,train
P47813,train
P47816,train
P47819,train
P47820,train
P47825,train
P47827,train
P47842,train
P47843,train
P47844,train
P47845,train
P47851,test
P47855,train
P47856,train
P47868,train
P47871,train
P47872,train
P47876,train
P47878,train
P47879,val
P47880,train
P47881,train
P47883,train
P47888,train
P47896,train
P47898,val
P47899,train
P47901,train
P47911,train
P47929,val
P47932,val
P47936,val
P47937,train
P47939,train
P47940,val
P47945,train
P47947,val
P47949,val
P47951,train
P47952,train
P47953,train
P47962,val
P47964,train
P47965,train
P47966,train
P47967,train
P47968,val
P47969,train
P47970,train
P47974,train
P47980,train
P47983,val
P47984,test
P47985,train
P47990,val
P47991,val
P47993,train
P48029,val
P48030,train
P48034,train
P48038,val
P48039,train
P48040,train
P48043,val
P48044,train
P48047,val
P48050,val
P48052,train
P48053,train
P48055,train
P48056,train
P48057,train
P48060,train
P48065,train
P48076,train
P48090,train
P48093,test
P48095,train
P48096,train
P48097,train
P48098,train
P48142,test
P48144,train
P48145,train
P48146,train
P48147,train
P48148,train
P48149,train
P48150,train
P48152,val
P48153,train
P48154,val
P48156,train
P48159,train
P48162,train
P48165,train
P48167,test
P48169,train
P48178,val
P48180,train
P48181,test
P48182,train
P48193,val
P48199,test
P48249,train
P48252,test
P48281,test
P48283,train
P48284,train
P48299,train
P48300,train
P48301,test
P48302,train
P48304,val
P48305,train
P48306,val
P48307,train
P48322,train
P48356,train
P48375,test
P48376,test
P48377,train
P48382,test
P48410,val
P48416,val
P48423,train
P48428,train
P48430,test
P48433,train
P48434,train
P48435,test
P48441,train
P48448,train
P48449,train
P48451,train
P48452,train
P48454,train
P48455,test
P48456,train
P48458,train
P48459,train
P48460,train
P48501,train
P48507,val
P48530,train
P48532,train
P48539,train
P48543,train
P48545,val
P48546,train
P48547,train
P48551,train
P48552,test
P48553,train
P48555,train
P48557,train
P48583,train
P48588,train
P48590,test
P48591,train
P48592,train
P48593,test
P48594,train
P48596,train
P48597,train
P48598,train
P48602,train
P48603,train
P48604,train
P48605,train
P48607,train
P48608,test
P48610,train
P48611,train
P48612,val
P48613,val
P48614,test
P48615,train
P48634,train
P48643,val
P48645,train
P48646,train
P48647,val
P48648,test
P48649,train
P48650,test
P48654,val
P48656,train
P48673,val
P48674,test
P48676,train
P48681,train
P48722,test
P48723,train
P48728,train
P48729,test
P48733,test
P48735,train
P48738,train
P48739,train
P48740,val
P48741,test
P48745,test
P48747,train
P48748,train
P48749,train
P48750,test
P48754,test
P48757,train
P48758,train
P48759,val
P48760,train
P48764,train
P48770,test
P48772,train
P48774,val
P48776,train
P48788,val
P48794,val
P48798,test
P48801,test
P48802,train
P48804,train
P48805,train
P48809,test
P48810,train
P48812,train
P48814,train
P48816,train
P48817,train
P48819,test
P48821,train
P48822,train
P48830,val
P48831,train
P48832,train
P48834,train
P48855,test
P48861,train
P48884,val
P48887,train
P48891,test
P48893,train
P48895,test
P48897,train
P48900,val
P48902,train
P48905,train
P48907,train
P48914,train
P48916,train
P48918,test
P48921,train
P48922,train
P48926,test
P48928,train
P48960,test
P48964,val
P48966,train
P48967,train
P48968,train
P48969,train
P48970,train
P48972,train
P48973,train
P48984,train
P48985,train
P48987,train
P48994,train
P48996,test
P48997,val
P48998,train
P49001,train
P49003,train
P49010,train
P49011,train
P49013,train
P49021,test
P49024,train
P49028,train
P49029,val
P49032,train
P49041,train
P49048,val
P49049,train
P49064,train
P49065,test
P49066,val
P49069,train
P49070,train
P49071,val
P49096,train
P49109,train
P49111,train
P49113,val
P49115,train
P49119,train
P49122,train
P49125,train
P49126,train
P49127,train
P49129,train
P49130,train
P49138,val
P49140,train
P49141,train
P49143,train
P49145,val
P49146,test
P49147,test
P49149,train
P49152,train
P49154,train
P49157,train
P49165,train
P49180,train
P49181,test
P49183,train
P49188,test
P49189,train
P49190,train
P49191,train
P49193,train
P49194,val
P49196,val
P49207,train
P49217,train
P49219,test
P49220,val
P49221,test
P49222,test
P49223,train
P49238,train
P49253,val
P49254,train
P49255,train
P49258,train
P49259,val
P49260,test
P49262,train
P49263,train
P49266,test
P49267,train
P49268,train
P49270,train
P49271,train
P49272,train
P49273,val
P49275,train
P49276,val
P49278,val
P49279,test
P49283,train
P49285,train
P49286,train
P49287,train
P49288,train
P49290,val
P49291,train
P49300,train
P49301,train
P49321,train
P49326,train
P49328,test
P49336,test
P49338,train
P49339,train
P49340,val
P49343,train
P49344,train
P49368,train
P49370,val
P49391,train
P49395,train
P49404,val
P49405,train
P49410,train
P49415,train
P49416,train
P49418,train
P49429,train
P49430,train
P49441,test
P49442,train
P49449,train
P49450,train
P49452,train
P49455,train
P49458,train
P49459,test
P49578,val
P49580,train
P49581,train
P49583,train
P49593,train
P49594,val
P49595,val
P49596,test
P49614,train
P49615,train
P49616,train
P49619,train
P49621,train
P49622,train
P49630,train
P49638,train
P49639,train
P49640,test
P49641,train
P49650,train
P49652,train
P49653,train
P49654,test
P49657,train
P49662,train
P49671,train
P49672,val
P49673,train
P49674,train
P49682,val
P49696,train
P49697,train
P49700,train
P49701,train
P49702,test
P49703,test
P49705,train
P49707,train
P49708,test
P49710,train
P49712,train
P49713,train
P49716,train
P49717,train
P49721,train
P49725,train
P49735,train
P49739,train
P49745,test
P49746,train
P49748,test
P49749,test
P49750,val
P49759,val
P49760,train
P49762,train
P49763,test
P49766,train
P49767,train
P49771,train
P49772,train
P49773,val
P49788,train
P49789,train
P49790,train
P49794,test
P49796,train
P49798,val
P49800,train
P49803,train
P49804,train
P49805,val
P49806,test
P49808,train
P49809,train
P49812,train
P49813,test
P49815,train
P49821,val
P49822,train
P49823,train
P49842,test
P49843,train
P49844,train
P49846,train
P49847,val
P49862,val
P49863,test
P49864,train
P49866,test
P49867,val
P49868,train
P49869,train
P49873,test
P49874,train
P49875,val
P49879,train
P49880,train
P49881,train
P49882,train
P49883,test
P49887,train
P49888,val
P49891,train
P49892,train
P49894,val
P49895,train
P49896,train
P49898,train
P49899,val
P49900,train
P49901,val
P49903,train
P49905,train
P49906,train
P49907,train
P49910,train
P49911,train
P49913,train
P49914,train
P49916,train
P49918,train
P49919,train
P49921,train
P49924,train
P49925,train
P49926,train
P49929,train
P49931,train
P49932,train
P49935,train
P49946,train
P49947,test
P49948,train
P49952,train
P49958,test
P49961,train
P49963,train
P49965,train
P50093,train
P50103,val
P50115,val
P50116,train
P50117,val
P50118,val
P50119,train
P50122,val
P50123,test
P50127,train
P50131,test
P50140,train
P50141,test
P50143,train
P50144,val
P50150,train
P50154,train
P50170,val
P50172,train
P50207,train
P50211,train
P50223,train
P50227,train
P50228,train
P50229,train
P50230,train
P50232,train
P50234,train
P50235,val
P50236,train
P50237,train
P50238,train
P50240,train
P50241,train
P50245,train
P50266,train
P50268,train
P50269,test
P50270,train
P50280,val
P50282,val
P50283,train
P50284,train
P50285,train
P50289,train
P50292,test
P50294,train
P50295,train
P50296,test
P50305,train
P50309,train
P50311,train
P50336,test
P50339,test
P50340,train
P50341,val
P50342,train
P50343,val
P50392,val
P50395,test
P50402,train
P50403,train
P50404,train
P50405,train
P50408,train
P50411,train
P50412,train
P50415,train
P50416,val
P50418,train
P50419,val
P50423,train
P50425,test
P50427,train
P50428,test
P50429,train
P50431,train
P50432,test
P50437,train
P50438,val
P50439,test
P50441,train
P50443,train
P50444,train
P50445,train
P50446,train
P50447,train
P50448,test
P50449,train
P50451,train
P50452,train
P50453,train
P50462,train
P50464,val
P50473,val
P50475,test
P50476,train
P50478,train
P50479,train
P50482,train
P50488,train
P50501,train
P50503,train
P50532,train
P50533,train
P50534,val
P50535,val
P50536,train
P50538,train
P50541,train
P50542,train
P50548,train
P50551,train
P50552,val
P50555,train
P50568,train
P50573,train
P50574,train
P50575,train
P50576,val
P50577,train
P50579,val
P50581,train
P50584,train
P50586,train
P50591,val
P50592,test
P50593,val
P50596,train
P50605,train
P50609,train
P50617,train
P50635,test
P50637,train
P50638,train
P50652,train
P50654,train
P50666,train
P50667,val
P50669,train
P50681,train
P50682,test
P50683,test
P50685,train
P50686,train
P50688,train
P50689,train
P50693,train
P50713,train
P50715,train
P50716,train
P50717,train
P50718,train
P50721,train
P50723,test
P50725,train
P50745,test
P50747,train
P50748,train
P50750,train
P50753,val
P50754,train
P50755,val
P50828,train
P50879,train
P50882,train
P50887,train
P50891,train
P50895,test
P50897,train
P50901,train
P50903,train
P50904,val
P50914,train
P50982,train
P50984,train
P50990,train
P50991,train
P50995,val
P51005,val
P51023,train
P51027,val
P51028,train
P51029,train
P51030,train
P51046,val
P51049,train
P51121,train
P51123,val
P51124,test
P51125,train
P51126,train
P51128,val
P51129,val
P51140,val
P51144,train
P51145,train
P51146,test
P51156,train
P51157,val
P51160,train
P51161,train
P51162,train
P51163,train
P51164,test
P51165,train
P51167,train
P51168,train
P51170,train
P51171,train
P51172,test
P51174,val
P51175,test
P51176,train
P51177,train
P51179,train
P51397,val
P51398,train
P51399,train
P51403,train
P51404,train
P51406,train
P51432,train
P51435,train
P51436,train
P51437,train
P51447,train
P51450,train
P51451,train
P51452,train
P51456,train
P51459,train
P51464,train
P51465,val
P51467,train
P51469,test
P51470,val
P51471,val
P51472,train
P51473,train
P51474,train
P51475,train
P51476,train
P51477,val
P51479,train
P51480,train
P51482,val
P51483,train
P51484,train
P51485,test
P51486,train
P51487,val
P51488,train
P51490,test
P51499,train
P51500,val
P51501,train
P51502,val
P51504,train
P51508,test
P51509,train
P51510,train
P51511,train
P51514,train
P51521,train
P51522,train
P51523,train
P51525,test
P51526,val
P51527,train
P51530,test
P51532,train
P51535,train
P51536,train
P51537,train
P51539,train
P51541,train
P51542,train
P51544,train
P51546,train
P51547,train
P51552,train
P51553,train
P51554,train
P51556,train
P51557,val
P51558,train
P51559,val
P51569,train
P51571,train
P51575,train
P51576,val
P51579,train
P51580,train
P51582,val
P51588,val
P51589,train
P51590,val
P51606,train
P51609,test
P51611,train
P51612,train
P51617,train
P51637,train
P51641,train
P51642,test
P51648,train
P51649,train
P51654,train
P51657,test
P51658,test
P51659,train
P51661,train
P51663,train
P51664,train
P51670,train
P51672,val
P51673,train
P51674,test
P51675,train
P51676,test
P51678,train
P51680,train
P51682,train
P51683,train
P51684,test
P51685,train
P51686,test
P51688,train
P51689,train
P51693,train
P51694,train
P51740,val
P51746,train
P51747,train
P51748,train
P51779,val
P51780,train
P51781,train
P51782,train
P51784,train
P51786,train
P51789,train
P51795,train
P51798,train
P51801,train
P51804,val
P51808,train
P51809,val
P51810,train
P51812,train
P51813,train
P51814,train
P51815,val
P51817,val
P51825,train
P51826,train
P51827,test
P51828,train
P51829,train
P51830,train
P51839,train
P51843,train
P51855,train
P51856,train
P51857,train
P51860,train
P51861,train
P51863,train
P51864,train
P51865,val
P51866,train
P51867,val
P51869,train
P51870,train
P51871,train
P51875,train
P51876,train
P51877,train
P51878,val
P51882,val
P51887,train
P51888,test
P51892,val
P51893,train
P51901,train
P51902,test
P51903,train
P51904,val
P51905,train
P51907,train
P51908,train
P51909,train
P51910,val
P51911,train
P51912,test
P51915,train
P51916,train
P51917,train
P51918,train
P51919,train
P51921,train
P51922,train
P51943,train
P51944,val
P51947,train
P51949,train
P51950,train
P51951,test
P51953,train
P51954,train
P51955,train
P51956,val
P51957,train
P51959,train
P51960,train
P51968,train
P51970,train
P51972,train
P51976,train
P51985,val
P51987,test
P51989,val
P51991,train
P52009,val
P52010,train
P52011,train
P52012,train
P52013,train
P52014,val
P52015,train
P52016,train
P52017,train
P52018,val
P52019,val
P52029,train
P52033,val
P52034,val
P52057,train
P52115,train
P52159,train
P52161,train
P52166,train
P52167,train
P52168,train
P52170,train
P52172,val
P52173,train
P52176,train
P52179,test
P52181,train
P52183,train
P52187,train
P52192,train
P52194,val
P52203,test
P52204,train
P52205,train
P52212,val
P52274,train
P52287,train
P52293,train
P52295,val
P52302,test
P52304,train
P52306,train
P52332,train
P52333,test
P52431,train
P52434,train
P52478,train
P52479,train
P52482,train
P52483,val
P52484,train
P52485,train
P52486,train
P52487,train
P52500,train
P52503,test
P52504,train
P52505,train
P52550,train
P52551,train
P52554,train
P52565,train
P52569,train
P52570,val
P52583,train
P52591,train
P52592,train
P52597,train
P52624,test
P52630,train
P52632,train
P52633,train
P52650,train
P52651,train
P52652,train
P52654,train
P52656,train
P52657,train
P52701,test
P52709,train
P52713,train
P52714,test
P52715,train
P52716,train
P52717,val
P52730,train
P52731,train
P52732,train
P52734,train
P52736,train
P52738,val
P52740,train
P52741,test
P52742,train
P52743,train
P52744,test
P52746,train
P52757,train
P52758,test
P52759,train
P52760,train
P52784,train
P52785,train
P52786,val
P52790,train
P52792,train
P52794,val
P52798,train
P52800,train
P52801,train
P52802,train
P52811,train
P52812,train
P52813,train
P52814,test
P52815,train
P52818,train
P52819,train
P52821,train
P52824,test
P52825,train
P52826,train
P52827,train
P52840,train
P52841,train
P52842,test
P52844,val
P52847,val
P52849,val
P52872,train
P52873,val
P52874,test
P52879,val
P52880,test
P52881,train
P52882,train
P52883,train
P52887,train
P52889,train
P52898,train
P52899,train
P52905,train
P52906,train
P52907,val
P52909,val
P52912,train
P52927,train
P52943,train
P52944,test
P52946,train
P52951,val
P52952,val
P52954,train
P52961,val
P52962,val
P53004,test
P53014,test
P53015,train
P53016,train
P53017,val
P53018,train
P53021,val
P53026,test
P53033,train
P53034,train
P53346,val
P53347,test
P53350,train
P53352,train
P53354,val
P53355,train
P53356,test
P53357,train
P53358,train
P53361,train
P53366,train
P53369,train
P53370,train
P53395,val
P53403,val
P53407,train
P53408,test
P53412,test
P53420,train
P53439,train
P53442,train
P53445,train
P53446,train
P53447,test
P53451,train
P53452,train
P53453,val
P53454,train
P53483,train
P53543,val
P53544,val
P53545,train
P53546,train
P53563,train
P53565,train
P53569,val
P53582,train
P53585,train
P53588,val
P53589,train
P53596,train
P53602,train
P53603,test
P53610,train
P53612,train
P53613,train
P53614,test
P53624,train
P53666,train
P53669,val
P53674,train
P53675,train
P53678,train
P53680,train
P53701,train
P53702,train
P53703,train
P53708,train
P53714,train
P53715,train
P53770,train
P53772,train
P53773,val
P53774,train
P53775,train
P53777,train
P53781,train
P53782,train
P53784,val
P53787,train
P53789,train
P53791,test
P53795,test
P53803,train
P53804,train
P53806,train
P53809,train
P53814,train
P53817,train
P53985,train
P53986,train
P53988,train
P53992,train
P53993,train
P53996,train
P53997,train
P53999,test
P54002,train
P54073,train
P54097,train
P54098,train
P54100,train
P54103,train
P54106,test
P54107,train
P54108,train
P54116,train
P54126,test
P54127,train
P54128,test
P54129,test
P54132,train
P54135,train
P54136,test
P54137,val
P54141,test
P54142,val
P54145,test
P54149,train
P54185,train
P54190,val
P54191,train
P54192,train
P54193,val
P54194,train
P54195,train
P54216,val
P54217,train
P54218,train
P54219,train
P54228,train
P54229,train
P54230,train
P54244,test
P54246,train
P54252,test
P54253,train
P54257,test
P54259,test
P54265,test
P54269,train
P54274,train
P54276,train
P54277,test
P54278,train
P54279,test
P54281,train
P54282,train
P54286,train
P54290,train
P54296,train
P54310,test
P54311,val
P54315,train
P54317,train
P54318,train
P54320,train
P54350,train
P54351,train
P54352,train
P54353,train
P54356,test
P54357,train
P54358,train
P54359,train
P54360,train
P54361,val
P54362,val
P54363,test
P54364,train
P54365,train
P54366,test
P54367,train
P54385,train
P54397,train
P54399,val
P54406,train
P54412,train
P54577,train
P54578,test
P54611,train
P54622,train
P54623,train
P54624,val
P54627,val
P54628,val
P54629,train
P54630,train
P54631,train
P54645,train
P54646,train
P54652,train
P54655,val
P54684,train
P54688,train
P54690,test
P54707,train
P54709,val
P54710,train
P54727,train
P54728,train
P54729,train
P54733,train
P54748,train
P54751,train
P54753,train
P54756,train
P54761,train
P54779,train
P54793,test
P54797,train
P54802,val
P54804,train
P54811,val
P54812,train
P54813,val
P54815,train
P54816,train
P54818,val
P54819,val
P54821,test
P54825,train
P54826,train
P54830,test
P54834,train
P54840,val
P54844,train
P54845,train
P54846,train
P54848,test
P54850,test
P54851,test
P54866,train
P54868,test
P54869,test
P54870,train
P54871,train
P54886,test
P54889,train
P54921,val
P54922,train
P54936,val
P54958,train
P54960,train
P54961,train
P54985,train
P54987,test
P54996,train
P55000,train
P55001,train
P55002,train
P55006,train
P55008,train
P55009,test
P55012,train
P55013,train
P55017,train
P55019,test
P55024,train
P55025,val
P55027,val
P55028,train
P55029,train
P55030,train
P55035,train
P55039,train
P55040,val
P55043,train
P55050,val
P55051,train
P55054,test
P55056,train
P55057,train
P55058,train
P55060,train
P55065,train
P55066,train
P55067,test
P55075,train
P55076,train
P55080,train
P55081,test
P55083,val
P55085,train
P55089,train
P55094,train
P55097,train
P55100,train
P55101,train
P55103,val
P55104,train
P55105,train
P55106,train
P55107,val
P55112,train
P55113,train
P55114,train
P55115,train
P55146,test
P55151,val
P55152,train
P55157,train
P55159,train
P55160,train
P55162,train
P55163,val
P55164,train
P55165,train
P55167,val
P55169,test
P55194,train
P55198,test
P55199,test
P55202,train
P55203,val
P55204,train
P55205,train
P55208,val
P55210,train
P55211,train
P55215,test
P55216,train
P55248,train
P55249,test
P55259,train
P55261,test
P55265,val
P55266,train
P55267,train
P55268,test
P55270,val
P55272,train
P55273,train
P55274,train
P55277,train
P55280,val
P55284,train
P55290,train
P55291,train
P55292,train
P55314,train
P55316,train
P55318,train
P55320,train
P55321,train
P55326,train
P55345,train
P55769,train
P55771,train
P55772,val
P55773,train
P55774,train
P55776,train
P55778,train
P55779,train
P55780,test
P55781,train
P55782,train
P55783,train
P55786,train
P55788,train
P55789,val
P55791,train
P55797,train
P55806,train
P55807,train
P55808,val
P55814,train
P55816,train
P55817,val
P55821,val
P55822,train
P55828,train
P55830,train
P55833,train
P55847,train
P55848,train
P55849,train
P55850,val
P55853,train
P55859,train
P55860,train
P55865,train
P55866,train
P55867,train
P55868,test
P55885,val
P55896,train
P55903,train
P55917,train
P55928,train
P55931,test
P55934,train
P55936,val
P55937,train
P55940,train
P55946,train
P55947,train
P55948,train
P55949,train
P55950,val
P55951,train
P55952,train
P55953,train
P55954,val
P55955,train
P55956,train
P55957,test
P55963,val
P55965,test
P55966,train
P56079,test
P56101,train
P56135,train
P56158,train
P56159,train
P56161,train
P56173,train
P56174,train
P56175,train
P56180,test
P56181,train
P56182,train
P56183,train
P56199,train
P56201,train
P56202,train
P56203,test
P56207,train
P56208,train
P56211,test
P56217,train
P56219,test
P56223,train
P56224,train
P56236,train
P56244,train
P56247,train
P56248,val
P56249,train
P56250,train
P56251,train
P56252,test
P56261,test
P56272,val
P56273,train
P56276,train
P56277,val
P56279,test
P56280,train
P56282,train
P56285,test
P56378,train
P56379,train
P56382,train
P56383,train
P56385,train
P56386,train
P56388,train
P56389,train
P56392,train
P56394,train
P56402,train
P56403,val
P56405,train
P56407,train
P56410,train
P56413,train
P56425,test
P56434,train
P56435,train
P56451,train
P56469,train
P56470,train
P56473,train
P56477,train
P56478,val
P56479,train
P56482,train
P56484,train
P56486,train
P56488,train
P56501,train
P56503,train
P56518,train
P56519,val
P56528,train
P56529,train
P56533,train
P56538,train
P56541,train
P56542,val
P56544,train
P56545,train
P56555,train
P56556,train
P56557,test
P56562,val
P56567,train
P56570,val
P56581,val
P56590,train
P56591,train
P56592,train
P56593,train
P56595,val
P56597,train
P56598,train
P56616,test
P56618,train
P56619,val
P56620,train
P56627,train
P56632,train
P56633,train
P56634,train
P56637,train
P56638,val
P56639,train
P56641,train
P56645,train
P56646,train
P56649,train
P56652,train
P56656,train
P56657,train
P56658,train
P56671,train
P56672,train
P56673,test
P56676,val
P56677,train
P56678,train
P56682,train
P56684,train
P56685,train
P56686,train
P56687,train
P56688,train
P56691,train
P56692,train
P56695,val
P56696,train
P56699,train
P56700,test
P56702,train
P56703,train
P56704,val
P56710,train
P56711,train
P56712,test
P56714,train
P56715,test
P56716,train
P56717,train
P56720,train
P56721,train
P56734,train
P56736,train
P56743,train
P56746,train
P56747,train
P56748,train
P56749,train
P56750,train
P56839,train
P56840,val
P56841,train
P56842,train
P56844,train
P56845,train
P56851,train
P56852,train
P56853,test
P56854,train
P56855,train
P56856,train
P56873,train
P56880,val
P56915,val
P56916,train
P56918,val
P56919,train
P56920,train
P56921,val
P56923,train
P56924,train
P56931,train
P56937,val
P56941,train
P56942,train
P56945,train
P56950,test
P56972,train
P56974,train
P56982,train
P57016,train
P57052,val
P57054,train
P57055,train
P57057,val
P57059,train
P57071,val
P57073,train
P57074,train
P57075,train
P57078,test
P57081,val
P57086,test
P57087,train
P57093,test
P57094,test
P57095,val
P57096,train
P57101,train
P57102,train
P57104,train
P57110,val
P57672,test
P57678,train
P57679,train
P57680,train
P57717,train
P57722,test
P57725,train
P57727,train
P57730,train
P57738,train
P57739,val
P57740,train
P57747,train
P57756,train
P57757,train
P57759,val
P57760,val
P57764,train
P57772,train
P57773,train
P57780,train
P57781,test
P57783,train
P57785,train
P57786,train
P57787,test
P57788,test
P57796,val
P58003,test
P58004,train
P58019,val
P58022,train
P58028,test
P58044,train
P58058,train
P58062,train
P58064,test
P58073,train
P58126,train
P58154,train
P58166,train
P58173,val
P58180,train
P58181,val
P58182,val
P58195,train
P58196,test
P58239,test
P58242,val
P58249,test
P58267,train
P58270,train
P58280,train
P58283,train
P58295,train
P58296,train
P58307,test
P58312,val
P58317,train
P58334,train
P58335,train
P58351,test
P58354,train
P58355,train
P58368,train
P58369,train
P58370,train
P58374,val
P58375,train
P58392,test
P58397,test
P58400,test
P58405,val
P58421,test
P58425,val
P58427,test
P58428,train
P58464,val
P58465,train
P58467,train
P58468,train
P58490,val
P58498,train
P58499,val
P58500,train
P58504,train
P58505,train
P58511,train
P58512,val
P58513,train
P58522,train
P58546,train
P58550,train
P58557,train
P58604,train
P58606,train
P58608,train
P58609,train
P58623,train
P58624,train
P58648,val
P58649,val
P58659,train
P58660,train
P58681,test
P58682,train
P58691,train
P58705,val
P58706,test
P58707,val
P58710,train
P58727,train
P58752,val
P58753,train
P58754,train
P58755,train
P58762,val
P58778,train
P58779,train
P58780,train
P58781,val
P58783,train
P58785,train
P58786,test
P58787,val
P58797,train
P58798,train
P58801,train
P58802,train
P58805,test
P58807,train
P58808,val
P58809,train
P58811,test
P58841,test
P58842,test
P58844,test
P58846,train
P58849,test
P58854,train
P58871,train
P58873,train
P58874,train
P58910,train
P58913,train
P58914,train
P58915,val
P58916,train
P58917,train
P58918,train
P58919,train
P58920,train
P58922,train
P58924,train
P58925,train
P58926,test
P58927,train
P58930,val
P58950,train
P58951,train
P58952,train
P58953,train
P58954,test
P58955,train
P58956,train
P58957,test
P58958,val
P58959,train
P58960,val
P58961,train
P58962,train
P58985,train
P58990,train
P59015,test
P59017,test
P59021,train
P59023,test
P59025,test
P59035,train
P59036,train
P59037,val
P59041,val
P59044,train
P59045,train
P59046,test
P59047,val
P59052,train
P59054,train
P59071,train
P59074,train
P59083,test
P59084,train
P59091,train
P59095,train
P59096,test
P59101,train
P59103,train
P59110,train
P59111,train
P59113,train
P59158,train
P59171,train
P59172,train
P59190,test
P59222,test
P59235,train
P59240,train
P59242,test
P59266,train
P59268,train
P59281,train
P59325,train
P59328,train
P59354,train
P59355,test
P59356,train
P59357,val
P59367,train
P59368,train
P59383,train
P59438,train
P59470,train
P59509,train
P59510,val
P59511,train
P59528,train
P59529,train
P59534,train
P59543,train
P59544,val
P59597,val
P59598,val
P59645,train
P59646,train
P59647,train
P59649,train
P59665,val
P59667,train
P59672,val
P59679,train
P59692,val
P59693,test
P59704,train
P59708,train
P59723,train
P59729,test
P59743,train
P59750,val
P59759,train
P59768,train
P59773,train
P59780,test
P59796,train
P59797,train
P59798,train
P59808,train
P59817,val
P59823,train
P59826,test
P59827,train
P59837,train
P59845,test
P59847,test
P59854,val
P59862,val
P59863,train
P59864,val
P59865,train
P59866,train
P59867,train
P59868,train
P59870,val
P59886,test
P59887,train
P59888,train
P59889,train
P59896,train
P59900,train
P59901,train
P59910,val
P59922,train
P59923,train
P59924,train
P59925,train
P59926,val
P59936,train
P59938,train
P59939,train
P59941,train
P59942,val
P59990,val
P59991,train
P59994,train
P59997,train
P59998,test
P60002,train
P60008,train
P60014,val
P60015,train
P60018,val
P60027,train
P60032,test
P60058,test
P60122,train
P60154,train
P60163,train
P60178,train
P60179,test
P60181,test
P60191,train
P60208,val
P60209,train
P60211,val
P60212,train
P60213,test
P60214,train
P60215,test
P60226,train
P60228,test
P60234,test
P60237,train
P60244,train
P60245,train
P60253,val
P60254,train
P60255,train
P60258,val
P60259,train
P60268,train
P60269,train
P60270,train
P60272,train
P60274,val
P60275,train
P60277,val
P60301,train
P60321,val
P60322,test
P60323,train
P60324,train
P60328,val
P60329,val
P60330,train
P60331,val
P60335,test
P60368,train
P60369,val
P60370,train
P60371,train
P60372,val
P60409,test
P60410,train
P60411,train
P60412,train
P60413,train
P60467,train
P60487,train
P60507,train
P60509,train
P60513,train
P60514,train
P60519,train
P60531,train
P60569,test
P60572,train
P60589,train
P60590,val
P60602,test
P60604,train
P60607,train
P60608,train
P60660,train
P60669,train
P60670,val
P60673,train
P60704,train
P60705,train
P60756,val
P60761,train
P60763,val
P60770,train
P60815,test
P60824,train
P60827,train
P60842,train
P60852,train
P60853,test
P60866,train
P60889,val
P60893,train
P60896,train
P60900,val
P60904,test
P60924,train
P60954,train
P60975,val
P60976,train
P60977,train
P60978,val
P60980,train
P60981,test
P60983,train
P60985,train
P60986,train
P60987,val
P60988,test
P60990,train
P60991,train
P60992,train
P60993,val
P61009,train
P61012,val
P61020,train
P61022,train
P61024,train
P61028,test
P61081,train
P61085,train
P61088,train
P61092,train
P61102,val
P61103,train
P61104,train
P61106,train
P61110,val
P61129,train
P61133,test
P61150,test
P61155,test
P61158,val
P61160,train
P61165,test
P61201,train
P61208,train
P61212,val
P61213,train
P61215,train
P61218,train
P61222,train
P61224,train
P61228,train
P61229,train
P61230,train
P61231,test
P61232,train
P61233,val
P61236,test
P61254,train
P61264,val
P61285,train
P61289,train
P61292,train
P61298,val
P61312,train
P61313,train
P61353,train
P61364,train
P61375,train
P61406,val
P61407,train
P61408,train
P61409,train
P61457,test
P61460,train
P61504,train
P61507,val
P61513,test
P61542,train
P61550,train
P61551,test
P61552,train
P61553,train
P61555,train
P61559,train
P61561,test
P61568,val
P61571,train
P61578,train
P61580,train
P61587,train
P61599,train
P61604,train
P61625,train
P61626,test
P61640,train
P61646,train
P61648,train
P61758,val
P61769,train
P61789,val
P61790,train
P61791,train
P61792,train
P61797,test
P61799,val
P61800,train
P61801,train
P61802,train
P61803,test
P61809,val
P61811,test
P61849,train
P61850,val
P61851,train
P61855,val
P61856,train
P61866,test
P61874,train
P61898,train
P61915,train
P61916,train
P61923,train
P61925,train
P61927,test
P61939,train
P61943,test
P61944,train
P61952,train
P61963,train
P61964,val
P61966,test
P61968,train
P61970,train
P61981,train
P62024,train
P62025,test
P62045,train
P62046,train
P62068,train
P62071,test
P62076,train
P62079,train
P62081,val
P62085,train
P62166,val
P62191,train
P62241,train
P62244,train
P62248,val
P62253,train
P62256,train
P62258,train
P62263,train
P62266,train
P62269,test
P62273,train
P62277,train
P62280,test
P62300,train
P62304,test
P62306,train
P62308,test
P62310,train
P62313,train
P62314,train
P62316,train
P62318,train
P62333,test
P62375,train
P62384,train
P62387,train
P62394,train
P62407,train
P62447,test
P62482,val
P62484,train
P62487,train
P62490,val
P62495,train
P62501,test
P62502,test
P62503,train
P62508,train
P62520,train
P62521,train
P62540,train
P62543,train
P62545,train
P62562,train
P62564,train
P62581,test
P62597,train
P62603,train
P62627,train
P62631,train
P62684,train
P62699,test
P62701,train
P62745,test
P62750,train
P62753,test
P62760,test
P62784,test
P62811,train
P62817,val
P62819,train
P62829,train
P62841,train
P62851,val
P62854,train
P62857,test
P62861,train
P62869,train
P62875,val
P62888,test
P62891,train
P62899,train
P62910,train
P62913,train
P62915,val
P62917,test
P62925,train
P62932,train
P62934,train
P62937,train
P62942,train
P62944,train
P62945,train
P62952,train
P62955,train
P62962,test
P62968,val
P62975,train
P62993,train
P62995,train
P63002,train
P63019,train
P63026,train
P63030,test
P63032,train
P63047,train
P63056,train
P63061,val
P63072,test
P63076,train
P63077,train
P63080,train
P63081,train
P63098,train
P63101,train
P63114,val
P63115,train
P63128,train
P63129,val
P63135,val
P63138,train
P63144,val
P63151,train
P63152,train
P63153,train
P63155,train
P63157,train
P63161,test
P63171,train
P63173,train
P63208,train
P63211,train
P63215,train
P63218,train
P63220,train
P63241,test
P63243,train
P63271,train
P63278,train
P63279,train
P63289,train
P63292,train
P63293,train
P63295,train
P63298,train
P63301,train
P63306,train
P63309,val
P63313,train
P63316,train
P63320,train
P67783,train
P67785,train
P67787,train
P67788,val
P67789,val
P67801,train
P67803,test
P67813,train
P67824,train
P67837,train
P67841,train
P67857,train
P67860,train
P67870,train
P67878,train
P67880,test
P67929,train
P67934,train
P67935,train
P67936,train
P67965,train
P67967,test
P67970,train
P67971,train
P67972,train
P68005,val
P68006,train
P68036,val
P68038,val
P68072,train
P68081,train
P68106,test
P68189,train
P68202,val
P68228,val
P68241,train
P68245,train
P68247,train
P68248,train
P68249,val
P68259,val
P68297,val
P68308,train
P68313,train
P68390,train
P68404,val
P68417,train
P68420,train
P68421,train
P68422,test
P68423,train
P68425,train
P68426,train
P68494,train
P68509,train
P68512,val
P68517,test
P68528,train
P68543,test
P68723,train
P68724,train
P68725,train
P68727,test
P68827,train
P68943,train
P68957,train
P68988,val
P68992,val
P69007,train
P69010,train
P69013,val
P69014,train
P69017,val
P69018,train
P69019,train
P69021,train
P69023,val
P69025,train
P69027,train
P69029,train
P69030,val
P69031,train
P69034,train
P69035,train
P69043,test
P69045,train
P69060,val
P69063,train
P69067,train
P69091,test
P69094,test
P69100,val
P69106,train
P69107,test
P69129,train
P69137,train
P69138,train
P69144,val
P69145,train
P69153,train
P69155,train
P69161,val
P69208,train
P69215,val
P69233,train
P69235,val
P69237,train
P69239,train
P69436,test
P69494,train
P69495,train
P69496,test
P69497,test
P69498,train
P69499,val
P69501,train
P69526,val
P69527,val
P69566,val
P69657,train
P69678,val
P69682,train
P69745,train
P69746,train
P69747,train
P69748,train
P69749,val
P69752,train
P69754,train
P69755,train
P69756,train
P69758,train
P69759,train
P69760,train
P69762,train
P69764,train
P69769,train
P69770,val
P69835,train
P69836,test
P69839,train
P69840,train
P69843,train
P69844,test
P69845,train
P69846,val
P69847,train
P69892,train
P69928,train
P69929,train
P69930,train
P69943,test
P69999,val
P70011,train
P70031,train
P70032,train
P70041,train
P70047,val
P70054,test
P70056,test
P70057,val
P70059,train
P70061,train
P70062,train
P70074,train
P70075,train
P70076,test
P70079,test
P70080,val
P70083,test
P70085,val
P70088,train
P70089,train
P70090,test
P70091,train
P70097,train
P70102,test
P70105,test
P70106,val
P70107,test
P70112,train
P70117,train
P70120,train
P70121,train
P70122,val
P70160,train
P70168,train
P70169,train
P70178,val
P70182,train
P70186,test
P70190,test
P70191,train
P70193,train
P70194,test
P70195,train
P70196,train
P70202,train
P70207,val
P70213,train
P70218,val
P70224,train
P70232,test
P70245,val
P70248,train
P70255,train
P70259,train
P70261,train
P70269,train
P70274,val
P70275,train
P70277,test
P70278,test
P70279,val
P70284,train
P70289,val
P70295,test
P70296,train
P70298,val
P70314,train
P70315,val
P70323,val
P70324,val
P70331,train
P70339,train
P70340,train
P70343,train
P70347,train
P70348,train
P70353,train
P70354,train
P70362,test
P70371,train
P70375,val
P70377,train
P70378,train
P70379,val
P70380,train
P70385,train
P70387,train
P70389,val
P70390,train
P70392,test
P70397,train
P70399,train
P70402,train
P70407,train
P70412,train
P70423,train
P70425,val
P70426,test
P70429,test
P70434,test
P70436,train
P70441,train
P70444,train
P70447,val
P70453,train
P70458,train
P70460,train
P70473,test
P70490,train
P70492,train
P70499,train
P70501,train
P70502,val
P70505,test
P70531,train
P70537,train
P70549,train
P70553,val
P70563,train
P70564,train
P70579,train
P70581,val
P70583,train
P70585,train
P70597,train
P70600,train
P70604,train
P70606,train
P70612,train
P70627,test
P70628,test
P70645,train
P70660,val
P70661,train
P70663,train
P70664,train
P70665,train
P70668,train
P70670,train
P70671,train
P70673,test
P70675,val
P70683,train
P70684,train
P70687,train
P70691,train
P70694,val
P70698,train
P70708,train
P70709,train
P78310,train
P78312,train
P78314,train
P78316,train
P78318,val
P78324,train
P78325,train
P78329,train
P78330,train
P78332,train
P78333,train
P78334,val
P78345,train
P78357,train
P78358,train
P78364,test
P78367,train
P78371,train
P78380,train
P78383,train
P78395,val
P78396,train
P78406,train
P78410,train
P78411,val
P78412,train
P78413,train
P78415,train
P78417,train
P78423,train
P78426,train
P78537,train
P78545,train
P78549,train
P78552,val
P78556,train
P78562,test
P79098,train
P79099,train
P79100,test
P79101,test
P79102,train
P79105,train
P79106,test
P79107,train
P79119,test
P79122,train
P79124,train
P79125,test
P79134,val
P79135,train
P79138,test
P79139,test
P79143,train
P79148,val
P79149,train
P79153,train
P79166,train
P79169,train
P79171,train
P79197,test
P79204,test
P79208,val
P79209,train
P79217,train
P79218,train
P79222,train
P79227,train
P79251,train
P79255,train
P79260,train
P79263,val
P79274,train
P79287,train
P79288,train
P79290,train
P79295,train
P79304,train
P79336,test
P79340,test
P79342,val
P79345,train
P79348,val
P79362,val
P79374,train
P79381,train
P79383,train
P79385,train
P79386,train
P79391,train
P79393,train
P79401,train
P79457,train
P79483,train
P79621,train
P79690,train
P79695,val
P79697,train
P79701,train
P79702,train
P79703,train
P79716,train
P79724,train
P79727,test
P79728,val
P79732,train
P79733,test
P79734,train
P79737,train
P79739,train
P79741,test
P79742,train
P79745,train
P79746,train
P79747,train
P79748,train
P79749,test
P79750,train
P79755,test
P79760,train
P79761,test
P79762,val
P79764,val
P79765,train
P79766,train
P79769,train
P79772,train
P79774,train
P79775,train
P79777,val
P79778,train
P79780,train
P79782,val
P79784,train
P79785,train
P79795,test
P79797,train
P79799,train
P79815,train
P79819,train
P79820,val
P79826,train
P79832,test
P79847,val
P79863,train
P79874,train
P79875,train
P79876,train
P79880,train
P79881,train
P79883,test
P79885,train
P79886,train
P79888,val
P79894,val
P79896,train
P79897,train
P79898,train
P79913,val
P79920,train
P79922,train
P79926,train
P79928,train
P79942,train
P79943,test
P79944,train
P79945,train
P79948,train
P79949,train
P79953,val
P79955,train
P79987,train
P79990,val
P79996,val
P80001,train
P80002,val
P80003,train
P80007,train
P80015,test
P80017,train
P80024,test
P80025,train
P80026,val
P80027,train
P80029,test
P80031,val
P80032,test
P80033,train
P80034,train
P80035,train
P80041,train
P80043,train
P80045,test
P80049,test
P80051,val
P80054,train
P80059,train
P80060,train
P80071,train
P80075,train
P80076,train
P80079,train
P80090,train
P80098,train
P80108,train
P80109,train
P80110,train
P80111,train
P80154,train
P80162,train
P80163,test
P80164,val
P80174,val
P80180,val
P80181,train
P80182,val
P80188,train
P80189,train
P80195,train
P80203,val
P80209,val
P80217,train
P80219,val
P80220,train
P80221,train
P80222,train
P80223,train
P80226,train
P80227,test
P80229,test
P80231,train
P80232,train
P80246,val
P80255,train
P80270,val
P80271,train
P80276,test
P80279,train
P80280,train
P80281,train
P80282,train
P80287,train
P80292,val
P80299,train
P80302,val
P80303,train
P80304,train
P80310,train
P80322,val
P80325,train
P80338,val
P80344,train
P80345,train
P80360,val
P80361,train
P80363,val
P80365,train
P80367,test
P80370,test
P80384,test
P80391,val
P80392,train
P80397,train
P80398,train
P80399,train
P80400,train
P80404,val
P80405,test
P80407,train
P80408,train
P80409,train
P80416,train
P80424,train
P80425,train
P80426,train
P80431,test
P80455,train
P80456,train
P80457,train
P80467,train
P80468,train
P80476,train
P80492,test
P80508,train
P80511,train
P80512,train
P80515,test
P80516,val
P80517,train
P80518,test
P80519,train
P80534,train
P80548,train
P80560,train
P80566,train
P80577,val
P80578,val
P80585,train
P80592,train
P80594,train
P80646,train
P80663,train
P80664,train
P80674,train
P80675,train
P80676,train
P80677,train
P80678,train
P80681,train
P80682,train
P80683,test
P80684,train
P80685,train
P80686,train
P80703,train
P80711,test
P80719,test
P80720,train
P80721,train
P80722,val
P80723,train
P80724,train
P80726,train
P80727,test
P80748,train
P80856,train
P80888,train
P80894,train
P80929,train
P80931,test
P80936,train
P80938,test
P80939,train
P80940,test
P80941,train
P80945,train
P80946,train
P80950,train
P80954,train
P80955,train
P80956,train
P80957,train
P80958,train
P80960,train
P80961,train
P80963,train
P80964,train
P80966,train
P80971,train
P80977,train
P81004,train
P81013,train
P81014,train
P81015,train
P81017,train
P81018,train
P81019,train
P81021,train
P81022,val
P81025,train
P81026,test
P81028,test
P81030,test
P81031,val
P81032,train
P81033,train
P81035,val
P81039,train
P81048,test
P81057,train
P81061,train
P81063,val
P81064,train
P81068,train
P81069,train
P81111,test
P81112,val
P81113,train
P81114,train
P81115,train
P81116,train
P81121,train
P81122,train
P81127,val
P81129,train
P81139,test
P81155,val
P81160,train
P81162,val
P81167,test
P81182,train
P81187,train
P81191,train
P81206,train
P81225,train
P81237,val
P81243,train
P81245,train
P81252,train
P81255,train
P81265,val
P81269,train
P81277,test
P81278,train
P81281,train
P81287,train
P81298,train
P81299,train
P81382,train
P81383,train
P81387,train
P81389,val
P81397,train
P81398,train
P81399,train
P81400,train
P81401,train
P81405,train
P81408,train
P81425,test
P81431,train
P81437,train
P81438,test
P81439,train
P81447,train
P81455,train
P81458,train
P81462,train
P81463,train
P81464,test
P81466,train
P81467,train
P81474,val
P81476,val
P81478,val
P81482,test
P81485,val
P81486,test
P81487,train
P81488,test
P81490,val
P81491,train
P81492,train
P81497,train
P81498,test
P81499,test
P81504,test
P81508,test
P81511,train
P81529,val
P81534,train
P81546,val
P81547,train
P81548,train
P81555,train
P81559,train
P81564,train
P81575,train
P81576,val
P81577,train
P81578,train
P81579,train
P81580,train
P81582,test
P81583,train
P81584,train
P81585,val
P81586,val
P81588,train
P81589,test
P81590,train
P81592,train
P81599,val
P81600,train
P81601,train
P81603,val
P81605,test
P81608,train
P81610,train
P81612,val
P81613,train
P81615,train
P81623,train
P81626,train
P81630,val
P81631,train
P81634,train
P81635,val
P81644,train
P81646,val
P81649,train
P81653,train
P81655,train
P81658,train
P81660,train
P81693,train
P81694,train
P81695,test
P81700,train
P81706,train
P81708,train
P81727,train
P81728,train
P81732,train
P81733,train
P81735,train
P81736,test
P81737,train
P81738,test
P81739,test
P81740,test
P81741,train
P81742,val
P81743,train
P81744,train
P81748,train
P81749,train
P81753,train
P81754,train
P81761,train
P81765,val
P81768,train
P81782,train
P81790,train
P81791,val
P81792,train
P81793,train
P81796,train
P81803,train
P81805,train
P81806,train
P81807,train
P81808,train
P81809,train
P81811,train
P81812,val
P81813,train
P81814,train
P81815,test
P81816,train
P81817,train
P81818,train
P81819,train
P81820,train
P81821,train
P81822,train
P81823,train
P81827,train
P81829,train
P81838,train
P81839,train
P81840,train
P81844,train
P81845,train
P81846,train
P81847,train
P81851,train
P81861,train
P81872,train
P81885,test
P81897,train
P81900,train
P81902,train
P81908,val
P81909,train
P81910,val
P81911,train
P81912,train
P81913,train
P81914,train
P81915,train
P81916,test
P81917,train
P81918,val
P81919,train
P81921,train
P81922,val
P81923,train
P81924,val
P81926,train
P81928,train
P81942,train
P81946,train
P81996,val
P82003,train
P82014,train
P82015,test
P82019,train
P82020,train
P82021,train
P82022,train
P82023,train
P82026,train
P82027,train
P82028,train
P82029,train
P82030,train
P82031,train
P82032,train
P82034,train
P82035,train
P82036,val
P82038,train
P82039,train
P82040,train
P82041,train
P82042,train
P82043,val
P82044,test
P82050,val
P82051,train
P82064,train
P82065,train
P82066,train
P82068,test
P82069,train
P82070,train
P82071,val
P82072,val
P82073,train
P82074,train
P82075,train
P82076,test
P82077,train
P82078,train
P82079,test
P82080,train
P82081,train
P82082,train
P82083,train
P82084,train
P82085,train
P82089,train
P82090,train
P82091,test
P82092,train
P82094,train
P82095,train
P82096,val
P82098,train
P82099,train
P82100,test
P82101,val
P82102,train
P82103,train
P82106,train
P82107,test
P82112,train
P82114,train
P82116,test
P82118,train
P82119,train
P82120,train
P82121,train
P82122,train
P82125,train
P82142,test
P82143,train
P82144,train
P82147,train
P82149,val
P82151,train
P82152,val
P82153,train
P82154,test
P82155,train
P82156,train
P82157,test
P82158,train
P82159,val
P82160,train
P82165,val
P82166,train
P82167,train
P82168,train
P82170,val
P82171,train
P82174,train
P82176,val
P82179,test
P82186,train
P82187,test
P82204,val
P82205,train
P82226,train
P82228,train
P82232,test
P82233,train
P82235,train
P82251,train
P82264,val
P82269,train
P82270,train
P82279,train
P82282,test
P82284,train
P82286,val
P82289,val
P82290,train
P82292,train
P82295,test
P82315,test
P82316,train
P82320,train
P82321,val
P82343,train
P82348,test
P82350,train
P82352,train
P82354,train
P82357,test
P82358,train
P82373,train
P82384,train
P82386,test
P82387,train
P82391,train
P82393,train
P82397,train
P82399,train
P82414,train
P82415,train
P82416,val
P82417,train
P82418,train
P82419,train
P82420,train
P82422,val
P82423,train
P82424,test
P82425,train
P82426,val
P82427,train
P82428,train
P82455,val
P82462,train
P82463,val
P82465,train
P82466,train
P82470,train
P82535,train
P82592,train
P82595,train
P82596,train
P82600,train
P82601,val
P82615,train
P82618,test
P82619,val
P82649,test
P82650,train
P82651,val
P82652,train
P82653,train
P82654,val
P82656,val
P82660,val
P82661,train
P82662,train
P82669,train
P82670,train
P82673,train
P82684,train
P82685,test
P82686,train
P82687,train
P82688,train
P82689,test
P82690,train
P82691,test
P82692,train
P82693,train
P82694,train
P82695,val
P82696,train
P82697,train
P82701,val
P82705,train
P82706,train
P82708,test
P82711,train
P82713,test
P82740,train
P82741,train
P82742,val
P82780,train
P82809,train
P82811,test
P82812,train
P82813,val
P82814,train
P82815,train
P82819,train
P82820,train
P82821,train
P82822,test
P82823,train
P82824,val
P82826,train
P82827,train
P82829,train
P82830,train
P82831,test
P82832,train
P82836,train
P82839,val
P82840,test
P82843,train
P82846,train
P82851,val
P82852,train
P82861,train
P82871,val
P82877,train
P82879,test
P82880,test
P82881,train
P82883,train
P82884,train
P82885,train
P82886,train
P82890,train
P82891,train
P82896,val
P82905,train
P82906,train
P82909,train
P82911,train
P82912,train
P82913,train
P82914,test
P82916,train
P82917,train
P82919,val
P82920,test
P82922,train
P82923,train
P82924,val
P82925,train
P82926,train
P82927,train
P82928,train
P82929,train
P82930,train
P82931,train
P82932,train
P82933,test
P82942,test
P82943,train
P82950,train
P82951,train
P82957,train
P82960,train
P82965,train
P82966,train
P82968,train
P82970,train
P82971,val
P82972,train
P82978,train
P82979,train
P82981,train
P82982,train
P82983,train
P82984,val
P82985,train
P82986,train
P82987,train
P83039,train
P83040,train
P83043,train
P83044,train
P83047,train
P83053,train
P83055,train
P83056,train
P83057,val
P83059,train
P83060,val
P83080,train
P83082,test
P83087,val
P83088,train
P83094,train
P83097,train
P83098,train
P83099,train
P83100,train
P83101,val
P83102,train
P83103,train
P83104,val
P83105,val
P83106,val
P83107,val
P83109,test
P83111,train
P83112,train
P83114,test
P83118,test
P83119,test
P83121,test
P83122,val
P83132,val
P83133,train
P83134,test
P83180,val
P83183,train
P83189,train
P83211,train
P83212,test
P83213,train
P83214,val
P83216,train
P83217,train
P83220,val
P83224,train
P83228,train
P83231,train
P83234,val
P83239,train
P83240,train
P83242,train
P83244,train
P83247,train
P83249,train
P83250,test
P83251,train
P83253,train
P83254,train
P83255,val
P83256,train
P83257,val
P83258,train
P83259,train
P83265,train
P83267,test
P83270,test
P83271,train
P83272,train
P83273,train
P83274,test
P83275,train
P83276,train
P83277,val
P83278,train
P83279,train
P83280,train
P83281,train
P83286,train
P83288,train
P83292,train
P83293,val
P83294,train
P83295,train
P83296,train
P83297,train
P83298,train
P83299,test
P83303,train
P83305,test
P83306,train
P83307,train
P83308,train
P83312,train
P83313,train
P83314,test
P83316,train
P83317,test
P83318,val
P83319,train
P83320,train
P83321,train
P83322,train
P83325,train
P83349,val
P83350,train
P83351,test
P83353,train
P83355,val
P83358,val
P83359,test
P83362,test
P83369,train
P83371,train
P83376,train
P83377,train
P83382,train
P83388,val
P83390,train
P83400,val
P83403,train
P83404,train
P83405,train
P83407,val
P83409,val
P83411,val
P83412,test
P83413,val
P83416,val
P83417,test
P83419,train
P83421,train
P83425,train
P83427,train
P83428,train
P83430,val
P83435,train
P83455,train
P83456,test
P83472,train
P83474,test
P83478,val
P83479,train
P83480,train
P83485,train
P83487,train
P83490,train
P83493,train
P83495,train
P83501,val
P83502,train
P83503,train
P83508,val
P83509,train
P83510,train
P83512,train
P83514,train
P83515,train
P83516,train
P83518,val
P83528,val
P83546,test
P83547,train
P83548,test
P83553,train
P83555,train
P83556,train
P83557,val
P83558,train
P83559,train
P83560,test
P83561,train
P83562,train
P83563,train
P83567,train
P83568,train
P83569,train
P83570,train
P83571,train
P83578,train
P83579,val
P83580,test
P83586,train
P83587,train
P83588,val
P83608,train
P83620,train
P83623,train
P83624,test
P83625,test
P83626,train
P83627,test
P83632,train
P83640,train
P83642,val
P83652,train
P83655,train
P83658,test
P83659,train
P83660,train
P83661,train
P83663,test
P83669,val
P83673,val
P83682,val
P83683,train
P83704,train
P83706,train
P83714,train
P83717,test
P83718,val
P83719,train
P83731,test
P83733,train
P83740,train
P83745,train
P83747,train
P83748,val
P83757,train
P83758,val
P83800,test
P83829,train
P83859,train
P83860,test
P83861,test
P83862,train
P83866,train
P83867,test
P83869,train
P83870,train
P83877,train
P83881,train
P83892,test
P83893,train
P83895,train
P83900,train
P83901,val
P83902,train
P83904,train
P83905,val
P83909,train
P83910,test
P83911,train
P83912,train
P83914,train
P83915,test
P83917,val
P83919,train
P83921,train
P83926,train
P83931,test
P83939,train
P83940,test
P83943,train
P83951,test
P83953,train
P83962,train
P83964,train
P83965,train
P83990,train
P83991,train
P83993,train
P83995,train
P83997,train
P83998,train
P84003,val
P84004,train
P84005,val
P84006,test
P84007,test
P84008,train
P84010,train
P84011,train
P84012,test
P84014,test
P84015,test
P84016,train
P84017,test
P84022,train
P84028,val
P84029,train
P84031,test
P84032,train
P84033,train
P84034,train
P84039,train
P84062,train
P84086,train
P84090,val
P84094,train
P84095,train
P84101,train
P84103,train
P84112,val
P84113,val
P84114,train
P84115,train
P84116,train
P84117,test
P84119,train
P84156,train
P84157,train
P84180,train
P84181,train
P84182,test
P84189,train
P84190,train
P84197,val
P84199,train
P84203,train
P84204,test
P84205,train
P84206,train
P84211,train
P84212,train
P84213,val
P84214,val
P84215,train
P84216,train
P84217,train
P84220,train
P84240,train
P84241,train
P84242,train
P84251,train
P84252,val
P84256,train
P84257,train
P84258,train
P84259,train
P84263,train
P84264,train
P84267,train
P84269,train
P84273,train
P84275,train
P84277,val
P84281,train
P84288,train
P84292,train
P84294,test
P84307,train
P84329,train
P84337,val
P84352,train
P84353,test
P84354,test
P84355,train
P84368,test
P84370,train
P84371,val
P84373,train
P84375,train
P84376,train
P84381,train
P84382,test
P84383,val
P84384,train
P84385,train
P84386,test
P84387,train
P84407,train
P84466,train
P84492,test
P84507,test
P84509,test
P84510,test
P84524,val
P84551,val
P84567,val
P84568,train
P84572,test
P84573,train
P84590,train
P84595,train
P84610,test
P84615,val
P84616,train
P84617,val
P84618,val
P84630,train
P84631,train
P84646,train
P84651,val
P84652,train
P84653,train
P84654,train
P84655,test
P84657,train
P84661,train
P84663,train
P84666,train
P84672,train
P84685,train
P84688,val
P84693,train
P84698,train
P84700,train
P84701,train
P84702,train
P84704,train
P84706,train
P84707,train
P84715,train
P84716,train
P84755,train
P84756,train
P84757,train
P84758,train
P84759,train
P84774,train
P84776,val
P84777,train
P84788,train
P84790,train
P84791,train
P84798,test
P84808,train
P84809,train
P84810,val
P84811,train
P84814,train
P84815,val
P84816,train
P84817,val
P84818,val
P84822,train
P84824,train
P84825,test
P84827,train
P84828,train
P84829,test
P84830,train
P84831,test
P84832,val
P84833,train
P84834,train
P84837,test
P84842,train
P84844,val
P84856,train
P84858,val
P84859,train
P84860,val
P84863,train
P84864,train
P84875,train
P84880,train
P84889,train
P84892,train
P84895,train
P84897,val
P84900,train
P84904,val
P84907,train
P84912,train
P84914,val
P84919,test
P84923,train
P84924,train
P84928,train
P84930,test
P84937,val
P84938,train
P84939,train
P84941,train
P84943,train
P84944,test
P84946,train
P84947,train
P84948,train
P84950,val
P84951,train
P84952,val
P84953,val
P84954,train
P84955,train
P84956,train
P84957,val
P84958,test
P84959,train
P84960,train
P84961,train
P84987,val
P84996,train
P85000,val
P85008,test
P85010,train
P85011,train
P85012,train
P85013,val
P85014,test
P85015,train
P85016,train
P85019,val
P85020,train
P85023,test
P85028,train
P85029,train
P85030,train
P85032,train
P85035,train
P85036,train
P85037,train
P85038,train
P85044,test
P85055,train
P85056,train
P85057,train
P85058,test
P85059,test
P85064,train
P85066,train
P85067,train
P85069,val
P85070,val
P85071,train
P85072,val
P85074,train
P85075,train
P85079,val
P85081,train
P85082,val
P85083,train
P85090,train
P85094,test
P85095,train
P85107,train
P85109,test
P85113,train
P85117,train
P85118,train
P85120,train
P85123,train
P85140,train
P85141,train
P85150,train
P85154,train
P85159,train
P85160,train
P85162,val
P85163,test
P85168,train
P85169,train
P85170,train
P85195,test
P85196,val
P85197,train
P85202,train
P85210,train
P85211,train
P85212,test
P85214,train
P85216,train
P85279,test
P85298,train
P85299,test
P85314,train
P85316,train
P85345,train
P85411,val
P85420,train
P85442,test
P85443,train
P85448,val
P85449,val
P85451,test
P85452,train
P85453,train
P85454,train
P85455,val
P85456,val
P85457,val
P85458,train
P85459,train
P85460,train
P85462,train
P85463,test
P85466,train
P85467,val
P85468,train
P85469,train
P85470,val
P85471,train
P85472,train
P85473,test
P85475,test
P85476,train
P85477,train
P85478,train
P85479,train
P85480,val
P85481,train
P85497,train
P85505,train
P85506,train
P85507,train
P85511,val
P85514,train
P85521,test
P85523,test
P85527,train
P85528,train
P85529,train
P85548,val
P85551,train
P85580,test
P85581,test
P85610,test
P85611,val
P85650,test
P85659,val
P85676,val
P85679,train
P85680,train
P85681,train
P85690,train
P85693,train
P85696,train
P85700,test
P85738,train
P85740,test
P85741,train
P85781,train
P85787,test
P85789,train
P85797,train
P85798,train
P85799,train
P85800,train
P85802,train
P85803,train
P85805,train
P85806,train
P85807,train
P85808,train
P85809,train
P85810,train
P85811,train
P85813,train
P85815,train
P85816,test
P85817,val
P85818,val
P85822,val
P85823,train
P85824,train
P85825,train
P85826,test
P85828,train
P85829,train
P85832,train
P85835,train
P85838,val
P85840,train
P85857,val
P85864,train
P85865,train
P85866,train
P85867,test
P85870,train
P85871,train
P85873,train
P85874,val
P85875,train
P85877,train
P85879,val
P85880,train
P85885,train
P85886,train
P85887,train
P85967,train
P85969,val
P85973,train
P85982,train
P86009,train
P86016,train
P86017,train
P86019,train
P86020,train
P86021,train
P86022,train
P86024,train
P86025,test
P86026,train
P86027,train
P86035,test
P86037,train
P86042,train
P86044,train
P86045,train
P86046,train
P86093,train
P86094,val
P86097,test
P86098,train
P86099,train
P86100,test
P86110,val
P86116,train
P86124,val
P86125,train
P86126,train
P86127,train
P86129,train
P86130,test
P86131,test
P86132,val
P86133,train
P86134,train
P86135,train
P86136,val
P86146,train
P86147,train
P86150,test
P86156,train
P86157,train
P86158,train
P86159,test
P86160,train
P86161,val
P86162,train
P86164,train
P86165,train
P86170,train
P86174,train
P86176,train
P86177,train
P86178,train
P86179,train
P86182,train
P86193,val
P86194,train
P86197,train
P86222,test
P86239,train
P86253,val
P86255,train
P86257,test
P86258,val
P86260,train
P86261,train
P86262,test
P86263,val
P86267,train
P86269,train
P86270,train
P86271,test
P86272,train
P86273,train
P86281,train
P86282,val
P86283,test
P86284,train
P86285,train
P86286,test
P86297,train
P86298,train
P86299,test
P86300,train
P86301,train
P86302,train
P86303,train
P86304,train
P86305,train
P86306,val
P86308,train
P86310,train
P86311,train
P86313,train
P86345,train
P86346,test
P86347,val
P86360,train
P86362,train
P86368,train
P86383,train
P86389,train
P86391,val
P86392,train
P86397,train
P86398,train
P86402,val
P86407,train
P86410,train
P86411,train
P86415,train
P86416,test
P86418,train
P86419,train
P86421,train
P86422,train
P86423,train
P86424,test
P86426,train
P86427,train
P86428,train
P86431,val
P86432,train
P86434,val
P86435,test
P86436,train
P86442,train
P86443,train
P86445,test
P86449,train
P86452,val
P86455,train
P86456,train
P86459,train
P86465,val
P86471,val
P86479,train
P86482,test
P86483,train
P86487,train
P86488,train
P86489,val
P86490,train
P86492,train
P86493,train
P86494,train
P86495,train
P86503,test
P86504,test
P86508,train
P86509,test
P86510,val
P86512,val
P86513,train
P86515,train
P86547,train
P86557,train
P86559,train
P86560,val
P86561,train
P86562,train
P86566,train
P86572,train
P86578,train
P86584,train
P86585,val
P86590,train
P86593,train
P86596,val
P86597,train
P86598,train
P86602,train
P86603,train
P86604,test
P86605,train
P86606,train
P86607,test
P86608,train
P86609,train
P86610,train
P86613,train
P86617,train
P86620,train
P86621,train
P86625,train
P86627,test
P86628,train
P86630,train
P86634,train
P86639,train
P86640,train
P86642,train
P86643,train
P86644,train
P86645,train
P86654,train
P86659,test
P86660,test
P86667,train
P86671,train
P86676,train
P86677,train
P86678,train
P86684,train
P86709,test
P86710,train
P86717,val
P86719,val
P86721,train
P86722,train
P86723,train
P86724,train
P86725,train
P86726,train
P86727,test
P86728,train
P86729,train
P86731,train
P86732,val
P86734,train
P86738,train
P86785,train
P86789,train
P86793,train
P86798,train
P86802,train
P86804,train
P86806,train
P86810,train
P86811,val
P86812,test
P86813,train
P86814,train
P86817,train
P86819,test
P86820,val
P86821,test
P86822,test
P86824,train
P86825,test
P86826,train
P86827,train
P86828,train
P86839,train
P86854,train
P86855,train
P86858,test
P86859,train
P86862,val
P86863,test
P86867,test
P86870,test
P86871,test
P86880,train
P86882,train
P86883,train
P86884,train
P86885,train
P86887,train
P86905,train
P86907,train
P86914,train
P86915,test
P86919,train
P86921,test
P86928,test
P86929,test
P86941,test
P86949,train
P86950,train
P86951,test
P86952,train
P86954,train
P86955,val
P86956,train
P86957,train
P86958,train
P86959,val
P86960,train
P86961,train
P86962,train
P86963,test
P86964,train
P86965,train
P86967,val
P86968,train
P86969,train
P86975,test
P86976,test
P86981,train
P86983,train
P86984,train
P86986,train
P86987,train
P86994,train
P86995,val
P86996,val
P86999,train
P87346,train
P87352,val
P87355,train
P87362,train
P87365,train
P87366,val
P87367,train
P87368,val
P87369,train
P87378,train
P87384,train
P87385,train
P87387,train
P87391,train
P87497,train
P87498,train
P87508,train
P89116,train
P90666,test
P90680,train
P90682,train
P90698,test
P90702,train
P90703,train
P90726,train
P90727,train
P90740,train
P90745,train
P90747,train
P90754,val
P90755,train
P90761,train
P90771,test
P90783,train
P90789,train
P90794,test
P90795,val
P90820,train
P90829,train
P90835,train
P90837,train
P90838,train
P90846,train
P90850,train
P90859,train
P90866,train
P90884,train
P90893,train
P90895,train
P90897,val
P90900,train
P90901,val
P90917,val
P90920,train
P90921,train
P90925,train
P90947,train
P90953,train
P90970,train
P90971,test
P90978,test
P90980,train
P90986,train
P90990,train
P90992,train
P90993,train
P90994,train
P91001,train
P91027,train
P91079,test
P91082,train
P91119,train
P91124,test
P91127,val
P91128,train
P91133,val
P91136,train
P91137,train
P91143,test
P91148,train
P91167,val
P91193,val
P91200,train
P91209,train
P91210,train
P91211,train
P91240,train
P91247,train
P91252,train
P91253,train
P91254,train
P91268,val
P91275,train
P91276,train
P91277,test
P91278,train
P91285,train
P91302,val
P91309,train
P91318,train
P91341,train
P91343,train
P91349,val
P91351,val
P91374,train
P91375,train
P91390,val
P91399,val
P91406,train
P91408,train
P91409,train
P91416,train
P91420,train
P91424,train
P91427,train
P91428,test
P91430,train
P91455,train
P91477,train
P91478,train
P91529,train
P91535,train
P91536,train
P91550,val
P91573,train
P91580,train
P91599,train
P91620,val
P91621,train
P91622,val
P91623,test
P91627,val
P91629,train
P91641,train
P91645,train
P91657,train
P91660,train
P91664,train
P91679,train
P91682,train
P91685,train
P91699,train
P91711,test
P91730,train
P91745,val
P91753,train
P91758,train
P91766,test
P91778,train
P91791,train
P91797,val
P91798,train
P91799,test
P91800,test
P91809,train
P91820,train
P91828,train
P91829,train
P91851,train
P91853,val
P91856,train
P91859,train
P91863,train
P91868,train
P91869,test
P91870,val
P91875,train
P91883,train
P91885,train
P91887,train
P91891,train
P91896,train
P91902,train
P91913,val
P91914,train
P91917,train
P91918,train
P91924,val
P91927,train
P91928,train
P91929,train
P91931,train
P91938,train
P91943,train
P91950,val
P91953,train
P91958,train
P91964,train
P91994,train
P92001,train
P92002,train
P92006,train
P92015,train
P92029,train
P92172,train
P92177,train
P92186,val
P92189,val
P92199,train
P92204,train
P92208,train
P92472,train
P92476,train
P92479,train
P92480,train
P92483,val
P92484,train
P92486,train
P92504,train
P92505,train
P92506,train
P92507,train
P92660,train
P92662,test
P92663,train
P92664,train
P92666,train
P92668,train
P92669,train
P92670,train
P92694,test
P92698,train
P92699,val
P92817,train
P92848,train
P97259,train
P97265,train
P97270,train
P97277,test
P97278,val
P97279,train
P97280,val
P97281,train
P97290,test
P97297,test
P97298,train
P97302,train
P97303,val
P97305,test
P97306,train
P97309,train
P97310,train
P97321,train
P97329,train
P97334,train
P97347,train
P97348,train
P97353,test
P97360,train
P97361,train
P97363,test
P97364,train
P97366,train
P97367,train
P97368,train
P97369,val
P97370,train
P97376,train
P97377,train
P97378,train
P97382,val
P97386,train
P97390,train
P97391,val
P97399,train
P97401,train
P97402,train
P97411,train
P97426,train
P97427,val
P97430,test
P97434,train
P97435,train
P97436,train
P97440,train
P97449,val
P97450,train
P97458,train
P97459,train
P97460,train
P97463,val
P97468,train
P97477,train
P97479,train
P97480,val
P97484,val
P97489,train
P97493,train
P97496,test
P97503,train
P97504,val
P97515,train
P97519,val
P97520,train
P97523,train
P97524,train
P97525,val
P97527,train
P97531,val
P97536,train
P97538,train
P97545,train
P97546,train
P97553,val
P97554,test
P97562,test
P97571,train
P97573,train
P97574,train
P97578,train
P97580,train
P97583,train
P97586,test
P97590,train
P97592,val
P97594,val
P97604,val
P97609,train
P97610,test
P97612,test
P97613,train
P97677,test
P97679,test
P97686,train
P97691,train
P97694,train
P97697,train
P97707,test
P97708,train
P97710,train
P97714,val
P97720,train
P97737,train
P97742,train
P97751,train
P97762,train
P97764,train
P97766,train
P97767,train
P97769,test
P97770,train
P97779,train
P97783,test
P97789,train
P97793,train
P97794,train
P97797,train
P97801,train
P97802,train
P97805,val
P97808,test
P97813,train
P97814,train
P97816,val
P97817,train
P97819,test
P97820,train
P97821,train
P97830,test
P97831,train
P97834,val
P97840,train
P97844,train
P97852,train
P97863,train
P97864,train
P97868,test
P97873,train
P97874,train
P97875,train
P97879,val
P97881,test
P97884,train
P97885,train
P97887,train
P97927,train
P97930,test
P97931,train
P97952,train
P97953,train
P98021,train
P98027,train
P98032,test
P98036,train
P98060,train
P98061,test
P98063,train
P98068,val
P98069,train
P98070,train
P98072,train
P98073,train
P98074,train
P98077,val
P98078,train
P98080,train
P98081,val
P98082,train
P98085,test
P98086,train
P98095,train
P98105,train
P98106,train
P98107,train
P98109,val
P98110,test
P98119,train
P98121,val
P98131,val
P98136,train
P98137,train
P98139,train
P98140,test
P98149,train
P98150,test
P98152,test
P98154,train
P98162,test
P98163,train
P98165,train
P98166,train
P98168,train
P98170,train
P98171,train
P98172,train
P98173,train
P98177,train
P98180,val
P98181,train
P98182,train
P98187,train
P98193,train
P98196,train
P98199,train
P98201,train
P98203,train
P98999,test
P99029,train
P99504,train
Q00013,val
Q00056,val
Q000A9,train
Q00168,train
Q00193,train
Q00196,train
Q00222,train
Q00223,train
Q00224,train
Q00227,train
Q00228,train
Q00229,train
Q00230,train
Q00231,train
Q00232,train
Q00238,train
Q00262,test
Q00266,train
Q00275,train
Q00276,val
Q00277,train
Q00285,val
Q00341,train
Q00342,val
Q00356,train
Q00387,test
Q003G9,val
Q00400,train
Q00401,train
Q00417,train
Q00436,train
Q00449,train
Q00492,train
Q00519,test
Q00522,train
Q00526,train
Q00532,train
Q00540,val
Q00541,train
Q00542,train
Q00543,train
Q00546,val
Q00547,val
Q00557,test
Q00560,train
Q00566,train
Q00568,test
Q00570,train
Q00576,train
Q00587,train
Q00589,test
Q00597,test
Q00609,test
Q00623,train
Q00630,train
Q00637,train
Q00643,train
Q00649,train
Q00651,train
Q00670,train
Q00676,train
Q00688,train
Q00690,test
Q00709,train
Q00722,train
Q00724,train
Q00725,train
Q00731,train
Q00748,train
Q00756,test
Q00765,train
Q00788,val
Q007T1,train
Q00801,test
Q00805,test
Q00839,train
Q00855,test
Q00860,train
Q00871,train
Q00872,test
Q00887,test
Q00888,train
Q00889,train
Q00897,train
Q00899,train
Q008S8,train
Q008X1,train
Q00918,val
Q00941,train
Q00945,train
Q00961,train
Q00968,test
Q00973,train
Q00978,val
Q00991,train
Q00993,train
Q00994,train
Q00G26,train
Q00GF0,train
Q00HT4,val
Q00IB7,train
Q00LT1,test
Q00LT2,val
Q00LT9,train
Q00M95,train
Q00P32,train
Q00PI9,train
Q00PJ1,val
Q00PK0,train
Q01061,test
Q01063,train
Q01068,train
Q01069,train
Q01070,val
Q01071,train
Q01081,test
Q01083,train
Q01085,train
Q01094,train
Q01101,train
Q01102,train
Q01105,train
Q01107,test
Q01113,test
Q01114,train
Q01118,train
Q01129,train
Q01130,train
Q01133,train
Q01134,train
Q01137,val
Q01151,val
Q01158,val
Q01177,train
Q01196,train
Q01201,train
Q01240,val
Q01279,test
Q01295,val
Q01339,train
Q01341,train
Q01344,train
Q01345,train
Q01361,train
Q01362,train
Q01380,train
Q01381,train
Q01382,train
Q01383,train
Q01384,train
Q01406,train
Q01456,test
Q01459,train
Q01460,train
Q01469,val
Q01493,train
Q01514,test
Q01528,train
Q01534,train
Q01538,test
Q01546,train
Q01550,val
Q01581,val
Q01583,train
Q01584,train
Q01592,test
Q01603,test
Q01604,train
Q01608,train
Q01611,val
Q01613,val
Q01617,train
Q01629,train
Q01630,train
Q01634,val
Q01637,val
Q01638,val
Q01642,val
Q01643,test
Q01644,test
Q01645,train
Q01658,val
Q01664,train
Q01702,test
Q01703,val
Q01704,train
Q01717,train
Q01718,val
Q01721,train
Q01727,train
Q01740,train
Q01750,test
Q01755,train
Q01758,train
Q01774,train
Q01776,val
Q01778,test
Q01780,train
Q01791,train
Q01795,test
Q01804,train
Q01812,val
Q01819,train
Q01820,val
Q01821,test
Q01822,train
Q01826,train
Q01831,train
Q01833,train
Q01841,train
Q01842,train
Q01850,train
Q01887,train
Q01888,train
Q01892,train
Q01954,train
Q01955,train
Q01965,train
Q01966,train
Q01974,train
Q01978,train
Q01989,train
Q01992,train
Q01995,test
Q01H83,val
Q01H84,train
Q02011,train
Q02013,train
Q02038,train
Q02040,val
Q02067,train
Q02078,train
Q02080,train
Q02083,train
Q02084,train
Q02085,train
Q02092,train
Q02094,test
Q02105,train
Q02110,val
Q02111,val
Q02127,train
Q02152,train
Q02157,train
Q02173,train
Q02193,train
Q02223,test
Q02225,test
Q02241,train
Q02242,train
Q02247,train
Q02280,train
Q02284,train
Q02293,train
Q02297,test
Q02308,val
Q02318,test
Q02328,train
Q02330,val
Q02331,test
Q02332,train
Q02333,val
Q02334,train
Q02335,train
Q02337,train
Q02338,train
Q02346,train
Q02357,train
Q02360,train
Q02361,train
Q02365,train
Q02367,train
Q02368,train
Q02371,test
Q02372,train
Q02373,train
Q02374,train
Q02376,train
Q02377,train
Q02378,val
Q02379,train
Q02380,val
Q02386,val
Q02401,train
Q02410,train
Q02413,train
Q02427,train
Q02445,train
Q02447,train
Q02487,val
Q02496,train
Q02508,train
Q02509,val
Q02525,train
Q02526,train
Q02539,test
Q02543,train
Q02556,train
Q02576,train
Q02589,train
Q02596,val
Q02614,train
Q02637,test
Q02638,train
Q02643,train
Q02644,train
Q02645,train
Q02734,train
Q02739,val
Q02742,train
Q02745,train
Q02747,train
Q02748,test
Q02759,train
Q02765,test
Q02769,val
Q02789,train
Q02790,test
Q02815,train
Q02816,train
Q02818,train
Q02827,train
Q02833,val
Q02844,train
Q02846,test
Q02858,train
Q02862,train
Q02870,val
Q02874,train
Q02910,train
Q02912,train
Q02916,test
Q02926,train
Q02930,test
Q02942,train
Q02952,train
Q02955,val
Q02958,test
Q02960,train
Q02970,train
Q02974,train
Q02977,test
Q02978,train
Q02985,test
Q02988,train
Q03014,train
Q03019,train
Q03042,test
Q03043,train
Q03044,val
Q03060,test
Q03070,train
Q03111,train
Q03123,train
Q03137,train
Q03141,train
Q03147,train
Q03156,train
Q03157,train
Q03167,train
Q03168,train
Q03169,train
Q03173,train
Q03181,train
Q03188,train
Q03206,train
Q03237,test
Q03249,test
Q03252,train
Q03255,test
Q03257,train
Q03267,train
Q03311,train
Q03334,train
Q03341,val
Q03345,train
Q03348,train
Q03350,train
Q03351,train
Q03356,val
Q03357,train
Q03364,train
Q03365,train
Q03372,test
Q03376,val
Q03383,val
Q03385,test
Q03391,train
Q03395,train
Q03401,train
Q03402,test
Q03403,train
Q03405,train
Q03412,train
Q03413,val
Q03414,train
Q03422,train
Q03426,train
Q03427,train
Q03431,val
Q03442,train
Q03443,train
Q03445,train
Q03468,train
Q03472,train
Q03484,train
Q03505,val
Q03515,train
Q03517,test
Q03519,train
Q03560,train
Q03561,train
Q03563,val
Q03564,test
Q03566,train
Q03567,val
Q03568,train
Q03569,test
Q03570,train
Q03571,train
Q03572,train
Q03573,val
Q03574,train
Q03575,train
Q03577,train
Q03591,train
Q03599,train
Q03600,train
Q03601,test
Q03602,train
Q03603,test
Q03604,val
Q03605,test
Q03606,train
Q03607,train
Q03609,train
Q03610,train
Q03611,test
Q03613,test
Q03614,train
Q03615,val
Q03637,test
Q03692,test
Q03696,train
Q03701,test
Q03710,train
Q03717,train
Q03720,test
Q03734,train
Q03751,train
Q03755,train
Q03763,train
Q03923,train
Q03924,train
Q03936,train
Q03938,train
Q03963,train
Q03989,train
Q04047,train
Q04073,train
Q04118,train
Q04164,test
Q04202,train
Q04205,train
Q04446,test
Q04448,train
Q04451,test
Q04456,train
Q04457,train
Q04475,train
Q04499,train
Q04519,train
Q04552,train
Q04573,val
Q04584,val
Q04604,test
Q04609,train
Q04617,val
Q04618,train
Q04621,train
Q04637,train
Q04645,train
Q04650,train
Q04652,val
Q04656,train
Q04667,val
Q04669,train
Q04671,train
Q04678,train
Q04679,train
Q04688,train
Q04691,val
Q04725,train
Q04742,val
Q04743,train
Q04745,val
Q04756,val
Q04757,train
Q04758,train
Q04771,train
Q04787,train
Q04791,test
Q04799,train
Q04807,train
Q04820,train
Q04827,train
Q04831,train
Q04841,train
Q04857,test
Q04859,train
Q04861,train
Q04863,val
Q04864,train
Q04865,train
Q04870,test
Q04886,train
Q04887,train
Q04890,train
Q04891,val
Q04896,train
Q04899,train
Q04900,train
Q04906,train
Q04907,train
Q04908,train
Q04910,train
Q04911,test
Q04912,train
Q04913,train
Q04929,train
Q04931,val
Q04941,val
Q04948,train
Q04997,train
Q05004,train
Q05005,test
Q05017,train
Q05018,train
Q05019,train
Q05020,val
Q05030,train
Q05036,test
Q05048,val
Q05062,train
Q05063,train
Q05078,train
Q05084,train
Q05090,val
Q05108,val
Q05114,train
Q05117,train
Q05159,val
Q05175,train
Q05186,train
Q05187,train
Q05192,test
Q05195,val
Q05199,train
Q05201,train
Q05204,train
Q05209,test
Q05215,val
Q05306,train
Q05310,train
Q05315,val
Q05319,train
Q05329,train
Q05337,train
Q05344,train
Q05360,train
Q05394,train
Q05397,train
Q05404,train
Q05423,test
Q05443,test
Q05469,train
Q05474,train
Q05481,train
Q05487,val
Q05502,val
Q05511,train
Q05516,val
Q05519,train
Q05556,train
Q05557,train
Q05585,test
Q05588,train
Q05589,test
Q05623,train
Q05634,test
Q05640,test
Q05652,train
Q05682,test
Q05685,train
Q05695,train
Q05704,train
Q05707,train
Q05714,val
Q05718,train
Q05722,train
Q05733,val
Q05738,train
Q05744,train
Q05752,test
Q05754,train
Q05783,test
Q05808,val
Q05816,train
Q05820,train
Q05823,val
Q05825,train
Q05826,train
Q05831,train
Q05856,train
Q05858,train
Q05860,train
Q05876,train
Q05890,train
Q05893,train
Q05904,train
Q05909,test
Q05910,train
Q05913,test
Q05916,train
Q05917,test
Q05921,train
Q05922,train
Q05923,train
Q05925,train
Q05927,test
Q05928,test
Q05932,train
Q05935,train
Q05940,test
Q05944,val
Q05952,train
Q05961,train
Q05973,test
Q05974,train
Q05976,train
Q059A4,train
Q059U7,train
Q059Y8,train
Q05A13,train
Q05A36,train
Q05A56,train
Q05A80,train
Q05AA6,test
Q05AH6,train
Q05AK5,test
Q05AK6,train
Q05AK9,val
Q05AL1,train
Q05AL2,train
Q05AL8,train
Q05AM4,test
Q05AM5,val
Q05AQ8,train
Q05AS8,train
Q05AT9,test
Q05AU4,test
Q05AV0,train
Q05AV1,train
Q05AW9,train
Q05AX3,train
Q05AX4,test
Q05B18,test
Q05B30,test
Q05B44,val
Q05B49,val
Q05B50,train
Q05B51,train
Q05B52,train
Q05B54,val
Q05B57,train
Q05B60,test
Q05B65,train
Q05B66,train
Q05B67,train
Q05B73,val
Q05B78,train
Q05B81,train
Q05B87,train
Q05B89,train
Q05BQ1,train
Q05BQ5,test
Q05BU3,train
Q05BV3,test
Q05C16,train
Q05CL8,train
Q05DH4,val
Q05EQ4,val
Q05F77,train
Q06002,train
Q06003,test
Q06019,train
Q06033,train
Q06055,train
Q06056,train
Q06066,train
Q06141,val
Q06145,train
Q06154,train
Q06176,train
Q06180,val
Q06185,train
Q06186,train
Q06187,train
Q06190,test
Q06234,val
Q06248,train
Q06250,train
Q06254,train
Q06265,train
Q06274,train
Q06278,val
Q06318,train
Q06323,val
Q06332,test
Q06335,val
Q06342,val
Q06343,val
Q06348,test
Q06367,train
Q06416,test
Q06418,train
Q06432,train
Q06435,train
Q06441,train
Q06442,train
Q06443,train
Q06453,train
Q06481,val
Q06495,train
Q06520,train
Q06521,train
Q06546,train
Q06559,train
Q06575,train
Q06576,train
Q06577,train
Q06590,test
Q06605,train
Q06615,train
Q06637,train
Q06643,train
Q06649,train
Q06655,test
Q06666,train
Q06684,val
Q06710,train
Q06725,train
Q06726,test
Q06732,test
Q06770,train
Q06787,val
Q06806,train
Q06814,train
Q06830,train
Q06831,train
Q06849,train
Q06880,train
Q06943,val
Q06945,test
Q06986,train
Q06990,train
Q06A97,train
Q06AA3,val
Q06AK6,train
Q06AS9,train
Q06AU5,train
Q06AU9,val
Q06AV1,train
Q06AV5,test
Q06B72,train
Q06B74,val
Q06B75,test
Q06B79,train
Q06BI3,train
Q06BR1,test
Q06BR2,train
Q06DK3,train
Q06GJ0,val
Q06HQ7,val
Q06K46,train
Q06K53,val
Q06K61,train
Q06K77,train
Q06K97,test
Q06KA2,train
Q06KA5,val
Q06PM8,test
Q06S87,test
Q06VW1,train
Q06ZW0,train
Q06ZW3,train
Q07011,val
Q07016,train
Q07050,train
Q07065,train
Q07068,train
Q07075,val
Q07081,train
Q07085,test
Q07092,train
Q07093,train
Q07104,train
Q07105,train
Q07108,train
Q07120,train
Q07133,train
Q07134,train
Q07139,train
Q07141,train
Q07152,train
Q07160,test
Q07167,train
Q07171,val
Q07175,train
Q07182,train
Q071E0,val
Q07203,test
Q07212,test
Q07217,val
Q07230,train
Q07231,train
Q07235,test
Q07243,val
Q07258,val
Q07276,train
Q07283,train
Q07287,train
Q07291,train
Q072L5,test
Q072L6,train
Q072L7,train
Q07303,train
Q07310,val
Q07325,train
Q07326,val
Q07327,test
Q07342,test
Q07343,train
Q07370,train
Q07407,val
Q07409,train
Q07424,train
Q07427,train
Q07436,train
Q07440,train
Q07449,train
Q07456,train
Q07460,train
Q07475,test
Q07490,train
Q07497,train
Q07523,val
Q07537,test
Q07553,val
Q07558,val
Q07563,train
Q07586,train
Q07587,train
Q07588,val
Q075B4,val
Q075Z2,train
Q07617,train
Q07627,train
Q07643,val
Q07646,train
Q07647,train
Q07652,val
Q07654,train
Q07662,val
Q07687,train
Q076D1,train
Q07717,train
Q07731,val
Q07750,train
Q07763,train
Q07797,train
Q07816,train
Q07837,train
Q07839,train
Q07886,val
Q07890,test
Q07891,train
Q07892,train
Q07916,train
Q07929,train
Q07932,train
Q07937,train
Q07943,val
Q07956,test
Q07957,test
Q07961,train
Q07964,train
Q07965,train
Q07968,train
Q07973,train
Q07981,train
Q07994,train
Q07998,train
Q07CZ7,train
Q07DZ5,train
Q07DZ6,train
Q07DZ7,train
Q07E01,train
Q07E02,train
Q07E41,test
Q07E50,train
Q07E51,val
Q07FY3,train
Q07G10,train
Q07G34,train
Q07G42,train
Q07G43,test
Q08050,train
Q08076,train
Q08078,train
Q08081,train
Q08121,test
Q08156,val
Q08169,train
Q08170,train
Q08171,train
Q08174,train
Q08180,test
Q08188,train
Q08211,train
Q08264,train
Q08274,train
Q08288,val
Q08331,test
Q08334,train
Q08351,train
Q08353,val
Q08364,train
Q08378,val
Q08379,test
Q08392,val
Q08393,train
Q08397,val
Q08415,train
Q08420,test
Q08423,train
Q08427,train
Q08431,train
Q08470,test
Q08473,test
Q08477,test
Q08478,test
Q08481,train
Q08493,train
Q08495,val
Q08501,train
Q08509,test
Q08537,val
Q08554,train
Q08602,train
Q08605,val
Q08617,val
Q08623,val
Q08624,train
Q08629,train
Q08639,test
Q08662,train
Q08694,train
Q08695,train
Q08696,train
Q08708,train
Q08727,train
Q08731,train
Q08738,train
Q08759,train
Q08761,train
Q08782,train
Q08820,val
Q08830,train
Q08832,train
Q08849,test
Q08851,train
Q08856,val
Q08857,val
Q08862,train
Q08863,train
Q08867,train
Q08874,train
Q08875,test
Q08876,test
Q08879,val
Q08881,val
Q08882,test
Q08890,train
Q08893,train
Q08AA9,train
Q08AE8,train
Q08AF3,train
Q08AG5,train
Q08AH1,train
Q08AI6,train
Q08AI8,train
Q08AN1,train
Q08AU9,train
Q08AV6,train
Q08AV7,train
Q08AV8,train
Q08AW4,test
Q08AX9,test
Q08AY6,train
Q08AY9,train
Q08AZ1,train
Q08B20,train
Q08B22,train
Q08B29,test
Q08B31,train
Q08B36,train
Q08B63,train
Q08B72,train
Q08B78,train
Q08B84,train
Q08BA4,val
Q08BA6,train
Q08BB1,train
Q08BB2,train
Q08BB3,test
Q08BB5,val
Q08BC4,test
Q08BC6,val
Q08BD8,val
Q08BG1,test
Q08BG7,train
Q08BH5,train
Q08BH7,train
Q08BI9,train
Q08BJ2,val
Q08BL3,train
Q08BL7,test
Q08BL9,train
Q08BM0,train
Q08BN1,train
Q08BN9,test
Q08BR4,val
Q08BS4,train
Q08BT5,train
Q08BT9,test
Q08BU1,train
Q08BU8,train
Q08BV2,train
Q08BW0,train
Q08BW6,test
Q08BY0,train
Q08BY1,test
Q08BY2,train
Q08BY5,test
Q08BZ4,train
Q08C33,train
Q08C53,train
Q08C57,test
Q08C60,train
Q08C69,train
Q08C72,val
Q08C75,train
Q08C76,test
Q08C81,val
Q08C84,train
Q08C92,train
Q08C93,train
Q08C99,train
Q08CA1,train
Q08CB3,train
Q08CD5,train
Q08CD9,train
Q08CE6,train
Q08CE7,train
Q08CF3,test
Q08CG8,train
Q08CG9,train
Q08CH3,train
Q08CH6,train
Q08CH7,train
Q08CH8,train
Q08CI4,train
Q08CI8,train
Q08CJ7,train
Q08CK1,val
Q08CK7,test
Q08CL3,val
Q08CL8,val
Q08CM4,train
Q08CN9,train
Q08CS6,train
Q08CW1,train
Q08CW8,test
Q08CX1,train
Q08CX2,test
Q08CX5,train
Q08CY1,train
Q08CY4,train
Q08CY5,train
Q08CZ0,train
Q08CZ6,train
Q08D18,train
Q08D19,train
Q08D35,test
Q08D50,train
Q08D51,train
Q08D62,val
Q08D64,train
Q08D75,train
Q08D83,train
Q08D86,test
Q08D88,train
Q08D91,train
Q08D99,train
Q08DA0,train
Q08DA5,train
Q08DA7,train
Q08DB0,train
Q08DB2,train
Q08DC7,val
Q08DD1,train
Q08DD6,val
Q08DD7,test
Q08DE1,train
Q08DE2,train
Q08DE6,train
Q08DE8,train
Q08DF2,train
Q08DG4,val
Q08DG8,train
Q08DH3,train
Q08DH7,train
Q08DH8,train
Q08DI1,train
Q08DI8,train
Q08DJ5,val
Q08DJ8,train
Q08DK0,train
Q08DK7,train
Q08DK9,train
Q08DL1,train
Q08DM2,train
Q08DM5,train
Q08DM6,train
Q08DM7,test
Q08DN6,train
Q08DP1,train
Q08DP3,train
Q08DP6,train
Q08DQ0,train
Q08DR9,train
Q08DT3,train
Q08DT6,train
Q08DU1,test
Q08DV6,train
Q08DV9,val
Q08DX6,train
Q08DX7,test
Q08DY0,train
Q08DY9,val
Q08DZ2,train
Q08DZ3,test
Q08DZ5,train
Q08DZ8,train
Q08E00,train
Q08E08,train
Q08E15,train
Q08E24,val
Q08E29,test
Q08E31,train
Q08E38,train
Q08E40,train
Q08E57,train
Q08E62,train
Q08E66,train
Q08E93,train
Q08EA8,val
Q08EC4,train
Q08ED0,test
Q08EJ0,train
Q08EN7,train
Q08ER8,test
Q08ET2,test
Q08GK9,train
Q08GM0,test
Q08HG7,train
Q08J23,train
Q09002,train
Q09003,val
Q09004,train
Q09006,train
Q09013,test
Q09024,train
Q09028,test
Q09030,test
Q09055,train
Q09098,train
Q09101,train
Q09103,train
Q09141,train
Q09143,test
Q09147,train
Q09148,val
Q09167,val
Q09169,test
Q09178,train
Q09199,val
Q09201,train
Q09202,train
Q09203,test
Q09204,train
Q09205,train
Q09206,train
Q09208,train
Q09209,train
Q09210,val
Q09212,val
Q09213,val
Q09214,val
Q09215,train
Q09216,train
Q09217,val
Q09218,val
Q09219,train
Q09220,train
Q09223,train
Q09224,test
Q09225,train
Q09226,val
Q09227,train
Q09228,train
Q09230,train
Q09231,val
Q09232,train
Q09233,val
Q09234,test
Q09235,train
Q09236,train
Q09237,val
Q09238,train
Q09239,train
Q09242,val
Q09243,test
Q09244,test
Q09245,train
Q09246,val
Q09248,test
Q09249,val
Q09250,train
Q09251,test
Q09252,test
Q09253,train
Q09254,train
Q09255,train
Q09257,train
Q09259,train
Q09260,train
Q09261,train
Q09262,train
Q09264,train
Q09265,train
Q09266,train
Q09267,train
Q09268,train
Q09269,train
Q09270,test
Q09271,train
Q09272,train
Q09273,train
Q09274,val
Q09275,train
Q09276,train
Q09277,train
Q09278,train
Q09279,train
Q09280,train
Q09281,test
Q09282,train
Q09283,test
Q09284,val
Q09285,test
Q09287,train
Q09288,train
Q09289,test
Q09291,test
Q09292,train
Q09293,train
Q09294,train
Q09295,train
Q09296,train
Q09297,train
Q09298,train
Q09299,train
Q09300,test
Q09302,train
Q09303,test
Q09304,val
Q09305,train
Q09306,val
Q09307,train
Q09308,train
Q09309,test
Q09311,train
Q09313,train
Q09314,test
Q09315,train
Q09316,train
Q09317,test
Q09318,val
Q09320,train
Q09321,train
Q09322,train
Q09323,val
Q09324,train
Q09327,train
Q09332,val
Q09334,train
Q09336,train
Q09337,test
Q09338,test
Q09340,train
Q09341,train
Q09343,train
Q09344,train
Q09345,train
Q09346,train
Q09347,train
Q09348,train
Q09349,test
Q09350,train
Q09351,val
Q09352,val
Q09353,val
Q09354,train
Q09355,test
Q09356,train
Q09357,train
Q09358,train
Q09359,train
Q09360,train
Q09362,train
Q09363,train
Q09364,train
Q09365,train
Q09366,test
Q09367,train
Q09368,train
Q09369,test
Q09370,train
Q09371,train
Q09372,train
Q09373,train
Q09374,train
Q09375,test
Q09376,test
Q09377,train
Q09378,train
Q09380,train
Q09382,train
Q09383,train
Q09384,train
Q09388,train
Q09389,train
Q09390,train
Q09391,val
Q09392,train
Q09394,val
Q09399,train
Q09400,train
Q09401,train
Q09406,train
Q09407,test
Q09410,train
Q09411,train
Q09412,train
Q09413,test
Q09415,train
Q09416,train
Q09417,train
Q09418,train
Q09419,train
Q09420,test
Q09421,train
Q09422,train
Q09423,train
Q09424,val
Q09426,train
Q09428,test
Q09433,val
Q09435,train
Q09436,train
Q09437,train
Q09438,train
Q09439,train
Q09440,train
Q09441,train
Q09442,train
Q09443,test
Q09444,test
Q09445,train
Q09446,train
Q09448,train
Q09449,val
Q09450,test
Q09451,test
Q09452,train
Q09453,train
Q09454,train
Q09455,train
Q09456,train
Q09457,train
Q09458,test
Q09459,train
Q09460,train
Q09461,train
Q09462,test
Q09463,train
Q09464,val
Q09465,train
Q09466,val
Q09473,train
Q09474,train
Q09475,train
Q09476,test
Q09477,train
Q09485,val
Q09488,train
Q09490,train
Q09496,test
Q09499,train
Q09500,train
Q09501,train
Q09502,train
Q09503,train
Q09504,train
Q09505,train
Q09506,val
Q09508,train
Q09509,train
Q09510,test
Q09511,val
Q09512,test
Q09522,train
Q09523,val
Q09524,train
Q09525,test
Q09526,train
Q09527,val
Q09528,train
Q09529,test
Q09530,train
Q09531,val
Q09533,train
Q09535,test
Q09541,train
Q09543,train
Q09544,train
Q09549,test
Q09550,train
Q09551,train
Q09553,train
Q09554,test
Q09555,train
Q09556,test
Q09557,train
Q09560,train
Q09562,train
Q09564,train
Q09565,train
Q09566,test
Q09568,train
Q09571,test
Q09572,train
Q09573,train
Q09575,train
Q09578,train
Q09580,train
Q09581,val
Q09582,train
Q09583,train
Q09585,train
Q09587,test
Q09589,test
Q09591,train
Q09595,train
Q09596,train
Q09599,train
Q09600,val
Q09601,train
Q09602,train
Q09604,val
Q09605,train
Q09606,train
Q09607,train
Q09608,train
Q09609,train
Q09610,train
Q09614,train
Q09618,train
Q09619,train
Q09621,val
Q09622,val
Q09623,train
Q09626,train
Q09627,train
Q09628,train
Q09629,train
Q09630,val
Q09632,train
Q09637,train
Q09638,train
Q09639,train
Q09644,train
Q09646,train
Q09647,train
Q09651,train
Q09652,val
Q09653,train
Q09654,val
Q09655,train
Q09660,train
Q09662,test
Q09663,train
Q09664,test
Q09665,train
Q09821,val
Q09931,train
Q09936,train
Q09947,train
Q09949,train
Q09950,train
Q09951,test
Q09952,train
Q09953,train
Q09954,train
Q09956,train
Q09958,train
Q09961,train
Q09964,test
Q09965,train
Q09966,train
Q09967,train
Q09969,val
Q09982,val
Q09990,train
Q09991,test
Q09993,train
Q09994,train
Q09996,val
Q09EF7,val
Q09FC8,train
Q09GJ8,train
Q09GJ9,train
Q09GK0,train
Q09GK1,test
Q09GK2,train
Q09HN1,test
Q09JL7,train
Q09JR4,train
Q09JY9,train
Q09M05,test
Q09MP3,test
Q09PK2,train
Q09TK7,train
Q09TK9,val
Q09YJ1,train
Q09YJ5,train
Q09YM8,train
Q09YN7,train
Q0C7C4,test
Q0D261,train
Q0D285,train
Q0D289,train
Q0D2D2,train
Q0D2E8,test
Q0D2F4,train
Q0D2G3,train
Q0D2H9,train
Q0D2I5,train
Q0D2J5,train
Q0D2K0,train
Q0D2K2,val
Q0D2K3,train
Q0D2K5,train
Q0D2L3,train
Q0E4V3,train
Q0E666,train
Q0E671,train
Q0E8C8,test
Q0E8F2,test
Q0E908,train
Q0E940,train
Q0E959,train
Q0E961,train
Q0E9B6,train
Q0E9G3,val
Q0E9H9,train
Q0EAE5,train
Q0G819,train
Q0G825,test
Q0G838,train
Q0GA40,test
Q0GGL7,train
Q0GGW5,test
Q0GGX2,train
Q0GNC1,train
Q0GNE1,test
Q0GUM3,train
Q0GY40,train
Q0GY41,train
Q0GY42,train
Q0GY43,train
Q0GY44,val
Q0H293,val
Q0H8B9,train
Q0HA38,train
Q0IE95,train
Q0IEG8,train
Q0IEH7,train
Q0IEN3,train
Q0IEW8,train
Q0IEY3,train
Q0IF90,train
Q0IF93,train
Q0IFA9,train
Q0IFL2,val
Q0IFL5,train
Q0IFX5,train
Q0IG18,train
Q0IG34,train
Q0IH22,test
Q0IH24,train
Q0IH29,train
Q0IH40,train
Q0IH43,train
Q0IH72,train
Q0IH73,train
Q0IH86,train
Q0IH87,train
Q0IHA2,train
Q0IHA5,train
Q0IHB0,train
Q0IHB3,val
Q0IHC4,val
Q0IHD6,train
Q0IHE5,train
Q0IHF1,train
Q0IHF9,val
Q0IHH1,train
Q0IHI1,train
Q0IHI3,train
Q0IHI4,train
Q0IHI6,test
Q0IHI7,train
Q0IHJ0,train
Q0IHJ2,train
Q0IHJ3,val
Q0IHM1,train
Q0IHN5,train
Q0IHN7,train
Q0IHP2,val
Q0IHQ3,train
Q0IHQ8,train
Q0IHQ9,train
Q0IHR1,train
Q0IHU9,train
Q0IHV1,train
Q0IHV2,val
Q0IHV9,train
Q0IHW6,test
Q0IHW8,train
Q0IHY4,train
Q0IHY5,train
Q0II04,train
Q0II24,train
Q0II26,test
Q0II41,val
Q0II44,train
Q0II48,test
Q0II50,train
Q0II59,train
Q0II64,train
Q0II65,train
Q0II68,val
Q0II70,train
Q0II71,train
Q0II73,train
Q0II74,train
Q0II76,train
Q0II78,train
Q0II80,train
Q0II83,test
Q0II86,train
Q0II90,train
Q0II91,train
Q0IIA6,val
Q0IIB1,train
Q0IIB6,train
Q0IIC4,val
Q0IID2,train
Q0IIE0,train
Q0IIE5,train
Q0IIF9,train
Q0IIH4,train
Q0IIH7,val
Q0III3,val
Q0IIK4,train
Q0IIL5,train
Q0IIM1,val
Q0IIN9,test
Q0IIP8,train
Q0IIR9,train
Q0IIS3,train
Q0IIV2,train
Q0IIW3,train
Q0IIX4,train
Q0IIY2,train
Q0IIY7,train
Q0IIZ5,train
Q0IJ05,train
Q0IJ12,train
Q0IJ31,train
Q0IJ35,val
Q0KHQ5,train
Q0KHT7,train
Q0KHU5,train
Q0KHV6,train
Q0KHY3,train
Q0KI28,train
Q0KI50,val
Q0KIA2,train
Q0KIC3,train
Q0KK55,train
Q0KK56,train
Q0KL01,train
Q0MQC7,test
Q0MQE2,train
Q0MQG7,train
Q0MQH4,test
Q0MQJ5,train
Q0MUT8,val
Q0MVN8,test
Q0MW30,val
Q0MWV8,train
Q0N4U3,train
Q0N4U4,train
Q0N4U7,val
Q0N4U8,test
Q0NXR6,train
Q0P031,train
Q0P140,test
Q0P3R5,train
Q0P3U3,test
Q0P3W2,test
Q0P3X7,train
Q0P3X8,train
Q0P3Z2,val
Q0P3Z8,train
Q0P410,val
Q0P424,test
Q0P426,val
Q0P427,train
Q0P436,train
Q0P442,val
Q0P448,train
Q0P451,test
Q0P457,test
Q0P464,train
Q0P466,val
Q0P467,train
Q0P483,train
Q0P485,train
Q0P487,train
Q0P496,train
Q0P499,val
Q0P4A4,train
Q0P4A6,train
Q0P4A7,train
Q0P4B9,train
Q0P4C4,val
Q0P4C5,train
Q0P4D1,test
Q0P4D6,train
Q0P4F6,train
Q0P4F7,val
Q0P4G6,train
Q0P4G7,val
Q0P4G8,train
Q0P4H0,train
Q0P4H6,train
Q0P4I1,val
Q0P4J6,train
Q0P4J9,train
Q0P4K0,train
Q0P4K8,train
Q0P4L7,val
Q0P4M4,val
Q0P4Q0,train
Q0P4Q4,val
Q0P4R5,train
Q0P4R6,train
Q0P4S0,train
Q0P4S5,train
Q0P4U8,train
Q0P4V4,val
Q0P4W3,val
Q0P4W9,train
Q0P4X6,test
Q0P4Y1,train
Q0P4Z1,train
Q0P523,val
Q0P557,test
Q0P561,train
Q0P563,train
Q0P565,train
Q0P570,train
Q0P574,val
Q0P591,train
Q0P5A1,val
Q0P5A2,val
Q0P5A4,train
Q0P5A6,train
Q0P5A7,train
Q0P5B1,train
Q0P5B2,train
Q0P5B4,train
Q0P5B7,train
Q0P5C0,train
Q0P5C7,train
Q0P5D0,val
Q0P5D1,train
Q0P5D8,train
Q0P5D9,train
Q0P5E3,train
Q0P5E7,train
Q0P5F2,train
Q0P5F9,train
Q0P5G1,train
Q0P5G4,test
Q0P5H2,test
Q0P5H8,train
Q0P5I2,train
Q0P5J6,train
Q0P5J7,train
Q0P5L0,train
Q0P5L7,train
Q0P5M0,train
Q0P5M9,train
Q0P5N2,train
Q0P5N5,test
Q0P5N6,train
Q0P5V9,test
Q0P5W1,train
Q0P5X1,val
Q0P5X5,val
Q0P5Y3,val
Q0P641,train
Q0P651,val
Q0P670,val
Q0P6D2,val
Q0P6D6,val
Q0P6H9,test
Q0PD08,train
Q0PF16,train
Q0PGP2,train
Q0PHV7,val
Q0PL65,train
Q0PMD2,val
Q0PNE2,train
Q0PXV9,train
Q0PXX8,train
Q0PXY6,train
Q0Q028,val
Q0Q029,val
Q0Q236,train
Q0Q460,train
Q0Q4Z0,train
Q0QWG9,train
Q0R4F1,train
Q0V7M7,test
Q0V7M8,train
Q0V881,train
Q0V898,train
Q0V8B7,val
Q0V8E4,train
Q0V8E7,train
Q0V8F1,val
Q0V8G2,train
Q0V8G3,val
Q0V8J1,val
Q0V8J4,train
Q0V8K7,train
Q0V8L6,train
Q0V8M0,train
Q0V8N6,test
Q0V8R5,train
Q0V8R6,train
Q0V8R7,test
Q0V8S9,val
Q0V8T0,test
Q0V8T3,train
Q0V8T4,test
Q0V8T5,train
Q0V8T6,train
Q0V8T7,val
Q0V8T8,test
Q0V8T9,test
Q0V947,train
Q0V967,test
Q0V984,train
Q0V987,train
Q0V990,train
Q0V9A3,train
Q0V9A8,train
Q0V9C9,val
Q0V9E0,train
Q0V9E9,test
Q0V9F1,val
Q0V9F7,train
Q0V9G5,train
Q0V9J0,train
Q0V9K1,test
Q0V9K5,test
Q0V9L3,train
Q0V9M0,train
Q0V9N0,train
Q0V9N5,train
Q0V9P1,train
Q0V9R0,train
Q0V9R3,train
Q0V9R4,val
Q0V9S0,train
Q0V9S3,train
Q0V9S9,test
Q0V9T6,train
Q0V9U2,train
Q0V9V2,train
Q0V9V5,train
Q0V9V7,train
Q0V9W0,test
Q0V9W6,train
Q0V9X5,train
Q0V9Y8,train
Q0VA03,test
Q0VA04,train
Q0VA06,test
Q0VA20,train
Q0VA36,test
Q0VA40,train
Q0VA42,train
Q0VA45,train
Q0VA52,train
Q0VA64,train
Q0VA77,train
Q0VA82,test
Q0VAA2,test
Q0VAA5,val
Q0VAF6,train
Q0VAK6,train
Q0VAQ4,train
Q0VAV2,test
Q0VAW7,train
Q0VAX3,val
Q0VAX9,test
Q0VAY3,train
Q0VB07,train
Q0VB26,train
Q0VBB0,val
Q0VBD0,train
Q0VBD2,train
Q0VBF2,test
Q0VBL1,train
Q0VBL3,train
Q0VBM2,train
Q0VBN2,test
Q0VBP7,train
Q0VBU9,train
Q0VBV7,train
Q0VBW2,train
Q0VBW8,train
Q0VBY0,train
Q0VBY1,train
Q0VBY3,val
Q0VBY7,test
Q0VBY8,train
Q0VBZ8,val
Q0VBZ9,train
Q0VC06,train
Q0VC09,train
Q0VC13,train
Q0VC16,test
Q0VC22,train
Q0VC30,test
Q0VC33,train
Q0VC44,train
Q0VC53,train
Q0VC58,train
Q0VC65,train
Q0VC66,train
Q0VC73,test
Q0VC74,train
Q0VC80,train
Q0VC81,train
Q0VC85,train
Q0VC93,val
Q0VCA3,train
Q0VCA5,train
Q0VCA7,train
Q0VCA8,train
Q0VCA9,train
Q0VCB0,train
Q0VCB1,train
Q0VCC0,train
Q0VCC1,train
Q0VCC5,train
Q0VCD4,val
Q0VCE3,train
Q0VCE9,train
Q0VCG0,val
Q0VCG3,train
Q0VCG9,train
Q0VCH3,train
Q0VCH4,train
Q0VCH6,train
Q0VCI2,val
Q0VCI6,train
Q0VCJ6,train
Q0VCJ8,train
Q0VCK5,train
Q0VCL3,train
Q0VCL6,val
Q0VCL9,train
Q0VCM0,train
Q0VCM2,train
Q0VCM5,train
Q0VCM6,train
Q0VCN0,train
Q0VCN1,train
Q0VCN3,val
Q0VCP2,train
Q0VCP9,val
Q0VCQ0,train
Q0VCQ4,train
Q0VCQ7,train
Q0VCR1,val
Q0VCR4,test
Q0VCR7,val
Q0VCR8,train
Q0VCS0,train
Q0VCS6,train
Q0VCT1,train
Q0VCT2,train
Q0VCT4,train
Q0VCU0,train
Q0VCU1,train
Q0VCU7,val
Q0VCV7,train
Q0VCW3,train
Q0VCW4,train
Q0VCW6,train
Q0VCX1,test
Q0VCY0,train
Q0VCY3,train
Q0VD00,train
Q0VD18,train
Q0VD19,train
Q0VD22,test
Q0VD23,test
Q0VD24,train
Q0VD27,val
Q0VD31,test
Q0VD38,train
Q0VD50,train
Q0VD83,train
Q0VD86,train
Q0VDD5,train
Q0VDD7,val
Q0VDE8,test
Q0VDF9,train
Q0VDG4,test
Q0VDI3,train
Q0VDN7,train
Q0VDQ9,train
Q0VDU3,test
Q0VEE6,train
Q0VET5,test
Q0VF22,test
Q0VF49,val
Q0VF58,train
Q0VF94,train
Q0VF96,test
Q0VFA3,train
Q0VFC7,train
Q0VFD6,train
Q0VFD8,val
Q0VFE3,train
Q0VFE7,train
Q0VFF9,train
Q0VFH3,train
Q0VFH6,train
Q0VFL3,train
Q0VFL4,val
Q0VFL7,train
Q0VFM0,train
Q0VFM5,train
Q0VFN8,train
Q0VFP6,train
Q0VFR9,train
Q0VFT9,test
Q0VFV6,test
Q0VFV7,train
Q0VFX2,val
Q0VFX4,train
Q0VFX9,test
Q0VFZ6,test
Q0VG06,test
Q0VG18,test
Q0VG49,train
Q0VG62,train
Q0VG73,test
Q0VG85,train
Q0VG99,train
Q0VGB7,train
Q0VGE8,test
Q0VGK0,train
Q0VGK2,train
Q0VGK4,val
Q0VGL1,train
Q0VGM9,train
Q0VGT2,val
Q0VGT4,train
Q0VGU4,train
Q0VGW0,train
Q0VGW4,train
Q0VGW6,train
Q0VH32,train
Q0VH34,train
Q0VIA1,val
Q0VIL3,train
Q0VKG8,train
Q0VTU0,train
Q0VZ40,train
Q0W9P9,train
Q0WYX8,train
Q0X0C4,test
Q0X0E2,train
Q0Z7S8,train
Q0Z7W6,train
Q0Z956,train
Q0ZB73,train
Q0ZB76,train
Q0ZB77,train
Q0ZB81,val
Q0ZCA7,test
Q0ZCJ7,train
Q0ZDF7,train
Q0ZFW8,val
Q0ZGT2,test
Q0ZHH6,train
Q0ZLH3,train
Q0ZM14,train
Q0ZNK1,val
Q0ZS87,train
Q0ZS88,train
Q0ZSU5,train
Q0ZUL9,test
Q0ZUP0,val
Q0ZUP1,train
Q10000,train
Q10002,test
Q10003,val
Q10004,train
Q10006,train
Q10007,train
Q10008,test
Q10009,test
Q10010,train
Q10011,test
Q10012,train
Q10013,train
Q10014,train
Q10015,train
Q10017,train
Q10018,train
Q10019,train
Q10020,train
Q10021,train
Q10022,train
Q10023,test
Q10024,val
Q10025,train
Q10026,train
Q10027,train
Q10028,train
Q10029,train
Q10030,train
Q10032,train
Q10033,train
Q10034,test
Q10037,train
Q10038,train
Q10039,train
Q10040,test
Q10041,train
Q10042,test
Q10043,train
Q10044,train
Q10045,train
Q10046,train
Q10049,train
Q10051,train
Q10120,train
Q10121,train
Q10122,train
Q10123,train
Q10124,train
Q10125,test
Q10126,train
Q10127,train
Q10128,test
Q10129,train
Q10130,train
Q10131,train
Q102R3,val
Q10416,train
Q10454,train
Q10457,train
Q10459,train
Q10462,train
Q10468,train
Q10570,train
Q10571,train
Q10572,train
Q10573,train
Q10574,train
Q10576,train
Q10578,train
Q10579,train
Q10580,train
Q10588,train
Q10589,train
Q10651,train
Q10653,train
Q10654,val
Q10655,train
Q10656,train
Q10657,train
Q10658,train
Q10660,train
Q10661,train
Q10663,train
Q10664,train
Q10665,val
Q10666,train
Q10667,test
Q10669,train
Q10714,train
Q10715,test
Q10726,train
Q10728,train
Q10731,train
Q10732,train
Q10733,train
Q10737,train
Q10738,train
Q10741,train
Q10745,train
Q10746,train
Q10749,train
Q10751,train
Q10758,train
Q107X0,train
Q108T9,train
Q108U1,train
Q10902,test
Q10904,train
Q10905,val
Q10907,test
Q10909,train
Q10912,train
Q10914,train
Q10916,train
Q10917,train
Q10918,train
Q10919,train
Q10920,train
Q10921,test
Q10924,train
Q10925,train
Q10926,val
Q10927,test
Q10928,train
Q10931,val
Q10932,val
Q10933,train
Q10934,train
Q10935,test
Q10936,train
Q10937,test
Q10938,train
Q10939,test
Q10941,train
Q10942,val
Q10944,train
Q10946,test
Q10948,train
Q10949,train
Q10950,train
Q10952,test
Q10953,train
Q10955,train
Q10958,train
Q10979,train
Q10980,train
Q10982,val
Q10983,val
Q10984,train
Q10991,train
Q10994,train
Q10996,val
Q10998,val
Q11000,val
Q11002,train
Q11005,val
Q11067,train
Q11068,train
Q11069,train
Q11070,train
Q11071,train
Q11072,train
Q11073,train
Q11074,test
Q11075,train
Q11076,test
Q11077,train
Q11078,train
Q11080,train
Q11081,train
Q11082,train
Q11083,val
Q11084,val
Q11085,train
Q11086,train
Q11087,test
Q11088,test
Q11089,train
Q11090,train
Q11091,train
Q11093,train
Q11094,train
Q11095,train
Q11096,train
Q11097,test
Q11098,train
Q11099,train
Q11100,train
Q11101,train
Q11102,val
Q11103,val
Q11105,test
Q11106,train
Q11108,train
Q11109,val
Q11110,val
Q11111,train
Q11112,train
Q11113,train
Q11114,test
Q11115,val
Q11116,test
Q11117,train
Q11122,train
Q11123,train
Q11124,train
Q11125,test
Q11126,train
Q11127,train
Q11130,test
Q11131,train
Q11133,train
Q11174,train
Q11176,train
Q11177,val
Q11178,val
Q11179,train
Q11180,train
Q11181,train
Q11182,train
Q11183,test
Q11184,train
Q11185,test
Q11186,val
Q11187,train
Q11188,train
Q11189,train
Q11190,train
Q11191,train
Q11192,val
Q11193,train
Q11194,train
Q11200,test
Q11204,test
Q11206,val
Q11208,train
Q12756,test
Q12766,val
Q12767,train
Q12768,test
Q12774,train
Q12788,train
Q12789,val
Q12791,train
Q12794,train
Q12796,train
Q12797,train
Q12805,train
Q12809,train
Q12815,test
Q12816,train
Q12824,train
Q12834,train
Q12836,train
Q12837,val
Q12840,train
Q12841,test
Q12851,test
Q12852,train
Q12857,train
Q12864,test
Q12866,train
Q12872,val
Q12873,train
Q12879,val
Q12882,val
Q12884,train
Q12888,test
Q12891,val
Q12901,train
Q12904,val
Q12906,train
Q12908,train
Q12912,train
Q12913,train
Q12918,train
Q12926,train
Q12931,train
Q12933,train
Q12934,train
Q12947,train
Q12951,train
Q12952,train
Q12967,train
Q12972,test
Q12982,train
Q12988,train
Q12996,train
Q12999,train
Q13007,train
Q13017,train
Q13018,train
Q13021,train
Q13029,train
Q13045,val
Q13049,test
Q13061,train
Q13064,train
Q13075,train
Q13077,train
Q13084,train
Q13093,train
Q13094,train
Q13099,train
Q13103,train
Q13106,val
Q13111,train
Q13112,test
Q13117,test
Q13118,test
Q13123,test
Q13126,test
Q13127,test
Q13129,train
Q13136,train
Q13144,test
Q13145,train
Q13148,test
Q13153,train
Q13155,train
Q13156,train
Q13158,train
Q13162,train
Q13164,train
Q13166,train
Q13183,train
Q13200,train
Q13201,val
Q13202,train
Q13203,test
Q13206,test
Q13207,train
Q13214,train
Q13216,train
Q13217,test
Q13228,train
Q13231,train
Q13232,val
Q13233,train
Q13239,val
Q13253,test
Q13255,val
Q13258,test
Q13261,test
Q13268,train
Q13275,train
Q13278,train
Q13285,train
Q13287,val
Q13291,train
Q13296,train
Q13309,train
Q13310,train
Q13316,train
Q13319,train
Q13322,train
Q13323,train
Q13325,train
Q13336,train
Q13342,train
Q13347,test
Q13349,val
Q13351,train
Q13352,train
Q13356,train
Q13360,train
Q13361,train
Q13370,train
Q13387,train
Q13395,train
Q13398,train
Q13401,val
Q13404,test
Q13410,train
Q13415,train
Q13416,train
Q13421,train
Q13426,train
Q13428,val
Q13432,train
Q13434,train
Q13439,test
Q13443,train
Q13444,test
Q13445,train
Q13454,val
Q13459,train
Q13461,train
Q13469,train
Q13470,train
Q13472,train
Q13477,test
Q13478,val
Q13480,train
Q13487,val
Q13488,train
Q13489,train
Q13490,train
Q13491,train
Q13495,test
Q13496,train
Q13505,train
Q13508,train
Q13515,test
Q13519,test
Q13520,train
Q13536,val
Q13542,train
Q13546,test
Q13554,val
Q13563,train
Q13568,train
Q13569,train
Q13572,train
Q13573,val
Q13574,train
Q13576,train
Q13585,train
Q13588,val
Q13591,test
Q13596,val
Q13606,train
Q13608,train
Q13609,train
Q13613,train
Q13614,val
Q13615,train
Q13616,train
Q13617,train
Q13620,test
Q13621,train
Q13637,train
Q13641,test
Q13642,test
Q13651,train
Q13670,train
Q13671,train
Q13683,train
Q13685,test
Q13686,train
Q13702,test
Q13724,train
Q13733,test
Q13740,train
Q13751,test
Q13753,train
Q13765,train
Q13772,val
Q13790,test
Q13794,train
Q13795,test
Q13796,train
Q13797,test
Q13823,train
Q13825,val
Q13873,train
Q13875,test
Q13882,train
Q13887,train
Q13888,test
Q13889,train
Q13895,val
Q13901,test
Q13905,train
Q13936,train
Q13938,val
Q13948,train
Q13950,train
Q13951,train
Q13952,test
Q13956,train
Q13972,test
Q13976,test
Q14002,train
Q14003,train
Q14005,train
Q14019,train
Q14028,train
Q14031,train
Q14032,train
Q14050,train
Q14088,test
Q14093,test
Q14106,train
Q14108,train
Q14112,train
Q14114,train
Q14116,train
Q14119,train
Q14126,test
Q14134,train
Q14135,test
Q14137,train
Q14140,train
Q14142,test
Q14145,test
Q14146,train
Q14147,test
Q14149,val
Q14151,train
Q14152,test
Q14153,test
Q14154,train
Q14155,train
Q14157,test
Q14159,train
Q14160,train
Q14162,val
Q14164,val
Q14166,val
Q14181,train
Q14190,val
Q14191,train
Q14192,train
Q14197,train
Q14201,train
Q14207,train
Q14209,train
Q14210,val
Q14213,train
Q14232,train
Q14236,train
Q14241,train
Q14242,train
Q14244,train
Q14246,train
Q14249,train
Q14254,train
Q14257,train
Q14258,train
Q14264,test
Q14296,test
Q14314,train
Q14353,train
Q14376,train
Q14390,train
Q14393,train
Q14397,train
Q14406,train
Q14409,val
Q14432,val
Q14435,train
Q14451,test
Q14493,val
Q14507,train
Q14508,train
Q14511,val
Q14512,train
Q14515,train
Q14520,train
Q14524,train
Q14532,val
Q14533,train
Q14534,train
Q14542,test
Q14549,train
Q14554,train
Q14558,train
Q14562,train
Q14568,val
Q14574,train
Q14584,train
Q14586,test
Q14587,test
Q14588,train
Q14590,train
Q14592,test
Q14593,train
Q14602,val
Q14623,train
Q14624,train
Q14627,train
Q14651,test
Q14653,train
Q14656,val
Q14657,train
Q14674,train
Q14678,train
Q14679,train
Q14680,val
Q14681,train
Q14684,train
Q14686,train
Q14690,test
Q14692,test
Q14693,train
Q14694,val
Q14695,train
Q14696,train
Q14697,train
Q14699,train
Q14703,train
Q14714,train
Q14728,train
Q14746,test
Q14761,train
Q14764,train
Q14765,val
Q14766,train
Q14767,test
Q14781,train
Q14790,train
Q147U1,train
Q147U7,train
Q147X3,test
Q14802,test
Q14814,val
Q14839,train
Q14849,test
Q14863,train
Q14896,train
Q148B6,train
Q148C3,val
Q148C7,train
Q148C8,train
Q148C9,val
Q148E1,train
Q148E7,train
Q148F8,train
Q148G2,train
Q148G5,val
Q148G8,val
Q148H0,train
Q148H4,train
Q148H5,train
Q148H6,train
Q148H7,train
Q148H8,train
Q148I0,train
Q148I1,test
Q148I5,train
Q148K5,train
Q148L1,train
Q148L6,train
Q148M6,train
Q148M8,train
Q148R9,train
Q148V8,train
Q148W8,train
Q14914,train
Q14916,train
Q14929,test
Q14938,train
Q14943,train
Q14956,test
Q14957,test
Q14966,test
Q14973,test
Q14978,test
Q14980,train
Q14993,train
Q14997,test
Q14999,train
Q149B8,val
Q149C2,train
Q149F1,val
Q149F3,train
Q149F5,train
Q149G0,train
Q149L7,val
Q149M0,test
Q149M9,train
Q149N8,train
Q149R9,train
Q14AE4,val
Q14AI0,train
Q14AI6,train
Q14AK4,val
Q14AM7,train
Q14AT2,train
Q14AT5,train
Q14AW5,train
Q14B24,train
Q14B25,train
Q14B46,train
Q14B48,test
Q14B71,train
Q14B98,train
Q14BB9,test
Q14BI7,train
Q14BJ1,train
Q14BK3,train
Q14BN4,train
Q14BP6,train
Q14BQ3,train
Q14BT6,train
Q14BV6,val
Q14BX2,val
Q14C37,val
Q14C51,train
Q14C59,train
Q14C87,val
Q14CB8,train
Q14CH0,train
Q14CH1,train
Q14CH7,train
Q14CN2,test
Q14CN4,val
Q14CS0,train
Q14CZ7,train
Q14CZ8,train
Q14D04,train
Q14D33,train
Q14DG7,test
Q14DH7,test
Q14DK4,train
Q14DK5,train
Q14DL0,test
Q14DL3,train
Q14DN9,val
Q14DQ1,train
Q14FJ4,val
Q14ST5,train
Q15003,train
Q15005,train
Q15006,train
Q15008,train
Q15012,train
Q15013,train
Q15014,train
Q15021,train
Q15022,train
Q15025,train
Q15029,train
Q15032,test
Q15034,train
Q15036,train
Q15038,train
Q15040,train
Q15041,test
Q15047,train
Q15050,train
Q15051,test
Q15053,train
Q15054,train
Q15058,train
Q15061,train
Q15067,val
Q15070,train
Q15072,train
Q15075,train
Q15077,train
Q15080,train
Q15109,train
Q15113,val
Q15116,test
Q15120,train
Q15121,train
Q15125,test
Q15139,train
Q15154,train
Q15166,train
Q15170,train
Q15181,train
Q15195,train
Q15238,train
Q15256,train
Q15257,val
Q15262,train
Q15270,val
Q15274,test
Q15276,train
Q15283,val
Q15286,val
Q15287,val
Q15303,train
Q15327,val
Q15329,train
Q15361,train
Q15363,train
Q15388,val
Q15391,train
Q15393,test
Q15397,train
Q15398,test
Q15399,train
Q153Z0,test
Q15431,train
Q15435,train
Q15465,train
Q15466,test
Q15468,train
Q15485,train
Q15486,train
Q15526,test
Q15527,train
Q15542,train
Q15543,train
Q15545,test
Q15546,test
Q15554,train
Q15555,train
Q15560,train
Q15572,train
Q15573,test
Q15582,train
Q155U0,test
Q15612,test
Q15615,train
Q15617,val
Q15619,train
Q15620,train
Q15622,val
Q15628,val
Q15629,test
Q15631,train
Q15637,train
Q15643,test
Q15645,train
Q15646,train
Q15648,train
Q15649,train
Q15650,val
Q15653,train
Q15654,train
Q15661,train
Q15678,test
Q15691,train
Q15695,train
Q15697,val
Q156A1,train
Q15722,test
Q15726,val
Q15735,train
Q15738,val
Q15746,train
Q15758,train
Q15760,train
Q15761,train
Q15762,train
Q15768,val
Q15771,train
Q15777,train
Q15782,train
Q15788,val
Q15796,val
Q15800,train
Q15819,val
Q15828,train
Q15831,val
Q15833,train
Q15835,test
Q15836,train
Q15846,train
Q15847,train
Q15848,train
Q15849,train
Q15884,val
Q15910,train
Q15928,train
Q15935,train
Q15937,test
Q15940,train
Q15942,test
Q15973,train
Q16236,train
Q16281,train
Q16342,val
Q16348,train
Q16363,train
Q16378,train
Q16473,val
Q16512,val
Q16514,train
Q16527,val
Q16537,train
Q16540,train
Q16548,train
Q16549,test
Q16552,train
Q16553,test
Q16558,train
Q16559,val
Q16563,train
Q16566,val
Q16584,val
Q16587,val
Q16589,train
Q16602,train
Q16609,train
Q16610,val
Q16611,train
Q16617,train
Q16619,train
Q16627,test
Q16630,test
Q16635,val
Q16637,train
Q16643,train
Q16647,train
Q16651,train
Q16653,train
Q16654,val
Q16655,train
Q16661,train
Q16663,train
Q16670,train
Q16671,train
Q16674,train
Q16676,train
Q16678,train
Q16690,val
Q16696,train
Q16698,train
Q16706,train
Q16718,test
Q16719,train
Q16740,train
Q16760,train
Q16763,train
Q16769,val
Q16773,train
Q16790,test
Q16795,train
Q16819,train
Q16820,val
Q16821,train
Q16825,val
Q16827,test
Q16828,test
Q16831,train
Q16849,train
Q16854,val
Q16873,train
Q16877,train
Q16881,train
Q16891,train
Q16927,test
Q16928,val
Q16932,train
Q16937,train
Q16943,train
Q16950,train
Q16951,test
Q16956,val
Q16959,train
Q16960,train
Q16974,test
Q16975,train
Q16981,test
Q16982,train
Q16983,train
Q16992,train
Q16994,train
Q16EE5,val
Q16EI9,train
Q16FL6,train
Q16FT5,train
Q16G12,val
Q16H50,train
Q16HE8,train
Q16HH9,val
Q16I17,train
Q16IB4,train
Q16IW3,train
Q16JA2,train
Q16JS8,train
Q16K15,test
Q16K67,train
Q16KE2,train
Q16KI5,train
Q16KN5,train
Q16LW2,train
Q16MG9,train
Q16MK2,train
Q16ML2,test
Q16MW6,train
Q16MY0,train
Q16N38,test
Q16N80,train
Q16NS8,train
Q16NX0,train
Q16P87,train
Q16P90,test
Q16Q94,train
Q16QI1,train
Q16QL3,train
Q16QY8,train
Q16RF5,train
Q16RI1,val
Q16RI5,train
Q16RR7,train
Q16RX1,val
Q16RY9,val
Q16S21,train
Q16S34,train
Q16T79,train
Q16TA2,val
Q16TJ7,train
Q16U25,train
Q16U49,test
Q16UF8,val
Q16UG2,val
Q16UN6,val
Q16VC0,test
Q16VD3,train
Q16VW9,test
Q16W06,train
Q16W22,test
Q16W24,val
Q16WA6,test
Q16WU7,train
Q16X15,train
Q16X92,train
Q16Y34,test
Q16YA8,train
Q16YB3,train
Q16YE7,train
Q16ZN9,train
Q16ZR8,train
Q17004,val
Q17005,train
Q17015,train
Q17017,val
Q17020,train
Q17025,test
Q17027,train
Q17040,val
Q17043,val
Q17045,train
Q17053,train
Q17058,train
Q17060,train
Q17061,train
Q17062,train
Q17075,train
Q17077,train
Q17078,train
Q17127,test
Q17128,test
Q17133,test
Q17162,train
Q17172,train
Q17217,train
Q17232,train
Q17237,train
Q17239,train
Q17241,test
Q17254,val
Q17282,train
Q17284,val
Q17295,val
Q17296,train
Q17297,train
Q17298,train
Q172F2,test
Q172G3,train
Q172W0,train
Q172Y1,test
Q17307,train
Q17308,train
Q17313,train
Q17320,train
Q17328,val
Q17330,train
Q17334,val
Q17335,train
Q17336,val
Q17339,train
Q17345,train
Q17348,train
Q17353,train
Q17361,train
Q17370,train
Q17374,train
Q17381,test
Q17388,val
Q17389,train
Q17390,train
Q17391,train
Q17392,train
Q173M7,val
Q17405,test
Q17413,val
Q17423,train
Q17424,train
Q17426,train
Q17427,train
Q17428,test
Q17430,val
Q17431,train
Q17433,train
Q17435,test
Q17436,train
Q17438,val
Q17439,train
Q17440,train
Q17446,train
Q17449,test
Q17460,train
Q174D3,train
Q174I2,train
Q174R2,test
Q17528,train
Q17529,train
Q17533,train
Q17569,train
Q17574,val
Q17577,train
Q17586,train
Q175F8,train
Q17602,train
Q17603,test
Q17604,train
Q17606,train
Q17607,train
Q17632,train
Q17635,train
Q17638,train
Q17667,train
Q17678,train
Q17684,train
Q17688,test
Q17693,train
Q17695,val
Q17703,train
Q17704,train
Q17745,train
Q17750,train
Q17758,train
Q17760,test
Q17761,train
Q17766,train
Q17768,train
Q17770,train
Q17771,test
Q17778,test
Q17784,train
Q177A7,train
Q177G4,test
Q177H0,train
Q177J8,train
Q17800,train
Q17802,train
Q17819,train
Q17820,train
Q17827,val
Q17828,val
Q17833,val
Q17848,train
Q17850,test
Q17851,train
Q17865,train
Q17868,train
Q17886,train
Q17895,train
Q178E6,test
Q178L7,train
Q178M1,val
Q178U6,train
Q17902,train
Q17905,train
Q17938,train
Q17941,train
Q17944,train
Q17949,train
Q17958,train
Q17963,train
Q17967,train
Q17990,train
Q179T2,train
Q17A58,train
Q17A75,train
Q17A88,test
Q17AF4,train
Q17AI4,train
Q17AN2,test
Q17AN4,train
Q17BA4,train
Q17CA7,train
Q17CE7,val
Q17CH9,train
Q17CJ5,val
Q17CQ8,train
Q17CS8,train
Q17D30,train
Q17DI7,test
Q17DK2,val
Q17DK5,train
Q17DT0,val
Q17ED3,train
Q17EJ1,train
Q17EN4,train
Q17F11,train
Q17FB8,val
Q17FR9,train
Q17G65,train
Q17G75,train
Q17GM7,train
Q17GR9,train
Q17GS9,train
Q17GW6,test
Q17GZ9,test
Q17H91,train
Q17I16,train
Q17IE8,train
Q17IN5,train
Q17J49,train
Q17JB7,train
Q17JQ7,test
Q17JT4,train
Q17L24,train
Q17LR9,train
Q17LW0,test
Q17LZ2,train
Q17MI0,val
Q17MZ8,train
Q17N69,train
Q17N71,train
Q17NH9,train
Q17NP0,train
Q17NR1,train
Q17NR4,val
Q17NV8,train
Q17NX6,train
Q17NZ6,train
Q17P71,test
Q17P98,train
Q17PI0,test
Q17PP1,train
Q17PR1,val
Q17Q06,train
Q17Q32,val
Q17Q39,train
Q17Q87,train
Q17Q91,train
Q17Q97,train
Q17QA0,train
Q17QB3,val
Q17QD3,train
Q17QD6,val
Q17QD8,train
Q17QE0,train
Q17QE3,train
Q17QF0,train
Q17QF2,train
Q17QG3,train
Q17QH6,val
Q17QH7,train
Q17QH8,val
Q17QH9,train
Q17QI7,test
Q17QJ0,val
Q17QJ1,train
Q17QJ2,test
Q17QK1,val
Q17QK3,val
Q17QK6,train
Q17QK8,train
Q17QM6,train
Q17QN0,val
Q17QN2,train
Q17QN8,train
Q17QN9,train
Q17QP0,train
Q17QP7,train
Q17QQ2,train
Q17QQ4,test
Q17QQ5,val
Q17QQ9,test
Q17QR4,train
Q17QR5,val
Q17QR6,train
Q17QR7,test
Q17QR8,train
Q17QS0,train
Q17QS4,train
Q17QT2,train
Q17QT4,train
Q17QT7,train
Q17QU3,train
Q17QU7,train
Q17QW0,train
Q17QW1,train
Q17QW3,train
Q17QW4,test
Q17QX2,train
Q17QZ7,train
Q17QZ8,train
Q17R01,train
Q17R07,train
Q17R10,train
Q17R60,train
Q17RA5,test
Q17RB8,train
Q17RC7,train
Q17RD7,train
Q17RF5,train
Q17RG1,test
Q17RH7,train
Q17RM4,train
Q17RN3,test
Q17RP2,test
Q17RQ9,train
Q17RR3,train
Q17RS7,test
Q17RW2,train
Q17RY6,train
Q17UY8,train
Q18006,train
Q18007,train
Q18008,train
Q18012,train
Q18014,test
Q18020,train
Q18026,train
Q18034,train
Q18040,test
Q18053,train
Q18054,train
Q18060,train
Q18066,train
Q18071,train
Q18078,train
Q18079,test
Q18081,val
Q18086,train
Q18115,val
Q18120,test
Q18143,train
Q18158,train
Q18161,train
Q18163,val
Q18169,test
Q18171,val
Q18179,train
Q18192,train
Q18195,train
Q18211,train
Q18212,train
Q18217,val
Q18221,train
Q18223,train
Q18225,train
Q18232,train
Q18234,val
Q18235,train
Q18237,train
Q18240,test
Q18245,train
Q18246,test
Q18248,train
Q18250,train
Q18253,train
Q18262,val
Q18264,train
Q18268,train
Q18273,train
Q18277,test
Q18286,test
Q18297,test
Q18299,train
Q18312,test
Q18317,train
Q18319,train
Q18321,train
Q18331,val
Q18336,val
Q18347,train
Q18359,train
Q18406,train
Q18409,train
Q18411,test
Q18412,train
Q18416,train
Q18421,test
Q18425,train
Q18428,train
Q18439,train
Q18446,train
Q18449,test
Q18452,train
Q18473,train
Q18474,val
Q18484,train
Q18486,train
Q18490,train
Q18493,train
Q18502,train
Q18508,val
Q18510,test
Q18511,train
Q18515,train
Q18533,train
Q18534,val
Q18563,train
Q18579,train
Q18581,train
Q18590,test
Q18593,val
Q18594,train
Q18600,train
Q18610,train
Q18612,test
Q18616,train
Q18673,train
Q18674,train
Q18678,train
Q18680,train
Q18685,val
Q18688,train
Q18694,test
Q18711,train
Q18726,test
Q18775,train
Q18779,val
Q18785,val
Q18786,test
Q18787,train
Q18788,val
Q18803,train
Q18806,test
Q18807,train
Q18812,train
Q18823,test
Q18825,train
Q18846,train
Q18864,val
Q18879,test
Q18881,train
Q18885,train
Q18891,train
Q18904,train
Q18905,train
Q18909,train
Q18919,train
Q18932,val
Q18938,train
Q18953,test
Q18955,train
Q18964,train
Q18967,train
Q18969,train
Q18973,test
Q18990,test
Q18DC9,val
Q18NS6,val
Q18NS7,train
Q18P97,train
Q18PD9,train
Q18PE0,test
Q18PE1,train
Q18PF6,train
Q18PI6,train
Q19000,train
Q19005,train
Q19013,train
Q19038,train
Q19040,train
Q19052,train
Q19053,val
Q19061,train
Q19076,test
Q19077,train
Q19084,train
Q19087,val
Q19124,val
Q19126,train
Q19127,train
Q19131,train
Q19143,train
Q19157,test
Q19165,val
Q19187,train
Q19189,train
Q19191,test
Q19192,train
Q19196,test
Q19200,test
Q19202,train
Q19203,train
Q19204,train
Q19213,train
Q19238,val
Q19253,val
Q19258,val
Q19262,train
Q19264,train
Q19266,train
Q19267,test
Q19269,train
Q19272,val
Q19286,train
Q19289,train
Q19291,train
Q19293,train
Q19294,val
Q19297,val
Q19311,train
Q19325,train
Q19326,test
Q19329,test
Q19336,train
Q19337,test
Q19338,train
Q19345,train
Q19351,val
Q19360,test
Q19366,train
Q19374,test
Q19375,train
Q19404,train
Q19408,train
Q19417,train
Q19418,test
Q19420,train
Q19425,train
Q19426,test
Q19427,train
Q19443,val
Q19459,train
Q19468,train
Q19469,train
Q19473,test
Q19474,train
Q19493,train
Q19503,val
Q19505,train
Q19507,val
Q19508,test
Q19509,test
Q19529,train
Q19532,test
Q19537,test
Q19541,train
Q19546,train
Q19549,train
Q19550,train
Q19552,train
Q19555,train
Q19564,test
Q19569,train
Q19584,train
Q19601,train
Q19614,train
Q19617,train
Q19640,val
Q19642,val
Q19673,train
Q19683,train
Q19691,train
Q19707,test
Q19713,train
Q19714,val
Q19720,train
Q19722,train
Q19724,train
Q19743,train
Q19746,train
Q19749,train
Q19753,train
Q19768,train
Q19775,train
Q19782,train
Q19787,train
Q19791,train
Q19802,train
Q19821,train
Q19825,train
Q19829,train
Q19842,train
Q19848,train
Q19849,train
Q19857,train
Q19863,train
Q19869,train
Q19872,train
Q19873,train
Q19877,train
Q19892,train
Q19895,test
Q19897,train
Q19905,train
Q19906,train
Q19907,train
Q19910,train
Q19948,train
Q19951,train
Q19952,train
Q19954,train
Q19958,train
Q19967,train
Q19969,train
Q19970,train
Q19972,train
Q19975,train
Q19978,train
Q19980,train
Q19981,train
Q19992,train
Q19A30,train
Q19A40,val
Q19A41,test
Q19AE6,test
Q19AV6,test
Q19AZ8,train
Q19KA1,test
Q19KH7,test
Q19KI0,train
Q19KS6,train
Q19LH4,train
Q19LI2,train
Q19Q52,train
Q19QT9,train
Q19QU3,train
Q19T08,test
Q19UN5,train
Q1A3B0,test
Q1A3Q1,train
Q1A3Q5,train
Q1A3Q7,train
Q1A3R1,train
Q1A3R3,train
Q1A5X6,train
Q1A5X7,train
Q1A7B1,train
Q1A7B3,test
Q1ACD5,val
Q1AGS7,test
Q1AGS8,test
Q1AGS9,train
Q1AGV6,train
Q1AGV7,train
Q1AGX7,val
Q1AMT3,train
Q1DGL5,train
Q1DGL6,train
Q1DH70,val
Q1ECS6,test
Q1ECT8,test
Q1ECV4,train
Q1ECV8,train
Q1ECW2,train
Q1ECW6,val
Q1ECW7,test
Q1ECX4,train
Q1ECY2,train
Q1ECZ2,train
Q1ECZ4,train
Q1ECZ9,val
Q1ED21,test
Q1ED39,train
Q1EG09,train
Q1EG27,val
Q1EG28,val
Q1EG91,val
Q1EGL1,train
Q1EHB3,train
Q1EHB4,train
Q1EHW4,train
Q1EIQ3,val
Q1ELT9,val
Q1ELU0,train
Q1ELU2,train
Q1ELU4,train
Q1ELU5,train
Q1ELU8,train
Q1ELU9,train
Q1ELV0,train
Q1EN11,train
Q1EN13,test
Q1EN14,train
Q1EN15,train
Q1ENI8,train
Q1EQW7,train
Q1ERP8,test
Q1G7G9,train
Q1H9T6,train
Q1HA14,train
Q1HAY7,test
Q1HCL7,train
Q1HCM0,val
Q1HDZ5,train
Q1HE00,test
Q1HE01,train
Q1HFZ0,train
Q1HG43,train
Q1HG44,train
Q1HG60,train
Q1HG70,train
Q1HGE8,train
Q1HGK7,test
Q1HKZ5,test
Q1HLC0,train
Q1HPK6,val
Q1HPL8,train
Q1HPS0,train
Q1HPS4,train
Q1HPU0,train
Q1HPU2,train
Q1HPV1,test
Q1HPW4,train
Q1HQ10,train
Q1HQF2,train
Q1HQF8,train
Q1HQK0,train
Q1HQN4,train
Q1HQU2,train
Q1HQY6,train
Q1HR20,train
Q1HR36,train
Q1HR47,train
Q1HR62,train
Q1HRL7,train
Q1HRR3,test
Q1HRV4,train
Q1HRV8,train
Q1HTZ8,train
Q1HTZ9,train
Q1I163,test
Q1I179,test
Q1I180,train
Q1JP61,train
Q1JP63,val
Q1JP73,train
Q1JP75,train
Q1JPA0,val
Q1JPA6,train
Q1JPB0,train
Q1JPB9,train
Q1JPD3,train
Q1JPD6,train
Q1JPD8,test
Q1JPG0,train
Q1JPG1,train
Q1JPJ0,train
Q1JPJ9,train
Q1JPL0,test
Q1JPS1,test
Q1JPT7,val
Q1JPW9,train
Q1JPX3,train
Q1JPY4,train
Q1JPY5,train
Q1JPY8,train
Q1JPZ3,train
Q1JPZ7,test
Q1JQ19,train
Q1JQ66,train
Q1JQ73,train
Q1JQ92,train
Q1JQ97,train
Q1JQ99,train
Q1JQA1,train
Q1JQA4,train
Q1JQA7,train
Q1JQA8,test
Q1JQB5,train
Q1JQC5,val
Q1JQC6,train
Q1JQD4,val
Q1JQD6,train
Q1JQD7,train
Q1JQE1,train
Q1JQE2,train
Q1JRP2,train
Q1JS87,train
Q1JS88,train
Q1JS89,train
Q1JS90,train
Q1JS91,train
Q1JS92,test
Q1JS94,train
Q1JUZ1,train
Q1JUZ2,train
Q1JV40,train
Q1KKR6,train
Q1KKR7,train
Q1KKR8,test
Q1KKR9,test
Q1KKS2,train
Q1KKS3,train
Q1KKS7,val
Q1KKS8,train
Q1KKS9,val
Q1KKT0,test
Q1KKT1,train
Q1KKT2,test
Q1KKT4,test
Q1KKU7,train
Q1KKV1,train
Q1KKV2,train
Q1KKV3,train
Q1KKV8,train
Q1KKW7,train
Q1KKW8,train
Q1KKX0,val
Q1KKX1,val
Q1KKX5,train
Q1KKX7,train
Q1KKX9,test
Q1KKY0,train
Q1KKY1,test
Q1KKY2,train
Q1KKY3,train
Q1KKZ1,train
Q1KKZ2,test
Q1KKZ3,val
Q1KKZ4,test
Q1KKZ5,train
Q1KKZ6,train
Q1KL06,test
Q1KL10,train
Q1KL11,train
Q1KL12,val
Q1KL13,train
Q1KL14,train
Q1KL16,val
Q1KL17,test
Q1KL22,train
Q1KLR6,train
Q1KLX3,train
Q1KLY4,train
Q1KLY5,train
Q1KLY8,train
Q1KZG0,train
Q1KZG4,train
Q1L0X2,train
Q1L5Z9,train
Q1L658,train
Q1L659,test
Q1L673,val
Q1L6Q1,train
Q1L721,test
Q1L864,train
Q1L867,train
Q1L899,train
Q1L8D2,train
Q1L8F4,train
Q1L8F9,train
Q1L8G6,train
Q1L8G7,train
Q1L8H0,train
Q1L8I0,train
Q1L8J7,train
Q1L8L6,train
Q1L8L9,train
Q1L8P7,train
Q1L8T5,test
Q1L8U8,val
Q1L8W0,train
Q1L8X2,train
Q1L8X9,train
Q1L8Y6,val
Q1L8Y7,train
Q1L908,train
Q1L911,val
Q1L981,train
Q1L987,train
Q1L990,test
Q1L994,train
Q1L9A2,test
Q1L9C7,train
Q1LU86,train
Q1LU93,train
Q1LU99,test
Q1LUC1,val
Q1LUC3,train
Q1LUD1,train
Q1LUE5,train
Q1LUI2,train
Q1LUK1,train
Q1LUM3,train
Q1LUQ4,train
Q1LUS5,train
Q1LUS8,val
Q1LUT1,train
Q1LUV9,train
Q1LV15,train
Q1LV17,val
Q1LV19,train
Q1LV22,train
Q1LV46,test
Q1LV50,train
Q1LVC2,train
Q1LVF0,train
Q1LVF3,val
Q1LVI2,train
Q1LVK9,train
Q1LVN1,train
Q1LVN8,val
Q1LVP6,val
Q1LVQ2,train
Q1LVQ7,train
Q1LVS8,train
Q1LVV0,train
Q1LVW0,train
Q1LVZ2,train
Q1LW01,train
Q1LW89,val
Q1LWB0,test
Q1LWC2,val
Q1LWE6,train
Q1LWG3,test
Q1LWG4,train
Q1LWH4,train
Q1LWJ6,val
Q1LWL2,train
Q1LWL6,train
Q1LWL8,val
Q1LWM5,train
Q1LWV7,test
Q1LWX3,train
Q1LWZ0,test
Q1LX29,train
Q1LX49,test
Q1LX51,test
Q1LX59,train
Q1LX78,test
Q1LXC9,train
Q1LXE6,val
Q1LXI5,train
Q1LXK4,val
Q1LXK5,train
Q1LXR6,test
Q1LXS2,test
Q1LXU5,train
Q1LXV8,train
Q1LXZ7,train
Q1LXZ9,train
Q1LY10,train
Q1LY46,train
Q1LY51,train
Q1LY77,test
Q1LY80,train
Q1LY84,val
Q1LYB6,test
Q1LYE3,test
Q1LYG0,test
Q1LYL8,train
Q1LYM3,train
Q1LYM6,train
Q1LZ24,train
Q1LZ50,train
Q1LZ53,train
Q1LZ74,val
Q1LZ75,train
Q1LZ78,train
Q1LZ79,train
Q1LZ80,val
Q1LZ83,train
Q1LZ87,train
Q1LZ89,train
Q1LZ95,test
Q1LZ96,train
Q1LZ97,train
Q1LZA0,train
Q1LZA1,train
Q1LZA4,train
Q1LZB0,train
Q1LZB9,train
Q1LZC0,test
Q1LZD0,val
Q1LZD1,test
Q1LZD3,train
Q1LZE1,val
Q1LZE2,val
Q1LZE6,train
Q1LZE9,val
Q1LZF3,train
Q1LZF8,train
Q1LZG6,train
Q1LZH0,train
Q1LZH1,train
Q1LZH7,train
Q1LZI1,val
Q1LZI2,train
Q1M0Y5,train
Q1M161,test
Q1MSJ5,val
Q1MT80,train
Q1MTD3,train
Q1MTD4,val
Q1MTI4,train
Q1MWG5,val
Q1MWH4,train
Q1MWJ1,test
Q1MX22,train
Q1NZ26,train
Q1PBC5,val
Q1PBD1,train
Q1PCB0,train
Q1PCB1,test
Q1PCT2,train
Q1PRL4,train
Q1PS45,train
Q1PS67,train
Q1RLC9,train
Q1RLK6,train
Q1RLQ5,test
Q1RLT2,train
Q1RLU1,train
Q1RLU9,train
Q1RLX4,test
Q1RLY6,train
Q1RM03,train
Q1RM09,train
Q1RM35,train
Q1RM55,train
Q1RMA6,val
Q1RMB5,val
Q1RMH3,train
Q1RMI1,train
Q1RMI3,train
Q1RMI8,train
Q1RMJ5,val
Q1RMJ9,val
Q1RMK1,train
Q1RMK9,train
Q1RML2,train
Q1RML4,train
Q1RML7,train
Q1RMM0,train
Q1RMM5,train
Q1RMP0,test
Q1RMP7,train
Q1RMP9,train
Q1RMQ5,train
Q1RMR0,test
Q1RMR1,train
Q1RMR5,train
Q1RMS0,train
Q1RMS8,train
Q1RMT7,train
Q1RMT9,train
Q1RMU7,train
Q1RMW2,test
Q1RMW5,train
Q1RMX6,train
Q1RN00,val
Q1RNF8,train
Q1RP77,train
Q1RPP5,train
Q1RPS8,train
Q1T763,val
Q1T764,train
Q1T765,train
Q1T769,train
Q1T7B7,val
Q1T7B8,val
Q1T7B9,train
Q1T7C0,val
Q1T7C1,val
Q1T7F1,train
Q1W1Y5,train
Q1W209,train
Q1W4C9,val
Q1W617,val
Q1W675,test
Q1W694,train
Q1W695,train
Q1W6H9,val
Q1WBT4,val
Q1WBV0,train
Q1WER1,train
Q1WG82,train
Q1WIM2,test
Q1WIM3,train
Q1WK24,train
Q1WLP9,test
Q1WM27,train
Q1WM28,val
Q1WM29,train
Q1WNP0,test
Q1X6K1,val
Q1X8D7,train
Q1XA12,train
Q1XA76,train
Q1XAA8,train
Q1XF11,train
Q1XFL1,val
Q1XG89,train
Q1XG90,train
Q1XH10,val
Q1XHL7,train
Q1XHT8,val
Q1XI86,train
Q1ZXS5,train
Q1ZXU0,train
Q1ZY03,train
Q1ZY22,test
Q1ZYL8,train
Q1ZZS1,train
Q1ZZU3,train
Q20010,val
Q20024,train
Q20025,train
Q20026,train
Q20035,train
Q20052,train
Q20053,train
Q20057,train
Q20059,val
Q20060,val
Q20065,test
Q20069,test
Q20082,train
Q20085,train
Q20086,train
Q20106,train
Q20117,train
Q20123,train
Q20140,test
Q20144,val
Q20157,train
Q20168,train
Q20170,train
Q20176,train
Q20191,val
Q20201,train
Q20222,train
Q20223,val
Q20224,train
Q20228,train
Q20230,val
Q20249,train
Q20255,test
Q20257,train
Q20263,val
Q20291,val
Q20296,train
Q202B1,train
Q202I6,test
Q202J4,train
Q20300,train
Q20303,test
Q20318,train
Q20332,train
Q20334,train
Q20347,train
Q20351,val
Q20363,train
Q20365,val
Q20374,train
Q20375,train
Q20390,train
Q20402,val
Q20405,train
Q20410,test
Q20411,val
Q20435,train
Q20443,train
Q20448,train
Q20459,train
Q20471,train
Q20480,val
Q20481,test
Q20496,train
Q20498,test
Q20500,train
Q20502,val
Q20507,train
Q20516,train
Q20548,train
Q20561,train
Q20574,train
Q20585,test
Q20591,train
Q20593,train
Q20595,train
Q20605,test
Q20616,test
Q20618,train
Q20619,train
Q20624,test
Q20636,train
Q20646,train
Q20647,train
Q20655,train
Q20657,train
Q20666,test
Q20678,train
Q20679,train
Q20680,val
Q20681,train
Q20683,val
Q20687,val
Q20689,train
Q20696,train
Q20701,train
Q20709,train
Q20716,train
Q20719,train
Q20728,train
Q20733,test
Q20735,train
Q20745,train
Q20748,train
Q20751,train
Q20754,test
Q20757,train
Q20758,train
Q20762,train
Q20765,train
Q20772,test
Q20778,train
Q20779,train
Q20781,val
Q20797,train
Q20798,val
Q20799,train
Q20800,val
Q20806,val
Q20819,train
Q20822,train
Q20826,val
Q20845,train
Q20848,train
Q20849,train
Q20870,val
Q20875,train
Q20893,train
Q20898,train
Q20910,val
Q20924,train
Q20929,train
Q20930,train
Q20932,train
Q20938,train
Q20939,train
Q20942,train
Q20952,train
Q20958,train
Q20961,val
Q20963,train
Q20967,train
Q20970,train
Q20977,train
Q20992,train
Q20A00,val
Q20CR4,train
Q20JQ7,train
Q20K43,val
Q21005,train
Q21006,train
Q21012,train
Q21017,train
Q21018,train
Q21029,train
Q21037,train
Q21038,test
Q21041,train
Q21045,train
Q21049,test
Q21054,train
Q21059,train
Q21065,train
Q21067,val
Q21086,val
Q21102,train
Q21106,train
Q21109,train
Q21121,train
Q21122,train
Q21123,train
Q21126,train
Q21127,train
Q21148,test
Q21153,train
Q21154,train
Q21156,train
Q21166,test
Q21175,train
Q21178,train
Q21179,train
Q21180,train
Q21181,train
Q21184,train
Q21187,train
Q21190,train
Q21192,train
Q21193,train
Q21194,train
Q21209,train
Q21215,train
Q21217,train
Q21219,train
Q21221,train
Q21222,train
Q21227,train
Q21230,train
Q21241,train
Q21252,test
Q21253,val
Q21263,train
Q21265,train
Q21268,train
Q21270,train
Q21272,train
Q21276,train
Q21278,train
Q21279,train
Q21281,train
Q21286,train
Q21305,train
Q21307,train
Q21338,train
Q21339,train
Q21341,train
Q21346,train
Q21351,train
Q21353,train
Q21355,train
Q21360,test
Q21361,train
Q21376,train
Q21388,train
Q21389,test
Q21407,train
Q21412,train
Q21415,val
Q21432,train
Q21433,test
Q21434,train
Q21441,train
Q21443,train
Q21444,train
Q21446,train
Q21452,train
Q21455,train
Q21489,train
Q21502,train
Q21506,train
Q21507,test
Q21508,train
Q21534,train
Q21540,val
Q21551,test
Q21554,train
Q21557,train
Q21565,val
Q21568,train
Q21578,val
Q21624,train
Q21625,train
Q21626,train
Q21629,test
Q21633,train
Q21642,train
Q21653,test
Q21657,train
Q21691,train
Q21693,train
Q21697,train
Q21701,train
Q21706,train
Q21733,train
Q21734,train
Q21735,val
Q21738,test
Q21743,train
Q21751,train
Q21752,test
Q21755,test
Q21767,test
Q21770,train
Q21771,val
Q21775,train
Q21776,train
Q21795,train
Q21802,train
Q21806,train
Q21808,train
Q21815,val
Q21824,train
Q21827,train
Q21828,val
Q21832,val
Q21836,train
Q21874,train
Q21878,val
Q21882,train
Q21890,train
Q21898,test
Q21902,train
Q21921,test
Q21924,train
Q21926,test
Q21929,train
Q21930,train
Q21939,val
Q21944,val
Q21950,test
Q21952,train
Q21955,train
Q21966,train
Q21973,train
Q21974,train
Q21984,val
Q21986,val
Q21988,train
Q21993,train
Q21997,train
Q22000,train
Q22002,train
Q22004,train
Q22006,test
Q22017,val
Q22018,train
Q22019,test
Q22021,val
Q22024,train
Q22031,train
Q22036,train
Q22037,val
Q22038,val
Q22053,train
Q22054,train
Q22058,train
Q22067,train
Q22070,train
Q22071,train
Q22099,train
Q22100,train
Q22111,val
Q22122,train
Q22125,val
Q22127,train
Q22141,val
Q22146,train
Q22156,train
Q22165,train
Q22169,train
Q22180,train
Q22181,train
Q22197,train
Q22227,train
Q22230,test
Q22235,train
Q22236,train
Q22252,test
Q22267,train
Q22271,train
Q22285,train
Q22288,test
Q22289,train
Q22292,val
Q22295,train
Q22306,test
Q22307,test
Q22323,test
Q22328,train
Q22329,train
Q22355,train
Q22361,train
Q22366,train
Q22396,train
Q22397,train
Q22398,train
Q22401,train
Q22419,train
Q22431,train
Q22453,train
Q22460,train
Q22472,train
Q22495,train
Q22498,val
Q22505,train
Q22510,test
Q22516,train
Q22523,test
Q22531,train
Q22544,train
Q22549,train
Q22555,test
Q22557,val
Q22560,train
Q22566,test
Q22592,val
Q22616,train
Q22618,train
Q22619,train
Q22634,train
Q22638,train
Q22639,train
Q22640,train
Q22647,train
Q22663,train
Q22670,train
Q22678,train
Q22682,train
Q22687,train
Q22695,train
Q22700,val
Q22701,train
Q22702,train
Q22703,test
Q22706,train
Q22707,val
Q22708,val
Q22710,train
Q22712,val
Q22717,train
Q22720,train
Q22744,train
Q22747,val
Q22756,train
Q22782,test
Q22795,train
Q22811,train
Q22812,val
Q22813,train
Q22829,test
Q22830,test
Q22835,train
Q22836,train
Q22851,val
Q22885,train
Q22888,val
Q22909,test
Q22910,train
Q22915,train
Q22918,train
Q22931,test
Q22942,test
Q22943,train
Q22949,train
Q22957,train
Q22992,train
Q22993,val
Q23022,train
Q23023,train
Q23027,train
Q23045,train
Q23049,val
Q23058,train
Q23064,train
Q23088,train
Q23092,val
Q23116,test
Q23120,train
Q23121,val
Q23122,val
Q23126,train
Q23157,train
Q23175,train
Q23192,val
Q23194,val
Q23202,val
Q23212,test
Q23221,train
Q23223,train
Q23229,train
Q23232,train
Q23236,train
Q23237,train
Q23238,train
Q23240,train
Q23243,train
Q23246,val
Q23247,train
Q23255,train
Q23256,train
Q23261,train
Q23262,train
Q23270,train
Q23272,train
Q23280,val
Q23288,train
Q23294,val
Q23295,train
Q23307,test
Q23310,val
Q23312,val
Q23314,train
Q23316,train
Q23356,train
Q23357,train
Q23359,train
Q23361,val
Q23369,train
Q23376,train
Q23381,train
Q23387,test
Q23400,train
Q23402,train
Q23405,train
Q23421,val
Q23424,train
Q23430,train
Q23435,train
Q23444,train
Q23445,test
Q23449,test
Q23450,train
Q23457,train
Q23462,train
Q23469,train
Q23489,train
Q23490,train
Q23495,train
Q23497,train
Q23498,test
Q23500,test
Q23523,test
Q23525,train
Q23529,train
Q23533,train
Q23534,train
Q23536,test
Q23541,test
Q23544,val
Q23552,train
Q23570,train
Q23571,train
Q23579,val
Q23588,train
Q23590,train
Q23593,train
Q23622,test
Q23623,test
Q23628,train
Q23629,val
Q23639,train
Q23646,train
Q23647,train
Q23651,train
Q23652,test
Q23655,train
Q23670,train
Q23679,val
Q23680,val
Q23681,train
Q23682,train
Q23755,train
Q23756,train
Q23757,test
Q23758,train
Q23760,train
Q23761,train
Q23794,train
Q23808,train
Q23935,train
Q23949,test
Q23970,train
Q23971,train
Q23972,val
Q23973,val
Q23976,val
Q23977,train
Q23978,test
Q23979,train
Q23982,test
Q23983,train
Q23985,train
Q23989,train
Q23997,val
Q24008,train
Q24009,train
Q24020,train
Q24025,val
Q24039,train
Q24040,train
Q24046,train
Q24048,train
Q24049,train
Q24050,train
Q24087,train
Q24093,train
Q24106,test
Q24114,train
Q24118,train
Q24119,train
Q24120,train
Q24133,train
Q24134,train
Q24139,train
Q24141,test
Q24142,train
Q24143,train
Q24145,train
Q24151,train
Q24152,train
Q24154,train
Q24155,train
Q24157,train
Q24167,val
Q24168,train
Q24169,train
Q24174,train
Q24178,train
Q24179,test
Q24180,test
Q24185,train
Q24186,train
Q24188,train
Q24192,train
Q24206,train
Q24207,val
Q24208,train
Q24210,train
Q24211,train
Q24212,train
Q24238,val
Q24239,train
Q24246,test
Q24247,train
Q24248,train
Q24251,train
Q24255,test
Q24256,train
Q24266,val
Q24276,test
Q24278,test
Q24297,train
Q24298,train
Q24306,train
Q24307,train
Q24311,train
Q24312,train
Q24314,train
Q24317,train
Q24318,test
Q24319,val
Q24320,train
Q24322,test
Q24323,train
Q24324,train
Q24325,train
Q24331,val
Q24332,test
Q24342,train
Q24352,train
Q24368,train
Q24371,train
Q24372,train
Q24388,train
Q24395,train
Q24400,train
Q24407,train
Q24423,train
Q24432,train
Q24434,test
Q24437,test
Q24439,train
Q24451,val
Q24459,train
Q24468,train
Q24472,train
Q24475,train
Q24478,test
Q24488,train
Q24491,train
Q24492,val
Q24509,train
Q24522,train
Q24523,test
Q24524,train
Q24533,train
Q24535,train
Q24536,val
Q24537,train
Q24546,train
Q24547,val
Q24558,val
Q24560,val
Q24562,train
Q24563,train
Q24564,train
Q24567,train
Q24568,train
Q24570,test
Q24573,val
Q24574,train
Q24583,train
Q24592,val
Q24595,val
Q24617,train
Q24618,val
Q24629,test
Q24640,train
Q24648,train
Q24668,test
Q24669,train
Q24702,train
Q24732,train
Q24735,test
Q24738,val
Q24739,val
Q24740,train
Q24741,train
Q24746,train
Q24747,train
Q24753,val
Q24760,train
Q24761,train
Q24762,test
Q24764,test
Q24767,train
Q24789,test
Q24799,test
Q24800,train
Q24895,val
Q24940,test
Q24995,train
Q24998,test
Q24JP3,val
Q24JP4,val
Q24JP5,train
Q24JQ0,test
Q24JV4,train
Q24JV9,val
Q24JX8,test
Q24JX9,train
Q24JY3,train
Q24JY6,train
Q24JY7,train
Q24K00,test
Q24K03,test
Q24K09,train
Q24K12,train
Q24K15,train
Q24K16,train
Q24K21,train
Q24K22,train
Q25011,test
Q25054,test
Q25055,train
Q25060,test
Q25074,train
Q25077,val
Q25088,train
Q25113,test
Q25116,train
Q25117,train
Q25132,train
Q25147,train
Q25154,test
Q25157,test
Q25158,train
Q25188,train
Q25189,train
Q25190,train
Q25197,train
Q25255,train
Q25313,train
Q25322,train
Q25338,train
Q25378,train
Q25386,train
Q25390,train
Q25410,train
Q25413,test
Q25414,train
Q25434,train
Q25452,train
Q25461,train
Q25464,train
Q25479,train
Q25481,train
Q25489,train
Q25504,train
Q25513,train
Q25519,test
Q25531,train
Q25532,train
Q25588,test
Q25604,val
Q25605,train
Q25619,train
Q25626,train
Q25637,test
Q25641,train
Q25BC1,val
Q25C36,train
Q25C79,train
Q25C93,val
Q25QX6,test
Q26061,train
Q26228,val
Q26239,train
Q26240,train
Q26241,test
Q26250,train
Q26255,train
Q26261,val
Q26263,train
Q26264,val
Q26304,train
Q26307,train
Q26365,train
Q26366,train
Q26416,train
Q26417,val
Q26422,test
Q26427,train
Q26431,test
Q26443,train
Q26454,train
Q26456,train
Q26457,train
Q26458,train
Q26464,train
Q26473,train
Q26474,test
Q26481,train
Q26486,test
Q26491,val
Q26492,test
Q26495,train
Q26499,train
Q26519,train
Q26534,train
Q26540,train
Q26544,train
Q26547,train
Q26548,train
Q26551,train
Q26563,test
Q26565,train
Q26601,test
Q26604,train
Q26609,train
Q26613,test
Q26614,train
Q26616,val
Q26619,train
Q26622,test
Q26626,train
Q26627,train
Q26630,train
Q26635,test
Q26636,train
Q26643,test
Q26646,test
Q26648,train
Q26972,train
Q26974,train
Q27021,train
Q27022,val
Q27023,val
Q27042,train
Q27049,train
Q27081,val
Q27082,train
Q27083,val
Q27084,train
Q27085,train
Q27086,train
Q27128,train
Q27218,train
Q27225,train
Q27226,train
Q27236,train
Q27237,test
Q27238,train
Q27239,train
Q27245,train
Q27256,train
Q27257,train
Q27268,train
Q27270,test
Q27272,train
Q27274,train
Q27287,train
Q27288,train
Q27289,val
Q27294,train
Q27295,train
Q27297,train
Q27302,train
Q27309,train
Q27312,train
Q27319,train
Q27324,test
Q27350,train
Q27355,train
Q27365,val
Q27367,test
Q27368,train
Q27371,test
Q27377,train
Q27384,val
Q27388,train
Q27389,train
Q27394,train
Q27395,train
Q27403,val
Q27409,train
Q27415,test
Q27421,train
Q27433,train
Q27441,train
Q27450,test
Q27451,train
Q27452,train
Q27459,train
Q27464,train
Q27474,train
Q27483,train
Q27487,train
Q27488,train
Q27489,test
Q27490,train
Q27493,train
Q27504,val
Q27511,test
Q27513,val
Q27514,train
Q27515,train
Q27516,train
Q27517,train
Q27518,train
Q27519,train
Q27520,val
Q27521,train
Q27527,test
Q27533,train
Q27535,val
Q27536,train
Q27539,train
Q27571,train
Q27575,train
Q27580,train
Q27589,train
Q27591,train
Q27593,train
Q27594,train
Q27597,val
Q27601,val
Q27606,test
Q27607,train
Q27640,train
Q27652,val
Q27655,train
Q27664,train
Q27665,train
Q27666,train
Q27677,train
Q27698,train
Q27701,train
Q27709,train
Q27712,train
Q27746,train
Q27749,train
Q27756,test
Q27757,val
Q27772,train
Q27774,train
Q27775,train
Q27778,train
Q27869,train
Q27873,val
Q27874,train
Q27876,train
Q27877,train
Q27883,train
Q27884,train
Q27886,train
Q27888,train
Q27889,val
Q27896,train
Q27902,test
Q27905,train
Q27906,test
Q27913,train
Q27934,train
Q27956,train
Q27957,test
Q27960,val
Q27969,train
Q27981,train
Q27991,train
Q27996,val
Q27GV2,val
Q27ID4,test
Q27IM2,train
Q27IV2,train
Q27J47,train
Q27J48,val
Q27J49,train
Q27J81,train
Q27Q54,train
Q27W01,test
Q28003,test
Q28008,test
Q28009,train
Q28017,train
Q28019,test
Q28022,train
Q28028,train
Q28034,test
Q28035,train
Q28037,train
Q28050,train
Q28056,train
Q28057,train
Q28060,train
Q28062,train
Q28065,train
Q28066,train
Q28071,train
Q28072,val
Q28073,train
Q28074,train
Q28085,train
Q28088,test
Q28092,train
Q28105,test
Q28106,train
Q28107,train
Q28110,train
Q28113,val
Q28120,train
Q28125,train
Q28133,train
Q28139,train
Q28143,train
Q28145,test
Q28146,train
Q28153,train
Q28161,train
Q28172,train
Q28173,train
Q28177,val
Q28181,test
Q28198,train
Q28201,train
Q28203,train
Q28205,train
Q28207,train
Q28222,test
Q28256,train
Q28260,val
Q28262,train
Q28266,train
Q28267,test
Q28268,train
Q28269,val
Q28270,test
Q28278,train
Q28279,test
Q28281,train
Q28292,train
Q28296,train
Q28298,val
Q28309,train
Q28315,train
Q28319,train
Q28334,train
Q28337,val
Q28358,val
Q28362,train
Q28371,train
Q28376,train
Q28379,train
Q28380,train
Q28385,train
Q28386,train
Q28388,train
Q28389,train
Q28397,val
Q283N4,train
Q283Q6,train
Q28433,train
Q28446,train
Q28452,train
Q28462,test
Q28478,train
Q28481,train
Q28483,train
Q28488,train
Q28504,train
Q28514,train
Q28542,test
Q28555,val
Q28557,train
Q28558,train
Q28565,train
Q28580,train
Q28589,train
Q28610,train
Q28611,test
Q28612,train
Q28614,train
Q28615,val
Q28616,train
Q28619,test
Q28620,train
Q28631,val
Q28634,test
Q28642,train
Q28644,train
Q28645,train
Q28651,train
Q28653,train
Q28658,test
Q28660,val
Q28670,test
Q28677,train
Q28679,train
Q28680,train
Q28686,train
Q28689,val
Q28691,train
Q28705,train
Q28709,test
Q28717,train
Q28719,train
Q28722,val
Q28727,test
Q28728,train
Q28730,train
Q28738,val
Q28740,train
Q28746,train
Q28755,train
Q28767,train
Q28783,train
Q28785,train
Q28793,test
Q287T7,train
Q28808,train
Q28809,val
Q28811,train
Q28820,train
Q28824,val
Q28862,train
Q28864,val
Q28892,test
Q28894,train
Q28895,train
Q28896,train
Q288C4,train
Q28913,train
Q28914,train
Q28915,train
Q28920,train
Q28929,val
Q28931,train
Q28932,train
Q28938,train
Q28942,train
Q28949,train
Q28960,train
Q28987,test
Q28988,train
Q28989,train
Q28990,test
Q28992,train
Q28996,train
Q28997,test
Q28998,train
Q28BK1,train
Q28BK4,train
Q28BL6,val
Q28BL7,val
Q28BQ6,train
Q28BT7,train
Q28BT8,test
Q28BU7,train
Q28BX9,train
Q28BZ2,train
Q28BZ7,test
Q28C22,val
Q28C26,train
Q28C33,train
Q28C34,train
Q28C41,train
Q28C44,test
Q28C55,train
Q28C59,train
Q28C61,val
Q28C69,val
Q28C74,train
Q28C89,val
Q28C98,train
Q28CA0,train
Q28CA1,train
Q28CB1,train
Q28CE7,train
Q28CF8,train
Q28CH2,train
Q28CH3,train
Q28CH8,train
Q28CI6,train
Q28CJ6,test
Q28CK1,train
Q28CL4,train
Q28CM3,train
Q28CM7,val
Q28CM8,train
Q28CN3,val
Q28CQ7,train
Q28CR0,train
Q28CU0,val
Q28CV2,train
Q28CX0,val
Q28CY9,val
Q28CZ7,train
Q28CZ9,train
Q28D40,train
Q28D67,train
Q28D79,train
Q28DA8,train
Q28DB1,train
Q28DB3,train
Q28DB5,train
Q28DE0,train
Q28DE6,train
Q28DF4,train
Q28DG6,train
Q28DG7,val
Q28DH0,val
Q28DH3,train
Q28DI5,train
Q28DL4,train
Q28DR7,train
Q28DT3,train
Q28DV7,train
Q28DW0,train
Q28DX0,train
Q28DX1,train
Q28DZ0,train
Q28E02,train
Q28E45,train
Q28E95,train
Q28EC1,train
Q28ED6,train
Q28EE8,val
Q28EG9,val
Q28EH9,train
Q28EM3,val
Q28EM7,val
Q28EM8,val
Q28EN2,test
Q28ER3,train
Q28ES8,test
Q28ET4,train
Q28EW0,train
Q28EW4,test
Q28F19,train
Q28F21,train
Q28F29,train
Q28F36,train
Q28F39,train
Q28F43,train
Q28F51,val
Q28F67,train
Q28F89,train
Q28FA9,train
Q28FB9,train
Q28FE0,val
Q28FE2,train
Q28FE4,train
Q28FE5,train
Q28FE8,train
Q28FF3,train
Q28FI8,train
Q28FJ0,train
Q28FJ2,train
Q28FK7,train
Q28FL7,test
Q28FQ5,test
Q28FQ6,train
Q28FR6,test
Q28FT4,train
Q28FX0,train
Q28FY0,train
Q28FY7,train
Q28G02,train
Q28G25,train
Q28G26,val
Q28G71,val
Q28G87,val
Q28G88,val
Q28GB8,train
Q28GC4,train
Q28GD5,test
Q28GF4,train
Q28GG3,train
Q28GG4,train
Q28GG8,train
Q28GJ0,train
Q28GJ2,train
Q28GK6,train
Q28GL6,train
Q28GP0,train
Q28GP7,val
Q28GQ2,train
Q28GQ3,test
Q28GR1,train
Q28H30,train
Q28H51,train
Q28H62,train
Q28H63,train
Q28H65,train
Q28H71,train
Q28H76,val
Q28HA8,train
Q28HC7,val
Q28HC9,train
Q28HD5,train
Q28HE5,val
Q28HE9,val
Q28HF6,train
Q28HF8,train
Q28HK1,train
Q28HM1,test
Q28HN4,train
Q28HN9,test
Q28HR4,train
Q28HT3,train
Q28HU3,train
Q28HX0,train
Q28HX4,test
Q28HY0,train
Q28HY7,test
Q28I03,train
Q28I13,train
Q28I29,train
Q28I33,train
Q28I39,train
Q28I47,val
Q28IC1,train
Q28ID3,train
Q28IG6,train
Q28IN4,test
Q28IN9,train
Q28IQ9,test
Q28IV3,test
Q28IV8,train
Q28IW8,train
Q28J15,train
Q28J44,train
Q28J59,train
Q28J83,val
Q28WQ8,train
Q28X44,train
Q28X71,train
Q28XA5,train
Q28XE2,train
Q28XK6,train
Q28XT3,train
Q28XY0,train
Q28Y14,val
Q28Y46,train
Q28YD9,train
Q28YQ7,train
Q28YX9,train
Q28Z18,test
Q28Z41,train
Q28ZA9,train
Q28ZG0,train
Q29016,train
Q29026,test
Q29029,val
Q29037,train
Q29041,train
Q29042,train
Q29043,train
Q29052,test
Q29055,train
Q29056,train
Q29058,train
Q29073,test
Q29077,test
Q29078,train
Q29079,train
Q29095,train
Q290F0,train
Q290J8,train
Q290L7,train
Q290M9,train
Q290P4,train
Q290S5,test
Q290X1,train
Q290X3,train
Q290Z2,test
Q29100,train
Q29106,train
Q29108,train
Q29116,test
Q29118,train
Q29125,train
Q29126,val
Q29143,val
Q29144,train
Q29145,val
Q29146,train
Q29147,train
Q29175,val
Q291A0,train
Q291E4,train
Q291H4,val
Q291H5,train
Q291K8,test
Q29243,train
Q29259,train
Q29261,train
Q29290,val
Q292G3,train
Q292P9,train
Q292Q0,val
Q292R5,train
Q292S8,train
Q292U2,train
Q292U5,train
Q29307,train
Q293F6,train
Q293P8,train
Q293Q2,train
Q293V2,train
Q29408,test
Q29414,train
Q29416,test
Q29422,train
Q29423,train
Q29426,test
Q29428,train
Q29432,val
Q29435,train
Q29441,train
Q29443,train
Q29448,train
Q29449,train
Q29450,train
Q29451,train
Q29458,train
Q29461,train
Q29463,train
Q29471,train
Q29473,val
Q29476,train
Q29477,val
Q29482,test
Q29485,train
Q29487,val
Q29490,train
Q29496,train
Q29497,train
Q294B9,test
Q294E0,val
Q294G7,train
Q294Y7,train
Q29510,train
Q29524,train
Q29527,train
Q29529,test
Q29537,train
Q29542,train
Q29545,train
Q29548,test
Q29549,train
Q29550,train
Q29552,val
Q29554,train
Q29599,test
Q295A8,train
Q295B1,train
Q295C6,val
Q295E6,train
Q295N5,val
Q295P6,train
Q295S1,test
Q295T3,train
Q295U5,test
Q29605,val
Q29607,train
Q29608,train
Q29611,train
Q29612,train
Q29616,train
Q29624,train
Q29626,train
Q296B0,train
Q296H8,val
Q296J6,train
Q296J9,train
Q296Q5,train
Q296V2,train
Q297A7,train
Q297F5,val
Q297G3,train
Q297K8,val
Q297L2,train
Q297N8,train
Q297S2,val
Q297U0,train
Q297U2,train
Q297U9,train
Q297V5,train
Q298C0,train
Q298G6,val
Q298L4,train
Q298L5,val
Q298N4,train
Q298S5,test
Q298X4,train
Q29980,val
Q29983,val
Q299B0,train
Q299E6,train
Q299E7,train
Q299F9,train
Q299G2,train
Q299P8,train
Q29A33,train
Q29AA9,train
Q29AE5,train
Q29AI1,train
Q29AK9,train
Q29AP0,test
Q29AP1,train
Q29AU5,val
Q29AU6,train
Q29B55,val
Q29B72,train
Q29BB3,train
Q29BD5,train
Q29BL3,test
Q29BL9,train
Q29BR3,train
Q29BT3,train
Q29BX8,train
Q29C43,val
Q29CA0,train
Q29CT2,train
Q29CV2,train
Q29CW0,test
Q29CW2,train
Q29DG0,train
Q29DJ1,train
Q29DV9,train
Q29E01,val
Q29EE9,val
Q29EY2,train
Q29EZ6,train
Q29FC1,test
Q29FC9,train
Q29FE1,train
Q29FE9,val
Q29FF7,test
Q29FS3,train
Q29FV5,train
Q29G54,train
Q29G73,train
Q29GM0,train
Q29H55,train
Q29HB2,train
Q29HF1,train
Q29HG0,train
Q29HV4,train
Q29HW3,train
Q29I16,test
Q29I63,train
Q29I93,train
Q29IC2,val
Q29IG6,train
Q29IK4,train
Q29IK8,val
Q29IL2,train
Q29IM7,test
Q29IN4,train
Q29J90,train
Q29JH0,train
Q29JI9,test
Q29JP8,train
Q29JQ0,test
Q29JX6,test
Q29K06,train
Q29K59,test
Q29KG4,train
Q29KH2,test
Q29KK2,train
Q29KL8,train
Q29KQ0,train
Q29KT5,test
Q29L50,test
Q29L58,test
Q29L80,train
Q29LT4,train
Q29LW1,val
Q29M42,train
Q29MA5,train
Q29MB2,train
Q29MZ0,train
Q29N38,train
Q29N70,test
Q29N92,test
Q29NB4,train
Q29NC4,train
Q29NF3,val
Q29NG1,train
Q29NU5,train
Q29NV5,train
Q29NZ8,train
Q29P71,train
Q29PG4,train
Q29R99,test
Q29RA3,train
Q29RA5,train
Q29RB1,train
Q29RB4,train
Q29RH0,test
Q29RH3,val
Q29RI0,train
Q29RJ0,train
Q29RJ1,train
Q29RJ2,train
Q29RJ9,train
Q29RK8,train
Q29RL0,train
Q29RL1,test
Q29RL9,train
Q29RM1,train
Q29RM4,train
Q29RM5,train
Q29RM6,train
Q29RN6,test
Q29RN8,test
Q29RP1,train
Q29RP8,train
Q29RP9,test
Q29RQ1,train
Q29RR0,test
Q29RR6,val
Q29RS0,train
Q29RS5,train
Q29RS8,train
Q29RT0,val
Q29RT1,val
Q29RT4,train
Q29RT6,train
Q29RT8,val
Q29RT9,train
Q29RU1,train
Q29RU3,train
Q29RU4,train
Q29RU8,val
Q29RU9,train
Q29RV0,train
Q29RV1,train
Q29RZ0,test
Q29RZ4,train
Q29RZ5,train
Q29S00,val
Q29S05,test
Q29S07,train
Q29S17,train
Q29S19,train
Q29S20,train
Q29S21,val
Q29TV8,val
Q29W19,test
Q29W20,train
Q29YR5,train
Q2AB83,train
Q2ABP3,val
Q2ACH7,test
Q2EEY0,train
Q2EG98,test
Q2EGB9,train
Q2EGP9,train
Q2EI20,val
Q2EI21,train
Q2EI26,train
Q2EJA0,test
Q2EMV9,train
Q2EMW0,train
Q2EN75,val
Q2EN81,train
Q2ES47,train
Q2ES48,train
Q2ES49,val
Q2EY14,train
Q2F5J3,train
Q2F5L3,train
Q2F5R8,test
Q2FAY8,train
Q2HJ17,train
Q2HJ44,train
Q2HJ46,train
Q2HJ51,train
Q2HJ53,test
Q2HJ56,train
Q2HJ59,test
Q2HJ73,train
Q2HJ75,train
Q2HJ78,train
Q2HJ84,train
Q2HJ86,train
Q2HJ91,test
Q2HJ93,val
Q2HJ96,train
Q2HJA2,test
Q2HJA4,train
Q2HJA5,val
Q2HJB0,train
Q2HJC0,train
Q2HJC9,train
Q2HJD0,train
Q2HJD5,val
Q2HJE1,test
Q2HJE5,train
Q2HJE9,train
Q2HJF2,train
Q2HJF3,train
Q2HJF4,val
Q2HJF5,train
Q2HJF7,test
Q2HJF9,test
Q2HJG3,train
Q2HJH3,train
Q2HJH8,train
Q2HJI0,train
Q2HJI2,test
Q2HJI3,train
Q2HJJ0,train
Q2HJJ1,train
Q2HJN4,train
Q2HNT1,train
Q2HWD6,val
Q2HXK8,train
Q2HXL6,train
Q2HXU8,train
Q2HYY9,train
Q2HZ28,train
Q2HZ96,train
Q2HZH0,train
Q2HZX7,val
Q2I0E5,train
Q2I0M4,train
Q2I0M5,train
Q2I2P1,val
Q2I2P2,train
Q2I2P3,train
Q2I2P4,test
Q2I2P8,train
Q2I2Q1,train
Q2I2Q2,val
Q2I2Q4,val
Q2I2Q6,train
Q2I2Q9,test
Q2I2R1,val
Q2I2R2,test
Q2I2R3,train
Q2I2R4,test
Q2I2R5,train
Q2I2R6,train
Q2I3H0,train
Q2I3H1,test
Q2I3H3,val
Q2I3H4,train
Q2I689,val
Q2I6J0,train
Q2I6J1,train
Q2IA00,train
Q2IAL7,train
Q2IBC5,train
Q2IBD4,train
Q2KHI9,train
Q2KHK3,val
Q2KHM9,train
Q2KHN1,test
Q2KHP8,train
Q2KHP9,train
Q2KHR3,train
Q2KHS5,train
Q2KHT3,train
Q2KHT4,train
Q2KHT9,train
Q2KHU4,test
Q2KHU5,train
Q2KHU9,val
Q2KHV4,train
Q2KHV5,train
Q2KHV6,test
Q2KHV7,val
Q2KHW5,val
Q2KHW8,test
Q2KHX6,train
Q2KHX8,train
Q2KHX9,train
Q2KHY2,val
Q2KHY5,train
Q2KHY7,train
Q2KHY8,train
Q2KHZ4,val
Q2KHZ9,train
Q2KI06,test
Q2KI07,train
Q2KI08,train
Q2KI11,train
Q2KI13,train
Q2KI15,train
Q2KI18,train
Q2KI19,train
Q2KI24,train
Q2KI39,train
Q2KI41,train
Q2KI45,train
Q2KI49,train
Q2KI51,train
Q2KI52,train
Q2KI58,train
Q2KI62,test
Q2KI74,train
Q2KI75,train
Q2KI78,train
Q2KI80,train
Q2KI83,train
Q2KI85,test
Q2KI92,train
Q2KI97,train
Q2KI99,test
Q2KIA1,train
Q2KIA2,train
Q2KIA9,val
Q2KIB0,train
Q2KIB7,train
Q2KIC0,train
Q2KIC8,train
Q2KID2,test
Q2KID6,val
Q2KID8,test
Q2KID9,val
Q2KIE2,train
Q2KIE6,train
Q2KIF1,train
Q2KIF8,val
Q2KIG3,test
Q2KIG4,train
Q2KIG5,train
Q2KIG8,train
Q2KIH1,val
Q2KIH7,test
Q2KIH8,test
Q2KII6,train
Q2KII7,train
Q2KIJ1,train
Q2KIJ2,train
Q2KIJ6,test
Q2KIJ9,train
Q2KIK0,train
Q2KIK2,train
Q2KIL1,train
Q2KIL4,train
Q2KIL8,train
Q2KIM0,train
Q2KIN0,train
Q2KIN1,train
Q2KIN3,val
Q2KIP2,val
Q2KIP3,train
Q2KIP5,train
Q2KIP6,train
Q2KIQ2,train
Q2KIQ4,val
Q2KIQ5,train
Q2KIQ8,test
Q2KIR0,test
Q2KIR1,train
Q2KIR7,train
Q2KIR8,train
Q2KIS1,train
Q2KIS2,val
Q2KIS6,train
Q2KIS7,val
Q2KIS9,train
Q2KIT0,train
Q2KIT1,val
Q2KIT5,test
Q2KIT6,val
Q2KIU0,train
Q2KIU2,test
Q2KIU3,train
Q2KIV0,train
Q2KIV1,train
Q2KIV9,train
Q2KIW3,test
Q2KIX3,test
Q2KIX5,train
Q2KIX7,train
Q2KIY0,train
Q2KIY1,train
Q2KIY2,val
Q2KIY5,test
Q2KIZ3,test
Q2KIZ8,train
Q2KIZ9,train
Q2KJ10,val
Q2KJ11,train
Q2KJ14,test
Q2KJ15,train
Q2KJ18,train
Q2KJ21,val
Q2KJ22,train
Q2KJ24,val
Q2KJ38,test
Q2KJ51,train
Q2KJ53,train
Q2KJ56,train
Q2KJ58,val
Q2KJ61,train
Q2KJ63,train
Q2KJ69,train
Q2KJ83,val
Q2KJA4,train
Q2KJA5,train
Q2KJB1,val
Q2KJB5,train
Q2KJB6,train
Q2KJB7,val
Q2KJC3,train
Q2KJC9,train
Q2KJD6,train
Q2KJD8,val
Q2KJE1,train
Q2KJE5,train
Q2KJF1,val
Q2KJF7,train
Q2KJF9,train
Q2KJG1,val
Q2KJG4,train
Q2KJG8,train
Q2KJH4,train
Q2KJH5,train
Q2KJJ5,train
Q2KJJ9,train
Q2KJY2,train
Q2KKX7,val
Q2KL21,train
Q2KMM4,train
Q2KN22,test
Q2KN93,train
Q2KN95,train
Q2KN96,train
Q2KNE5,train
Q2KP58,train
Q2KPA3,train
Q2KTC2,train
Q2KTE1,test
Q2L4Q9,test
Q2L6K8,train
Q2L6L1,val
Q2L6Z1,train
Q2L7C5,train
Q2L875,train
Q2L897,test
Q2L969,train
Q2LA60,train
Q2LA85,train
Q2LCV6,val
Q2LD49,test
Q2LD53,train
Q2LE08,train
Q2LGB3,train
Q2LGB5,train
Q2LGB7,train
Q2LK54,val
Q2LK94,train
Q2LK95,train
Q2LKU9,train
Q2LKV2,train
Q2LKW6,test
Q2LKX9,train
Q2LL16,train
Q2LL38,val
Q2LYK1,train
Q2LYK3,train
Q2LYX9,train
Q2LYY4,train
Q2LZ58,val
Q2LZ59,train
Q2LZ62,train
Q2LZ79,test
Q2LZB1,train
Q2LZH7,train
Q2LZI9,train
Q2LZZ7,train
Q2M021,train
Q2M197,val
Q2M1D1,val
Q2M1K5,test
Q2M1K6,test
Q2M1P5,train
Q2M1V0,train
Q2M1Z3,test
Q2M218,train
Q2M238,val
Q2M243,test
Q2M296,test
Q2M2D7,val
Q2M2E3,train
Q2M2E5,train
Q2M2I3,train
Q2M2I5,val
Q2M2N2,train
Q2M2S2,train
Q2M2S5,test
Q2M2S6,test
Q2M2S8,train
Q2M2T2,train
Q2M2T3,train
Q2M2T7,test
Q2M2T8,train
Q2M2U4,test
Q2M2U5,train
Q2M2W7,train
Q2M2Z5,train
Q2M329,val
Q2M3A8,test
Q2M3C6,train
Q2M3C7,train
Q2M3D2,train
Q2M3G0,train
Q2M3G4,train
Q2M3M2,train
Q2M3R5,val
Q2M3T9,train
Q2M3V2,train
Q2M3W8,train
Q2M3X9,test
Q2M5E4,train
Q2MGL3,val
Q2MH31,train
Q2MHE5,train
Q2MJB4,val
Q2MJQ7,train
Q2MJV8,train
Q2MKA5,val
Q2MKA7,test
Q2MV57,val
Q2MV58,train
Q2N2B5,train
Q2N2J7,train
Q2NKH9,val
Q2NKI2,train
Q2NKQ1,train
Q2NKR3,train
Q2NKR7,test
Q2NKS2,val
Q2NKS3,val
Q2NKS9,val
Q2NKT1,train
Q2NKU0,train
Q2NKU9,val
Q2NKV5,train
Q2NKV8,test
Q2NKX8,train
Q2NKX9,test
Q2NKY8,val
Q2NKZ4,test
Q2NKZ5,test
Q2NL00,train
Q2NL01,train
Q2NL08,test
Q2NL11,train
Q2NL16,train
Q2NL18,train
Q2NL23,train
Q2NL24,train
Q2NL26,train
Q2NL27,train
Q2NL29,train
Q2NL31,val
Q2NL33,train
Q2NL34,train
Q2NL37,train
Q2NL51,train
Q2NL57,train
Q2NL68,train
Q2NL82,train
Q2NL98,train
Q2NLA8,val
Q2NLB0,train
Q2NNR5,train
Q2PAY4,train
Q2PC95,train
Q2PE14,train
Q2PFD7,train
Q2PFS4,train
Q2PFW6,train
Q2PFW9,train
Q2PFX0,val
Q2PFX5,train
Q2PG45,test
Q2PG53,train
Q2PG81,test
Q2PG83,train
Q2PG84,train
Q2PJ68,val
Q2PQH8,train
Q2PQJ3,train
Q2PQM1,train
Q2PQM6,val
Q2PQM7,train
Q2PQN0,train
Q2PQN9,test
Q2PS20,train
Q2PS21,train
Q2PT31,train
Q2PW47,train
Q2PWT8,val
Q2PZI1,train
Q2Q0I9,train
Q2Q0J1,train
Q2Q1P0,train
Q2Q421,val
Q2Q426,train
Q2Q5T5,val
Q2Q5Y8,val
Q2Q5Y9,train
Q2QA04,train
Q2QCI8,train
Q2QDE6,train
Q2QDE7,val
Q2QDE9,train
Q2QDF0,train
Q2QDF1,train
Q2QEI3,train
Q2QGD7,train
Q2QKR2,train
Q2QL34,train
Q2QL80,val
Q2QL91,train
Q2QLA1,train
Q2QLA2,val
Q2QLA3,train
Q2QLB0,train
Q2QLC6,val
Q2QLE0,train
Q2T9I5,train
Q2T9I9,train
Q2T9J0,test
Q2T9K0,test
Q2T9K2,train
Q2T9K6,train
Q2T9L8,train
Q2T9M0,train
Q2T9M4,train
Q2T9M7,test
Q2T9M9,train
Q2T9N0,train
Q2T9N1,val
Q2T9N4,train
Q2T9N7,val
Q2T9P0,train
Q2T9P4,train
Q2T9P5,test
Q2T9P9,train
Q2T9Q2,test
Q2T9Q3,train
Q2T9Q7,train
Q2T9R2,train
Q2T9R6,train
Q2T9S6,train
Q2T9S7,train
Q2T9S8,test
Q2T9T0,test
Q2T9T5,train
Q2T9T9,val
Q2T9U5,train
Q2T9U8,test
Q2T9U9,train
Q2T9V2,train
Q2T9V5,val
Q2T9V7,train
Q2T9V9,train
Q2T9W1,train
Q2T9W2,train
Q2T9W3,train
Q2T9W4,train
Q2T9W8,train
Q2T9X5,train
Q2T9X8,train
Q2T9Y1,val
Q2T9Z0,val
Q2T9Z1,train
Q2T9Z2,train
Q2T9Z6,train
Q2TA00,train
Q2TA03,test
Q2TA06,train
Q2TA08,train
Q2TA11,val
Q2TA12,train
Q2TA14,train
Q2TA16,test
Q2TA20,train
Q2TA21,train
Q2TA32,train
Q2TA38,train
Q2TA43,train
Q2TA44,train
Q2TA49,test
Q2TA51,train
Q2TA57,test
Q2TAA2,test
Q2TAA8,train
Q2TAC2,train
Q2TAC6,train
Q2TAE3,test
Q2TAF3,train
Q2TAF8,val
Q2TAK8,train
Q2TAL5,train
Q2TAL8,train
Q2TAM9,test
Q2TAP8,train
Q2TAP9,train
Q2TAQ1,train
Q2TAQ8,test
Q2TAR3,train
Q2TAW0,train
Q2TAY7,test
Q2TAZ0,train
Q2TB02,train
Q2TB54,test
Q2TBA3,train
Q2TBC4,train
Q2TBE0,train
Q2TBE6,train
Q2TBF2,test
Q2TBG7,test
Q2TBG9,train
Q2TBH0,train
Q2TBH1,train
Q2TBH5,val
Q2TBH6,train
Q2TBH8,train
Q2TBH9,val
Q2TBI0,train
Q2TBI1,train
Q2TBI2,train
Q2TBI4,train
Q2TBI5,train
Q2TBI6,train
Q2TBI7,train
Q2TBI8,train
Q2TBJ0,train
Q2TBJ5,train
Q2TBJ9,train
Q2TBK0,test
Q2TBK2,train
Q2TBK3,train
Q2TBK4,train
Q2TBK7,train
Q2TBK8,train
Q2TBM7,train
Q2TBM9,train
Q2TBN5,train
Q2TBN9,train
Q2TBP2,train
Q2TBP4,train
Q2TBP5,train
Q2TBP8,val
Q2TBQ0,train
Q2TBQ3,train
Q2TBQ4,val
Q2TBQ6,test
Q2TBQ7,train
Q2TBQ8,test
Q2TBR0,train
Q2TBR2,test
Q2TBR5,train
Q2TBR6,test
Q2TBR7,train
Q2TBR8,test
Q2TBR9,train
Q2TBS2,train
Q2TBS3,train
Q2TBS4,train
Q2TBT3,train
Q2TBT5,train
Q2TBT8,train
Q2TBU5,train
Q2TBU9,val
Q2TBV0,train
Q2TBW0,train
Q2TBW2,train
Q2TBW5,train
Q2TBW7,train
Q2TBX6,train
Q2TBX7,train
Q2TBY0,val
Q2TCH3,train
Q2TCH4,train
Q2TGI8,train
Q2TGJ4,train
Q2TGK3,train
Q2TGY1,val
Q2TGY3,val
Q2TGY4,train
Q2TGY5,train
Q2THW0,train
Q2TJ95,train
Q2TJA6,train
Q2TLY1,test
Q2TLY2,train
Q2TNK5,train
Q2TPA8,train
Q2TQ12,test
Q2TQ13,train
Q2TQ14,test
Q2TQ15,train
Q2TQ17,test
Q2TQ18,train
Q2TQ19,val
Q2TQ20,train
Q2TU62,test
Q2TUM3,train
Q2TV78,train
Q2TV84,train
Q2UVH8,train
Q2UVX4,test
Q2UXQ5,train
Q2UXR0,train
Q2UXR1,train
Q2UXR2,train
Q2UXR3,train
Q2UXR4,train
Q2UXV8,train
Q2UXV9,test
Q2UXW0,train
Q2UY09,train
Q2UY11,train
Q2V057,train
Q2V0C9,train
Q2V0V2,train
Q2V2G5,train
Q2V2K5,train
Q2V2M9,train
Q2V8X7,train
Q2V905,train
Q2VBN0,test
Q2VBN1,test
Q2VBN2,train
Q2VBN3,val
Q2VBN4,train
Q2VBN9,train
Q2VBP1,val
Q2VBP8,test
Q2VF17,test
Q2VG86,train
Q2VL90,train
Q2VLG4,val
Q2VLG6,train
Q2VLH6,train
Q2VPA4,train
Q2VPA6,val
Q2VPB7,test
Q2VPD4,train
Q2VPG3,val
Q2VPJ9,val
Q2VPK5,val
Q2VPL9,train
Q2VPM4,train
Q2VPM9,train
Q2VPQ9,train
Q2VPS3,train
Q2VPU4,train
Q2VPW6,test
Q2VQM5,val
Q2VQM6,train
Q2VQV9,train
Q2VR06,train
Q2VRL0,train
Q2VUH7,train
Q2VWP9,val
Q2VWQ2,val
Q2VY69,test
Q2VYF4,test
Q2WCN5,train
Q2WCN6,train
Q2WCN7,val
Q2WCN8,test
Q2WED0,train
Q2WF59,train
Q2WF71,train
Q2WFL8,train
Q2WG76,train
Q2WG77,val
Q2WG78,train
Q2WG79,train
Q2WG80,val
Q2WGJ6,val
Q2WGJ8,train
Q2WGJ9,train
Q2WGK2,train
Q2WGN9,train
Q2XNF5,val
Q2XU92,val
Q2XV99,train
Q2XVR3,val
Q2XVR4,train
Q2XVR5,val
Q2XVR6,test
Q2XVR7,train
Q2XWK0,train
Q2XXL8,train
Q2XXN5,train
Q2XXP1,train
Q2XXQ2,train
Q2XXQ6,train
Q2XXR8,train
Q2Y067,train
Q2Y0W8,test
Q2YD98,val
Q2YDC9,val
Q2YDD1,test
Q2YDD3,test
Q2YDD4,train
Q2YDD6,test
Q2YDE2,train
Q2YDE5,train
Q2YDE7,train
Q2YDE8,train
Q2YDF2,train
Q2YDF6,train
Q2YDF7,test
Q2YDF9,val
Q2YDG0,train
Q2YDG1,train
Q2YDG2,train
Q2YDG3,train
Q2YDG7,test
Q2YDH0,train
Q2YDH1,train
Q2YDH8,train
Q2YDH9,test
Q2YDI0,train
Q2YDI5,train
Q2YDI7,train
Q2YDI9,train
Q2YDJ0,test
Q2YDJ2,train
Q2YDJ4,test
Q2YDJ5,train
Q2YDJ8,train
Q2YDK1,train
Q2YDK4,val
Q2YDL7,train
Q2YDM3,train
Q2YDM5,test
Q2YDM7,train
Q2YDM8,val
Q2YDN1,train
Q2YDN4,train
Q2YDN8,test
Q2YDP6,train
Q2YDP8,train
Q2YDQ5,train
Q2YDR3,test
Q2YDS1,test
Q2YDS5,train
Q2YDU6,val
Q2YDW2,val
Q2YDW7,train
Q2YEF9,train
Q2YFS1,test
Q2YFS2,train
Q2YFS3,train
Q2YG58,train
Q2YGT9,val
Q2YHJ2,train
Q2YHJ5,test
Q2YHJ6,train
Q2YHJ9,train
Q2YHM1,train
Q2YHT5,train
Q2YHT7,train
Q2Z1R2,train
Q2Z1W2,test
Q30154,train
Q30631,train
Q307W7,train
Q309B1,train
Q309Z6,train
Q30C86,train
Q30D77,test
Q30DN6,val
Q30HU9,val
Q30KJ2,test
Q30KJ3,test
Q30KJ4,test
Q30KJ5,train
Q30KK1,train
Q30KK2,train
Q30KK4,val
Q30KL1,train
Q30KL5,train
Q30KL6,train
Q30KL7,train
Q30KM9,val
Q30KN4,train
Q30KN8,train
Q30KP3,train
Q30KP5,train
Q30KP6,val
Q30KP9,train
Q30KQ1,train
Q30KQ5,train
Q30KQ6,train
Q30KQ7,train
Q30KT5,train
Q30KU3,train
Q31125,test
Q32KD2,train
Q32KG4,test
Q32KH8,train
Q32KH9,train
Q32KI9,train
Q32KL4,train
Q32KL7,train
Q32KL8,train
Q32KL9,train
Q32KM2,val
Q32KM6,train
Q32KM8,train
Q32KN0,test
Q32KN2,train
Q32KN7,val
Q32KP0,train
Q32KP2,train
Q32KP7,train
Q32KQ1,val
Q32KQ2,train
Q32KQ5,train
Q32KQ7,train
Q32KQ9,train
Q32KR8,val
Q32KS0,train
Q32KS2,val
Q32KS7,train
Q32KT5,train
Q32KT7,train
Q32KU2,train
Q32KU4,train
Q32KU9,test
Q32KV2,test
Q32KV4,train
Q32KV6,test
Q32KV8,test
Q32KW7,val
Q32KX0,train
Q32KX1,train
Q32KX5,train
Q32KX8,val
Q32KY0,train
Q32KY1,train
Q32KY3,val
Q32KY6,train
Q32KY7,val
Q32KY9,test
Q32KZ1,train
Q32KZ2,train
Q32KZ9,train
Q32L00,train
Q32L04,test
Q32L10,train
Q32L17,train
Q32L18,test
Q32L19,val
Q32L23,train
Q32L26,train
Q32L27,train
Q32L34,train
Q32L35,train
Q32L37,train
Q32L41,train
Q32L47,val
Q32L49,train
Q32L53,test
Q32L59,test
Q32L60,val
Q32L62,train
Q32L65,val
Q32L67,val
Q32L72,train
Q32L75,train
Q32L76,train
Q32L77,train
Q32L79,val
Q32L81,test
Q32L83,test
Q32L85,train
Q32L86,val
Q32L89,train
Q32L91,train
Q32L92,val
Q32L94,train
Q32L97,train
Q32LA4,train
Q32LB0,train
Q32LB5,val
Q32LB6,train
Q32LB7,train
Q32LB9,val
Q32LC1,train
Q32LC2,train
Q32LC4,train
Q32LC7,train
Q32LD2,val
Q32LD3,val
Q32LD4,train
Q32LD7,train
Q32LE2,train
Q32LE4,train
Q32LE5,train
Q32LE6,train
Q32LF0,train
Q32LF5,train
Q32LG5,train
Q32LH1,test
Q32LH3,train
Q32LH4,train
Q32LH7,train
Q32LI1,train
Q32LI2,train
Q32LI3,train
Q32LI5,train
Q32LJ3,train
Q32LJ5,train
Q32LJ7,train
Q32LK1,val
Q32LK2,train
Q32LK9,train
Q32LL6,val
Q32LL9,train
Q32LM2,train
Q32LM7,train
Q32LN4,val
Q32LN5,test
Q32LN6,train
Q32LP7,test
Q32LP9,test
Q32LQ0,train
Q32LQ1,train
Q32LQ3,train
Q32LQ4,val
Q32LQ6,train
Q32LR5,val
Q32LS6,train
Q32LT7,train
Q32LT9,train
Q32LU1,test
Q32LU7,train
Q32LZ8,train
Q32M21,train
Q32M78,train
Q32M88,train
Q32M92,test
Q32MD9,train
Q32MG2,train
Q32MH5,train
Q32MQ0,train
Q32MW3,train
Q32MZ4,val
Q32N19,val
Q32N22,train
Q32N32,test
Q32N48,train
Q32N55,train
Q32N66,train
Q32N70,train
Q32N87,test
Q32N90,test
Q32N92,train
Q32N93,train
Q32NA2,train
Q32NB8,train
Q32NC0,train
Q32NG0,train
Q32NG4,train
Q32NG5,train
Q32NG6,train
Q32NH8,train
Q32NH9,train
Q32NJ2,train
Q32NJ6,train
Q32NM1,train
Q32NM7,val
Q32NP7,train
Q32NQ0,val
Q32NQ7,train
Q32NQ8,test
Q32NR4,train
Q32NR9,train
Q32NS2,test
Q32NU8,train
Q32NV1,train
Q32NW2,train
Q32NY4,train
Q32NZ6,val
Q32P12,test
Q32P28,train
Q32P44,train
Q32P59,train
Q32P65,val
Q32P66,train
Q32P67,train
Q32P68,train
Q32P76,train
Q32P86,test
Q32P96,test
Q32PA2,val
Q32PA5,train
Q32PA8,train
Q32PB2,train
Q32PB3,test
Q32PB4,train
Q32PB5,train
Q32PC3,train
Q32PC9,test
Q32PD6,train
Q32PE2,train
Q32PF0,train
Q32PF7,train
Q32PG1,train
Q32PG3,train
Q32PG5,val
Q32PG7,train
Q32PG9,test
Q32PH0,val
Q32PH1,train
Q32PH2,train
Q32PI0,test
Q32PI6,train
Q32PI8,train
Q32PI9,train
Q32PJ2,train
Q32PJ3,val
Q32PJ7,train
Q32PK2,train
Q32PL1,train
Q32PL8,train
Q32PN7,train
Q32PP1,train
Q32PP3,train
Q32PP9,train
Q32PR0,train
Q32PV0,train
Q32PV5,val
Q32PW3,test
Q32PX7,val
Q32PY2,train
Q32PY6,train
Q32PY9,test
Q32PZ3,val
Q32Q07,test
Q32Q92,train
Q32S26,train
Q32TF8,test
Q32TG3,train
Q32UT4,val
Q32WR5,val
Q32ZF3,train
Q32ZF7,val
Q32ZF8,train
Q32ZG1,train
Q32ZG2,train
Q32ZG3,train
Q32ZG7,train
Q32ZH2,train
Q32ZH4,train
Q32ZH5,train
Q32ZH6,train
Q32ZH7,train
Q32ZH8,train
Q32ZH9,train
Q32ZI0,test
Q32ZI1,test
Q32ZI2,train
Q32ZI3,train
Q32ZI4,train
Q32ZZ4,train
Q32ZZ5,train
Q330A0,train
Q330A3,val
Q330A5,train
Q330A7,train
Q330A8,train
Q330B1,train
Q330B2,val
Q330B4,train
Q330C3,test
Q330C4,test
Q330D6,test
Q330D8,train
Q330E4,train
Q330E5,test
Q330E6,train
Q330E9,test
Q330F2,val
Q330G9,val
Q330H0,train
Q330H1,train
Q330H2,val
Q330H3,train
Q330K2,train
Q330K6,train
Q331K1,train
Q333S9,val
Q33401,train
Q33487,train
Q33500,train
Q33635,train
Q33817,train
Q33818,train
Q33819,train
Q33821,train
Q33822,train
Q33823,val
Q33824,test
Q33862,train
Q33BP8,val
Q33DR2,train
Q34048,train
Q34049,train
Q34050,train
Q34070,train
Q34107,train
Q34179,test
Q34341,train
Q34376,train
Q34522,test
Q34571,train
Q34677,train
Q34814,train
Q34878,test
Q34879,train
Q34893,train
Q34941,train
Q34942,test
Q34943,train
Q34944,train
Q34945,test
Q34946,train
Q34947,test
Q34948,train
Q34949,train
Q34950,train
Q34951,test
Q34952,train
Q35099,train
Q35100,test
Q35101,train
Q35131,train
Q35416,train
Q35535,test
Q35536,test
Q35537,train
Q35538,train
Q35539,train
Q35540,test
Q35541,train
Q35542,train
Q35543,train
Q35544,val
Q35584,val
Q35614,train
Q35727,train
Q35813,train
Q35914,train
Q35915,train
Q35924,train
Q36089,train
Q36309,train
Q36362,train
Q36368,test
Q36421,train
Q36422,train
Q36423,val
Q36424,test
Q36425,train
Q36426,train
Q36427,test
Q36428,train
Q36451,train
Q36453,test
Q36456,train
Q36458,train
Q36459,test
Q36460,train
Q36549,test
Q37080,train
Q37108,test
Q37411,train
Q37545,train
Q37546,train
Q37556,train
Q37596,train
Q37603,train
Q37604,train
Q37691,train
Q37704,test
Q37705,val
Q37706,train
Q37707,train
Q37708,train
Q37709,train
Q37710,train
Q37711,val
Q37712,train
Q37713,train
Q37714,val
Q37717,test
Q37718,train
Q37751,train
Q38HM4,train
Q38HS3,train
Q38IC7,val
Q38L02,train
Q38PR2,train
Q38PR3,train
Q38PR5,train
Q38PR6,val
Q38PU4,test
Q38S59,train
Q38SD2,train
Q3B725,test
Q3B726,train
Q3B736,train
Q3B748,train
Q3B752,train
Q3B7D0,train
Q3B7D3,val
Q3B7D5,val
Q3B7D9,train
Q3B7G7,train
Q3B7H1,test
Q3B7H2,train
Q3B7I2,train
Q3B7J2,test
Q3B7K9,train
Q3B7L1,train
Q3B7M1,train
Q3B7M2,train
Q3B7M3,val
Q3B7M5,train
Q3B7M6,val
Q3B7M7,train
Q3B7N1,train
Q3B7N9,val
Q3B7Q7,test
Q3B7S5,val
Q3B7T3,val
Q3B7T8,train
Q3B7U2,val
Q3B7U4,train
Q3B7Z2,train
Q3B807,val
Q3B820,train
Q3B8C3,val
Q3B8D4,train
Q3B8D5,train
Q3B8D7,test
Q3B8E3,train
Q3B8E9,train
Q3B8G0,train
Q3B8G4,train
Q3B8G7,test
Q3B8G8,train
Q3B8H0,train
Q3B8H2,train
Q3B8H3,train
Q3B8J8,train
Q3B8N0,train
Q3B8N5,train
Q3B8N7,train
Q3B8N8,train
Q3B8P2,train
Q3B8Q1,train
Q3B8Q3,train
Q3B8R1,train
Q3BBV0,test
Q3BBV2,test
Q3BBX7,train
Q3BBX8,val
Q3BCQ4,train
Q3BCQ5,train
Q3BCQ8,train
Q3BCR5,train
Q3BCR6,train
Q3BCU0,train
Q3BCU4,val
Q3BDI7,train
Q3BER1,test
Q3BER3,val
Q3BJS1,train
Q3BJY7,val
Q3BK13,train
Q3BK14,train
Q3BK16,train
Q3BK17,train
Q3C1V0,val
Q3C1V1,train
Q3C1V9,train
Q3C257,val
Q3C258,test
Q3C2C1,train
Q3C2C2,train
Q3C2C4,train
Q3C2E2,train
Q3C2I0,train
Q3C2P8,train
Q3HLQ4,val
Q3HNG7,train
Q3HNM7,test
Q3HRV3,train
Q3HRV5,train
Q3HS82,train
Q3HS83,val
Q3HTN1,val
Q3HTN2,test
Q3HXY4,train
Q3HXY7,train
Q3I5F7,val
Q3I5G5,val
Q3KN41,test
Q3KNA1,train
Q3KNI6,test
Q3KNJ2,train
Q3KNL4,train
Q3KNM2,train
Q3KNS1,test
Q3KNS6,train
Q3KNT7,train
Q3KNT9,train
Q3KNW1,test
Q3KNW5,train
Q3KNY5,train
Q3KP22,train
Q3KP44,train
Q3KP66,train
Q3KPI0,train
Q3KPL3,train
Q3KPN2,train
Q3KPP4,val
Q3KPR1,train
Q3KPR5,train
Q3KPS4,train
Q3KPT0,train
Q3KPT7,train
Q3KPT9,train
Q3KPU6,train
Q3KPU7,train
Q3KPU8,train
Q3KPV4,train
Q3KPV7,train
Q3KPW4,train
Q3KPZ2,train
Q3KQ10,test
Q3KQ18,train
Q3KQ23,train
Q3KQ35,train
Q3KQ45,test
Q3KQ71,train
Q3KQ77,train
Q3KQ80,train
Q3KQD1,train
Q3KQE5,val
Q3KQF4,train
Q3KQG9,train
Q3KQJ0,test
Q3KQP7,train
Q3KQU3,test
Q3KQV3,train
Q3KQV9,test
Q3KQW6,test
Q3KQW7,train
Q3KR16,train
Q3KR54,train
Q3KR64,train
Q3KR66,train
Q3KR82,test
Q3KR92,train
Q3KR99,val
Q3KRB8,train
Q3KRD0,train
Q3KRD5,val
Q3KRE0,train
Q3KRF1,test
Q3KRF3,train
Q3KRG3,train
Q3KTM2,train
Q3L180,train
Q3L1C9,val
Q3L6T9,train
Q3L6W1,val
Q3L6W3,test
Q3L6W9,train
Q3L7M0,test
Q3LAC4,train
Q3LFN0,train
Q3LFT9,train
Q3LFU0,train
Q3LGD4,val
Q3LHH8,train
Q3LHL9,val
Q3LHN0,train
Q3LHN1,test
Q3LHN2,train
Q3LI54,train
Q3LI58,train
Q3LI59,train
Q3LI60,train
Q3LI61,train
Q3LI62,train
Q3LI63,train
Q3LI64,train
Q3LI66,train
Q3LI67,train
Q3LI68,train
Q3LI70,train
Q3LI72,val
Q3LI73,test
Q3LI76,train
Q3LI81,test
Q3LI83,val
Q3LIE5,train
Q3LRP1,train
Q3LRP3,train
Q3LRV9,val
Q3LRZ1,val
Q3LRZ3,test
Q3LSM4,train
Q3LSS0,train
Q3LU39,test
Q3LU40,val
Q3LUD4,val
Q3LUH2,test
Q3LX99,val
Q3MHC1,test
Q3MHD2,train
Q3MHE2,train
Q3MHE8,train
Q3MHG1,val
Q3MHG6,val
Q3MHH1,val
Q3MHH2,train
Q3MHH3,train
Q3MHH6,train
Q3MHH7,train
Q3MHH9,val
Q3MHI3,train
Q3MHI4,train
Q3MHI7,val
Q3MHI8,val
Q3MHJ0,train
Q3MHJ5,val
Q3MHJ7,test
Q3MHJ9,train
Q3MHL6,train
Q3MHM8,train
Q3MHN2,train
Q3MHN5,train
Q3MHN7,test
Q3MHN8,test
Q3MHP0,train
Q3MHP9,test
Q3MHQ0,train
Q3MHQ7,train
Q3MHR2,train
Q3MHT3,train
Q3MHT4,train
Q3MHU5,val
Q3MHW0,train
Q3MHW6,train
Q3MHW7,train
Q3MHX1,train
Q3MHX3,train
Q3MHX5,train
Q3MHX6,train
Q3MHY6,train
Q3MHY7,test
Q3MHY8,train
Q3MHZ2,train
Q3MHZ4,test
Q3MHZ7,val
Q3MHZ8,train
Q3MI00,val
Q3MI03,train
Q3MI05,val
Q3MI48,test
Q3MI99,train
Q3MID2,val
Q3MIE4,val
Q3MIF2,train
Q3MIF4,train
Q3MII6,train
Q3MIN7,train
Q3MIP1,train
Q3MIR4,train
Q3MIS6,test
Q3MIT2,train
Q3MIV0,val
Q3MIW9,train
Q3MIX3,val
Q3MJ16,test
Q3MJ40,test
Q3MJ62,train
Q3MKP9,train
Q3MQ06,train
Q3MSQ8,train
Q3MV19,train
Q3S2X5,train
Q3S4V6,train
Q3S8M4,test
Q3SA46,train
Q3SA47,train
Q3SA49,val
Q3SAF8,train
Q3SB05,train
Q3SB08,val
Q3SWS9,train
Q3SWT0,train
Q3SWT4,train
Q3SWT5,train
Q3SWT6,val
Q3SWU0,val
Q3SWU3,test
Q3SWU4,train
Q3SWW8,val
Q3SWX1,train
Q3SWX2,test
Q3SWX7,val
Q3SWX9,train
Q3SWY0,train
Q3SWY1,train
Q3SWY4,train
Q3SWY6,test
Q3SWY8,train
Q3SWZ3,train
Q3SWZ7,val
Q3SX05,test
Q3SX07,train
Q3SX11,train
Q3SX17,test
Q3SX20,val
Q3SX24,train
Q3SX30,test
Q3SX40,val
Q3SX45,test
Q3SX64,train
Q3SXC5,train
Q3SXD3,train
Q3SXM0,train
Q3SXM5,train
Q3SXY7,train
Q3SXY8,train
Q3SXZ3,val
Q3SXZ7,test
Q3SY00,train
Q3SY05,test
Q3SY17,test
Q3SY46,test
Q3SY52,val
Q3SY77,train
Q3SYA9,train
Q3SYB3,train
Q3SYC2,train
Q3SYF9,val
Q3SYG4,test
Q3SYK4,train
Q3SYP2,train
Q3SYR5,test
Q3SYS0,train
Q3SYS1,test
Q3SYS4,train
Q3SYS7,train
Q3SYS8,train
Q3SYT1,train
Q3SYT6,train
Q3SYT7,test
Q3SYU1,train
Q3SYU3,val
Q3SYV3,train
Q3SYV4,train
Q3SYV5,val
Q3SYV7,train
Q3SYW0,test
Q3SYW2,train
Q3SYW5,train
Q3SYX1,val
Q3SYY7,test
Q3SYZ3,train
Q3SYZ6,test
Q3SYZ8,val
Q3SZ07,train
Q3SZ10,train
Q3SZ16,train
Q3SZ19,train
Q3SZ21,test
Q3SZ22,val
Q3SZ27,train
Q3SZ36,train
Q3SZ44,train
Q3SZ47,train
Q3SZ55,val
Q3SZ57,train
Q3SZ70,train
Q3SZ72,test
Q3SZ73,train
Q3SZ76,train
Q3SZ79,train
Q3SZ84,train
Q3SZ85,test
Q3SZ86,test
Q3SZ89,train
Q3SZA1,val
Q3SZA2,test
Q3SZA5,train
Q3SZA9,train
Q3SZB5,train
Q3SZB8,train
Q3SZC1,train
Q3SZC2,val
Q3SZD1,train
Q3SZD4,train
Q3SZD7,train
Q3SZE3,train
Q3SZE9,train
Q3SZF0,train
Q3SZG6,val
Q3SZG9,val
Q3SZI1,train
Q3SZJ2,train
Q3SZJ4,test
Q3SZJ5,train
Q3SZK0,train
Q3SZK4,train
Q3SZK8,train
Q3SZL0,train
Q3SZL3,test
Q3SZL6,train
Q3SZL8,train
Q3SZM1,val
Q3SZM6,train
Q3SZM7,train
Q3SZN0,train
Q3SZN3,train
Q3SZP0,train
Q3SZQ3,train
Q3SZR0,train
Q3SZR3,train
Q3SZR5,train
Q3SZT1,test
Q3SZT4,test
Q3SZT6,train
Q3SZT7,train
Q3SZU9,val
Q3SZV0,val
Q3SZV6,train
Q3SZV7,val
Q3SZW3,train
Q3SZW6,val
Q3SZX2,train
Q3SZX4,train
Q3SZX5,train
Q3SZX7,test
Q3SZX9,train
Q3SZY3,train
Q3SZY8,train
Q3SZZ2,test
Q3SZZ7,test
Q3T001,train
Q3T004,val
Q3T016,train
Q3T020,train
Q3T021,train
Q3T024,train
Q3T026,train
Q3T028,val
Q3T033,test
Q3T040,test
Q3T044,train
Q3T046,test
Q3T052,test
Q3T056,train
Q3T061,train
Q3T062,val
Q3T063,train
Q3T067,train
Q3T071,train
Q3T078,train
Q3T086,val
Q3T090,val
Q3T094,train
Q3T095,val
Q3T099,train
Q3T0A0,train
Q3T0A3,train
Q3T0A9,val
Q3T0B6,train
Q3T0C6,train
Q3T0C8,train
Q3T0C9,test
Q3T0D6,train
Q3T0D7,train
Q3T0D8,train
Q3T0E0,test
Q3T0E1,train
Q3T0E2,train
Q3T0E3,train
Q3T0E5,test
Q3T0E8,train
Q3T0E9,train
Q3T0G5,val
Q3T0H0,train
Q3T0I2,train
Q3T0J1,train
Q3T0J3,train
Q3T0J9,test
Q3T0L1,train
Q3T0L3,train
Q3T0L5,train
Q3T0M0,train
Q3T0M2,train
Q3T0M3,train
Q3T0N1,val
Q3T0N5,train
Q3T0P5,train
Q3T0Q3,val
Q3T0Q4,train
Q3T0Q8,train
Q3T0R4,train
Q3T0R7,train
Q3T0S0,train
Q3T0S3,train
Q3T0T0,train
Q3T0T1,val
Q3T0T5,train
Q3T0U7,train
Q3T0W0,train
Q3T0W3,val
Q3T0W7,train
Q3T0X7,train
Q3T0X8,train
Q3T0X9,test
Q3T0Y3,train
Q3T0Y9,train
Q3T0Z2,train
Q3T0Z4,train
Q3T0Z5,train
Q3T100,test
Q3T106,train
Q3T110,test
Q3T112,train
Q3T113,train
Q3T114,train
Q3T116,train
Q3T124,train
Q3T130,train
Q3T131,train
Q3T133,val
Q3T136,train
Q3T138,train
Q3T142,train
Q3T144,train
Q3T146,train
Q3T148,train
Q3T149,val
Q3T166,train
Q3T181,train
Q3T189,train
Q3T191,train
Q3T1H2,train
Q3T1H5,train
Q3T1H8,val
Q3T1I2,test
Q3T1I3,train
Q3T1I9,test
Q3T1J8,train
Q3T478,train
Q3T7C9,train
Q3T8J9,test
Q3T905,test
Q3T906,train
Q3T9M1,train
Q3T9X0,train
Q3TAA7,train
Q3TAE8,train
Q3TAP4,test
Q3TB48,val
Q3TB92,train
Q3TBD2,train
Q3TBL6,test
Q3TBT3,train
Q3TBV4,train
Q3TBW2,test
Q3TC33,test
Q3TC46,train
Q3TC72,train
Q3TC93,train
Q3TCH7,val
Q3TCJ8,train
Q3TCN2,train
Q3TCV3,train
Q3TCX3,val
Q3TD16,train
Q3TDD9,train
Q3TDE8,train
Q3TDN0,train
Q3TEA8,train
Q3TEI4,test
Q3TEL6,train
Q3TFD2,train
Q3TFK5,train
Q3TGF2,val
Q3TH73,val
Q3THG9,train
Q3THK7,train
Q3TIT8,train
Q3TIX9,val
Q3TJM4,train
Q3TKR3,val
Q3TL26,train
Q3TL44,val
Q3TLD5,train
Q3TLI0,train
Q3TLP5,train
Q3TLR7,train
Q3TLS3,train
Q3TMH2,train
Q3TMQ6,train
Q3TMW1,val
Q3TMX7,test
Q3TN34,test
Q3TNL8,val
Q3TNU4,train
Q3TNW5,train
Q3TPE9,val
Q3TPJ7,train
Q3TPR7,train
Q3TPX4,test
Q3TQ03,test
Q3TQB2,train
Q3TQF0,train
Q3TQQ9,train
Q3TR54,train
Q3TRJ4,train
Q3TRM4,train
Q3TRM8,train
Q3TRR0,test
Q3TS39,train
Q3TT99,train
Q3TTC2,train
Q3TTE0,train
Q3TTI8,train
Q3TTJ4,train
Q3TTP0,train
Q3TTY0,train
Q3TTY5,train
Q3TUF7,train
Q3TUH1,test
Q3TV65,train
Q3TV70,test
Q3TVA9,train
Q3TVC7,train
Q3TVI4,train
Q3TVI8,train
Q3TVP5,train
Q3TVW5,train
Q3TW96,val
Q3TWN3,train
Q3TWW8,train
Q3TX08,train
Q3TX51,train
Q3TXS7,train
Q3TXU5,train
Q3TXX4,test
Q3TXZ1,train
Q3TY65,val
Q3TY86,test
Q3TY92,val
Q3TYD4,val
Q3TYD6,train
Q3TYE7,train
Q3TYG6,train
Q3TYL0,train
Q3TYP4,val
Q3TYQ9,val
Q3TYR5,val
Q3TYU2,test
Q3TYV2,train
Q3TYX2,train
Q3TYX3,test
Q3TYX8,test
Q3TZ65,train
Q3TZ89,train
Q3TZA2,train
Q3TZM9,train
Q3TZW0,train
Q3TZW7,train
Q3TZX3,val
Q3TZX8,train
Q3TZZ7,val
Q3U034,test
Q3U095,train
Q3U0I6,train
Q3U0J8,val
Q3U0K8,val
Q3U0L2,test
Q3U0P1,val
Q3U0S6,train
Q3U0V1,train
Q3U0V2,test
Q3U0X8,train
Q3U0Y2,train
Q3U108,train
Q3U128,train
Q3U132,train
Q3U145,train
Q3U155,test
Q3U186,train
Q3U1C6,train
Q3U1D0,train
Q3U1D9,train
Q3U1F9,train
Q3U1G5,train
Q3U1J0,test
Q3U1N2,train
Q3U1T9,val
Q3U1V6,train
Q3U1V8,train
Q3U213,train
Q3U269,train
Q3U285,train
Q3U2A8,train
Q3U2C5,val
Q3U2E2,train
Q3U2K0,test
Q3U2K5,train
Q3U2P1,train
Q3U2S8,train
Q3U2U7,val
Q3U308,train
Q3U381,train
Q3U3C9,train
Q3U3D7,train
Q3U3E2,train
Q3U3F9,train
Q3U3I9,val
Q3U3N0,train
Q3U3R4,train
Q3U3S3,test
Q3U3T8,train
Q3U3V8,train
Q3U3W5,val
Q3U435,test
Q3U481,test
Q3U492,train
Q3U497,train
Q3U4B4,train
Q3U4G3,train
Q3U4H6,train
Q3U4N7,train
Q3U507,test
Q3U515,train
Q3U564,val
Q3U595,train
Q3U5C8,test
Q3U5Q7,test
Q3U6B2,train
Q3U6N9,train
Q3U6Q4,train
Q3U6U5,train
Q3U7U4,train
Q3U821,train
Q3U827,train
Q3U829,val
Q3U8K7,test
Q3U962,train
Q3U9G9,train
Q3U9N9,test
Q3UA16,train
Q3UBG2,test
Q3UC65,test
Q3UCQ1,train
Q3UD01,train
Q3UD61,val
Q3UD82,val
Q3UDE2,train
Q3UDF0,train
Q3UDP0,train
Q3UDW8,train
Q3UE17,train
Q3UE37,val
Q3UEB3,train
Q3UEI1,train
Q3UEN2,train
Q3UFB2,train
Q3UFB7,train
Q3UFD7,train
Q3UFF7,train
Q3UFM5,train
Q3UFQ8,test
Q3UFS0,val
Q3UFS4,train
Q3UFY0,test
Q3UFY4,val
Q3UG20,test
Q3UG50,train
Q3UG61,train
Q3UG98,test
Q3UGF1,val
Q3UGM2,train
Q3UGP8,train
Q3UGP9,test
Q3UGR5,train
Q3UGS4,val
Q3UGX3,val
Q3UH06,train
Q3UH53,train
Q3UH60,train
Q3UH66,train
Q3UH68,train
Q3UH93,test
Q3UHB1,val
Q3UHC0,test
Q3UHC2,train
Q3UHC7,val
Q3UHD3,train
Q3UHE1,train
Q3UHG7,val
Q3UHH1,test
Q3UHH8,train
Q3UHI0,test
Q3UHI4,val
Q3UHK3,test
Q3UHK8,train
Q3UHL1,train
Q3UHN9,val
Q3UHU5,train
Q3UHV4,train
Q3UHX0,train
Q3UHX8,train
Q3UI66,train
Q3UIA2,train
Q3UIL6,train
Q3UIR3,test
Q3UIU2,train
Q3UIW8,train
Q3UIZ8,test
Q3UJB0,train
Q3UJB3,train
Q3UJC8,train
Q3UJF0,test
Q3UJP5,train
Q3UJU9,train
Q3UJV1,train
Q3UJZ3,train
Q3UK10,train
Q3UK37,train
Q3UKK2,val
Q3UKU1,test
Q3UKU4,train
Q3UKY7,train
Q3UKZ7,train
Q3UL53,train
Q3UL97,test
Q3ULG3,train
Q3ULM0,test
Q3ULM6,test
Q3ULW6,train
Q3ULW8,train
Q3ULZ2,train
Q3UM18,train
Q3UM29,train
Q3UM83,train
Q3UM89,train
Q3UMB5,train
Q3UMB9,train
Q3UMC0,val
Q3UME2,train
Q3UMF0,val
Q3UMF9,train
Q3UMQ8,train
Q3UMR0,val
Q3UMR5,train
Q3UMT1,train
Q3UMW7,train
Q3UMW8,train
Q3UMY5,train
Q3UMZ3,train
Q3UN02,train
Q3UN04,val
Q3UN16,val
Q3UN54,train
Q3UN58,test
Q3UN70,train
Q3UN90,train
Q3UNB8,train
Q3UNH4,train
Q3UNU4,train
Q3UNZ8,train
Q3UP23,train
Q3UP24,train
Q3UP38,train
Q3UP44,train
Q3UP75,val
Q3UP87,val
Q3UPC7,train
Q3UPE3,train
Q3UPF5,val
Q3UPH1,train
Q3UPH7,train
Q3UPL0,test
Q3UPL6,train
Q3UPP8,train
Q3UPR0,train
Q3UPR7,test
Q3UPW2,train
Q3UPY5,train
Q3UQ22,train
Q3UQ28,train
Q3UQ41,train
Q3UQ44,train
Q3UQA7,test
Q3UQI9,train
Q3UQN2,val
Q3UQS2,train
Q3UQS8,train
Q3UQU0,train
Q3UR50,train
Q3UR70,train
Q3UR85,train
Q3UR97,test
Q3URD2,train
Q3URE1,train
Q3URE8,test
Q3URE9,val
Q3URF8,test
Q3URJ8,train
Q3URK1,val
Q3URK3,test
Q3URQ0,val
Q3URQ7,train
Q3URR0,train
Q3URR7,train
Q3URS3,train
Q3URS9,train
Q3URU2,train
Q3URV1,train
Q3URY0,train
Q3URY2,train
Q3URY6,train
Q3US16,train
Q3US17,train
Q3USB7,train
Q3USF0,train
Q3USH1,train
Q3USJ8,train
Q3USL1,train
Q3USQ7,val
Q3USS3,val
Q3UST5,val
Q3USW5,train
Q3USY0,test
Q3USZ2,train
Q3USZ8,train
Q3UT54,val
Q3UTA9,train
Q3UTB7,test
Q3UTJ2,train
Q3UTQ7,train
Q3UTQ8,train
Q3UTS8,val
Q3UTY6,train
Q3UTZ3,train
Q3UU35,test
Q3UU41,train
Q3UU67,train
Q3UU94,test
Q3UU96,train
Q3UUA0,test
Q3UUD2,train
Q3UUE9,train
Q3UUF8,test
Q3UUI3,train
Q3UUQ7,train
Q3UUX7,train
Q3UUY6,train
Q3UV16,train
Q3UV17,train
Q3UV31,train
Q3UV48,train
Q3UV71,train
Q3UV74,train
Q3UVG3,train
Q3UVR3,train
Q3UVU3,test
Q3UVV9,train
Q3UVY5,train
Q3UW12,train
Q3UW21,train
Q3UW26,test
Q3UW31,train
Q3UW41,train
Q3UW43,train
Q3UW53,val
Q3UW55,train
Q3UW68,train
Q3UWA4,val
Q3UWM4,train
Q3UWQ3,train
Q3UWS6,val
Q3UWW6,val
Q3UWY1,train
Q3UWZ0,val
Q3UX10,val
Q3UX43,train
Q3UX61,train
Q3UX62,train
Q3UX83,train
Q3UXL4,train
Q3UXZ9,val
Q3UY23,test
Q3UY34,train
Q3UY90,test
Q3UY96,train
Q3UYG1,train
Q3UYG8,train
Q3UYH7,test
Q3UYI5,val
Q3UYI6,test
Q3UYK3,train
Q3UYR4,train
Q3UYV8,train
Q3UZ01,val
Q3UZ09,train
Q3UZ18,train
Q3UZ39,train
Q3UZ57,test
Q3UZA1,train
Q3UZB0,train
Q3UZD5,train
Q3UZD7,train
Q3UZP0,train
Q3UZV7,val
Q3UZW7,train
Q3UZY0,val
Q3UZZ4,val
Q3V036,val
Q3V037,train
Q3V038,train
Q3V050,train
Q3V079,test
Q3V080,train
Q3V089,train
Q3V096,train
Q3V0A6,train
Q3V0B4,train
Q3V0C1,train
Q3V0C3,val
Q3V0E1,train
Q3V0F0,test
Q3V0I2,test
Q3V0J1,train
Q3V0J4,train
Q3V0L5,test
Q3V0M2,train
Q3V0P1,train
Q3V0Q6,test
Q3V0Q7,train
Q3V0T4,train
Q3V0X1,val
Q3V0Y1,val
Q3V124,train
Q3V125,train
Q3V129,train
Q3V132,train
Q3V140,val
Q3V188,val
Q3V1D3,train
Q3V1D5,train
Q3V1F8,train
Q3V1G4,train
Q3V1H1,train
Q3V1H3,train
Q3V1I0,val
Q3V1L6,train
Q3V1N1,train
Q3V1N9,train
Q3V1T4,test
Q3V2A7,train
Q3V2C1,train
Q3V2D2,train
Q3V2G4,test
Q3V2J0,train
Q3V2K1,test
Q3V2Q8,train
Q3V2T4,val
Q3V384,test
Q3V3A1,train
Q3V3A7,test
Q3V3E1,train
Q3V3G7,train
Q3V3I5,train
Q3V3K7,train
Q3V3Q4,train
Q3V3Q7,train
Q3V3R1,val
Q3V3R4,train
Q3V3V9,train
Q3V3Z3,train
Q3V4B5,train
Q3V5I7,val
Q3V5Z9,train
Q3V6R6,train
Q3V6T2,train
Q3Y416,train
Q3Y452,train
Q3Y4E2,test
Q3Y4G6,train
Q3Y5G8,val
Q3Y5Z3,train
Q3Y6B8,val
Q3Y8M6,test
Q3YA36,train
Q3YAW7,train
Q3YBN2,train
Q3YBR2,train
Q3YC03,val
Q3YEC7,test
Q3YED1,val
Q3YED3,train
Q3YED5,train
Q3YED6,train
Q3YED8,train
Q3YEE1,train
Q3YEE2,test
Q3YEE3,test
Q3YEE4,train
Q3YEE5,train
Q3YEE6,val
Q3YEE8,train
Q3YEF0,train
Q3YEF1,train
Q3YEF4,train
Q3YEF8,train
Q3YEF9,train
Q3YEG0,train
Q3YEG3,test
Q3YEG4,val
Q3YEG6,train
Q3YEG7,train
Q3YEG9,val
Q3YEH0,train
Q3YEH1,test
Q3YEH2,train
Q3YEH3,val
Q3YEH5,train
Q3YEH6,train
Q3YEH7,val
Q3YK19,val
Q3YL68,test
Q3ZAQ7,train
Q3ZAV0,train
Q3ZB90,train
Q3ZB98,test
Q3ZBA3,test
Q3ZBA7,test
Q3ZBC2,train
Q3ZBE0,train
Q3ZBE9,train
Q3ZBF3,train
Q3ZBF6,train
Q3ZBF8,test
Q3ZBG4,train
Q3ZBG8,train
Q3ZBG9,train
Q3ZBI3,train
Q3ZBI5,train
Q3ZBI6,test
Q3ZBI7,train
Q3ZBI9,train
Q3ZBJ3,train
Q3ZBJ8,train
Q3ZBJ9,train
Q3ZBK1,train
Q3ZBK2,train
Q3ZBK3,train
Q3ZBK7,train
Q3ZBK8,train
Q3ZBK9,train
Q3ZBL1,train
Q3ZBL4,train
Q3ZBL5,train
Q3ZBM1,train
Q3ZBM6,test
Q3ZBM7,test
Q3ZBN4,train
Q3ZBN5,train
Q3ZBP0,train
Q3ZBP4,val
Q3ZBP8,train
Q3ZBQ0,train
Q3ZBQ1,test
Q3ZBR0,train
Q3ZBR5,train
Q3ZBR7,train
Q3ZBR9,train
Q3ZBT0,train
Q3ZBU2,train
Q3ZBU3,train
Q3ZBV2,train
Q3ZBV9,train
Q3ZBW2,train
Q3ZBX6,test
Q3ZBY0,train
Q3ZBY7,train
Q3ZBZ1,train
Q3ZC01,val
Q3ZC04,val
Q3ZC08,train
Q3ZC27,train
Q3ZC34,train
Q3ZC48,val
Q3ZC49,train
Q3ZC52,train
Q3ZC61,val
Q3ZC62,train
Q3ZC64,train
Q3ZC71,train
Q3ZC75,train
Q3ZC78,train
Q3ZC80,train
Q3ZC82,test
Q3ZC91,train
Q3ZCB2,train
Q3ZCB6,train
Q3ZCC4,train
Q3ZCD2,train
Q3ZCF5,val
Q3ZCH5,train
Q3ZCH6,test
Q3ZCI1,test
Q3ZCI3,val
Q3ZCI6,train
Q3ZCJ8,train
Q3ZCK3,train
Q3ZCK8,train
Q3ZCL3,train
Q3ZCM7,train
Q3ZCQ0,test
Q3ZCQ2,train
Q3ZCQ3,train
Q3ZCT1,test
Q3ZCT8,test
Q3ZCU0,test
Q3ZCV2,test
Q3ZCW2,val
Q3ZCX4,train
Q3ZD69,val
Q3ZDR4,train
Q3ZEC1,val
Q3ZEE5,val
Q3ZEJ6,train
Q3ZK22,test
Q3ZLR7,test
Q3ZM63,train
Q3ZMH1,train
Q3ZN08,train
Q3ZPT5,val
Q3ZRW7,train
Q3ZRW9,train
Q3ZT29,train
Q3ZT31,train
Q3ZTK5,train
Q3ZU82,train
Q3ZU95,train
Q400C7,train
Q400C9,train
Q400G9,train
Q401N2,train
Q402B2,train
Q402U7,test
Q45EK2,train
Q45EK7,val
Q45FX5,train
Q45GW3,train
Q45HK4,val
Q45KJ4,train
Q45KJ5,train
Q45KJ6,train
Q45KW7,train
Q45KX2,train
Q45T69,train
Q45VN2,test
Q45VV3,train
Q45XH3,train
Q45XH6,train
Q45XH8,train
Q45XI6,train
Q45XI7,train
Q45XI9,test
Q45Z11,val
Q45Z27,train
Q45Z42,train
Q45Z46,train
Q45Z47,train
Q460N3,train
Q460N5,train
Q462R2,train
Q494R0,train
Q494R4,train
Q494T4,train
Q494U1,train
Q494X3,val
Q495A1,train
Q495B1,train
Q495C1,test
Q495D7,train
Q495M3,train
Q495N2,train
Q495T6,train
Q495W5,val
Q495X7,val
Q495Y7,train
Q495Z4,val
Q496A3,val
Q496F6,train
Q496H8,train
Q496M5,test
Q496Z0,val
Q496Z9,test
Q497B0,train
Q497B2,train
Q497H0,val
Q497I4,val
Q497J1,train
Q497K5,train
Q497K7,test
Q497L8,train
Q497L9,train
Q497M3,train
Q497N6,train
Q497N7,train
Q497P3,val
Q497Q6,test
Q497V5,train
Q497V6,train
Q498C5,train
Q498D5,train
Q498D9,test
Q498E2,train
Q498E6,train
Q498E7,train
Q498F0,val
Q498G2,test
Q498H0,test
Q498J5,train
Q498J9,train
Q498K0,train
Q498K9,val
Q498L0,test
Q498L2,train
Q498L9,val
Q498P2,val
Q498R1,test
Q498S8,train
Q498T4,test
Q498T9,train
Q498U0,train
Q498U3,train
Q498W5,train
Q498Z6,train
Q499A3,train
Q499B3,train
Q499D0,train
Q499E4,train
Q499E6,train
Q499M5,train
Q499M7,train
Q499N2,train
Q499N4,test
Q499R0,train
Q499R4,train
Q499S5,val
Q499T2,train
Q499T7,val
Q499V3,train
Q499V6,val
Q499V8,train
Q499W2,train
Q499X9,val
Q499Y3,train
Q499Z4,train
Q49A17,val
Q49A33,train
Q49A88,train
Q49AA0,val
Q49AG3,train
Q49AH0,val
Q49AJ0,test
Q49AM3,train
Q49AS3,train
Q49B93,test
Q49B96,train
Q49BZ4,val
Q49GP3,val
Q49GP5,val
Q49HH9,test
Q49HI0,train
Q49HM9,train
Q49I35,train
Q49KI5,train
Q49LS0,train
Q49LS1,train
Q49LS3,train
Q49LS4,train
Q49LS5,val
Q49LS6,test
Q49LS7,train
Q49LS8,train
Q49LS9,val
Q49MG5,train
Q49MI3,train
Q49QW1,test
Q49SH1,train
Q49SP8,val
Q49SQ1,train
Q4A3R3,train
Q4AC99,train
Q4ACU6,train
Q4ACW4,train
Q4ADG6,train
Q4AE28,train
Q4AE62,train
Q4AE70,val
Q4AEE3,val
Q4AEH1,train
Q4EW11,train
Q4FAT7,train
Q4FCM6,train
Q4FJU9,train
Q4FZ58,train
Q4FZB7,val
Q4FZC9,val
Q4FZD7,val
Q4FZF2,train
Q4FZF3,train
Q4FZG7,train
Q4FZG8,val
Q4FZH1,train
Q4FZP2,train
Q4FZQ6,train
Q4FZR5,train
Q4FZT8,train
Q4FZU1,train
Q4FZU3,train
Q4FZU4,test
Q4FZU8,val
Q4FZV0,train
Q4FZV7,train
Q4FZW5,test
Q4FZX0,train
Q4FZX5,train
Q4FZX7,train
Q4G005,train
Q4G008,train
Q4G009,val
Q4G017,val
Q4G050,train
Q4G056,train
Q4G061,test
Q4G063,train
Q4G064,train
Q4G068,train
Q4G072,train
Q4G073,test
Q4G074,train
Q4G075,test
Q4G078,train
Q4G0F8,train
Q4G0G2,train
Q4G0G5,train
Q4G0M1,test
Q4G0N0,train
Q4G0N8,train
Q4G0S4,train
Q4G0S7,train
Q4G0T1,train
Q4G0U5,train
Q4G0W2,train
Q4G0X9,train
Q4G0Z9,train
Q4G112,test
Q4G148,val
Q4G163,train
Q4G176,train
Q4G1C9,val
Q4G1G8,test
Q4G338,val
Q4G3H4,train
Q4G5Y1,train
Q4GWV4,train
Q4GXG7,val
Q4GXH5,train
Q4GXH6,val
Q4GXH7,train
Q4GXP3,val
Q4GXU6,test
Q4GZT4,val
Q4H0T5,train
Q4H2R2,train
Q4H3K6,test
Q4H3N8,test
Q4H3P5,train
Q4H4B6,test
Q4JCS1,test
Q4JDL3,train
Q4JEI2,train
Q4JF28,train
Q4JF29,test
Q4JFH9,test
Q4JG17,test
Q4JHE3,train
Q4JHS0,train
Q4JIJ2,val
Q4JIM4,val
Q4JIM5,train
Q4JK59,val
Q4JK71,val
Q4JL91,test
Q4JLT5,train
Q4JM65,train
Q4JQH5,train
Q4JQH6,train
Q4JQH7,train
Q4JQH8,test
Q4JQH9,val
Q4JQI0,train
Q4JQI2,train
Q4JQI3,train
Q4JQI6,train
Q4JQI7,train
Q4KKZ1,val
Q4KL14,train
Q4KL18,train
Q4KL20,train
Q4KL25,train
Q4KL35,test
Q4KL71,train
Q4KL78,train
Q4KL91,train
Q4KL92,train
Q4KLB0,train
Q4KLE6,train
Q4KLF3,train
Q4KLG2,train
Q4KLG9,train
Q4KLH6,train
Q4KLI2,train
Q4KLI9,train
Q4KLL3,train
Q4KLL5,val
Q4KLL9,train
Q4KLM4,train
Q4KLM5,test
Q4KLN4,train
Q4KLN5,train
Q4KLN8,train
Q4KLP0,train
Q4KLP8,test
Q4KLQ5,train
Q4KLR8,train
Q4KLT0,train
Q4KLT3,test
Q4KLU2,train
Q4KLU7,test
Q4KLV1,train
Q4KLV2,test
Q4KLV6,test
Q4KLY0,test
Q4KLY3,val
Q4KLY8,val
Q4KLZ4,train
Q4KM14,val
Q4KM30,train
Q4KM34,train
Q4KM35,train
Q4KM37,train
Q4KM46,test
Q4KM47,train
Q4KM51,train
Q4KM52,train
Q4KM79,train
Q4KM84,train
Q4KM91,train
Q4KM98,train
Q4KMA0,train
Q4KMC8,train
Q4KMC9,train
Q4KMD3,test
Q4KMD7,train
Q4KME6,train
Q4KMG0,train
Q4KMG9,train
Q4KMI4,train
Q4KMJ1,train
Q4KMK0,train
Q4KML2,test
Q4KMM3,val
Q4KMP7,train
Q4KMQ1,test
Q4KMQ2,train
Q4KMX7,val
Q4KMZ1,train
Q4KSH7,train
Q4KTA7,test
Q4KTC0,val
Q4KTD9,train
Q4KTE2,train
Q4KTG9,train
Q4KTI3,train
Q4KTY1,test
Q4KUS1,train
Q4KWH5,train
Q4KWH8,train
Q4KWL2,train
Q4KWZ7,train
Q4L0E8,train
Q4L180,train
Q4L1J4,train
Q4L235,train
Q4LAL6,val
Q4LAL9,train
Q4LAY1,train
Q4LBB6,train
Q4LBB9,train
Q4LBC6,train
Q4LCS8,train
Q4LCS9,test
Q4LCT2,train
Q4LCT3,train
Q4LDG0,train
Q4LDQ3,train
Q4LE39,train
Q4LE88,train
Q4LEZ3,val
Q4LFA9,train
Q4PJW3,train
Q4PJX1,train
Q4PLW0,val
Q4PLZ3,train
Q4PM04,train
Q4PM12,train
Q4PM15,val
Q4PM31,train
Q4PM47,test
Q4PM54,train
Q4PM64,train
Q4PMB3,train
Q4PMC9,val
Q4PMS3,train
Q4PMW1,train
Q4PMX3,train
Q4PR21,train
Q4PRC6,train
Q4PRC7,train
Q4PRD0,train
Q4PRD2,train
Q4PS77,train
Q4PS85,train
Q4PZA2,test
Q4QQM5,val
Q4QQN5,train
Q4QQQ4,train
Q4QQQ7,train
Q4QQS0,val
Q4QQS1,train
Q4QQT0,train
Q4QQT3,train
Q4QQT4,train
Q4QQT5,train
Q4QQT6,test
Q4QQU1,test
Q4QQU5,train
Q4QQU7,train
Q4QQV1,val
Q4QQV2,train
Q4QQV3,test
Q4QQV7,train
Q4QQV8,test
Q4QQY2,train
Q4QQY7,train
Q4QR00,train
Q4QR06,val
Q4QR29,train
Q4QR71,train
Q4QR76,val
Q4QR82,train
Q4QR83,train
Q4QR85,val
Q4QR86,train
Q4QR87,test
Q4QR88,val
Q4QRB2,train
Q4QRC6,val
Q4QRD7,train
Q4QRF7,train
Q4QRH7,train
Q4QRJ7,val
Q4QRK0,train
Q4QRL3,val
Q4QXT8,train
Q4QXT9,test
Q4QXX9,test
Q4QY64,test
Q4QY71,train
Q4R128,val
Q4R180,train
Q4R1I4,test
Q4R2Y2,train
Q4R2Z0,val
Q4R309,train
Q4R317,train
Q4R318,val
Q4R319,train
Q4R323,train
Q4R327,val
Q4R333,test
Q4R335,train
Q4R353,train
Q4R354,train
Q4R361,train
Q4R363,train
Q4R366,train
Q4R367,train
Q4R372,test
Q4R374,train
Q4R380,test
Q4R3A0,train
Q4R3A6,test
Q4R3B7,val
Q4R3D6,val
Q4R3E0,val
Q4R3F0,train
Q4R3G4,train
Q4R3I0,train
Q4R3L6,test
Q4R3M1,train
Q4R3Q7,test
Q4R3R9,train
Q4R3S3,val
Q4R3U8,val
Q4R3V2,train
Q4R3W4,train
Q4R3W5,val
Q4R3X7,train
Q4R3X9,train
Q4R3Y4,train
Q4R445,test
Q4R4A2,val
Q4R4D5,test
Q4R4D7,train
Q4R4E4,test
Q4R4F1,test
Q4R4H5,test
Q4R4K2,val
Q4R4M1,val
Q4R4M6,train
Q4R4P9,train
Q4R4S5,test
Q4R510,train
Q4R526,train
Q4R531,train
Q4R535,train
Q4R550,val
Q4R555,train
Q4R584,val
Q4R585,train
Q4R5B8,train
Q4R5C7,train
Q4R5D4,test
Q4R5F2,train
Q4R5F4,train
Q4R5F5,train
Q4R5F9,train
Q4R5G7,train
Q4R5L5,train
Q4R5M2,train
Q4R5Q4,train
Q4R5T4,train
Q4R5U8,val
Q4R5V1,train
Q4R5X9,train
Q4R5Y0,train
Q4R613,val
Q4R616,train
Q4R627,val
Q4R630,train
Q4R632,train
Q4R642,test
Q4R648,train
Q4R657,test
Q4R681,val
Q4R691,val
Q4R698,train
Q4R6B2,val
Q4R6C1,train
Q4R6C2,train
Q4R6C4,test
Q4R6C7,train
Q4R6D3,train
Q4R6E8,train
Q4R6F3,train
Q4R6F6,train
Q4R6G4,val
Q4R6I1,train
Q4R6I5,train
Q4R6J4,train
Q4R6K2,train
Q4R6M4,train
Q4R6M8,train
Q4R6N0,train
Q4R6N4,train
Q4R6P7,train
Q4R6Q3,train
Q4R6S5,val
Q4R6T7,train
Q4R6U7,train
Q4R6V5,test
Q4R6W3,train
Q4R6W9,test
Q4R6X7,train
Q4R6X9,train
Q4R6Y5,val
Q4R6Y8,train
Q4R703,train
Q4R707,val
Q4R717,test
Q4R729,train
Q4R736,val
Q4R739,train
Q4R744,test
Q4R760,train
Q4R763,train
Q4R764,val
Q4R766,train
Q4R767,train
Q4R786,train
Q4R793,train
Q4R794,train
Q4R7A4,train
Q4R7B7,val
Q4R7D3,train
Q4R7D5,test
Q4R7D9,val
Q4R7E8,val
Q4R7G2,train
Q4R7G7,train
Q4R7H0,test
Q4R7H3,val
Q4R7H4,val
Q4R7I0,train
Q4R7I8,train
Q4R7J8,train
Q4R7K1,train
Q4R7L6,train
Q4R7L8,train
Q4R7M4,train
Q4R7N3,train
Q4R7Q1,train
Q4R7Q7,train
Q4R7R1,train
Q4R7R2,train
Q4R7S2,val
Q4R7T8,train
Q4R7U0,train
Q4R7U3,val
Q4R7U8,train
Q4R7V3,train
Q4R7W3,train
Q4R7W6,train
Q4R7X8,train
Q4R7Y5,test
Q4R7Y7,test
Q4R7Y8,train
Q4R7Z5,train
Q4R7Z7,train
Q4R802,val
Q4R804,train
Q4R809,train
Q4R815,train
Q4R816,train
Q4R821,train
Q4R828,train
Q4R842,train
Q4R846,val
Q4R856,train
Q4R871,train
Q4R877,val
Q4R881,train
Q4R882,train
Q4R899,train
Q4R8A8,train
Q4R8C3,train
Q4R8E6,train
Q4R8E8,train
Q4R8G4,train
Q4R8H9,train
Q4R8L2,train
Q4R8M9,train
Q4R8R1,train
Q4R8R3,test
Q4R8T4,train
Q4R8T9,train
Q4R8V4,train
Q4R8V8,train
Q4R8V9,val
Q4R8W3,train
Q4R8X1,train
Q4R8Y1,train
Q4R8Y5,train
Q4R912,train
Q4R914,test
Q4R918,train
Q4R942,val
Q4R945,train
Q4R956,val
Q4R970,train
Q4R989,train
Q4R992,val
Q4R9C4,train
Q4R9C9,train
Q4R9F7,train
Q4RGM4,val
Q4RLT3,train
Q4RQD3,train
Q4RSM6,val
Q4RSW7,val
Q4RTJ5,train
Q4RU86,train
Q4RWX9,val
Q4RY26,train
Q4S2L4,train
Q4S3C1,train
Q4S6U8,test
Q4SBY6,train
Q4SK88,test
Q4SPU8,test
Q4SQ06,val
Q4SQJ2,train
Q4SRI6,train
Q4SS66,val
Q4SSF5,train
Q4SUE2,train
Q4T554,train
Q4TT88,train
Q4TTN8,train
Q4TUC0,train
Q4TVV3,train
Q4U0S5,train
Q4U0U2,train
Q4U0Y4,train
Q4U1U2,train
Q4U2R6,train
Q4U2V3,train
Q4U4D2,test
Q4U4N3,train
Q4U4N4,val
Q4U5R4,val
Q4V348,train
Q4V4I9,train
Q4V516,train
Q4V5A3,test
Q4V5R4,train
Q4V622,train
Q4V645,val
Q4V6M7,train
Q4V786,train
Q4V793,val
Q4V7A4,test
Q4V7A5,train
Q4V7B0,train
Q4V7B1,val
Q4V7B2,train
Q4V7B4,train
Q4V7B8,train
Q4V7C4,train
Q4V7C8,train
Q4V7C9,test
Q4V7D6,train
Q4V7E0,train
Q4V7F0,train
Q4V7F2,train
Q4V7F3,train
Q4V7F5,train
Q4V7G1,val
Q4V7H1,train
Q4V7J0,val
Q4V7K4,train
Q4V7L5,test
Q4V7M2,train
Q4V7N2,train
Q4V7N4,val
Q4V7N7,train
Q4V7N8,train
Q4V7Q1,train
Q4V7Q6,train
Q4V7Q7,test
Q4V7Q8,test
Q4V7R0,test
Q4V7R2,train
Q4V7R3,train
Q4V7R4,train
Q4V7R8,train
Q4V7T1,train
Q4V7T7,test
Q4V7T8,train
Q4V7U1,train
Q4V7W2,test
Q4V7W3,train
Q4V7W5,train
Q4V7W8,train
Q4V7X9,train
Q4V7Y4,train
Q4V7Z0,test
Q4V7Z1,train
Q4V817,train
Q4V831,val
Q4V832,train
Q4V835,train
Q4V837,train
Q4V838,train
Q4V842,train
Q4V847,test
Q4V869,train
Q4V872,train
Q4V882,train
Q4V887,train
Q4V891,train
Q4V892,val
Q4V899,val
Q4V8A1,test
Q4V8A2,train
Q4V8A8,train
Q4V8A9,train
Q4V8B0,train
Q4V8B3,val
Q4V8B5,val
Q4V8B8,train
Q4V8C2,val
Q4V8C3,test
Q4V8C4,train
Q4V8C9,train
Q4V8D1,train
Q4V8D6,train
Q4V8D7,train
Q4V8D9,train
Q4V8E9,test
Q4V8F4,train
Q4V8F8,train
Q4V8F9,train
Q4V8G0,train
Q4V8G2,train
Q4V8G4,train
Q4V8G5,train
Q4V8G7,test
Q4V8G8,train
Q4V8H8,train
Q4V8I1,train
Q4V8I2,train
Q4V8I3,test
Q4V8I4,train
Q4V8J2,test
Q4V8J4,train
Q4V8J7,val
Q4V8K2,train
Q4V8K3,train
Q4V8K4,train
Q4V8K5,test
Q4V8Q1,test
Q4V8R6,train
Q4V8R7,train
Q4V8S3,train
Q4V8S9,val
Q4V8T0,train
Q4V8U5,train
Q4V8V1,train
Q4V8V2,train
Q4V8W7,train
Q4V8X0,train
Q4V8X4,val
Q4V8Y6,train
Q4V8Y7,train
Q4V8Z3,train
Q4V908,train
Q4V909,train
Q4V920,train
Q4V921,train
Q4V922,train
Q4V9F0,train
Q4V9H3,train
Q4V9J0,test
Q4V9L6,val
Q4V9P0,train
Q4V9P3,train
Q4V9P6,train
Q4V9P9,train
Q4V9Y1,train
Q4V9Y5,train
Q4VA36,train
Q4VA45,train
Q4VA55,train
Q4VA82,train
Q4VAB4,val
Q4VAC9,val
Q4VAE3,train
Q4VAH7,train
Q4VBD2,train
Q4VBD9,test
Q4VBE8,train
Q4VBF2,train
Q4VBI2,train
Q4VBI7,test
Q4VBJ9,train
Q4VBS4,train
Q4VBT1,train
Q4VBT2,train
Q4VBT5,val
Q4VBV9,train
Q4VBW0,train
Q4VC12,train
Q4VC17,train
Q4VC33,train
Q4VC39,train
Q4VC44,train
Q4VCS5,val
Q4VDN5,test
Q4VGL6,train
Q4VGP8,test
Q4VHE7,val
Q4VK78,train
Q4VM07,train
Q4VNC0,train
Q4VNC1,train
Q4VRI5,train
Q4VSI4,train
Q4VSN1,test
Q4VSN2,test
Q4VT26,train
Q4VT35,val
Q4VT38,train
Q4VT39,train
Q4VT42,val
Q4VUF1,train
Q4VUI0,train
Q4VUV8,val
Q4VUV9,train
Q4VUZ1,val
Q4VV71,train
Q4VWF8,train
Q4VX62,train
Q4VX76,test
Q4VXA5,train
Q4VXU2,test
Q4VYA0,train
Q4VYR7,train
Q4W1W1,train
Q4W4Y0,train
Q4W4Z2,train
Q4W5G0,train
Q4W5H0,train
Q4W5P6,train
Q4W5Z4,test
Q4W7G7,val
Q4W7H1,test
Q4W815,train
Q4W8E7,val
Q4Z8K6,val
Q4ZG55,train
Q4ZH68,train
Q4ZHA6,train
Q4ZHG4,train
Q4ZHS0,train
Q4ZHW1,val
Q4ZIN3,train
Q4ZJM7,train
Q4ZJN1,test
Q501J2,train
Q501J6,val
Q501J7,train
Q501K5,train
Q501L1,test
Q501P1,val
Q501Q9,test
Q501R9,train
Q501S4,val
Q501V0,train
Q501W4,test
Q501X2,test
Q501X6,train
Q501Z5,val
Q502A3,train
Q502B0,val
Q502B3,train
Q502C1,train
Q502D1,train
Q502E0,train
Q502E5,train
Q502F0,train
Q502G2,train
Q502G5,train
Q502H1,train
Q502I1,val
Q502I3,train
Q502I6,train
Q502I9,train
Q502J0,val
Q502J7,val
Q502K1,train
Q502K2,train
Q502K3,train
Q502K9,train
Q502L1,train
Q502L2,train
Q502L7,val
Q502M5,val
Q502M6,train
Q502M8,test
Q502P0,train
Q502P7,train
Q502W6,train
Q502X0,train
Q503B7,train
Q503C8,val
Q503D6,test
Q503E1,train
Q503E9,train
Q503F2,train
Q503G8,train
Q503H1,train
Q503I2,test
Q503I8,train
Q503I9,test
Q503J2,val
Q503K9,train
Q503L1,train
Q503L4,test
Q503L9,train
Q503M4,train
Q503N2,train
Q503N9,train
Q503P2,test
Q503P5,train
Q503Q1,test
Q503R4,train
Q503S1,train
Q503S6,train
Q503T5,test
Q503U1,val
Q503U3,train
Q503V0,train
Q503V1,val
Q503V3,train
Q503V9,train
Q503W7,train
Q503X2,train
Q503Y4,train
Q503Y7,train
Q503Y8,test
Q503Z8,train
Q504A5,train
Q504C1,train
Q504E7,train
Q504F3,train
Q504G0,val
Q504H8,val
Q504J1,train
Q504L7,train
Q504L8,test
Q504N0,train
Q504N2,train
Q504N7,train
Q504P2,test
Q504U0,train
Q504Y3,train
Q505B8,train
Q505D1,test
Q505D7,train
Q505D9,train
Q505F5,val
Q505G8,train
Q505H4,train
Q505H7,test
Q505I4,val
Q505J3,train
Q505J6,train
Q505J8,train
Q505K2,train
Q505L3,train
Q508J1,train
Q508J2,train
Q508K4,train
Q50D79,train
Q50DL2,val
Q50DL8,train
Q50DM5,train
Q50H32,val
Q50JE5,train
Q50KZ9,train
Q50L41,train
Q50L42,train
Q50L43,train
Q50LG9,val
Q52KB5,train
Q52KD7,val
Q52KG4,train
Q52KG5,test
Q52KK3,train
Q52KK4,test
Q52KL1,train
Q52KN3,train
Q52KN7,train
Q52KN9,train
Q52KP5,test
Q52KR2,test
Q52KS4,train
Q52KV5,train
Q52KW0,val
Q52KW8,train
Q52L34,train
Q52L45,train
Q52LA3,train
Q52LC2,val
Q52LJ0,test
Q52LR7,train
Q52LW3,train
Q52M58,test
Q52M75,train
Q52M93,train
Q52MB2,train
Q52MQ7,test
Q52PJ5,train
Q52QI2,train
Q52RG8,train
Q52S86,train
Q52SK6,train
Q52SK7,train
Q534B1,test
Q534D9,train
Q534E0,train
Q537H7,test
Q538Z0,train
Q539C2,train
Q539E5,train
Q53AV2,train
Q53B49,train
Q53B50,train
Q53B52,val
Q53B55,test
Q53B56,train
Q53B57,train
Q53B87,train
Q53CF6,test
Q53CG2,train
Q53E76,train
Q53EL6,val
Q53EL9,train
Q53EP0,train
Q53EQ6,train
Q53EV4,train
Q53EZ4,val
Q53FA7,train
Q53G44,test
Q53G59,val
Q53GA4,train
Q53GD3,train
Q53GG5,train
Q53GL7,train
Q53H47,train
Q53H64,train
Q53H82,test
Q53HC0,val
Q53HC5,val
Q53HC9,train
Q53I77,train
Q53LP3,val
Q53QV2,train
Q53QW1,test
Q53R12,train
Q53R41,train
Q53RD9,train
Q53RE8,train
Q53RT3,train
Q53RY4,train
Q53S33,train
Q53S58,val
Q53S99,train
Q53SF7,train
Q53T59,train
Q53TN4,test
Q53TS8,train
Q53VB8,train
Q561K4,train
Q561M0,val
Q561R0,train
Q561R1,val
Q561R2,train
Q561R3,train
Q561R8,train
Q561R9,train
Q561S0,train
Q561T9,train
Q561X3,train
Q561X9,test
Q561Y0,train
Q562A2,val
Q562C2,train
Q562D5,train
Q562D6,train
Q562E2,test
Q562E7,val
Q562F6,test
Q563C3,train
Q564A5,val
Q564N8,test
Q564Q1,train
Q564U4,train
Q564X7,train
Q566B1,train
Q566B2,test
Q566B3,test
Q566C5,train
Q566E5,train
Q566E6,train
Q566G2,test
Q566H4,train
Q566I1,train
Q566L8,train
Q566M8,test
Q566N0,val
Q566N9,train
Q566R0,val
Q566R3,val
Q566R7,train
Q566S6,train
Q566U4,train
Q566V0,train
Q566V3,train
Q566V9,val
Q566W7,train
Q566X6,train
Q566X8,train
Q566Y1,val
Q566Y9,test
Q566Z6,train
Q567B1,train
Q567C3,train
Q567C6,test
Q567E6,train
Q567G2,test
Q567G6,train
Q567I4,train
Q567I9,val
Q567J8,train
Q567V2,train
Q567V6,train
Q567W6,val
Q567X1,train
Q567X9,train
Q567Y6,test
Q568A0,train
Q568B7,val
Q568B8,train
Q568D2,train
Q568D5,train
Q568E2,train
Q568F6,train
Q568G4,test
Q568H3,train
Q568I2,train
Q568J8,train
Q568K2,train
Q568K5,train
Q568K9,train
Q568L5,train
Q568M3,test
Q568N3,train
Q568N4,train
Q568P1,val
Q568P9,train
Q568Q0,test
Q568R1,train
Q568T4,train
Q568T5,test
Q568V3,train
Q568W0,train
Q568Y2,train
Q568Y3,train
Q568Z0,train
Q568Z1,train
Q568Z6,train
Q568Z7,val
Q569A3,train
Q569B9,test
Q569C0,train
Q569C4,train
Q569E4,train
Q569E7,train
Q569G3,train
Q569K4,train
Q569K6,train
Q569L8,train
Q569M2,train
Q569M3,train
Q569N2,val
Q569R5,train
Q569T7,train
Q569U0,train
Q569Z1,train
Q569Z6,train
Q56A04,train
Q56A06,train
Q56A08,val
Q56A10,test
Q56A18,train
Q56A20,train
Q56A24,test
Q56A27,test
Q56A36,train
Q56A40,train
Q56A55,train
Q56FG6,train
Q56FG8,train
Q56FG9,train
Q56FL2,val
Q56H79,val
Q56JX9,val
Q56JZ2,val
Q56JZ9,val
Q56K12,train
Q56NI9,train
Q56NL1,train
Q56P03,train
Q56P42,train
Q56R10,train
Q56R11,test
Q56R14,val
Q56R16,train
Q56TU0,train
Q56UD9,train
Q56UJ5,train
Q56UN5,train
Q56UQ5,train
Q56V19,test
Q56VL3,val
Q571B6,train
Q571E4,train
Q571E5,val
Q571F5,train
Q571F8,train
Q571I9,train
Q571V3,train
Q571V4,train
Q571V6,train
Q575S8,val
Q575S9,train
Q575T0,test
Q587I9,train
Q587J6,val
Q587J7,test
Q587J8,train
Q587K4,test
Q588F8,train
Q588F9,train
Q588G0,val
Q588U8,train
Q589G4,test
Q589G5,train
Q589R5,train
Q58A44,train
Q58A48,train
Q58CN9,train
Q58CP9,train
Q58CQ0,test
Q58CQ5,val
Q58CQ9,train
Q58CR1,val
Q58CR3,val
Q58CS8,train
Q58CT0,test
Q58CT4,train
Q58CT8,val
Q58CU2,train
Q58CU3,train
Q58CU5,train
Q58CU6,train
Q58CV5,test
Q58CW4,train
Q58CW5,val
Q58CW6,train
Q58CX2,train
Q58CX6,train
Q58CX7,train
Q58CY6,val
Q58CZ0,train
Q58D05,train
Q58D06,train
Q58D08,train
Q58D13,train
Q58D15,train
Q58D34,train
Q58D49,train
Q58D55,train
Q58D62,train
Q58D65,train
Q58D78,train
Q58D79,train
Q58D85,val
Q58D91,train
Q58DA1,train
Q58DA4,train
Q58DB6,train
Q58DC0,test
Q58DC2,train
Q58DC7,train
Q58DC8,train
Q58DD0,val
Q58DD2,train
Q58DE2,train
Q58DF6,train
Q58DF7,train
Q58DF9,test
Q58DG1,val
Q58DG5,train
Q58DG6,test
Q58DH1,train
Q58DH2,train
Q58DH9,train
Q58DI5,val
Q58DI9,train
Q58DJ0,test
Q58DK1,train
Q58DK7,val
Q58DK8,train
Q58DL1,test
Q58DL5,train
Q58DM3,train
Q58DM4,val
Q58DM7,train
Q58DM8,train
Q58DN7,train
Q58DP0,train
Q58DQ5,train
Q58DR2,train
Q58DR5,val
Q58DS3,train
Q58DS4,train
Q58DT3,test
Q58DT5,val
Q58DU0,train
Q58DV5,train
Q58DV7,train
Q58DW2,train
Q58DW3,train
Q58DX5,train
Q58E95,train
Q58EA0,train
Q58EB4,train
Q58EC8,train
Q58EE9,train
Q58EG2,train
Q58EG3,train
Q58EJ9,train
Q58EK3,train
Q58EK4,train
Q58EK5,train
Q58EL0,test
Q58EL2,train
Q58EL7,test
Q58EM4,train
Q58EN8,train
Q58EX2,train
Q58EX7,train
Q58F56,train
Q58F60,train
Q58F69,train
Q58F73,train
Q58F82,test
Q58F86,train
Q58FA4,test
Q58FF3,train
Q58FF6,val
Q58FF7,train
Q58FF8,test
Q58FG0,val
Q58FG1,train
Q58FK9,val
Q58G59,train
Q58G82,val
Q58GE8,val
Q58H57,test
Q58HI1,train
Q58HT5,train
Q58L90,val
Q58L93,train
Q58L94,train
Q58L96,val
Q58T08,train
Q58T40,train
Q58T42,train
Q58T51,val
Q58T55,train
Q58T61,val
Q58T87,train
Q58T93,train
Q58Y74,test
Q58Y75,train
Q591Y7,val
Q592E4,val
Q594P2,train
Q597E8,train
Q599T9,train
Q59A28,train
Q59A32,val
Q59DX8,train
Q59DY5,train
Q59DY6,train
Q59E04,train
Q59E36,train
Q59E55,train
Q59E83,train
Q59I47,train
Q59I63,train
Q59I64,train
Q59J78,train
Q5BI31,train
Q5BI42,train
Q5BIM1,train
Q5BIM5,train
Q5BIN5,train
Q5BIP2,train
Q5BIP7,train
Q5BIR3,train
Q5BIR5,train
Q5BIS6,train
Q5BIV7,val
Q5BIV9,train
Q5BIX7,train
Q5BIZ0,train
Q5BJ10,train
Q5BJ41,test
Q5BJ53,train
Q5BJ78,val
Q5BJ83,train
Q5BJ90,train
Q5BJB7,train
Q5BJC1,train
Q5BJC2,test
Q5BJC4,train
Q5BJD2,train
Q5BJD5,train
Q5BJE1,train
Q5BJH2,val
Q5BJH7,val
Q5BJI6,train
Q5BJI7,train
Q5BJI9,train
Q5BJJ5,val
Q5BJJ6,train
Q5BJJ7,train
Q5BJJ8,train
Q5BJK8,val
Q5BJL5,train
Q5BJN5,train
Q5BJN8,train
Q5BJR4,train
Q5BJS7,val
Q5BJT1,train
Q5BJT4,train
Q5BJT7,test
Q5BJU6,val
Q5BJV9,val
Q5BJW9,train
Q5BJX1,train
Q5BJY9,val
Q5BK01,train
Q5BK06,train
Q5BK09,train
Q5BK10,train
Q5BK17,train
Q5BK18,train
Q5BK24,val
Q5BK26,train
Q5BK30,train
Q5BK32,train
Q5BK38,train
Q5BK39,train
Q5BK43,train
Q5BK46,train
Q5BK49,val
Q5BK54,test
Q5BK56,val
Q5BK57,val
Q5BK60,train
Q5BK61,train
Q5BK65,train
Q5BK67,test
Q5BK71,train
Q5BK75,train
Q5BK81,train
Q5BK82,test
Q5BK83,test
Q5BK84,train
Q5BKC6,test
Q5BKC9,train
Q5BKD0,train
Q5BKF8,val
Q5BKG8,train
Q5BKI6,train
Q5BKJ7,val
Q5BKL0,val
Q5BKL1,train
Q5BKL8,train
Q5BKM6,train
Q5BKN5,train
Q5BKP2,test
Q5BKQ4,train
Q5BKR2,train
Q5BKS4,test
Q5BKT4,val
Q5BKU9,train
Q5BKW7,train
Q5BKW8,train
Q5BKW9,test
Q5BKX0,train
Q5BKX5,val
Q5BKX6,test
Q5BKX8,train
Q5BKY1,test
Q5BKY6,train
Q5BKY9,train
Q5BL07,val
Q5BL28,test
Q5BL29,train
Q5BL31,test
Q5BL33,train
Q5BL35,train
Q5BL50,val
Q5BL56,train
Q5BL72,val
Q5BL81,test
Q5BL87,train
Q5BLB7,train
Q5BLC7,val
Q5BLD8,test
Q5BLE2,train
Q5BLE8,train
Q5BLF0,train
Q5BLG4,train
Q5BLK4,test
Q5BLP8,val
Q5BLY4,train
Q5BLY5,train
Q5BLZ2,test
Q5BMD4,train
Q5BN45,train
Q5BN46,test
Q5BQE6,train
Q5BQN8,train
Q5BQU6,train
Q5BQU9,val
Q5BQX9,train
Q5BS23,train
Q5BU09,train
Q5BU36,test
Q5BU73,train
Q5BVD1,val
Q5C6R9,train
Q5C9Z4,val
Q5CB04,train
Q5CCK0,train
Q5CZ37,train
Q5CZ51,train
Q5CZ52,train
Q5CZ79,train
Q5CZA5,train
Q5CZI8,train
Q5CZK2,train
Q5CZK3,test
Q5CZK5,train
Q5CZK6,train
Q5CZN0,test
Q5CZP2,test
Q5CZQ0,train
Q5CZR5,train
Q5CZV0,train
Q5CZZ9,val
Q5D013,train
Q5D014,train
Q5D016,train
Q5D0E6,train
Q5D0K2,train
Q5D144,train
Q5D1D6,train
Q5D1E7,train
Q5D1E8,train
Q5D1Z3,train
Q5D1Z7,test
Q5D231,train
Q5D232,train
Q5D233,train
Q5D525,train
Q5D710,test
Q5D7H4,train
Q5D7I0,train
Q5D7I1,test
Q5D7I2,train
Q5D7I6,train
Q5D8V5,train
Q5D8X4,train
Q5DA90,train
Q5DAA3,train
Q5DAJ3,train
Q5DBT1,test
Q5DC12,train
Q5DC69,train
Q5DC74,test
Q5DD96,train
Q5DF86,test
Q5DFA1,train
Q5DFU0,train
Q5DFZ7,test
Q5DGJ1,train
Q5DHJ5,test
Q5DHT6,train
Q5DID0,train
Q5DID3,train
Q5DJU3,train
Q5DNB7,train
Q5DP50,train
Q5DQQ6,val
Q5DQR4,val
Q5DRA2,val
Q5DRA3,train
Q5DRA4,train
Q5DRA5,train
Q5DRA6,train
Q5DRA7,train
Q5DRA8,train
Q5DRA9,train
Q5DRB0,train
Q5DRB1,test
Q5DRB2,test
Q5DRB3,train
Q5DRB4,train
Q5DRB5,train
Q5DRB6,train
Q5DRB7,test
Q5DRB8,test
Q5DRB9,val
Q5DRC0,val
Q5DRC1,train
Q5DRC2,test
Q5DRC3,train
Q5DRC7,train
Q5DRC8,train
Q5DRC9,train
Q5DRD0,train
Q5DRD1,test
Q5DRD2,test
Q5DRD3,test
Q5DRD5,train
Q5DRD6,train
Q5DRD7,test
Q5DRD8,train
Q5DRE0,train
Q5DRE1,train
Q5DRE2,train
Q5DRE5,train
Q5DRE7,train
Q5DRE8,train
Q5DRE9,train
Q5DRF0,train
Q5DRF1,train
Q5DRF2,train
Q5DRF3,train
Q5DRF4,train
Q5DRF5,test
Q5DRK1,train
Q5DRQ4,train
Q5DRQ5,train
Q5DRQ8,train
Q5DT21,train
Q5DT36,train
Q5DT37,train
Q5DT39,train
Q5DTI6,train
Q5DTI8,val
Q5DTJ9,train
Q5DTM8,train
Q5DTT1,val
Q5DTT4,train
Q5DTT8,train
Q5DTU0,train
Q5DTW2,train
Q5DTW7,test
Q5DTX6,train
Q5DTY9,train
Q5DTZ0,val
Q5DTZ6,val
Q5DU00,val
Q5DU05,train
Q5DU25,train
Q5DU28,train
Q5DU56,train
Q5DU57,test
Q5DUB2,test
Q5DVA5,val
Q5DVA6,test
Q5DVH6,train
Q5DW34,train
Q5DW47,train
Q5DWG5,test
Q5DWN0,train
Q5DX21,train
Q5DX34,train
Q5E936,train
Q5E943,val
Q5E951,test
Q5E960,train
Q5E969,train
Q5E972,train
Q5E980,train
Q5E985,train
Q5E992,val
Q5E999,train
Q5E9A0,train
Q5E9B2,train
Q5E9C0,train
Q5E9C1,train
Q5E9C3,train
Q5E9C4,val
Q5E9C8,train
Q5E9D3,train
Q5E9D6,test
Q5E9E1,train
Q5E9E3,train
Q5E9F2,val
Q5E9G0,train
Q5E9G4,test
Q5E9H0,train
Q5E9H2,test
Q5E9H7,val
Q5E9H9,train
Q5E9I3,train
Q5E9J2,train
Q5E9J4,test
Q5E9J5,test
Q5E9J7,train
Q5E9J8,val
Q5E9K1,train
Q5E9K3,val
Q5E9K7,train
Q5E9K8,val
Q5E9L3,train
Q5E9L4,val
Q5E9L7,train
Q5E9M9,train
Q5E9N2,train
Q5E9N3,train
Q5E9N4,train
Q5E9N5,train
Q5E9N9,val
Q5E9P1,train
Q5E9P3,val
Q5E9P6,train
Q5E9P9,train
Q5E9Q1,train
Q5E9Q3,train
Q5E9R0,val
Q5E9R1,train
Q5E9R2,val
Q5E9R3,train
Q5E9R6,train
Q5E9S2,train
Q5E9S3,train
Q5E9S4,train
Q5E9S8,train
Q5E9T1,train
Q5E9T4,train
Q5E9T7,val
Q5E9T8,train
Q5E9U1,train
Q5E9U3,val
Q5E9U4,train
Q5E9U6,train
Q5E9U9,train
Q5E9V1,train
Q5E9V4,train
Q5E9V5,train
Q5E9V6,train
Q5E9W5,train
Q5E9X2,train
Q5E9X4,train
Q5E9X5,test
Q5E9X7,train
Q5E9X8,train
Q5E9Y2,test
Q5E9Y6,test
Q5E9Z1,test
Q5E9Z2,train
Q5E9Z7,test
Q5EA03,train
Q5EA11,train
Q5EA20,val
Q5EA24,train
Q5EA33,val
Q5EA37,train
Q5EA40,test
Q5EA41,train
Q5EA43,train
Q5EA45,train
Q5EA48,train
Q5EA49,train
Q5EA50,train
Q5EA59,test
Q5EA66,train
Q5EA71,train
Q5EA75,train
Q5EA76,train
Q5EA79,train
Q5EA83,train
Q5EA84,train
Q5EA85,train
Q5EA90,train
Q5EA91,train
Q5EA95,val
Q5EA97,train
Q5EA99,train
Q5EAB4,test
Q5EAC5,train
Q5EAC6,train
Q5EAC7,train
Q5EAD0,train
Q5EAD2,train
Q5EAD4,val
Q5EAJ6,train
Q5EAJ7,train
Q5EAL3,train
Q5EAN7,train
Q5EAP5,train
Q5EAQ1,train
Q5EAR5,train
Q5EAR6,val
Q5EAU0,test
Q5EAU3,train
Q5EAU9,train
Q5EAV6,train
Q5EAW4,val
Q5EAW9,train
Q5EAY2,train
Q5EAY8,test
Q5EB14,train
Q5EB20,val
Q5EB32,train
Q5EB59,train
Q5EB62,train
Q5EB63,train
Q5EB66,train
Q5EB94,train
Q5EB96,test
Q5EB97,train
Q5EBA1,train
Q5EBD9,train
Q5EBE1,test
Q5EBF2,test
Q5EBF6,train
Q5EBF8,test
Q5EBG8,val
Q5EBI0,train
Q5EBJ4,val
Q5EBL2,train
Q5EBM0,train
Q5EBM4,test
Q5EBN2,train
Q5ECE3,train
Q5ECR9,train
Q5EDC3,train
Q5EDF9,train
Q5EE01,val
Q5EE38,train
Q5EF38,train
Q5EF39,train
Q5EF40,train
Q5EG05,train
Q5EG55,train
Q5EG71,train
Q5EGE1,train
Q5EGY4,val
Q5EHP1,test
Q5EHP2,val
Q5EP16,val
Q5EP17,train
Q5EPH2,train
Q5EU40,val
Q5EXX3,train
Q5EY87,val
Q5EZ72,train
Q5F1R6,test
Q5F204,train
Q5F259,train
Q5F267,test
Q5F289,train
Q5F293,train
Q5F297,train
Q5F2C3,train
Q5F2E7,train
Q5F2E8,train
Q5F2F2,val
Q5F2L2,train
Q5F2N2,train
Q5F2N3,train
Q5F2N4,train
Q5F310,train
Q5F334,train
Q5F336,train
Q5F339,train
Q5F349,train
Q5F359,train
Q5F361,train
Q5F362,train
Q5F363,train
Q5F364,train
Q5F368,train
Q5F378,train
Q5F380,train
Q5F381,val
Q5F383,train
Q5F384,val
Q5F389,test
Q5F3A1,train
Q5F3A4,val
Q5F3A6,train
Q5F3B1,val
Q5F3B2,val
Q5F3C1,val
Q5F3C8,train
Q5F3D1,train
Q5F3D7,train
Q5F3E8,train
Q5F3F2,train
Q5F3F5,train
Q5F3G0,test
Q5F3G6,test
Q5F3G7,test
Q5F3I0,val
Q5F3I6,val
Q5F3K0,train
Q5F3L1,test
Q5F3L3,train
Q5F3L4,train
Q5F3L7,train
Q5F3L9,train
Q5F3M0,val
Q5F3N0,train
Q5F3N5,train
Q5F3N6,val
Q5F3P8,train
Q5F3R2,train
Q5F3R7,train
Q5F3S2,test
Q5F3U0,train
Q5F3V0,train
Q5F3V3,train
Q5F3W5,train
Q5F3X0,train
Q5F3X8,train
Q5F3Z1,val
Q5F3Z5,train
Q5F3Z9,train
Q5F407,val
Q5F408,train
Q5F409,train
Q5F410,train
Q5F413,val
Q5F414,train
Q5F415,train
Q5F416,test
Q5F433,val
Q5F450,train
Q5F452,train
Q5F457,train
Q5F464,train
Q5F468,val
Q5F476,val
Q5F477,val
Q5F478,train
Q5F479,test
Q5F480,test
Q5F485,train
Q5F486,train
Q5F488,test
Q5F489,val
Q5F499,train
Q5F4A1,test
Q5F4A3,train
Q5F4A9,test
Q5F4B1,train
Q5F4B2,test
Q5F4B3,train
Q5F4B8,train
Q5F4C0,train
Q5F4E8,train
Q5FB95,train
Q5FBB7,val
Q5FC62,test
Q5FC64,train
Q5FC78,train
Q5FC79,val
Q5FVB0,val
Q5FVB2,train
Q5FVB6,train
Q5FVE4,train
Q5FVF4,train
Q5FVF9,val
Q5FVG1,train
Q5FVG6,train
Q5FVH0,test
Q5FVH2,train
Q5FVH8,train
Q5FVI4,train
Q5FVJ4,train
Q5FVJ6,test
Q5FVL2,train
Q5FVL3,train
Q5FVL4,train
Q5FVL7,test
Q5FVM1,train
Q5FVM3,test
Q5FVM4,train
Q5FVM5,train
Q5FVM7,train
Q5FVN1,train
Q5FVN6,train
Q5FVP2,val
Q5FVP5,val
Q5FVP8,val
Q5FVQ5,train
Q5FVQ7,train
Q5FVQ9,train
Q5FVR0,train
Q5FVR1,train
Q5FVR3,train
Q5FVR5,train
Q5FVR7,test
Q5FVR8,val
Q5FVV3,test
Q5FVW4,val
Q5FVW6,train
Q5FVX5,train
Q5FVY2,train
Q5FW05,val
Q5FW14,train
Q5FW17,test
Q5FW46,train
Q5FW48,train
Q5FW52,train
Q5FW56,test
Q5FW57,train
Q5FW60,train
Q5FW85,test
Q5FWC3,train
Q5FWE3,train
Q5FWF4,val
Q5FWF5,train
Q5FWF6,train
Q5FWF7,train
Q5FWH2,val
Q5FWH3,train
Q5FWH6,train
Q5FWH7,train
Q5FWI2,test
Q5FWI3,train
Q5FWK3,train
Q5FWL0,train
Q5FWL4,train
Q5FWL7,test
Q5FWM1,train
Q5FWM4,val
Q5FWM8,train
Q5FWP2,train
Q5FWP4,train
Q5FWP7,train
Q5FWP8,test
Q5FWP9,test
Q5FWQ0,test
Q5FWR0,train
Q5FWR8,val
Q5FWS6,train
Q5FWT1,train
Q5FWU3,train
Q5FWU5,test
Q5FWU8,test
Q5FWV6,test
Q5FWY3,train
Q5FX52,train
Q5FY69,train
Q5FYA8,train
Q5FYB0,val
Q5FZI6,train
Q5G269,val
Q5G5D5,train
Q5G7X0,test
Q5G859,train
Q5G860,train
Q5G861,val
Q5G862,test
Q5G864,train
Q5G872,train
Q5G8A6,train
Q5G8A8,train
Q5G8A9,test
Q5G8B3,val
Q5G8B4,train
Q5G8B5,train
Q5G8B7,train
Q5GAL8,test
Q5GAM0,train
Q5GAM7,train
Q5GAM8,test
Q5GAM9,val
Q5GAN3,train
Q5GAN4,train
Q5GAN6,train
Q5GC91,test
Q5GC94,train
Q5GFD5,test
Q5GFD9,train
Q5GFL6,train
Q5GH22,train
Q5GH57,val
Q5GH59,val
Q5GH61,test
Q5GH62,test
Q5GH66,train
Q5GH68,train
Q5GH70,train
Q5GH77,val
Q5GIG6,val
Q5GIS3,test
Q5GIT4,test
Q5GJ75,train
Q5GLZ8,train
Q5GQ85,test
Q5GRG2,train
Q5H7N4,train
Q5H7N5,train
Q5H7N6,train
Q5H7N8,train
Q5H879,train
Q5H8A1,val
Q5H8A2,train
Q5H8A3,train
Q5H8A4,train
Q5H8B9,val
Q5H8C1,train
Q5H913,train
Q5H943,train
Q5H9B9,train
Q5H9E4,val
Q5H9I0,train
Q5H9J7,test
Q5H9J9,val
Q5H9K5,val
Q5H9L2,train
Q5H9L4,train
Q5H9M0,train
Q5H9N3,train
Q5H9R7,train
Q5H9T9,train
Q5H9U9,train
Q5HY64,train
Q5HY92,test
Q5HY98,val
Q5HYA8,train
Q5HYC2,train
Q5HYI7,train
Q5HYJ1,train
Q5HYK7,train
Q5HYK9,train
Q5HYM0,train
Q5HYR2,train
Q5HYW2,train
Q5HYW3,train
Q5HZ92,val
Q5HZA1,test
Q5HZA3,train
Q5HZB0,test
Q5HZD4,train
Q5HZE5,train
Q5HZE8,train
Q5HZF2,train
Q5HZG4,train
Q5HZG9,val
Q5HZH2,train
Q5HZH7,train
Q5HZI1,train
Q5HZI2,test
Q5HZK1,train
Q5HZK2,train
Q5HZK9,test
Q5HZL1,val
Q5HZL4,val
Q5HZL9,train
Q5HZM1,test
Q5HZM3,train
Q5HZN7,train
Q5HZN9,val
Q5HZP1,val
Q5HZP7,val
Q5HZP8,train
Q5HZQ8,test
Q5HZQ9,train
Q5HZS2,train
Q5HZT0,train
Q5HZT9,val
Q5HZV5,test
Q5HZW5,train
Q5HZW7,test
Q5HZX7,test
Q5HZY0,val
Q5I012,val
Q5I019,train
Q5I030,val
Q5I034,train
Q5I043,train
Q5I047,val
Q5I050,train
Q5I0A0,train
Q5I0B5,train
Q5I0B9,train
Q5I0C3,train
Q5I0C4,train
Q5I0C5,train
Q5I0D5,train
Q5I0D6,train
Q5I0D7,train
Q5I0E2,train
Q5I0E3,test
Q5I0E5,train
Q5I0E6,train
Q5I0E8,train
Q5I0E9,train
Q5I0F1,train
Q5I0F6,train
Q5I0G3,train
Q5I0G4,train
Q5I0I4,train
Q5I0I5,train
Q5I0I9,train
Q5I0J8,train
Q5I0J9,train
Q5I0K5,train
Q5I0K7,train
Q5I0L3,val
Q5I0L4,train
Q5I0L7,train
Q5I0R4,test
Q5I0R6,train
Q5I0S6,val
Q5I0S8,test
Q5I0X4,train
Q5I0X7,train
Q5I195,test
Q5I1X5,train
Q5I1Z0,train
Q5I2A0,val
Q5I2B1,train
Q5I2D0,train
Q5I2E5,train
Q5I2M3,val
Q5I2M5,train
Q5I2M7,train
Q5I2P0,val
Q5I2P1,test
Q5I2W8,val
Q5I3B1,train
Q5I4B8,train
Q5I4E5,train
Q5I4E6,train
Q5I598,val
Q5I5J1,train
Q5IBH6,train
Q5IBH7,train
Q5ICW4,test
Q5IFK1,test
Q5IFP1,train
Q5IGQ0,train
Q5IGR6,train
Q5IGR7,train
Q5IGR8,train
Q5IJ48,test
Q5IR70,train
Q5IRJ6,val
Q5IRJ7,train
Q5IS39,train
Q5IS48,train
Q5IS50,train
Q5IS51,train
Q5IS52,val
Q5IS58,train
Q5IS59,train
Q5IS64,val
Q5IS65,train
Q5IS69,test
Q5IS75,test
Q5IS76,val
Q5IS77,train
Q5ISB0,train
Q5ISC6,train
Q5ISE2,train
Q5ISW3,val
Q5ISW5,train
Q5IXF8,train
Q5J2D6,train
Q5J316,train
Q5J3E5,val
Q5J3F6,test
Q5J3G9,train
Q5J3K5,train
Q5J3L4,train
Q5J3L6,train
Q5J3L7,train
Q5J3M3,train
Q5J3M4,test
Q5J3M9,train
Q5J3N1,test
Q5J3Q5,train
Q5J5C9,train
Q5J5Z9,train
Q5J6M8,train
Q5J8M3,test
Q5J8R1,train
Q5J8X5,train
Q5JCK6,train
Q5JCS6,train
Q5JCS9,val
Q5JNZ3,test
Q5JPB2,val
Q5JPE7,train
Q5JPF3,train
Q5JPI3,train
Q5JPI9,val
Q5JQC4,train
Q5JQC9,train
Q5JQD4,train
Q5JQF7,test
Q5JQF8,train
Q5JQS5,train
Q5JQS6,train
Q5JR12,train
Q5JR59,val
Q5JR98,train
Q5JRA6,val
Q5JRC9,train
Q5JRM2,train
Q5JRS4,test
Q5JS13,train
Q5JS54,train
Q5JSL3,train
Q5JSP0,val
Q5JSQ8,val
Q5JST6,train
Q5JSZ5,train
Q5JT25,train
Q5JT82,train
Q5JTB6,train
Q5JTC6,train
Q5JTD0,train
Q5JTJ3,train
Q5JTN6,train
Q5JTV8,train
Q5JTW2,train
Q5JTY5,train
Q5JTZ5,train
Q5JTZ9,test
Q5JU67,train
Q5JU69,train
Q5JUK2,train
Q5JUK9,val
Q5JUW0,train
Q5JV73,train
Q5JVG2,train
Q5JVG8,val
Q5JVL4,train
Q5JVS0,val
Q5JVX7,train
Q5JW98,train
Q5JWF2,train
Q5JWF8,train
Q5JX69,train
Q5JX71,val
Q5JXA9,val
Q5JXC2,train
Q5JXM2,val
Q5JXX7,train
Q5JY77,train
Q5JYT7,train
Q5JZQ7,train
Q5JZQ9,val
Q5K027,train
Q5K0B8,val
Q5K0B9,val
Q5K0C0,test
Q5K0C2,train
Q5K0C4,train
Q5K0C7,train
Q5K0D1,train
Q5K0D5,train
Q5K0D7,train
Q5K0E0,train
Q5K130,test
Q5K131,train
Q5K2C4,train
Q5K2N3,train
Q5K2N9,test
Q5K2P4,train
Q5K2P6,train
Q5K2P8,val
Q5K2P9,val
Q5K471,test
Q5K472,train
Q5K473,train
Q5K474,train
Q5K486,train
Q5K4E3,train
Q5K4L6,train
Q5K651,train
Q5K6N0,train
Q5KQS2,test
Q5KQS3,train
Q5KQS4,train
Q5KQS5,train
Q5KQT6,test
Q5KQT7,train
Q5KR61,train
Q5KSB7,train
Q5KSK8,train
Q5KSL6,train
Q5KSV9,train
Q5KT10,train
Q5KT11,train
Q5KTC7,train
Q5KU26,train
Q5KU39,train
Q5LJP9,train
Q5LJZ2,train
Q5M6W3,train
Q5M775,train
Q5M782,train
Q5M7A3,train
Q5M7B7,train
Q5M7C8,val
Q5M7D4,test
Q5M7D6,train
Q5M7F6,train
Q5M7F8,train
Q5M7J9,train
Q5M7L9,train
Q5M7M7,train
Q5M7N6,train
Q5M7N9,val
Q5M7P5,train
Q5M7P6,train
Q5M7P8,val
Q5M7Q1,train
Q5M7R3,train
Q5M7R9,train
Q5M7S9,train
Q5M7T3,train
Q5M7U5,train
Q5M7V7,train
Q5M7W4,train
Q5M7W5,test
Q5M7W6,train
Q5M7W7,val
Q5M7X9,test
Q5M7Y0,train
Q5M7Z0,train
Q5M818,test
Q5M821,train
Q5M824,test
Q5M826,train
Q5M828,val
Q5M836,test
Q5M844,train
Q5M845,train
Q5M854,val
Q5M856,train
Q5M864,train
Q5M865,train
Q5M868,train
Q5M869,train
Q5M870,train
Q5M871,train
Q5M872,train
Q5M875,train
Q5M876,train
Q5M883,train
Q5M886,val
Q5M887,test
Q5M889,train
Q5M8C6,train
Q5M8E6,train
Q5M8F9,train
Q5M8H5,train
Q5M8I4,test
Q5M8J0,train
Q5M8J5,train
Q5M8K0,train
Q5M8K8,train
Q5M8L0,train
Q5M8L3,train
Q5M8L6,val
Q5M8L8,train
Q5M8M2,train
Q5M8M9,train
Q5M8N4,train
Q5M8Q2,test
Q5M8S2,test
Q5M8S7,train
Q5M8T2,train
Q5M8U1,train
Q5M8V2,train
Q5M8V6,train
Q5M8X6,val
Q5M8Y1,train
Q5M8Z2,train
Q5M905,train
Q5M929,train
Q5M936,train
Q5M947,val
Q5M948,train
Q5M951,test
Q5M954,train
Q5M971,test
Q5M990,test
Q5M9A7,val
Q5M9B1,train
Q5M9B3,train
Q5M9F1,train
Q5M9G1,train
Q5M9G5,train
Q5M9G7,train
Q5M9G9,train
Q5M9I1,train
Q5M9I5,train
Q5M9N4,train
Q5M9P8,train
Q5M9Q1,train
Q5MB13,train
Q5MCS0,val
Q5MCW4,val
Q5MD89,train
Q5MFW3,train
Q5MGC9,train
Q5MGD8,train
Q5MGE6,val
Q5MGQ0,test
Q5MGS7,val
Q5MIR6,train
Q5MIT9,test
Q5MIU2,train
Q5MIW3,test
Q5MIW7,train
Q5MIX2,train
Q5MIZ0,train
Q5MIZ1,train
Q5MJ07,test
Q5MJ08,val
Q5MJ10,train
Q5MJ68,train
Q5MJ70,train
Q5MJ86,train
Q5MJP5,train
Q5MJS3,train
Q5MK86,train
Q5MNU5,train
Q5MNV6,test
Q5MNV8,test
Q5MNY4,train
Q5MNZ6,train
Q5MPP0,test
Q5MQL3,val
Q5MY90,train
Q5MY95,train
Q5MYT7,train
Q5MYT9,val
Q5MYU0,test
Q5MYW4,val
Q5NBU8,train
Q5NBX1,train
Q5NC05,train
Q5NC32,train
Q5NC57,train
Q5NC83,test
Q5NCC9,train
Q5NCI0,train
Q5NCM1,val
Q5NCP0,val
Q5NCQ5,val
Q5NCR9,val
Q5NCS9,test
Q5NCY0,train
Q5NCY3,train
Q5ND04,test
Q5ND28,train
Q5ND29,train
Q5ND52,val
Q5ND56,train
Q5NDE3,train
Q5NDE5,val
Q5NDE6,val
Q5NDE8,train
Q5NDL0,train
Q5NDL3,train
Q5NDM2,train
Q5NE16,train
Q5NKN2,train
Q5NKN4,train
Q5NKT8,val
Q5NKU6,train
Q5NKV4,train
Q5NKV6,train
Q5NRP8,train
Q5NRP9,train
Q5NRQ0,val
Q5NRQ1,train
Q5NSW5,train
Q5NTB3,val
Q5NU13,test
Q5NU14,train
Q5NU32,train
Q5NUA6,test
Q5NUL3,train
Q5NVA3,train
Q5NVB3,train
Q5NVC1,test
Q5NVC2,train
Q5NVD3,train
Q5NVD7,train
Q5NVE2,train
Q5NVG2,train
Q5NVI6,train
Q5NVI9,val
Q5NVJ6,val
Q5NVK0,test
Q5NVK2,train
Q5NVK4,train
Q5NVN3,train
Q5NVN6,train
Q5NVQ1,test
Q5NVQ6,train
Q5NVR8,train
Q5NVS6,train
Q5NVS8,train
Q5PNN8,train
Q5PNP1,train
Q5PNP6,val
Q5PPF5,train
Q5PPG6,train
Q5PPH4,train
Q5PPI9,train
Q5PPJ4,train
Q5PPM0,train
Q5PPM7,train
Q5PPN4,train
Q5PPP3,val
Q5PPR6,train
Q5PPS5,train
Q5PPU8,train
Q5PPV2,val
Q5PPV3,train
Q5PPV4,test
Q5PPV5,train
Q5PPX0,train
Q5PPX5,train
Q5PPX7,val
Q5PPY2,test
Q5PPY6,train
Q5PPZ5,test
Q5PPZ9,train
Q5PQ04,train
Q5PQ09,train
Q5PQ23,train
Q5PQ25,train
Q5PQ27,train
Q5PQ30,train
Q5PQ35,test
Q5PQ44,test
Q5PQ50,test
Q5PQ53,val
Q5PQ59,train
Q5PQ63,train
Q5PQ76,train
Q5PQ89,train
Q5PQ90,train
Q5PQ92,train
Q5PQA4,train
Q5PQJ6,train
Q5PQJ9,train
Q5PQK4,val
Q5PQK8,train
Q5PQL2,train
Q5PQL3,train
Q5PQL8,train
Q5PQM4,train
Q5PQM9,test
Q5PQN4,train
Q5PQN5,train
Q5PQN6,train
Q5PQN9,train
Q5PQP1,val
Q5PQP4,val
Q5PQP9,val
Q5PQQ2,train
Q5PQQ5,train
Q5PQQ6,train
Q5PQQ8,train
Q5PQQ9,train
Q5PQR4,train
Q5PQR6,train
Q5PQR8,train
Q5PQS0,test
Q5PQS2,train
Q5PQS3,train
Q5PQT2,train
Q5PQT3,val
Q5PQT7,train
Q5PQX0,test
Q5PQX1,train
Q5PQY6,train
Q5PQZ3,train
Q5PQZ7,train
Q5PR01,train
Q5PR19,train
Q5PR34,train
Q5PR55,test
Q5PR61,train
Q5PR66,test
Q5PR67,train
Q5PR68,train
Q5PR69,val
Q5PR98,train
Q5PRA2,train
Q5PRB3,train
Q5PRC0,test
Q5PRC1,train
Q5PRC7,train
Q5PRD4,train
Q5PRE5,train
Q5PRF0,train
Q5PSV4,train
Q5PSV9,test
Q5PT50,train
Q5PT54,val
Q5PT55,val
Q5PT56,train
Q5PU49,train
Q5PXD3,train
Q5PXE9,train
Q5PXT2,train
Q5PYH3,test
Q5PYH5,train
Q5PYH6,train
Q5PYH7,val
Q5Q0T9,train
Q5Q0U5,train
Q5Q114,train
Q5Q995,train
Q5Q9Z2,train
Q5QD05,test
Q5QD23,train
Q5QD24,train
Q5QD25,train
Q5QD28,train
Q5QD51,train
Q5QE79,val
Q5QE80,train
Q5QFB9,train
Q5QGS0,train
Q5QGT7,test
Q5QGU6,val
Q5QGZ9,train
Q5QJ38,train
Q5QJC2,train
Q5QJC3,train
Q5QJC4,val
Q5QJE6,train
Q5QNP2,val
Q5QNQ6,test
Q5QNQ9,val
Q5QNS5,val
Q5QNV8,train
Q5QP82,train
Q5QQ37,train
Q5QQ49,train
Q5QQ52,train
Q5QQ53,train
Q5QQ54,test
Q5QQ55,train
Q5QQX7,train
Q5QR91,train
Q5QRZ3,train
Q5QS02,train
Q5QS58,val
Q5QS71,train
Q5QS84,test
Q5QS97,train
Q5QSA4,train
Q5QT17,train
Q5QT56,train
Q5R1P0,train
Q5R1P3,train
Q5R1Q1,train
Q5R1S9,val
Q5R1T0,train
Q5R1V9,val
Q5R1W7,val
Q5R212,train
Q5R2J4,train
Q5R328,train
Q5R387,test
Q5R3F8,train
Q5R3K3,train
Q5R3Z6,test
Q5R3Z7,train
Q5R411,train
Q5R412,train
Q5R413,val
Q5R422,test
Q5R431,test
Q5R435,train
Q5R436,val
Q5R452,test
Q5R458,train
Q5R460,train
Q5R461,test
Q5R476,train
Q5R482,train
Q5R491,val
Q5R498,val
Q5R4A0,val
Q5R4A6,train
Q5R4B0,train
Q5R4B2,train
Q5R4B3,train
Q5R4C9,test
Q5R4D0,train
Q5R4D2,val
Q5R4D6,train
Q5R4D7,val
Q5R4F3,train
Q5R4F4,train
Q5R4F5,train
Q5R4G0,train
Q5R4G5,train
Q5R4H4,train
Q5R4J1,train
Q5R4K3,train
Q5R4K8,val
Q5R4L5,train
Q5R4L6,train
Q5R4M6,train
Q5R4M7,val
Q5R4N7,test
Q5R4N8,train
Q5R4N9,train
Q5R4P1,test
Q5R4Q5,train
Q5R4R1,train
Q5R4R3,test
Q5R4R7,val
Q5R4R9,train
Q5R4S3,train
Q5R4S6,train
Q5R4S7,test
Q5R4T3,train
Q5R4T7,train
Q5R4T8,train
Q5R4U2,train
Q5R4U3,train
Q5R4U5,train
Q5R4V9,train
Q5R4W0,test
Q5R4W2,test
Q5R4W7,train
Q5R4W9,train
Q5R4X0,train
Q5R4X5,train
Q5R4Y2,test
Q5R4Z1,train
Q5R503,val
Q5R504,train
Q5R510,train
Q5R514,train
Q5R522,test
Q5R533,train
Q5R536,test
Q5R538,train
Q5R539,train
Q5R543,val
Q5R551,train
Q5R558,train
Q5R561,val
Q5R585,train
Q5R590,train
Q5R597,train
Q5R598,train
Q5R5A4,val
Q5R5B0,train
Q5R5C1,train
Q5R5C5,train
Q5R5C9,train
Q5R5D8,test
Q5R5E5,train
Q5R5E8,train
Q5R5E9,val
Q5R5F3,val
Q5R5G2,train
Q5R5G4,val
Q5R5H7,train
Q5R5J3,train
Q5R5J6,train
Q5R5J7,test
Q5R5K4,train
Q5R5M4,train
Q5R5M5,val
Q5R5M8,val
Q5R5N6,train
Q5R5Q6,train
Q5R5R2,train
Q5R5R7,train
Q5R5S1,train
Q5R5S6,train
Q5R5S9,train
Q5R5T5,train
Q5R5U3,test
Q5R5V2,train
Q5R5V3,train
Q5R5V8,test
Q5R5W9,test
Q5R5X3,train
Q5R5X8,train
Q5R5X9,train
Q5R5Y0,train
Q5R600,train
Q5R601,train
Q5R606,train
Q5R608,train
Q5R611,train
Q5R614,train
Q5R629,train
Q5R636,train
Q5R646,train
Q5R654,train
Q5R655,val
Q5R660,train
Q5R673,train
Q5R680,train
Q5R684,train
Q5R687,train
Q5R6B4,test
Q5R6B5,test
Q5R6C0,test
Q5R6D6,train
Q5R6E9,train
Q5R6F5,train
Q5R6F6,test
Q5R6G1,train
Q5R6G2,train
Q5R6G3,train
Q5R6H1,train
Q5R6I3,train
Q5R6I4,test
Q5R6I6,train
Q5R6J0,train
Q5R6J3,val
Q5R6J8,train
Q5R6L1,train
Q5R6L3,val
Q5R6M8,train
Q5R6N0,val
Q5R6P2,train
Q5R6Q7,train
Q5R6R6,train
Q5R6T5,train
Q5R6W3,train
Q5R6X7,test
Q5R6X9,val
Q5R6Y0,test
Q5R6Y2,train
Q5R6Y9,train
Q5R6Z1,train
Q5R6Z4,train
Q5R6Z9,train
Q5R715,train
Q5R732,val
Q5R733,val
Q5R746,train
Q5R751,val
Q5R754,train
Q5R760,train
Q5R776,train
Q5R787,train
Q5R788,train
Q5R789,train
Q5R790,test
Q5R7A0,train
Q5R7A2,train
Q5R7A7,test
Q5R7A9,test
Q5R7B0,train
Q5R7B4,val
Q5R7C3,train
Q5R7C9,val
Q5R7E3,train
Q5R7E4,test
Q5R7E7,train
Q5R7E8,test
Q5R7F2,val
Q5R7F5,train
Q5R7F8,train
Q5R7G6,train
Q5R7G8,train
Q5R7G9,test
Q5R7H0,train
Q5R7H1,train
Q5R7H4,test
Q5R7I1,train
Q5R7I8,train
Q5R7J0,test
Q5R7K7,train
Q5R7K9,train
Q5R7L3,train
Q5R7M1,train
Q5R7M3,train
Q5R7P1,train
Q5R7P4,test
Q5R7P6,train
Q5R7Q1,train
Q5R7Q4,train
Q5R7Q6,val
Q5R7S6,train
Q5R7S9,train
Q5R7T5,train
Q5R7T9,train
Q5R7U0,train
Q5R7U6,val
Q5R7U7,train
Q5R7U8,train
Q5R7V3,train
Q5R7W1,train
Q5R7W8,train
Q5R7X2,val
Q5R7Y0,train
Q5R7Z6,train
Q5R810,train
Q5R815,val
Q5R816,val
Q5R826,train
Q5R840,train
Q5R846,train
Q5R853,val
Q5R887,train
Q5R891,test
Q5R8B0,val
Q5R8B2,train
Q5R8C0,val
Q5R8C2,test
Q5R8C5,train
Q5R8C7,train
Q5R8D4,train
Q5R8D6,train
Q5R8E0,train
Q5R8E2,train
Q5R8E4,train
Q5R8E5,train
Q5R8F5,train
Q5R8F6,train
Q5R8G9,train
Q5R8H0,train
Q5R8H1,test
Q5R8I8,test
Q5R8K3,val
Q5R8L6,train
Q5R8M4,train
Q5R8M5,val
Q5R8N9,train
Q5R8P3,val
Q5R8P9,test
Q5R8Q2,val
Q5R8Q8,val
Q5R8R3,train
Q5R8R4,val
Q5R8R6,train
Q5R8S0,train
Q5R8S9,train
Q5R8U1,train
Q5R8V2,test
Q5R8V9,train
Q5R8W8,test
Q5R8W9,train
Q5R8X0,val
Q5R8X1,train
Q5R8X6,train
Q5R8Y4,test
Q5R8Z4,test
Q5R903,train
Q5R919,val
Q5R923,train
Q5R930,train
Q5R939,val
Q5R941,val
Q5R957,train
Q5R966,test
Q5R987,val
Q5R989,val
Q5R998,train
Q5R9A6,train
Q5R9B2,train
Q5R9B8,train
Q5R9C1,val
Q5R9C3,train
Q5R9E3,val
Q5R9E4,train
Q5R9F5,train
Q5R9G9,train
Q5R9I0,train
Q5R9K2,test
Q5R9K4,train
Q5R9L2,train
Q5R9L4,val
Q5R9L5,train
Q5R9L6,val
Q5R9M4,train
Q5R9M9,train
Q5R9N0,train
Q5R9N7,test
Q5R9P4,train
Q5R9Q8,val
Q5R9Q9,train
Q5R9R1,train
Q5R9S5,train
Q5R9S6,train
Q5R9T2,train
Q5R9T9,train
Q5R9U1,val
Q5R9U6,train
Q5R9U7,train
Q5R9U8,test
Q5R9U9,train
Q5R9V0,train
Q5R9V1,test
Q5R9W0,train
Q5R9W5,train
Q5R9W9,val
Q5R9Y3,train
Q5R9Y9,train
Q5R9Z7,val
Q5RA02,test
Q5RA03,train
Q5RA17,val
Q5RA30,train
Q5RA37,train
Q5RA41,test
Q5RA50,test
Q5RA57,train
Q5RA61,val
Q5RA63,train
Q5RA67,train
Q5RA68,train
Q5RA73,train
Q5RA75,train
Q5RA76,train
Q5RA78,train
Q5RA81,train
Q5RA91,train
Q5RA93,train
Q5RAA7,train
Q5RAA9,train
Q5RAB7,train
Q5RAB8,train
Q5RAC0,train
Q5RAC1,val
Q5RAC4,train
Q5RAC8,train
Q5RAC9,train
Q5RAD0,train
Q5RAF0,test
Q5RAF1,train
Q5RAF2,train
Q5RAF8,train
Q5RAG2,train
Q5RAG3,train
Q5RAG4,val
Q5RAH3,train
Q5RAH8,train
Q5RAJ7,train
Q5RAJ8,test
Q5RAK3,val
Q5RAK7,train
Q5RAK8,train
Q5RAL4,val
Q5RAL8,test
Q5RAP4,test
Q5RAP5,train
Q5RAQ2,test
Q5RAQ5,train
Q5RAR5,train
Q5RAR6,train
Q5RAR8,test
Q5RAS1,train
Q5RAS2,train
Q5RAS7,train
Q5RAS8,train
Q5RAT2,train
Q5RAT4,train
Q5RAT7,train
Q5RAT8,train
Q5RAT9,train
Q5RAU0,train
Q5RAU1,train
Q5RAU9,train
Q5RAV7,val
Q5RAV8,val
Q5RAW7,train
Q5RAX1,train
Q5RAX9,train
Q5RAY7,val
Q5RAZ4,train
Q5RAZ5,test
Q5RB07,train
Q5RB16,test
Q5RB33,train
Q5RB52,train
Q5RB63,train
Q5RB68,train
Q5RB69,test
Q5RB75,train
Q5RB77,val
Q5RB79,val
Q5RB89,val
Q5RB98,val
Q5RBA1,train
Q5RBB3,val
Q5RBB5,val
Q5RBB9,train
Q5RBD5,train
Q5RBD9,val
Q5RBE4,train
Q5RBE8,val
Q5RBF1,val
Q5RBG2,train
Q5RBG4,train
Q5RBH2,train
Q5RBH8,train
Q5RBI7,val
Q5RBK3,train
Q5RBK6,train
Q5RBK9,train
Q5RBL0,val
Q5RBL2,train
Q5RBL5,train
Q5RBL6,train
Q5RBL9,train
Q5RBM3,test
Q5RBM6,val
Q5RBM7,train
Q5RBN1,train
Q5RBN8,train
Q5RBP1,train
Q5RBP8,val
Q5RBP9,train
Q5RBQ5,train
Q5RBQ8,test
Q5RBR6,test
Q5RBR8,train
Q5RBS1,train
Q5RBS3,train
Q5RBS5,train
Q5RBS7,train
Q5RBT7,train
Q5RBT8,train
Q5RBU0,train
Q5RBU1,train
Q5RBU2,train
Q5RBU3,train
Q5RBU7,val
Q5RBV3,train
Q5RBV9,test
Q5RBW0,train
Q5RBW3,train
Q5RBW9,train
Q5RBX0,train
Q5RBX2,train
Q5RBY3,train
Q5RBY5,train
Q5RBY6,test
Q5RBY9,train
Q5RBZ3,val
Q5RC01,train
Q5RC03,train
Q5RC04,train
Q5RC05,val
Q5RC06,train
Q5RC24,train
Q5RC29,train
Q5RC33,train
Q5RC38,val
Q5RC43,val
Q5RC45,train
Q5RC46,test
Q5RC53,test
Q5RC62,train
Q5RC67,train
Q5RC79,val
Q5RC80,train
Q5RC84,train
Q5RC94,val
Q5RCA2,train
Q5RCA3,train
Q5RCA4,train
Q5RCA7,val
Q5RCC1,train
Q5RCE5,train
Q5RCE6,test
Q5RCF7,test
Q5RCG1,train
Q5RCH2,val
Q5RCH6,train
Q5RCH8,train
Q5RCI5,test
Q5RCJ1,train
Q5RCJ4,train
Q5RCL7,test
Q5RCM2,train
Q5RCM6,train
Q5RCM9,train
Q5RCN4,val
Q5RCN6,test
Q5RCN7,train
Q5RCP1,test
Q5RCP4,train
Q5RCQ0,train
Q5RCQ2,test
Q5RCQ6,test
Q5RCQ9,test
Q5RCR2,test
Q5RCR5,train
Q5RCR6,train
Q5RCR9,train
Q5RCS3,train
Q5RCS9,train
Q5RCT1,val
Q5RCU0,train
Q5RCU4,train
Q5RCV1,train
Q5RCV3,train
Q5RCW2,train
Q5RCW5,train
Q5RCW6,train
Q5RCX2,train
Q5RCX3,train
Q5RCX4,train
Q5RCY1,test
Q5RCY2,train
Q5RCY3,train
Q5RCY5,test
Q5RCY6,train
Q5RCY9,train
Q5RCZ2,train
Q5RCZ5,train
Q5RD01,val
Q5RD03,train
Q5RD06,test
Q5RD09,val
Q5RD14,train
Q5RD21,train
Q5RD30,test
Q5RD31,train
Q5RD32,train
Q5RD33,test
Q5RD34,train
Q5RD40,val
Q5RD48,train
Q5RD50,train
Q5RD56,val
Q5RD67,test
Q5RD68,val
Q5RD71,train
Q5RD75,val
Q5RD78,train
Q5RD79,val
Q5RD93,train
Q5RD97,val
Q5RDA4,train
Q5RDA5,train
Q5RDA8,train
Q5RDB4,train
Q5RDC3,train
Q5RDC7,train
Q5RDC8,train
Q5RDE1,train
Q5RDE3,test
Q5RDF1,test
Q5RDG3,train
Q5RDG7,val
Q5RDG8,train
Q5RDH2,train
Q5RDH6,train
Q5RDI0,train
Q5RDI2,train
Q5RDJ3,train
Q5RDJ5,val
Q5RDJ7,train
Q5RDK0,train
Q5RDK1,train
Q5RDK8,val
Q5RDL2,train
Q5RDL5,train
Q5RDL7,test
Q5RDM3,train
Q5RDN7,val
Q5RDP0,test
Q5RDP3,train
Q5RDP4,test
Q5RDP6,train
Q5RDQ3,val
Q5RDQ4,train
Q5RDQ8,train
Q5RDR2,train
Q5RDR5,train
Q5RDU4,train
Q5RDV1,train
Q5RDV6,test
Q5RDV8,train
Q5RDW1,train
Q5RDX3,train
Q5RDX4,val
Q5RDX5,train
Q5RDY3,train
Q5RDY9,train
Q5RDZ1,val
Q5RDZ2,train
Q5RDZ8,train
Q5RE06,train
Q5RE16,val
Q5RE30,train
Q5RE35,test
Q5RE43,val
Q5RE49,train
Q5RE50,test
Q5RE51,train
Q5RE57,train
Q5RE60,test
Q5RE62,test
Q5RE82,train
Q5RE95,train
Q5RE99,train
Q5REA0,train
Q5REA1,train
Q5REA8,train
Q5REC3,train
Q5REC6,val
Q5REE2,train
Q5REF6,train
Q5REF9,train
Q5REG1,test
Q5REG2,test
Q5REH5,train
Q5REI5,train
Q5REI6,train
Q5REJ0,train
Q5REJ1,train
Q5REJ2,train
Q5REK1,train
Q5REK3,train
Q5REK4,train
Q5REK8,train
Q5REL0,train
Q5REM2,train
Q5REM3,train
Q5REM7,train
Q5REM8,train
Q5REN4,test
Q5REP0,test
Q5REP2,train
Q5REP3,train
Q5REQ1,train
Q5RER0,train
Q5RER2,train
Q5RER6,train
Q5RER9,val
Q5RES5,train
Q5RES8,train
Q5RET0,train
Q5RET3,train
Q5RET7,train
Q5RET9,train
Q5REU9,train
Q5REV5,train
Q5REV9,train
Q5REW1,train
Q5REW9,train
Q5REX1,test
Q5REX5,train
Q5REY3,val
Q5REY8,train
Q5REY9,train
Q5REZ0,train
Q5REZ5,train
Q5REZ6,train
Q5RF01,test
Q5RF05,test
Q5RF07,train
Q5RF08,test
Q5RF14,val
Q5RF15,train
Q5RF19,val
Q5RF26,train
Q5RF29,train
Q5RF32,train
Q5RF33,train
Q5RF36,val
Q5RF40,train
Q5RF51,test
Q5RF63,val
Q5RF70,train
Q5RF72,train
Q5RF73,train
Q5RF75,train
Q5RF77,train
Q5RF96,train
Q5RF97,train
Q5RFB0,train
Q5RFB3,train
Q5RFB7,train
Q5RFC1,train
Q5RFC2,train
Q5RFD0,train
Q5RFD2,train
Q5RFD6,test
Q5RFE4,test
Q5RFE6,test
Q5RFE9,train
Q5RFF6,test
Q5RFF7,train
Q5RFF8,train
Q5RFG0,train
Q5RFG5,train
Q5RFG8,val
Q5RFH9,train
Q5RFI3,train
Q5RFI5,val
Q5RFI8,val
Q5RFI9,train
Q5RFJ0,train
Q5RFJ3,test
Q5RFJ8,train
Q5RFJ9,test
Q5RFL4,val
Q5RFL5,train
Q5RFL7,val
Q5RFM3,train
Q5RFM4,train
Q5RFM7,train
Q5RFN3,train
Q5RFP0,train
Q5RFP3,train
Q5RFQ1,train
Q5RFQ3,val
Q5RFQ4,train
Q5RFQ9,train
Q5RFR4,train
Q5RFR6,val
Q5RFR7,val
Q5RFS0,train
Q5RFT1,train
Q5RFT7,train
Q5RFT9,train
Q5RFU0,test
Q5RFU5,train
Q5RFV4,test
Q5RFV8,train
Q5RFW0,train
Q5RFW2,train
Q5RFZ7,train
Q5RG44,train
Q5RG45,train
Q5RG49,train
Q5RG82,train
Q5RGA4,train
Q5RGB8,train
Q5RGE4,train
Q5RGE5,train
Q5RGE6,train
Q5RGJ5,train
Q5RGJ6,val
Q5RGJ8,train
Q5RGL7,train
Q5RGP9,train
Q5RGQ2,test
Q5RGQ8,train
Q5RGS7,val
Q5RGT6,train
Q5RGU1,train
Q5RGZ1,train
Q5RH01,val
Q5RH02,train
Q5RH51,val
Q5RH71,train
Q5RH73,train
Q5RH95,test
Q5RHB5,train
Q5RHD1,train
Q5RHH4,train
Q5RHI5,train
Q5RHP9,train
Q5RHQ8,test
Q5RHR0,train
Q5RHR6,train
Q5RHU7,train
Q5RHX6,train
Q5RHY1,train
Q5RHZ2,train
Q5RHZ6,test
Q5RI15,val
Q5RI43,train
Q5RI56,train
Q5RI75,train
Q5RID7,train
Q5RII3,train
Q5RII9,train
Q5RIM0,test
Q5RIU9,train
Q5RIV4,test
Q5RIV7,val
Q5RIX9,train
Q5RJ20,train
Q5RJ54,train
Q5RJ80,test
Q5RJA1,train
Q5RJB0,train
Q5RJF7,train
Q5RJG1,val
Q5RJH2,train
Q5RJH3,train
Q5RJH6,test
Q5RJI2,train
Q5RJI4,train
Q5RJK3,val
Q5RJL0,train
Q5RJL2,train
Q5RJL6,train
Q5RJM0,train
Q5RJN4,train
Q5RJN7,val
Q5RJN9,train
Q5RJP0,train
Q5RJP7,test
Q5RJP9,train
Q5RJQ0,val
Q5RJQ4,train
Q5RJQ7,train
Q5RJR4,train
Q5RJS8,val
Q5RJT2,train
Q5RJU0,val
Q5RJU3,train
Q5RJV1,test
Q5RJX2,train
Q5RJX8,val
Q5RJY2,train
Q5RJZ6,train
Q5RK00,train
Q5RK27,train
Q5RK28,val
Q5RKG1,train
Q5RKG3,train
Q5RKG6,train
Q5RKH0,test
Q5RKH3,train
Q5RKH6,train
Q5RKH7,train
Q5RKI7,train
Q5RKI8,train
Q5RKJ0,train
Q5RKJ2,train
Q5RKL7,train
Q5RKN3,test
Q5RKN4,train
Q5RKQ0,train
Q5RKV6,train
Q5RKZ7,train
Q5RL51,train
Q5RLM2,train
Q5RZ65,val
Q5S1U1,train
Q5S1V9,train
Q5S248,train
Q5S3G4,test
Q5S6T3,train
Q5S6V2,val
Q5S7W5,train
Q5SC60,train
Q5SDA5,train
Q5SDL7,train
Q5SF07,test
Q5SGD2,train
Q5SGD7,train
Q5SGE0,train
Q5SGK3,train
Q5SNQ7,train
Q5SNQ9,val
Q5SNT2,train
Q5SNV9,train
Q5SNX7,test
Q5SP46,train
Q5SP50,train
Q5SP67,train
Q5SP85,val
Q5SPB1,train
Q5SPB6,train
Q5SPC5,test
Q5SPD7,train
Q5SPF7,train
Q5SPH9,val
Q5SPJ8,val
Q5SPL2,train
Q5SPP0,train
Q5SPP5,train
Q5SPR8,train
Q5SPV6,train
Q5SPW0,train
Q5SPX1,train
Q5SQ64,train
Q5SQE2,train
Q5SQH8,train
Q5SQN1,train
Q5SQP1,train
Q5SQS7,train
Q5SQS8,train
Q5SQX6,train
Q5SR53,train
Q5SR56,val
Q5SRD1,train
Q5SRE5,train
Q5SRE7,train
Q5SRH9,train
Q5SRN2,train
Q5SRR4,train
Q5SRT8,test
Q5SRX1,train
Q5SS80,val
Q5SS90,test
Q5SS91,train
Q5SSG4,train
Q5SSG8,test
Q5SSI6,test
Q5SSJ5,train
Q5SSK3,test
Q5SSM3,train
Q5SSQ6,train
Q5SSZ5,train
Q5SSZ7,train
Q5ST30,train
Q5STE3,test
Q5STR5,train
Q5STT6,train
Q5SU73,train
Q5SUC9,train
Q5SUD9,train
Q5SUE8,train
Q5SUQ9,train
Q5SUR0,train
Q5SUS0,train
Q5SUV1,train
Q5SUV2,train
Q5SUV5,train
Q5SV06,train
Q5SV17,train
Q5SV42,train
Q5SV80,test
Q5SV85,train
Q5SV97,train
Q5SVJ3,test
Q5SVL6,val
Q5SVQ0,train
Q5SVT3,train
Q5SVZ6,train
Q5SW24,train
Q5SW25,test
Q5SW28,train
Q5SW45,train
Q5SW46,test
Q5SW75,train
Q5SW79,train
Q5SW96,train
Q5SWA1,train
Q5SWD9,train
Q5SWH9,train
Q5SWP3,train
Q5SWT3,train
Q5SWY7,val
Q5SWY8,train
Q5SWZ9,train
Q5SX19,test
Q5SX79,test
Q5SXA9,train
Q5SXG7,train
Q5SXH7,train
Q5SXI5,test
Q5SXJ3,train
Q5SXM1,val
Q5SXM2,train
Q5SXM8,train
Q5SXY1,train
Q5SY13,val
Q5SY16,train
Q5SY68,train
Q5SY80,test
Q5SY85,val
Q5SYB0,train
Q5SYC1,test
Q5SYE7,test
Q5SYL1,train
Q5SYL3,train
Q5SZ93,train
Q5SZ99,train
Q5SZA1,train
Q5SZB4,train
Q5SZD1,train
Q5SZD4,train
Q5SZI1,train
Q5SZJ8,train
Q5SZL2,train
Q5SZQ8,val
Q5SZT7,train
Q5SZV5,train
Q5T013,train
Q5T035,train
Q5T036,train
Q5T089,val
Q5T0B9,train
Q5T0D9,train
Q5T0F9,train
Q5T0J3,test
Q5T0J7,val
Q5T0N1,train
Q5T0T0,train
Q5T0U0,train
Q5T0W9,test
Q5T0Z8,train
Q5T124,val
Q5T160,train
Q5T197,train
Q5T1A1,train
Q5T1C6,train
Q5T1J5,train
Q5T1M5,val
Q5T1N1,test
Q5T1S8,train
Q5T1V6,test
Q5T200,train
Q5T230,train
Q5T280,train
Q5T292,train
Q5T2D2,val
Q5T2D3,train
Q5T2E6,train
Q5T2L2,val
Q5T2N8,train
Q5T2Q4,val
Q5T2R2,val
Q5T2S8,train
Q5T3F8,val
Q5T3I0,test
Q5T3J3,train
Q5T3U5,train
Q5T3Y7,val
Q5T440,train
Q5T442,train
Q5T447,train
Q5T481,train
Q5T4F7,val
Q5T4H9,train
Q5T4I8,test
Q5T4T6,train
Q5T4W7,train
Q5T5A4,train
Q5T5A8,train
Q5T5F5,train
Q5T5J6,train
Q5T5M9,train
Q5T5N4,train
Q5T5P2,train
Q5T5S1,val
Q5T5U3,train
Q5T5Y3,train
Q5T601,train
Q5T619,train
Q5T653,train
Q5T655,train
Q5T681,val
Q5T6C5,train
Q5T6F0,test
Q5T6F2,test
Q5T6J7,train
Q5T6L9,val
Q5T6M2,test
Q5T6R2,test
Q5T6S3,train
Q5T6V5,train
Q5T6X4,test
Q5T6X5,train
Q5T700,train
Q5T742,test
Q5T749,train
Q5T750,train
Q5T751,test
Q5T752,train
Q5T764,train
Q5T7B8,val
Q5T7M4,train
Q5T7M9,train
Q5T7N2,val
Q5T7N3,train
Q5T7N8,train
Q5T7P2,val
Q5T7P6,train
Q5T7P8,test
Q5T7R7,test
Q5T7V8,test
Q5T848,train
Q5T870,train
Q5T890,train
Q5T8A7,val
Q5T8P6,train
Q5T8R8,train
Q5T953,test
Q5T9A4,val
Q5T9C2,train
Q5T9C9,train
Q5T9G4,train
Q5T9L3,train
Q5T9S5,train
Q5T9Z0,train
Q5TA31,train
Q5TA45,train
Q5TA50,val
Q5TA76,train
Q5TA77,test
Q5TA78,val
Q5TA79,train
Q5TA82,train
Q5TAA0,val
Q5TAB7,train
Q5TAH2,train
Q5TAP6,train
Q5TAT6,train
Q5TAX3,test
Q5TB30,train
Q5TB80,train
Q5TBB1,test
Q5TBC7,val
Q5TBE3,test
Q5TBK1,test
Q5TC04,test
Q5TC12,val
Q5TC63,test
Q5TC79,train
Q5TC84,val
Q5TCH4,train
Q5TCM9,val
Q5TCQ9,val
Q5TCS8,train
Q5TCX8,val
Q5TCY1,train
Q5TD94,train
Q5TDP6,test
Q5TEA3,train
Q5TEA6,train
Q5TEC3,val
Q5TEJ8,val
Q5TEZ4,train
Q5TF39,train
Q5TFE4,train
Q5TFG8,train
Q5TFQ8,train
Q5TG30,test
Q5TG53,train
Q5TGI4,test
Q5TGJ6,test
Q5TGL8,train
Q5TGP6,train
Q5TGS1,train
Q5TGU0,train
Q5TGY1,train
Q5TH69,train
Q5TH74,train
Q5THK1,train
Q5THR3,train
Q5TIA1,val
Q5TIE3,train
Q5TIS6,train
Q5TJ59,val
Q5TJE1,val
Q5TJE4,train
Q5TJE5,train
Q5TJE7,train
Q5TJE8,train
Q5TJF0,train
Q5TJF5,test
Q5TKA1,train
Q5TKR9,train
Q5TM23,train
Q5TM45,train
Q5TM52,train
Q5TM57,test
Q5TM62,test
Q5TM63,test
Q5TM64,test
Q5TM66,train
Q5TM68,val
Q5TM83,test
Q5TNH5,train
Q5TP13,train
Q5TRE7,train
Q5TT27,train
Q5TTP0,train
Q5TU55,test
Q5TUE9,test
Q5TUF1,train
Q5TVM9,val
Q5TWR9,train
Q5TX47,train
Q5TXB2,train
Q5TXN1,train
Q5TYJ0,val
Q5TYM5,train
Q5TYM7,train
Q5TYP4,train
Q5TYP8,train
Q5TYQ1,test
Q5TYQ3,train
Q5TYQ8,test
Q5TYS0,train
Q5TYS5,train
Q5TYV0,train
Q5TYV4,test
Q5TYW1,train
Q5TYW6,train
Q5TZ07,train
Q5TZ20,val
Q5TZ24,val
Q5TZ51,train
Q5TZ80,test
Q5TZA2,train
Q5TZA3,train
Q5TZE1,test
Q5TZE2,val
Q5TZF3,train
Q5U117,train
Q5U1X1,train
Q5U1X7,train
Q5U1Y1,train
Q5U1Y4,train
Q5U1Y9,test
Q5U1Z7,test
Q5U1Z8,val
Q5U201,val
Q5U206,train
Q5U209,train
Q5U220,train
Q5U236,val
Q5U239,val
Q5U243,test
Q5U245,train
Q5U247,train
Q5U252,test
Q5U258,train
Q5U263,train
Q5U274,test
Q5U2M6,train
Q5U2M8,train
Q5U2N0,train
Q5U2N3,val
Q5U2P2,train
Q5U2P3,train
Q5U2P6,val
Q5U2R1,train
Q5U2R2,train
Q5U2R3,train
Q5U2R4,train
Q5U2R5,train
Q5U2R7,train
Q5U2S3,test
Q5U2S5,train
Q5U2T7,train
Q5U2T9,train
Q5U2U2,train
Q5U2U7,train
Q5U2V4,train
Q5U2V5,train
Q5U2W4,train
Q5U2W5,train
Q5U2W9,train
Q5U2X0,val
Q5U2X2,train
Q5U2X4,val
Q5U2X5,train
Q5U2X7,train
Q5U2Y0,val
Q5U2Y8,train
Q5U2Y9,train
Q5U2Z0,test
Q5U2Z3,test
Q5U301,test
Q5U309,test
Q5U311,train
Q5U312,train
Q5U317,val
Q5U349,train
Q5U378,train
Q5U385,train
Q5U3A7,train
Q5U3A8,train
Q5U3F2,train
Q5U3F8,train
Q5U3G1,train
Q5U3G4,train
Q5U3G6,train
Q5U3H2,train
Q5U3H3,train
Q5U3H9,val
Q5U3I0,train
Q5U3I2,train
Q5U3J8,train
Q5U3K5,train
Q5U3N0,train
Q5U3N7,train
Q5U3P0,test
Q5U3Q6,val
Q5U3S1,val
Q5U3S7,train
Q5U3T0,train
Q5U3T5,train
Q5U3U0,train
Q5U3U3,train
Q5U3U4,train
Q5U3U6,val
Q5U3U7,val
Q5U3V7,train
Q5U3V9,train
Q5U3W0,train
Q5U3W1,train
Q5U3W3,train
Q5U3Y0,train
Q5U3Y5,train
Q5U3Y7,test
Q5U3Y9,train
Q5U3Z3,test
Q5U3Z6,train
Q5U403,train
Q5U405,test
Q5U419,train
Q5U431,val
Q5U462,train
Q5U464,test
Q5U465,train
Q5U4A3,train
Q5U4C1,train
Q5U4C3,train
Q5U4D8,train
Q5U4E0,test
Q5U4E2,val
Q5U4E8,test
Q5U4F6,train
Q5U4H9,train
Q5U4I3,train
Q5U4K5,val
Q5U4N7,train
Q5U4Q0,train
Q5U4Q6,test
Q5U4Q9,train
Q5U4T9,train
Q5U4U4,train
Q5U4U5,test
Q5U4U6,train
Q5U4W1,train
Q5U4W6,train
Q5U4X7,train
Q5U4Z3,train
Q5U4Z8,train
Q5U504,train
Q5U508,train
Q5U509,train
Q5U523,train
Q5U528,test
Q5U534,train
Q5U538,train
Q5U550,val
Q5U554,train
Q5U567,train
Q5U575,train
Q5U580,train
Q5U584,test
Q5U593,test
Q5U5A3,val
Q5U5D0,train
Q5U5D4,train
Q5U5E5,train
Q5U5M8,train
Q5U5Q9,train
Q5U5V2,val
Q5U5X8,train
Q5U623,train
Q5U649,val
Q5U680,train
Q5U752,train
Q5U7M7,train
Q5U7N0,val
Q5U7N3,test
Q5U901,train
Q5U9D2,test
Q5U9D7,val
Q5U9S1,train
Q5U9X3,train
Q5UAK0,train
Q5UAP4,test
Q5UAS2,val
Q5UAW9,train
Q5UBV8,val
Q5UE90,train
Q5UE93,train
Q5UE94,train
Q5UEM7,test
Q5UEM8,val
Q5UK76,train
Q5UKY4,train
Q5UU75,train
Q5UW37,train
Q5VAN1,test
Q5VCS6,train
Q5VFH6,train
Q5VI84,train
Q5VIY5,train
Q5VJ39,train
Q5VJ57,train
Q5VJ60,val
Q5VJ70,train
Q5VJS9,test
Q5VK71,train
Q5VSD8,val
Q5VSE6,val
Q5VSL9,train
Q5VSP4,train
Q5VSR9,train
Q5VST6,train
Q5VT03,train
Q5VT28,train
Q5VT33,train
Q5VT52,train
Q5VT66,val
Q5VT97,train
Q5VT98,train
Q5VTA0,val
Q5VTB9,train
Q5VTD9,test
Q5VTH2,train
Q5VTH9,train
Q5VTJ3,train
Q5VTL7,val
Q5VTM2,train
Q5VTT2,val
Q5VTT5,train
Q5VTU8,train
Q5VTY9,train
Q5VU57,train
Q5VU65,train
Q5VU69,train
Q5VU92,train
Q5VU97,test
Q5VUD6,train
Q5VUE5,train
Q5VUG0,train
Q5VUJ5,train
Q5VUJ6,val
Q5VUJ9,train
Q5VUM1,val
Q5VUY0,train
Q5VUY2,val
Q5VV17,train
Q5VV41,train
Q5VV43,val
Q5VV52,train
Q5VV63,train
Q5VV67,test
Q5VVB8,train
Q5VVC0,train
Q5VVH5,train
Q5VVJ2,val
Q5VVM6,train
Q5VVP1,train
Q5VVS0,train
Q5VVW2,train
Q5VVX9,test
Q5VW00,train
Q5VW36,train
Q5VW38,test
Q5VWG9,val
Q5VWI1,train
Q5VWK5,train
Q5VWM6,train
Q5VWP3,train
Q5VWT5,train
Q5VWW1,train
Q5VX52,val
Q5VX71,val
Q5VXH5,train
Q5VXI9,test
Q5VXJ0,train
Q5VXM1,train
Q5VXU3,test
Q5VXU9,train
Q5VY09,train
Q5VY43,train
Q5VYJ5,train
Q5VYM1,val
Q5VYS4,train
Q5VYS8,train
Q5VYV7,train
Q5VYX0,train
Q5VYY1,train
Q5VYY2,test
Q5VZ03,train
Q5VZ18,test
Q5VZ19,train
Q5VZ46,test
Q5VZ52,train
Q5VZ66,train
Q5VZ72,test
Q5VZ89,train
Q5VZB9,train
Q5VZE5,val
Q5VZI3,val
Q5VZK9,val
Q5VZL5,train
Q5VZP5,train
Q5VZQ5,train
Q5VZR2,train
Q5VZR4,test
Q5VZV1,train
Q5W041,train
Q5W064,train
Q5W0A0,train
Q5W0B7,train
Q5W0N0,train
Q5W0Q7,train
Q5W0U4,train
Q5W0Z9,test
Q5W111,train
Q5W150,val
Q5W186,train
Q5W188,train
Q5W1J5,train
Q5W1J6,val
Q5W1L3,train
Q5W1L5,train
Q5W280,train
Q5W416,val
Q5W4S4,test
Q5W5W9,val
Q5W5X9,train
Q5W7F1,train
Q5W7F3,train
Q5W7F4,test
Q5W7P8,train
Q5W8I7,train
Q5W8I8,train
Q5W8W0,train
Q5W958,val
Q5W959,train
Q5W960,train
Q5W9T5,test
Q5W9T8,val
Q5WA50,train
Q5WM45,train
Q5WN23,train
Q5WN60,train
Q5WNE3,train
Q5WPS9,train
Q5WPU9,train
Q5WQV8,train
Q5WR03,train
Q5WRN1,val
Q5WRN3,train
Q5WRS0,train
Q5WRU0,val
Q5XF89,train
Q5XF90,train
Q5XFQ6,train
Q5XFR0,test
Q5XFW2,train
Q5XFW8,train
Q5XFX8,test
Q5XFY4,train
Q5XFZ0,test
Q5XG04,train
Q5XG16,train
Q5XG21,train
Q5XG24,train
Q5XG48,val
Q5XG50,train
Q5XG58,val
Q5XG64,train
Q5XG69,train
Q5XG92,val
Q5XGB9,test
Q5XGC7,train
Q5XGC9,train
Q5XGE0,train
Q5XGG2,train
Q5XGG3,train
Q5XGI3,train
Q5XGI5,train
Q5XGJ0,test
Q5XGK0,train
Q5XGL1,train
Q5XGL6,train
Q5XGL8,train
Q5XGM3,test
Q5XGM5,val
Q5XGN1,test
Q5XGR0,val
Q5XGR4,train
Q5XGR8,train
Q5XGS8,train
Q5XGT8,train
Q5XGU1,train
Q5XGV8,train
Q5XGW0,train
Q5XGW6,train
Q5XGW7,train
Q5XGX5,train
Q5XGY0,val
Q5XGY1,train
Q5XGY9,train
Q5XGZ8,train
Q5XGZ9,train
Q5XH07,train
Q5XH12,val
Q5XH17,train
Q5XH29,train
Q5XH36,train
Q5XH39,train
Q5XH48,train
Q5XH90,train
Q5XHB4,train
Q5XHC1,train
Q5XHC5,train
Q5XHF3,test
Q5XHF8,train
Q5XHF9,train
Q5XHG1,val
Q5XHH7,test
Q5XHH8,train
Q5XHH9,train
Q5XHI2,train
Q5XHI3,train
Q5XHI4,test
Q5XHI9,train
Q5XHM7,train
Q5XHX6,train
Q5XHX8,val
Q5XHX9,test
Q5XHY3,val
Q5XHY4,train
Q5XHY5,train
Q5XHY7,train
Q5XHY8,train
Q5XHZ2,val
Q5XI00,train
Q5XI03,val
Q5XI05,val
Q5XI06,train
Q5XI07,val
Q5XI13,train
Q5XI14,train
Q5XI28,test
Q5XI29,train
Q5XI33,train
Q5XI37,train
Q5XI43,train
Q5XI50,val
Q5XI51,val
Q5XI52,train
Q5XI53,val
Q5XI54,train
Q5XI55,train
Q5XI56,train
Q5XI57,train
Q5XI62,train
Q5XI65,train
Q5XI67,test
Q5XI74,train
Q5XI79,train
Q5XI81,train
Q5XI83,val
Q5XI89,train
Q5XI94,train
Q5XI95,train
Q5XI96,val
Q5XI99,val
Q5XIA1,val
Q5XIA3,train
Q5XIA8,test
Q5XIB2,test
Q5XIB4,test
Q5XIB5,train
Q5XIC0,test
Q5XIC2,train
Q5XIC3,val
Q5XIC4,val
Q5XID1,train
Q5XIE3,train
Q5XIF9,train
Q5XIG2,train
Q5XIG4,val
Q5XIH2,train
Q5XIH4,train
Q5XII8,train
Q5XIJ4,test
Q5XIJ5,test
Q5XIJ8,val
Q5XIJ9,test
Q5XIK2,train
Q5XIK6,test
Q5XIK7,train
Q5XIK8,test
Q5XIL0,train
Q5XIL5,train
Q5XIM4,val
Q5XIM5,train
Q5XIN3,train
Q5XIN5,train
Q5XIN7,test
Q5XIN9,train
Q5XIP4,test
Q5XIQ2,train
Q5XIQ3,train
Q5XIR4,train
Q5XIR6,train
Q5XIR8,train
Q5XIR9,train
Q5XIS2,train
Q5XIS7,train
Q5XIT0,test
Q5XIT1,test
Q5XIT3,train
Q5XIT9,test
Q5XIU7,train
Q5XIU9,train
Q5XIV0,train
Q5XIV2,test
Q5XIX3,val
Q5XIX8,train
Q5XIY2,test
Q5XIY4,train
Q5XIY6,train
Q5XIY8,test
Q5XIZ6,train
Q5XIZ9,train
Q5XJ10,test
Q5XJ13,train
Q5XJ36,train
Q5XJ54,test
Q5XJ56,train
Q5XJ57,val
Q5XJ85,train
Q5XJ97,train
Q5XJA0,train
Q5XJA2,train
Q5XJA3,train
Q5XJA5,val
Q5XJB9,train
Q5XJD3,train
Q5XJK1,train
Q5XJK9,train
Q5XJN2,test
Q5XJN6,val
Q5XJP0,val
Q5XJP1,val
Q5XJQ5,train
Q5XJQ7,train
Q5XJS0,train
Q5XJS5,train
Q5XJV6,val
Q5XJV7,val
Q5XJW2,val
Q5XJX0,train
Q5XJX1,test
Q5XJY6,train
Q5XK03,train
Q5XK67,train
Q5XK72,train
Q5XK83,train
Q5XK84,train
Q5XK85,train
Q5XK92,train
Q5XK94,train
Q5XKA2,val
Q5XKA6,val
Q5XKE0,val
Q5XKE5,train
Q5XKK7,train
Q5XKL5,train
Q5XKN4,train
Q5XKR4,train
Q5XKR9,train
Q5XLA6,train
Q5XLE4,val
Q5XLR4,train
Q5XM32,train
Q5XNR9,test
Q5XNS0,train
Q5XPI3,train
Q5XTN8,train
Q5XTS1,train
Q5XUC7,train
Q5XUN4,test
Q5XUW8,train
Q5XUX0,train
Q5XUX1,train
Q5XW65,train
Q5XWD5,train
Q5XX13,train
Q5XXA6,train
Q5XXA7,train
Q5XXA9,test
Q5XXP2,train
Q5XXR2,val
Q5Y171,test
Q5Y4N8,train
Q5Y4U2,val
Q5Y4U3,train
Q5Y4U4,train
Q5Y4U5,train
Q5Y4U6,train
Q5Y4U7,train
Q5Y4V3,test
Q5Y4V6,train
Q5Y4V7,train
Q5Y4V8,train
Q5Y4V9,train
Q5Y4W1,train
Q5Y4W6,test
Q5Y4W7,val
Q5Y4X1,val
Q5Y4X2,train
Q5Y4Y1,train
Q5Y4Y3,train
Q5Y4Y6,train
Q5Y4Y9,train
Q5Y4Z0,test
Q5Y4Z5,train
Q5Y5T1,val
Q5Y5T5,train
Q5Y8D6,train
Q5YA25,test
Q5YB40,train
Q5YB65,val
Q5YCC5,val
Q5YCC7,train
Q5YCU7,train
Q5YD59,train
Q5YD76,train
Q5YD77,test
Q5YF89,train
Q5YJC1,test
Q5YKI7,train
Q5YKK4,train
Q5YKK9,train
Q5YLH5,train
Q5ZEP9,train
Q5ZEQ8,train
Q5ZHK9,val
Q5ZHL0,train
Q5ZHN1,train
Q5ZHN4,train
Q5ZHN5,train
Q5ZHN9,train
Q5ZHP7,train
Q5ZHP8,val
Q5ZHQ2,train
Q5ZHQ5,train
Q5ZHQ6,train
Q5ZHS0,train
Q5ZHS3,train
Q5ZHT1,train
Q5ZHU0,train
Q5ZHV1,train
Q5ZHV5,train
Q5ZHV8,train
Q5ZHW7,test
Q5ZHX5,train
Q5ZHX6,train
Q5ZHX7,test
Q5ZHX9,val
Q5ZHY5,train
Q5ZI03,test
Q5ZI05,train
Q5ZI08,val
Q5ZI11,train
Q5ZI13,train
Q5ZI16,test
Q5ZI20,train
Q5ZI22,train
Q5ZI23,train
Q5ZI25,train
Q5ZI27,train
Q5ZI34,train
Q5ZI40,train
Q5ZI43,val
Q5ZI51,train
Q5ZI58,train
Q5ZI66,train
Q5ZI67,train
Q5ZI69,train
Q5ZI74,train
Q5ZI78,train
Q5ZI82,train
Q5ZI87,train
Q5ZI89,train
Q5ZIA0,train
Q5ZIA2,val
Q5ZIB2,test
Q5ZIB8,train
Q5ZIB9,train
Q5ZIC8,test
Q5ZID0,train
Q5ZID1,train
Q5ZID2,train
Q5ZID5,train
Q5ZID6,train
Q5ZIE4,train
Q5ZIE6,train
Q5ZIE8,val
Q5ZIF1,val
Q5ZIF3,test
Q5ZIF8,train
Q5ZIG0,train
Q5ZIG2,train
Q5ZIG3,train
Q5ZIH2,test
Q5ZIH3,train
Q5ZIH9,train
Q5ZII3,val
Q5ZIJ0,test
Q5ZIJ2,train
Q5ZIJ8,val
Q5ZIJ9,train
Q5ZIK0,train
Q5ZIK2,train
Q5ZIK6,train
Q5ZIK9,train
Q5ZIL4,train
Q5ZIL6,val
Q5ZIL9,train
Q5ZIM6,train
Q5ZIN0,train
Q5ZIN1,train
Q5ZIN2,train
Q5ZIP3,train
Q5ZIP4,train
Q5ZIP6,train
Q5ZIQ3,train
Q5ZIR1,train
Q5ZIR5,val
Q5ZIR8,train
Q5ZIS0,test
Q5ZIS9,test
Q5ZIT5,val
Q5ZIT8,train
Q5ZIT9,test
Q5ZIU0,train
Q5ZIU1,test
Q5ZIU3,train
Q5ZIU8,test
Q5ZIU9,train
Q5ZIV9,train
Q5ZIW1,test
Q5ZIW2,train
Q5ZIW5,train
Q5ZIW7,test
Q5ZIX8,train
Q5ZIY4,train
Q5ZIZ2,train
Q5ZIZ4,train
Q5ZJ00,train
Q5ZJ02,test
Q5ZJ07,train
Q5ZJ08,train
Q5ZJ17,train
Q5ZJ20,train
Q5ZJ23,test
Q5ZJ24,val
Q5ZJ25,train
Q5ZJ26,val
Q5ZJ27,test
Q5ZJ32,val
Q5ZJ37,train
Q5ZJ40,val
Q5ZJ43,train
Q5ZJ54,train
Q5ZJ58,train
Q5ZJ60,train
Q5ZJ66,train
Q5ZJ69,train
Q5ZJ73,val
Q5ZJ74,train
Q5ZJ81,train
Q5ZJ87,train
Q5ZJ97,train
Q5ZJA2,train
Q5ZJA3,val
Q5ZJA4,val
Q5ZJA9,train
Q5ZJB4,train
Q5ZJB7,train
Q5ZJC7,train
Q5ZJC8,train
Q5ZJD3,train
Q5ZJD8,train
Q5ZJD9,train
Q5ZJE4,train
Q5ZJF4,train
Q5ZJF6,train
Q5ZJG8,train
Q5ZJH2,train
Q5ZJH6,train
Q5ZJH7,test
Q5ZJH8,train
Q5ZJH9,train
Q5ZJI0,train
Q5ZJI9,test
Q5ZJJ1,test
Q5ZJJ2,train
Q5ZJJ5,train
Q5ZJK1,train
Q5ZJK5,val
Q5ZJL5,train
Q5ZJL7,val
Q5ZJL8,train
Q5ZJL9,train
Q5ZJM3,train
Q5ZJM7,train
Q5ZJN0,test
Q5ZJN1,train
Q5ZJN4,train
Q5ZJP5,train
Q5ZJP7,val
Q5ZJP9,val
Q5ZJQ2,train
Q5ZJQ8,val
Q5ZJR9,train
Q5ZJS0,train
Q5ZJT0,train
Q5ZJT1,train
Q5ZJU0,train
Q5ZJU3,train
Q5ZJU4,train
Q5ZJU5,train
Q5ZJU8,test
Q5ZJV4,train
Q5ZJV6,train
Q5ZJW8,train
Q5ZJX0,train
Q5ZJX1,train
Q5ZJX4,train
Q5ZJX5,train
Q5ZJX7,train
Q5ZJY3,train
Q5ZJY5,train
Q5ZJY9,train
Q5ZJZ4,val
Q5ZJZ5,train
Q5ZJZ6,train
Q5ZK09,train
Q5ZK10,train
Q5ZK13,train
Q5ZK17,train
Q5ZK28,train
Q5ZK32,val
Q5ZK33,train
Q5ZK43,test
Q5ZK44,train
Q5ZK47,train
Q5ZK55,train
Q5ZK62,test
Q5ZK63,train
Q5ZK69,train
Q5ZK74,test
Q5ZK77,test
Q5ZK82,train
Q5ZK84,test
Q5ZK88,train
Q5ZK90,train
Q5ZK92,train
Q5ZK95,train
Q5ZKA2,train
Q5ZKA3,train
Q5ZKA4,train
Q5ZKA5,train
Q5ZKA6,train
Q5ZKB1,train
Q5ZKB7,val
Q5ZKB8,val
Q5ZKC1,val
Q5ZKD4,train
Q5ZKD5,val
Q5ZKD7,train
Q5ZKE5,val
Q5ZKF4,test
Q5ZKF6,train
Q5ZKG1,test
Q5ZKG2,train
Q5ZKG3,test
Q5ZKG5,train
Q5ZKG8,train
Q5ZKH3,train
Q5ZKH4,train
Q5ZKH6,train
Q5ZKH8,train
Q5ZKI2,train
Q5ZKI4,train
Q5ZKI6,val
Q5ZKI7,train
Q5ZKJ5,train
Q5ZKK0,train
Q5ZKK3,train
Q5ZKK4,test
Q5ZKK5,train
Q5ZKL5,test
Q5ZKL6,train
Q5ZKL7,train
Q5ZKL9,train
Q5ZKM0,train
Q5ZKM1,train
Q5ZKN2,train
Q5ZKN3,test
Q5ZKN5,test
Q5ZKP2,val
Q5ZKP6,train
Q5ZKP7,train
Q5ZKQ3,test
Q5ZKQ5,train
Q5ZKQ6,train
Q5ZKR4,train
Q5ZKR7,test
Q5ZKS6,test
Q5ZKS8,val
Q5ZKT1,train
Q5ZKT6,val
Q5ZKT8,train
Q5ZKT9,val
Q5ZKU0,train
Q5ZKU8,train
Q5ZKV4,train
Q5ZKV9,train
Q5ZKW0,val
Q5ZKW5,train
Q5ZKW8,train
Q5ZKX1,test
Q5ZKY0,train
Q5ZKY2,val
Q5ZKY9,train
Q5ZKZ4,train
Q5ZKZ9,train
Q5ZL00,test
Q5ZL05,val
Q5ZL12,train
Q5ZL13,train
Q5ZL18,val
Q5ZL19,val
Q5ZL21,train
Q5ZL23,test
Q5ZL33,train
Q5ZL35,test
Q5ZL36,test
Q5ZL43,train
Q5ZL54,train
Q5ZL55,train
Q5ZL57,train
Q5ZL67,test
Q5ZL77,train
Q5ZL79,train
Q5ZL84,train
Q5ZL95,train
Q5ZL98,train
Q5ZLA6,train
Q5ZLA9,val
Q5ZLC1,train
Q5ZLC6,train
Q5ZLC7,train
Q5ZLC8,test
Q5ZLD2,train
Q5ZLE6,train
Q5ZLE9,val
Q5ZLF0,train
Q5ZLF4,train
Q5ZLG0,train
Q5ZLG3,train
Q5ZLG8,test
Q5ZLG9,train
Q5ZLH0,test
Q5ZLH9,test
Q5ZLJ4,train
Q5ZLK1,train
Q5ZLK2,train
Q5ZLK4,train
Q5ZLK5,train
Q5ZLK6,train
Q5ZLK7,val
Q5ZLK8,train
Q5ZLL0,train
Q5ZLL5,train
Q5ZLL6,train
Q5ZLL7,train
Q5ZLL8,train
Q5ZLM2,train
Q5ZLM8,train
Q5ZLN0,train
Q5ZLN2,train
Q5ZLN4,train
Q5ZLN7,test
Q5ZLN8,train
Q5ZLP2,train
Q5ZLP8,train
Q5ZLQ4,test
Q5ZLR1,val
Q5ZLR4,train
Q5ZLR5,test
Q5ZLR6,test
Q5ZLS2,train
Q5ZLS3,train
Q5ZLT3,train
Q5ZLT5,train
Q5ZLV4,train
Q5ZLW2,train
Q5ZLW3,train
Q5ZLX4,train
Q5ZLY0,train
Q5ZLY2,train
Q5ZM11,train
Q5ZM13,train
Q5ZM14,train
Q5ZM19,train
Q5ZM20,train
Q5ZM30,val
Q5ZM31,train
Q5ZM33,train
Q5ZM35,train
Q5ZM39,train
Q5ZM41,train
Q5ZM45,train
Q5ZM46,train
Q5ZM57,test
Q5ZM60,val
Q5ZM71,val
Q5ZM72,train
Q5ZM73,train
Q5ZM74,test
Q5ZM83,train
Q5ZM86,train
Q5ZM88,train
Q5ZM96,train
Q5ZMA6,train
Q5ZMB2,train
Q5ZMB7,train
Q5ZMC2,train
Q5ZMC3,train
Q5ZMC6,train
Q5ZMC9,train
Q5ZMD2,train
Q5ZMD4,val
Q5ZMF3,train
Q5ZMG0,train
Q5ZMG1,train
Q5ZMG5,test
Q5ZMH1,test
Q5ZMH6,val
Q5ZMI4,train
Q5ZMJ4,test
Q5ZMJ7,val
Q5ZMJ9,train
Q5ZML3,train
Q5ZML4,train
Q5ZML6,val
Q5ZML7,test
Q5ZML9,test
Q5ZMM1,train
Q5ZMM3,test
Q5ZMN0,train
Q5ZMN2,test
Q5ZMP3,val
Q5ZMP6,train
Q5ZMQ9,train
Q5ZMR3,val
Q5ZMR9,train
Q5ZMS1,train
Q5ZMS2,train
Q5ZMS4,val
Q5ZMS6,val
Q5ZMT7,val
Q5ZMT9,train
Q5ZMU0,train
Q5ZMU6,train
Q5ZMV2,val
Q5ZMV8,train
Q5ZMV9,val
Q5ZMW5,train
Q5ZMW6,test
Q5ZN98,test
Q5ZNA2,train
Q5ZPJ7,train
Q5ZPR3,train
Q5ZQU0,train
Q5ZQU2,train
Q5ZR76,train
Q60396,train
Q60401,train
Q60409,train
Q60411,train
Q60414,train
Q60417,train
Q60430,test
Q60431,train
Q60438,val
Q60440,train
Q60443,test
Q60462,train
Q60465,val
Q60472,val
Q60475,train
Q60477,train
Q60478,val
Q60482,train
Q60485,train
Q60489,train
Q60490,train
Q60513,train
Q60519,test
Q60522,val
Q60525,train
Q60528,train
Q60534,train
Q60539,test
Q60542,test
Q60543,train
Q60547,train
Q60549,test
Q60553,train
Q60557,train
Q60559,train
Q60561,val
Q60565,train
Q60571,train
Q60584,train
Q60585,train
Q60587,val
Q60591,test
Q60592,train
Q60598,train
Q60610,test
Q60613,train
Q60614,train
Q60625,train
Q60629,test
Q60636,val
Q60648,train
Q60651,test
Q60652,train
Q60653,train
Q60654,train
Q60660,test
Q60664,test
Q60665,train
Q60673,test
Q60674,val
Q60676,val
Q60677,train
Q60682,train
Q60688,train
Q60692,train
Q60695,train
Q60696,train
Q60710,test
Q60714,train
Q60716,train
Q60718,train
Q60720,train
Q60722,train
Q60736,train
Q60738,train
Q60739,train
Q60748,train
Q60750,val
Q60751,val
Q60754,train
Q60755,val
Q60759,test
Q60764,train
Q60766,val
Q60767,train
Q60769,train
Q60770,test
Q60772,train
Q60773,train
Q60774,train
Q60775,test
Q60780,train
Q60787,train
Q60790,train
Q60793,train
Q60795,train
Q60803,train
Q60805,train
Q60806,train
Q60813,train
Q60819,train
Q60821,val
Q60823,val
Q60825,train
Q60829,train
Q60837,train
Q60838,test
Q60846,train
Q60848,val
Q60850,train
Q60854,test
Q60855,test
Q60856,train
Q60865,train
Q60875,train
Q60878,train
Q60879,test
Q60880,train
Q60881,val
Q60882,train
Q60883,test
Q60884,train
Q60885,train
Q60886,train
Q60887,train
Q60888,val
Q60889,test
Q60890,train
Q60891,train
Q60892,val
Q60893,train
Q60894,train
Q60895,train
Q60898,train
Q60900,train
Q60928,test
Q60931,train
Q60934,val
Q60935,train
Q60936,test
Q60943,test
Q60945,train
Q60948,train
Q60949,train
Q60953,test
Q60963,test
Q60976,test
Q60980,train
Q60988,train
Q60990,train
Q60991,train
Q60992,train
Q60994,test
Q60997,train
Q60FC1,test
Q60FS1,test
Q60FX9,train
Q60FY0,val
Q60GF7,train
Q60HD0,train
Q60HE6,train
Q60HE7,test
Q60HE8,val
Q60HE9,train
Q60HF3,train
Q60HF8,val
Q60HG0,val
Q60HG2,test
Q60HG6,val
Q60HG9,train
Q60HH0,train
Q60HH1,train
Q60HH3,train
Q60HH4,val
Q60HH5,test
Q60HI0,train
Q60I18,train
Q60I26,test
Q60I27,train
Q60I29,train
Q60JJ0,train
Q60K16,train
Q60L58,train
Q60LV7,train
Q60M48,train
Q60M68,train
Q60MJ0,train
Q60MK8,train
Q60MW2,train
Q60NC0,train
Q60P76,val
Q60P81,train
Q60PC0,train
Q60PR7,val
Q60Q85,train
Q60Q90,val
Q60QD1,val
Q60QM6,train
Q60QM8,train
Q60QP4,test
Q60QR6,val
Q60RS2,train
Q60S81,train
Q60SG7,train
Q60T32,train
Q60T34,val
Q60T36,val
Q60TI7,train
Q60UW4,train
Q60UZ5,train
Q60V43,test
Q60V51,test
Q60V67,train
Q60V75,train
Q60V90,train
Q60W34,val
Q60WL8,train
Q60WM1,train
Q60WT2,test
Q60WU2,val
Q60XN1,train
Q60XS3,train
Q60Y65,train
Q60YA8,val
Q60YF6,train
Q60YJ7,val
Q60YN5,val
Q60YT5,val
Q60YU0,test
Q60Z38,train
Q60Z52,val
Q60ZM2,val
Q60ZR7,train
Q60ZS1,train
Q61003,test
Q61009,test
Q61017,train
Q61026,test
Q61033,train
Q61038,val
Q61043,train
Q61045,test
Q61060,train
Q61066,train
Q61068,train
Q61072,train
Q61079,train
Q61080,train
Q61085,train
Q61087,train
Q61088,train
Q61089,train
Q61092,train
Q61096,train
Q61097,val
Q61098,train
Q610N4,train
Q61107,train
Q61115,val
Q61116,val
Q61120,train
Q61122,train
Q61124,train
Q61125,val
Q61127,val
Q61129,val
Q61133,val
Q61139,train
Q61143,train
Q61146,train
Q61147,train
Q61152,train
Q61153,train
Q61160,train
Q61168,train
Q61176,train
Q61179,train
Q61183,val
Q61190,train
Q61199,train
Q611C8,train
Q611X0,train
Q61200,val
Q61207,train
Q61211,train
Q61212,train
Q61221,train
Q61224,val
Q61233,train
Q61234,train
Q61235,train
Q61241,train
Q61245,train
Q61247,train
Q61249,train
Q61263,val
Q61268,val
Q61271,train
Q61282,train
Q61292,test
Q612G6,train
Q612Q9,test
Q612R3,train
Q612X6,train
Q61312,train
Q61321,val
Q61327,train
Q61333,train
Q61334,test
Q61335,train
Q61337,train
Q61345,train
Q61361,train
Q61362,train
Q61371,train
Q61387,test
Q61390,train
Q613L4,train
Q613V4,val
Q61400,train
Q61409,train
Q61412,train
Q61418,test
Q61450,test
Q61453,train
Q61457,val
Q61458,train
Q61464,val
Q61466,val
Q61467,val
Q61468,test
Q61469,test
Q61473,train
Q61474,val
Q61475,train
Q61476,train
Q61488,train
Q61495,test
Q61496,train
Q614K9,val
Q61500,test
Q61501,test
Q61502,train
Q61503,train
Q61508,train
Q61510,val
Q61526,train
Q61532,test
Q61539,train
Q61545,train
Q61548,train
Q61549,train
Q61553,train
Q61559,train
Q61572,test
Q61574,train
Q61575,train
Q61578,train
Q61581,train
Q61585,train
Q61586,train
Q61595,train
Q615A2,train
Q615B0,test
Q61602,test
Q61603,val
Q61606,train
Q61616,train
Q61618,test
Q61624,train
Q61627,train
Q61657,val
Q61658,val
Q61663,train
Q61666,test
Q61672,train
Q61686,test
Q616J1,val
Q616Q2,train
Q616T6,train
Q61702,train
Q61711,train
Q61712,val
Q61716,train
Q61727,train
Q61728,train
Q61729,train
Q61733,train
Q61735,train
Q61739,train
Q61751,test
Q61754,train
Q61759,val
Q61762,test
Q61765,val
Q61767,train
Q61768,train
Q61771,train
Q61781,train
Q61790,test
Q617M0,val
Q617N0,test
Q617Y0,train
Q61805,train
Q61810,train
Q61817,train
Q61818,val
Q61824,train
Q61826,train
Q61830,test
Q61838,test
Q61846,val
Q61847,train
Q61851,train
Q61858,train
Q61878,train
Q61880,train
Q61881,train
Q61884,train
Q618G2,train
Q618H8,test
Q618K0,train
Q61900,train
Q61907,train
Q61909,train
Q61923,train
Q61955,val
Q61976,val
Q61979,val
Q61983,train
Q61985,train
Q61990,test
Q619C0,train
Q619N4,train
Q619T5,train
Q619V5,val
Q619W7,train
Q619W9,train
Q61A42,train
Q61A92,train
Q61AP6,val
Q61B10,val
Q61B55,test
Q61BP6,val
Q61BU1,train
Q61C05,train
Q61CA3,train
Q61CA4,test
Q61CQ8,train
Q61CX7,train
Q61D31,train
Q61D43,train
Q61D44,train
Q61DA8,val
Q61DE0,train
Q61DH4,train
Q61DI9,train
Q61DP2,train
Q61DP3,val
Q61E36,train
Q61E63,val
Q61EX6,train
Q61FA3,val
Q61FQ3,train
Q61FW2,val
Q61GH1,train
Q61H86,train
Q61IR6,val
Q61IS6,val
Q61IU9,train
Q61IX2,train
Q61J08,val
Q61J97,train
Q61JF9,train
Q61JI9,val
Q61JK7,train
Q61JS7,test
Q61JT8,train
Q61JZ2,train
Q61K76,train
Q61KX5,val
Q61L47,train
Q61LA1,train
Q61LC0,train
Q61MC6,train
Q61MQ8,train
Q61MR2,train
Q61P40,train
Q61QK6,test
Q61QN4,val
Q61QT3,train
Q61R02,train
Q61RA2,test
Q61RF0,train
Q61S97,train
Q61SE7,train
Q61SK8,val
Q61SU7,train
Q61SU8,train
Q61T02,train
Q61TH2,train
Q61UA0,train
Q61UC4,train
Q61VZ4,val
Q61WP7,train
Q61WR2,test
Q61X54,val
Q61XD3,val
Q61XH2,train
Q61XX9,test
Q61Y48,train
Q61YG1,train
Q61YQ1,train
Q61YZ4,train
Q61Z20,test
Q61Z40,test
Q61Z75,test
Q61Z83,train
Q61ZW5,train
Q62000,val
Q62005,train
Q62007,train
Q62009,train
Q62010,test
Q62011,test
Q62028,train
Q62035,train
Q62036,train
Q62052,test
Q62070,val
Q62074,train
Q62077,train
Q62082,train
Q62084,val
Q620A6,train
Q620W3,train
Q62100,train
Q62108,train
Q62132,train
Q62141,train
Q62147,train
Q62158,train
Q62160,train
Q62167,train
Q62168,test
Q62170,train
Q62176,train
Q62177,train
Q62178,train
Q62179,train
Q62187,test
Q62190,train
Q62191,test
Q62192,test
Q621J7,train
Q621Q3,val
Q621Z7,train
Q62203,train
Q62209,train
Q62210,train
Q62220,test
Q62225,train
Q62227,train
Q62230,test
Q62234,val
Q62240,train
Q62245,train
Q62252,train
Q62255,val
Q62266,train
Q62267,train
Q62270,train
Q62273,train
Q62282,train
Q62293,train
Q62296,train
Q622K8,train
Q622Z7,train
Q62311,train
Q62312,train
Q62313,test
Q62315,train
Q62318,test
Q62361,val
Q62371,train
Q62376,train
Q62377,train
Q62383,train
Q62386,train
Q62392,train
Q62393,train
Q62394,train
Q62395,test
Q62396,train
Q62398,train
Q623D4,train
Q623T0,val
Q623U2,train
Q62401,train
Q62406,train
Q62413,train
Q62414,test
Q62415,train
Q62417,train
Q62421,train
Q62424,train
Q62425,train
Q62426,train
Q62431,train
Q62440,train
Q62442,train
Q62443,train
Q62445,train
Q62448,train
Q62452,test
Q62463,train
Q62468,train
Q62469,val
Q62471,train
Q62472,train
Q62481,train
Q624D2,train
Q62513,train
Q62520,train
Q62521,train
Q62522,train
Q62523,train
Q62556,train
Q62558,test
Q62559,train
Q62563,train
Q62565,test
Q62574,val
Q62577,train
Q62587,val
Q62588,train
Q62598,val
Q62599,val
Q62611,train
Q62622,train
Q62627,test
Q62633,test
Q62661,test
Q62662,train
Q62665,train
Q62666,train
Q62668,test
Q62674,train
Q62687,train
Q62696,val
Q626B1,train
Q626C1,train
Q626F4,train
Q626H5,test
Q626I0,train
Q626I7,val
Q626N3,test
Q626S1,train
Q62711,train
Q62714,train
Q62716,train
Q62718,train
Q62728,train
Q62730,val
Q62733,train
Q62735,train
Q62736,train
Q62737,train
Q62739,val
Q62755,val
Q62758,train
Q62773,train
Q62781,train
Q62785,train
Q62789,train
Q62795,test
Q62796,train
Q627G6,test
Q627K4,val
Q62803,train
Q62807,val
Q62812,train
Q62818,train
Q62826,train
Q62829,train
Q62833,test
Q62838,train
Q62839,train
Q62847,train
Q62850,train
Q62857,train
Q62866,train
Q62867,val
Q62875,train
Q62880,train
Q62893,train
Q62894,train
Q62897,train
Q628A6,train
Q62904,val
Q62912,val
Q62915,train
Q62923,train
Q62924,train
Q62925,train
Q62928,train
Q62929,train
Q62930,train
Q62940,val
Q62941,train
Q62947,train
Q62949,train
Q62952,train
Q62969,train
Q62975,train
Q62986,train
Q62991,val
Q62994,train
Q629J5,train
Q629K1,val
Q63003,val
Q63010,val
Q63035,test
Q63041,train
Q63042,train
Q63064,train
Q63083,train
Q63086,train
Q63088,val
Q63089,train
Q63108,train
Q63111,train
Q63113,test
Q63120,train
Q63135,test
Q63147,train
Q63150,train
Q63155,test
Q63159,train
Q63175,train
Q63180,test
Q63184,train
Q63186,train
Q63189,val
Q63191,train
Q63199,train
Q63202,val
Q63203,train
Q63207,train
Q63210,train
Q63244,train
Q63246,train
Q63250,train
Q63257,train
Q63258,train
Q63262,test
Q63264,train
Q63272,train
Q63273,train
Q63276,train
Q63279,train
Q63302,train
Q63313,train
Q63317,test
Q63341,train
Q63342,train
Q63344,train
Q63345,train
Q63356,train
Q63362,train
Q63374,test
Q63377,train
Q63378,train
Q63379,val
Q63384,train
Q63398,train
Q63415,train
Q63416,train
Q63418,test
Q63425,train
Q63429,train
Q63434,test
Q63447,train
Q63448,train
Q63449,train
Q63450,train
Q63467,train
Q63471,train
Q63472,train
Q63481,train
Q63486,train
Q63493,train
Q63494,train
Q63495,test
Q63503,train
Q63507,train
Q63514,train
Q63515,train
Q63517,train
Q63528,val
Q63530,train
Q63532,train
Q63540,train
Q63548,val
Q63553,val
Q63560,val
Q63562,train
Q63563,train
Q63572,train
Q63604,train
Q63610,train
Q63618,test
Q63619,train
Q63621,test
Q63623,train
Q63630,val
Q63633,train
Q63634,train
Q63645,test
Q63647,train
Q63652,test
Q63663,train
Q63673,test
Q63678,train
Q63679,val
Q63686,train
Q63691,test
Q63707,train
Q63713,val
Q63734,train
Q63739,val
Q63750,train
Q63751,train
Q63755,train
Q63769,train
Q63772,val
Q63788,train
Q63798,train
Q63802,train
Q63803,train
Q63805,train
Q63811,train
Q63836,train
Q63881,val
Q63912,test
Q63921,val
Q63941,test
Q63942,test
Q63955,train
Q63961,train
Q63969,train
Q63994,train
Q63HK3,test
Q63HM1,train
Q63HM2,train
Q63HN1,val
Q63HQ0,train
Q63HQ2,test
Q63HR2,train
Q63ZE4,test
Q63ZG9,train
Q63ZH2,val
Q63ZH8,val
Q63ZI0,train
Q63ZJ3,train
Q63ZK0,train
Q63ZK1,train
Q63ZL2,train
Q63ZL3,train
Q63ZM7,train
Q63ZM9,test
Q63ZP1,val
Q63ZQ1,train
Q63ZR0,train
Q63ZR6,train
Q63ZR7,train
Q63ZS0,test
Q63ZV7,train
Q63ZW2,train
Q63ZW7,train
Q63ZY3,train
Q63ZY6,test
Q63ZZ0,train
Q64012,train
Q64017,train
Q64060,train
Q64096,train
Q640A2,train
Q640B4,train
Q640B5,train
Q640D5,train
Q640E9,train
Q640F2,train
Q640G7,train
Q640I9,train
Q640K1,train
Q640K3,train
Q640L2,train
Q640L3,train
Q640L5,val
Q640M1,test
Q640N1,train
Q640N2,train
Q640N3,train
Q640P7,train
Q640Q5,test
Q640S2,val
Q640T1,train
Q640U0,train
Q640U3,train
Q640U4,train
Q640V3,train
Q640V9,train
Q640Z6,train
Q640Z9,train
Q64104,train
Q64105,train
Q64112,train
Q64118,train
Q64122,train
Q64131,train
Q64133,train
Q64143,train
Q64148,train
Q64151,train
Q64152,test
Q64159,train
Q64163,train
Q64171,train
Q64181,train
Q64191,train
Q64194,train
Q641A1,train
Q641A2,train
Q641C8,test
Q641E3,val
Q641F0,train
Q641F1,test
Q641F3,train
Q641F8,test
Q641G3,train
Q641G4,test
Q641I1,train
Q641J8,test
Q641K1,test
Q641K5,train
Q641M3,train
Q641Q2,val
Q641Q3,test
Q641R9,train
Q641S2,train
Q641S4,test
Q641W3,train
Q641W7,train
Q641W9,train
Q641X1,val
Q641X3,train
Q641X6,val
Q641X7,train
Q641X9,train
Q641Y6,val
Q641Y7,train
Q641Z1,train
Q641Z2,train
Q641Z7,test
Q64205,train
Q64210,train
Q64221,train
Q64230,test
Q64232,test
Q64237,train
Q64240,train
Q64244,train
Q64253,train
Q64261,train
Q64263,train
Q64264,train
Q64267,train
Q64268,train
Q64273,train
Q64277,train
Q64282,train
Q64285,train
Q64287,train
Q64291,train
Q64294,train
Q64298,train
Q642A0,val
Q642A2,test
Q642A3,train
Q642A6,train
Q642A7,train
Q642B2,train
Q642B3,train
Q642H2,train
Q642H3,train
Q642H7,train
Q642J4,train
Q642J5,train
Q642M9,train
Q642R9,train
Q642T7,train
Q64302,train
Q64314,val
Q64317,train
Q64319,train
Q64322,train
Q64323,train
Q64326,test
Q64329,train
Q64335,train
Q64336,train
Q64337,test
Q64338,train
Q64339,train
Q64345,train
Q64347,train
Q64349,train
Q64350,train
Q64355,train
Q64356,val
Q64362,train
Q64364,train
Q64368,test
Q64374,train
Q64375,train
Q64387,test
Q64389,train
Q64391,train
Q64392,train
Q64393,test
Q64398,val
Q64399,train
Q64403,train
Q64408,train
Q64410,val
Q64411,train
Q64417,train
Q64419,train
Q64420,train
Q64421,val
Q64424,test
Q64430,train
Q64434,train
Q64437,train
Q64438,train
Q64441,train
Q64442,val
Q64444,train
Q64445,train
Q64455,train
Q64458,test
Q64462,train
Q64464,train
Q64471,val
Q64481,train
Q64487,train
Q64505,train
Q64507,train
Q64514,val
Q64519,train
Q64527,train
Q64535,test
Q64537,train
Q64541,train
Q64542,train
Q64548,train
Q64550,train
Q64562,train
Q64565,test
Q64568,test
Q64581,test
Q64583,train
Q64595,val
Q645J3,train
Q645M6,train
Q645S2,train
Q645T4,test
Q645U5,train
Q645U6,train
Q645V0,train
Q645V2,test
Q645Z0,train
Q64602,train
Q64610,train
Q64612,train
Q64620,train
Q64623,train
Q64627,test
Q64632,train
Q64634,train
Q64637,train
Q64638,test
Q64640,train
Q64658,test
Q64663,train
Q64666,train
Q64669,val
Q64674,train
Q64678,train
Q64680,train
Q64685,train
Q64687,train
Q64693,train
Q64695,train
Q64697,train
Q646B3,train
Q646B8,train
Q646B9,train
Q646C1,train
Q646D6,train
Q646E1,val
Q646E9,train
Q646F3,train
Q646F4,train
Q646F7,train
Q646F8,train
Q646F9,train
Q646G0,train
Q646G2,test
Q646G3,train
Q646G4,train
Q646G5,train
Q646G6,train
Q64700,train
Q64705,val
Q64707,train
Q64716,train
Q64726,train
Q64731,train
Q64733,train
Q64735,train
Q64737,train
Q64739,train
Q647I9,train
Q64EV9,train
Q64EW0,train
Q64EW2,train
Q64EW6,train
Q64FG0,train
Q64FN2,test
Q64FU1,train
Q64G17,val
Q64GA5,train
Q64GL0,train
Q64H34,val
Q64H35,train
Q64HC7,train
Q64HY5,train
Q64JA4,train
Q64L89,test
Q64LC9,train
Q64LD2,test
Q658K8,train
Q658L1,train
Q658N2,train
Q658P3,train
Q658T7,train
Q659A1,train
Q659C4,train
Q659K0,train
Q659K9,train
Q659U0,val
Q65AC2,train
Q65C83,train
Q65CI5,train
Q65CM0,train
Q65XX2,train
Q65XX7,test
Q65YW8,train
Q65Z14,train
Q65Z15,train
Q65Z91,train
Q65Z93,train
Q65ZG6,train
Q65ZG8,train
Q66GS9,train
Q66GT5,train
Q66GV0,train
Q66GV6,train
Q66H02,train
Q66H03,train
Q66H04,train
Q66H07,train
Q66H10,val
Q66H12,train
Q66H16,val
Q66H17,train
Q66H19,val
Q66H24,train
Q66H29,train
Q66H33,val
Q66H34,test
Q66H35,train
Q66H38,train
Q66H40,train
Q66H42,train
Q66H43,train
Q66H45,train
Q66H47,train
Q66H52,train
Q66H53,train
Q66H54,test
Q66H56,train
Q66H59,train
Q66H60,train
Q66H61,val
Q66H65,train
Q66H68,val
Q66H69,train
Q66H70,train
Q66H71,train
Q66H73,train
Q66H74,train
Q66H76,train
Q66H85,val
Q66H86,test
Q66H89,train
Q66H91,train
Q66H94,train
Q66H96,train
Q66H98,val
Q66HA4,train
Q66HA5,train
Q66HB5,test
Q66HB6,test
Q66HC0,test
Q66HC1,train
Q66HC3,train
Q66HC8,test
Q66HC9,train
Q66HD5,train
Q66HD6,train
Q66HD8,train
Q66HE1,train
Q66HE5,train
Q66HF0,val
Q66HF2,train
Q66HF9,test
Q66HG0,train
Q66HG3,test
Q66HG6,test
Q66HG7,test
Q66HG9,train
Q66HH2,val
Q66HH3,val
Q66HH4,train
Q66HP6,train
Q66HR0,train
Q66HR5,train
Q66HR9,train
Q66HT8,train
Q66HV9,test
Q66HW4,val
Q66HX0,train
Q66HX8,train
Q66HY7,train
Q66HY8,train
Q66HZ2,train
Q66I06,val
Q66I08,val
Q66I12,test
Q66I14,train
Q66I21,train
Q66I22,val
Q66I24,train
Q66I42,train
Q66I46,val
Q66I51,train
Q66I59,train
Q66I61,train
Q66I67,test
Q66I68,train
Q66I71,train
Q66I74,val
Q66I75,train
Q66I79,test
Q66I84,train
Q66I85,val
Q66IA6,train
Q66IB8,val
Q66IC8,train
Q66IC9,test
Q66ID3,train
Q66IE4,train
Q66IF1,train
Q66IG4,train
Q66IH2,train
Q66IH9,train
Q66II0,train
Q66II5,val
Q66II8,train
Q66IJ0,train
Q66IJ4,train
Q66IK8,train
Q66IN2,train
Q66IQ1,train
Q66IQ6,train
Q66IR0,train
Q66IS6,train
Q66IS8,train
Q66IT9,train
Q66IV1,train
Q66IV3,val
Q66IV5,train
Q66IW8,val
Q66IZ4,train
Q66IZ5,test
Q66J01,train
Q66J05,val
Q66J27,test
Q66J36,train
Q66J51,test
Q66J52,train
Q66J54,val
Q66J74,train
Q66J77,train
Q66J78,test
Q66J85,test
Q66J90,train
Q66J91,val
Q66J99,train
Q66JA6,train
Q66JB6,train
Q66JB7,val
Q66JC0,train
Q66JC5,train
Q66JD1,train
Q66JF1,train
Q66JF2,test
Q66JF3,train
Q66JF7,test
Q66JF8,train
Q66JG1,test
Q66JG2,train
Q66JG3,train
Q66JG8,train
Q66JG9,train
Q66JJ0,train
Q66JJ3,train
Q66JJ4,train
Q66JK1,test
Q66JK4,test
Q66JL1,train
Q66JN8,val
Q66JQ7,train
Q66JS6,val
Q66JT0,train
Q66JT1,test
Q66JT7,train
Q66JV4,train
Q66JV7,train
Q66JW3,train
Q66JX5,train
Q66JY2,train
Q66JY6,val
Q66JZ4,train
Q66K08,train
Q66K14,test
Q66K41,train
Q66K64,train
Q66K74,test
Q66K79,train
Q66K80,train
Q66K89,train
Q66K99,train
Q66KB7,train
Q66KB9,train
Q66KD0,train
Q66KD6,train
Q66KD9,train
Q66KE8,train
Q66KE9,train
Q66KF2,train
Q66KG0,train
Q66KG5,train
Q66KG7,train
Q66KH8,test
Q66KH9,train
Q66KI9,train
Q66KK3,test
Q66KL0,train
Q66KL4,train
Q66KL9,val
Q66KP0,val
Q66KT3,train
Q66KU1,train
Q66KX0,train
Q66KX2,test
Q66KX4,train
Q66KY3,train
Q66KY5,train
Q66KZ3,train
Q66KZ9,train
Q66L17,train
Q66L32,train
Q66L42,train
Q66L44,train
Q66L49,train
Q66L51,val
Q66L58,train
Q66LM5,train
Q66LM6,train
Q66LN0,test
Q66MI6,train
Q66PG1,test
Q66PG2,train
Q66PG4,val
Q66PJ3,train
Q66Q82,train
Q66QC7,val
Q66RP5,test
Q66S03,test
Q66S08,test
Q66S13,val
Q66S17,train
Q66S21,test
Q66S25,val
Q66S62,val
Q66UW5,train
Q66X01,train
Q66X03,train
Q66X05,train
Q66X19,train
Q66X22,train
Q672K1,train
Q673G8,test
Q673H1,val
Q673L6,train
Q674M7,val
Q674R7,train
Q675B7,val
Q675B8,test
Q675B9,train
Q675C0,val
Q679P3,train
Q67BJ4,train
Q67BT3,test
Q67E01,train
Q67E05,train
Q67EQ0,train
Q67EQ1,train
Q67ER4,train
Q67ER8,val
Q67ER9,train
Q67ES0,test
Q67ES1,test
Q67ES3,train
Q67ES5,train
Q67ES6,test
Q67ES7,train
Q67ES9,train
Q67ET0,train
Q67ET1,train
Q67ET2,train
Q67ET3,train
Q67ET4,train
Q67ET5,test
Q67ET7,test
Q67EX7,val
Q67FW5,train
Q67FY2,val
Q67FY3,train
Q684M2,train
Q684M3,train
Q684R7,train
Q687X5,train
Q687Y7,train
Q688C0,train
Q689D1,train
Q689Z7,val
Q68A65,val
Q68A91,test
Q68A92,test
Q68A93,val
Q68AX7,train
Q68AY9,test
Q68AZ0,val
Q68BL7,test
Q68BL8,train
Q68CI2,train
Q68CJ6,val
Q68CJ9,train
Q68CK6,test
Q68CL5,val
Q68CP4,train
Q68CQ1,test
Q68CQ4,train
Q68CQ7,train
Q68CR1,val
Q68CR7,train
Q68CZ1,train
Q68CZ2,train
Q68CZ6,train
Q68D06,train
Q68D10,train
Q68D20,test
Q68D51,val
Q68D85,test
Q68D86,train
Q68D91,train
Q68DA7,val
Q68DC2,train
Q68DD2,train
Q68DI1,test
Q68DK7,train
Q68DL7,train
Q68DN1,test
Q68DV7,train
Q68DX3,train
Q68DY1,val
Q68DY9,test
Q68E01,test
Q68EA5,train
Q68ED3,test
Q68ED7,train
Q68EF0,val
Q68EF6,train
Q68EF8,test
Q68EH7,train
Q68EH8,test
Q68EH9,train
Q68EI0,val
Q68EI3,test
Q68EJ0,val
Q68EK2,val
Q68EK9,test
Q68EL2,train
Q68EL3,train
Q68EL6,train
Q68EM7,train
Q68EN5,train
Q68EP2,val
Q68EP9,train
Q68ER2,train
Q68EU0,test
Q68EU6,train
Q68EU8,train
Q68EV1,train
Q68EV5,test
Q68EV6,val
Q68EV8,val
Q68EV9,train
Q68EW0,test
Q68EX9,train
Q68EY2,test
Q68EY3,train
Q68EY7,train
Q68EY9,train
Q68EZ2,train
Q68EZ3,test
Q68F33,train
Q68F37,train
Q68F38,train
Q68F50,train
Q68F53,train
Q68F54,train
Q68F55,train
Q68F60,val
Q68F62,train
Q68F64,train
Q68F67,train
Q68F68,train
Q68F70,val
Q68F72,train
Q68F77,train
Q68F99,train
Q68FA2,train
Q68FA4,train
Q68FA7,train
Q68FB2,val
Q68FB8,val
Q68FD7,val
Q68FD9,train
Q68FE7,train
Q68FE8,train
Q68FE9,val
Q68FF0,train
Q68FF7,train
Q68FF9,val
Q68FG0,train
Q68FG3,train
Q68FH0,test
Q68FH4,val
Q68FI1,train
Q68FI3,train
Q68FI4,test
Q68FJ6,train
Q68FJ8,train
Q68FJ9,val
Q68FK4,test
Q68FK8,train
Q68FL6,val
Q68FN7,val
Q68FN9,train
Q68FP2,train
Q68FP3,train
Q68FP8,val
Q68FP9,train
Q68FQ7,train
Q68FQ8,test
Q68FR2,train
Q68FS1,train
Q68FS3,train
Q68FS6,train
Q68FT3,test
Q68FT5,train
Q68FU0,train
Q68FU1,train
Q68FU4,train
Q68FU5,val
Q68FU7,train
Q68FV1,test
Q68FV2,train
Q68FV4,train
Q68FV6,test
Q68FW2,train
Q68FW6,test
Q68FW7,train
Q68FW8,train
Q68FX1,val
Q68FX5,train
Q68FX6,test
Q68FX7,train
Q68FY0,train
Q68FY1,test
Q68G12,train
Q68G58,train
Q68G74,train
Q68G75,train
Q68HB4,val
Q68J42,train
Q68KK0,val
Q68PG3,val
Q68PG4,train
Q68PG6,train
Q68PH1,train
Q68PH4,train
Q68RJ7,train
Q68RJ9,train
Q68SA9,train
Q68SN8,train
Q68SP4,train
Q68US5,train
Q68US6,train
Q68UT4,train
Q68UT5,train
Q68UT7,val
Q68Y21,train
Q68Y22,val
Q68Y23,train
Q68Y56,test
Q68Y62,train
Q68Y81,train
Q68Y86,test
Q68Y88,train
Q692V3,train
Q694A3,val
Q694B3,val
Q694B5,train
Q694B8,train
Q694B9,train
Q694C0,test
Q694C2,train
Q694C5,train
Q695P6,train
Q695T7,test
Q696W1,test
Q697L1,train
Q69AB1,train
Q69AB2,train
Q69BJ9,train
Q69CJ8,train
Q69CM7,train
Q69D47,train
Q69DB9,test
Q69DK8,test
Q69DL0,train
Q69FB3,train
Q69FH1,train
Q69YH5,test
Q69YI7,val
Q69YL0,val
Q69YQ0,train
Q69YW2,train
Q69YZ2,train
Q69Z08,train
Q69Z28,train
Q69Z37,train
Q69Z38,val
Q69Z61,train
Q69Z66,train
Q69Z69,test
Q69Z89,train
Q69Z98,train
Q69Z99,train
Q69ZB0,train
Q69ZB3,val
Q69ZB8,test
Q69ZC8,val
Q69ZF7,test
Q69ZH9,train
Q69ZJ7,test
Q69ZK0,train
Q69ZK7,train
Q69ZL1,val
Q69ZM6,train
Q69ZN6,train
Q69ZP3,train
Q69ZR9,val
Q69ZS0,train
Q69ZT1,train
Q69ZT9,train
Q69ZU6,train
Q69ZU8,train
Q69ZW3,train
Q69ZX6,train
Q69ZX8,train
Q69ZZ6,train
Q6A000,train
Q6A009,val
Q6A025,train
Q6A037,train
Q6A044,train
Q6A058,train
Q6A065,train
Q6A070,train
Q6A085,train
Q6A098,val
Q6A0A2,val
Q6A0A9,train
Q6A0D4,train
Q6A162,train
Q6A163,train
Q6A198,train
Q6A1A2,train
Q6A1G2,train
Q6A1G3,val
Q6A1I3,val
Q6A2H4,train
Q6A4L0,train
Q6A4L1,train
Q6A548,train
Q6A555,test
Q6AHP8,train
Q6AHZ1,train
Q6AI14,test
Q6AI39,train
Q6AW06,train
Q6AW46,train
Q6AW47,test
Q6AW68,test
Q6AW69,val
Q6AW86,train
Q6AWC2,train
Q6AWC8,train
Q6AWG9,val
Q6AWN0,train
Q6AX23,train
Q6AX31,train
Q6AX33,val
Q6AX41,test
Q6AX42,test
Q6AX44,train
Q6AX45,val
Q6AX53,test
Q6AX57,train
Q6AX58,train
Q6AX59,test
Q6AX60,test
Q6AX73,train
Q6AX80,test
Q6AX81,train
Q6AXB2,train
Q6AXC6,test
Q6AXJ2,train
Q6AXJ3,train
Q6AXJ7,train
Q6AXJ9,train
Q6AXK4,train
Q6AXL3,train
Q6AXL4,train
Q6AXL5,train
Q6AXL8,test
Q6AXM1,test
Q6AXM7,train
Q6AXM8,train
Q6AXM9,train
Q6AXN4,train
Q6AXN6,train
Q6AXN9,test
Q6AXP1,train
Q6AXP3,train
Q6AXP4,train
Q6AXP6,train
Q6AXQ4,train
Q6AXQ5,val
Q6AXQ7,train
Q6AXQ8,val
Q6AXR4,train
Q6AXS2,train
Q6AXS8,train
Q6AXS9,train
Q6AXT1,train
Q6AXT3,test
Q6AXT4,val
Q6AXT9,train
Q6AXU0,test
Q6AXU1,train
Q6AXU4,val
Q6AXU5,train
Q6AXU6,train
Q6AXV2,test
Q6AXV7,test
Q6AXW0,train
Q6AXW7,test
Q6AXW8,train
Q6AXX0,train
Q6AXX2,train
Q6AXX3,test
Q6AXX9,test
Q6AXY0,test
Q6AXY2,test
Q6AXY3,val
Q6AXY4,train
Q6AXY9,train
Q6AXZ2,train
Q6AXZ4,val
Q6AXZ5,val
Q6AXZ6,val
Q6AY01,train
Q6AY04,test
Q6AY06,train
Q6AY08,train
Q6AY12,val
Q6AY13,train
Q6AY14,train
Q6AY16,train
Q6AY19,train
Q6AY20,train
Q6AY22,train
Q6AY25,train
Q6AY26,train
Q6AY27,train
Q6AY28,test
Q6AY31,train
Q6AY34,train
Q6AY37,train
Q6AY40,train
Q6AY41,test
Q6AY45,test
Q6AY52,train
Q6AY55,train
Q6AY59,train
Q6AY62,train
Q6AY63,train
Q6AY65,test
Q6AY75,val
Q6AY82,test
Q6AY85,train
Q6AY87,test
Q6AY88,train
Q6AY92,train
Q6AY94,train
Q6AY96,train
Q6AY97,train
Q6AYA0,val
Q6AYA6,test
Q6AYA8,test
Q6AYB3,test
Q6AYB8,train
Q6AYC2,train
Q6AYD1,train
Q6AYD2,train
Q6AYD4,train
Q6AYD9,test
Q6AYE2,train
Q6AYE4,test
Q6AYE8,train
Q6AYF5,train
Q6AYF7,val
Q6AYF9,train
Q6AYG1,train
Q6AYG5,train
Q6AYH0,train
Q6AYH4,test
Q6AYH6,val
Q6AYH9,val
Q6AYI4,train
Q6AYJ1,train
Q6AYJ2,test
Q6AYJ3,train
Q6AYJ5,val
Q6AYK4,train
Q6AYK5,val
Q6AYK9,train
Q6AYL0,train
Q6AYL2,train
Q6AYL4,train
Q6AYL5,train
Q6AYL6,train
Q6AYL8,train
Q6AYL9,train
Q6AYM0,train
Q6AYM1,train
Q6AYM2,val
Q6AYM4,train
Q6AYM7,train
Q6AYN2,train
Q6AYN3,test
Q6AYN9,val
Q6AYP0,train
Q6AYP2,train
Q6AYP3,val
Q6AYP4,val
Q6AYP6,train
Q6AYP7,val
Q6AYQ0,train
Q6AYQ2,train
Q6AYQ4,train
Q6AYQ6,train
Q6AYR4,train
Q6AYR5,val
Q6AYR8,test
Q6AYS8,train
Q6AYT0,test
Q6AYT2,train
Q6AYT5,val
Q6AYT8,train
Q6AYU0,train
Q6AYU1,train
Q6AYU3,train
Q6AYU4,test
Q6AYX5,test
Q6AZ28,train
Q6AZ51,train
Q6AZ54,val
Q6AZ83,train
Q6AZA0,train
Q6AZB0,train
Q6AZB3,val
Q6AZB8,train
Q6AZD1,train
Q6AZD3,train
Q6AZD4,train
Q6AZF8,train
Q6AZG6,train
Q6AZG8,train
Q6AZH0,train
Q6AZI2,val
Q6AZM3,test
Q6AZN0,val
Q6AZN4,val
Q6AZN6,test
Q6AZR2,val
Q6AZT2,train
Q6AZT4,train
Q6AZT7,train
Q6AZV1,train
Q6AZV7,train
Q6AZW1,train
Q6AZW2,test
Q6AZW8,train
Q6AZZ1,val
Q6B0B8,train
Q6B0I6,train
Q6B0K9,train
Q6B345,train
Q6B3N0,train
Q6B3P0,train
Q6B410,val
Q6B411,val
Q6B457,test
Q6B4J2,train
Q6B4M5,train
Q6B4T3,val
Q6B4T4,val
Q6B4T5,train
Q6B857,test
Q6B858,test
Q6B860,test
Q6B8D2,train
Q6B8I0,val
Q6B8I1,train
Q6B959,test
Q6B966,test
Q6B9Z0,test
Q6B9Z1,test
Q6BAA4,train
Q6BCB4,train
Q6BCL1,val
Q6BCY4,test
Q6BD04,train
Q6BDI9,val
Q6BDS1,train
Q6BDS2,val
Q6BEA0,test
Q6BEA2,train
Q6BEB4,val
Q6BEG6,train
Q6BER5,train
Q6BER6,val
Q6BET5,train
Q6BEV5,train
Q6DBQ8,test
Q6DBR0,train
Q6DBR4,train
Q6DBR6,val
Q6DBR9,train
Q6DBT3,train
Q6DBU1,train
Q6DBU5,train
Q6DBU8,train
Q6DBV4,train
Q6DBW0,train
Q6DBW1,train
Q6DBW9,train
Q6DBX0,train
Q6DBX1,train
Q6DBX4,train
Q6DBY0,train
Q6DBY2,train
Q6DBY5,val
Q6DBY9,train
Q6DC03,train
Q6DC04,train
Q6DC17,train
Q6DC37,train
Q6DC39,train
Q6DC53,train
Q6DC58,train
Q6DC60,train
Q6DC61,train
Q6DC64,train
Q6DC66,train
Q6DC75,train
Q6DC77,test
Q6DC93,train
Q6DCB7,train
Q6DCC6,test
Q6DCC7,train
Q6DCD0,val
Q6DCD1,train
Q6DCD4,train
Q6DCD5,val
Q6DCD7,train
Q6DCE3,test
Q6DCE8,train
Q6DCF2,train
Q6DCF6,test
Q6DCG9,train
Q6DCH7,val
Q6DCK1,val
Q6DCK3,train
Q6DCL6,train
Q6DCN1,test
Q6DCP1,val
Q6DCP3,train
Q6DCP5,train
Q6DCP6,train
Q6DCP8,test
Q6DCQ0,train
Q6DCQ1,train
Q6DCQ6,test
Q6DCS1,train
Q6DCU6,train
Q6DCU7,test
Q6DCV0,train
Q6DCV1,val
Q6DCW1,test
Q6DCW7,train
Q6DCX5,train
Q6DCY9,train
Q6DCZ7,test
Q6DD06,test
Q6DD09,train
Q6DD17,train
Q6DD19,train
Q6DD21,train
Q6DD24,train
Q6DD27,test
Q6DD33,val
Q6DD39,train
Q6DD45,train
Q6DD51,train
Q6DD52,val
Q6DD53,train
Q6DD71,train
Q6DDA1,train
Q6DDA4,train
Q6DDF4,train
Q6DDG2,train
Q6DDH2,test
Q6DDH6,test
Q6DDJ5,train
Q6DDK1,val
Q6DDK2,test
Q6DDK3,train
Q6DDK5,train
Q6DDL7,train
Q6DDP3,test
Q6DDQ5,train
Q6DDR3,train
Q6DDS9,train
Q6DDT0,train
Q6DDT4,train
Q6DDT5,train
Q6DDU5,train
Q6DDU8,train
Q6DDU9,train
Q6DDV0,train
Q6DDV1,train
Q6DDV8,train
Q6DDW2,val
Q6DDW4,test
Q6DDX7,test
Q6DDX8,val
Q6DDY6,train
Q6DDY9,train
Q6DDZ9,train
Q6DE00,train
Q6DE06,train
Q6DE14,test
Q6DE15,train
Q6DE18,train
Q6DE21,train
Q6DE23,test
Q6DE37,train
Q6DE40,test
Q6DE55,train
Q6DE73,train
Q6DE84,val
Q6DE87,train
Q6DE92,train
Q6DE94,train
Q6DE96,train
Q6DEB1,test
Q6DED0,test
Q6DED9,train
Q6DEE4,val
Q6DEE7,train
Q6DEF4,train
Q6DEF6,train
Q6DEH3,train
Q6DEI8,test
Q6DEJ5,train
Q6DEJ6,train
Q6DEL1,train
Q6DEL2,train
Q6DEL7,train
Q6DEM5,train
Q6DER6,train
Q6DES0,val
Q6DEV7,test
Q6DEW6,train
Q6DEX3,val
Q6DEY1,val
Q6DEY7,train
Q6DEY8,train
Q6DEZ2,train
Q6DEZ7,train
Q6DF11,test
Q6DF34,train
Q6DF39,test
Q6DF46,train
Q6DF48,train
Q6DF55,val
Q6DF57,train
Q6DF62,train
Q6DF67,test
Q6DF78,train
Q6DF80,test
Q6DF87,train
Q6DF94,train
Q6DFA1,val
Q6DFA6,train
Q6DFA8,train
Q6DFB0,val
Q6DFB7,train
Q6DFB8,train
Q6DFC0,val
Q6DFC2,train
Q6DFC6,train
Q6DFC8,train
Q6DFD7,train
Q6DFE0,train
Q6DFE2,test
Q6DFE7,train
Q6DFF4,val
Q6DFF7,test
Q6DFF9,val
Q6DFG0,train
Q6DFH5,val
Q6DFH9,test
Q6DFI2,test
Q6DFJ3,train
Q6DFJ6,val
Q6DFJ8,val
Q6DFJ9,train
Q6DFK0,test
Q6DFK1,test
Q6DFL0,test
Q6DFL2,train
Q6DFN1,train
Q6DFN5,test
Q6DFQ2,train
Q6DFQ5,train
Q6DFQ7,val
Q6DFR1,train
Q6DFR5,train
Q6DFS0,test
Q6DFS4,train
Q6DFS6,train
Q6DFT3,test
Q6DFT4,train
Q6DFU2,train
Q6DFV1,train
Q6DFV3,train
Q6DFV6,train
Q6DFV7,train
Q6DFV8,train
Q6DFW5,test
Q6DFX2,train
Q6DFZ1,train
Q6DFZ6,val
Q6DG03,train
Q6DG19,train
Q6DG22,train
Q6DG32,train
Q6DG36,train
Q6DG38,train
Q6DG43,train
Q6DG60,train
Q6DG81,test
Q6DG85,train
Q6DG88,train
Q6DG91,val
Q6DGA6,train
Q6DGA7,test
Q6DGB6,train
Q6DGD3,train
Q6DGE9,train
Q6DGF4,train
Q6DGF5,train
Q6DGF6,train
Q6DGF8,train
Q6DGF9,train
Q6DGG1,train
Q6DGH9,train
Q6DGI0,test
Q6DGI3,train
Q6DGJ1,train
Q6DGJ3,train
Q6DGK2,train
Q6DGK9,test
Q6DGL2,val
Q6DGL6,train
Q6DGL7,test
Q6DGL8,train
Q6DGM1,train
Q6DGM2,train
Q6DGM3,train
Q6DGM8,val
Q6DGN0,train
Q6DGN6,test
Q6DGP2,train
Q6DGP4,train
Q6DGP7,train
Q6DGP8,train
Q6DGQ0,test
Q6DGQ1,train
Q6DGQ4,train
Q6DGQ8,val
Q6DGR4,val
Q6DGS3,test
Q6DGT7,train
Q6DGU5,train
Q6DGV1,val
Q6DGV7,train
Q6DGX3,train
Q6DGY3,train
Q6DGY7,train
Q6DGZ0,train
Q6DGZ1,train
Q6DGZ3,test
Q6DH02,train
Q6DH13,train
Q6DH23,train
Q6DH26,val
Q6DH42,val
Q6DH44,test
Q6DH46,train
Q6DH65,train
Q6DH66,train
Q6DH69,train
Q6DH74,test
Q6DH86,train
Q6DH87,val
Q6DH88,train
Q6DH94,test
Q6DHB1,val
Q6DHB5,train
Q6DHC1,train
Q6DHC3,train
Q6DHF7,train
Q6DHF9,train
Q6DHG0,train
Q6DHG8,val
Q6DHH7,train
Q6DHI0,train
Q6DHI1,train
Q6DHI2,train
Q6DHI5,train
Q6DHJ1,val
Q6DHJ3,train
Q6DHJ6,test
Q6DHK1,val
Q6DHK8,train
Q6DHL5,train
Q6DHL7,train
Q6DHN0,val
Q6DHN3,train
Q6DHP1,val
Q6DHP6,train
Q6DHP9,train
Q6DHQ1,train
Q6DHQ3,val
Q6DHR0,train
Q6DHR3,train
Q6DHR8,train
Q6DHS9,train
Q6DHU1,test
Q6DHU4,train
Q6DHU8,val
Q6DHV5,train
Q6DHV7,train
Q6DI06,train
Q6DI35,train
Q6DI37,val
Q6DI40,test
Q6DI48,train
Q6DI51,test
Q6DI86,train
Q6DI92,train
Q6DIA2,train
Q6DIA7,train
Q6DIA9,val
Q6DIC0,train
Q6DID5,train
Q6DIH3,train
Q6DII7,train
Q6DIK0,val
Q6DIL6,train
Q6DIM3,test
Q6DIN8,train
Q6DIP3,train
Q6DIP8,train
Q6DIP9,test
Q6DIQ1,train
Q6DIQ3,train
Q6DIR5,train
Q6DIR8,train
Q6DIS1,train
Q6DIS2,train
Q6DIT8,val
Q6DIV2,train
Q6DIV5,val
Q6DIW0,train
Q6DIW6,train
Q6DIX6,train
Q6DIY2,test
Q6DIY8,train
Q6DIZ0,train
Q6DIZ8,val
Q6DJ00,train
Q6DJ05,train
Q6DJ08,train
Q6DJ13,val
Q6DJ35,train
Q6DJ48,train
Q6DJ55,train
Q6DJ58,train
Q6DJ71,train
Q6DJ83,test
Q6DJ87,train
Q6DJ95,test
Q6DJA3,train
Q6DJB9,test
Q6DJC2,train
Q6DJC8,test
Q6DJD3,train
Q6DJD8,test
Q6DJE5,test
Q6DJF8,train
Q6DJH2,train
Q6DJH5,train
Q6DJI5,train
Q6DJI8,val
Q6DJI9,train
Q6DJJ6,test
Q6DJK9,test
Q6DJL7,test
Q6DJM2,train
Q6DJM3,train
Q6DJM6,train
Q6DJM7,train
Q6DJN2,train
Q6DJN3,train
Q6DJP7,train
Q6DJQ6,train
Q6DJR2,train
Q6DJR8,val
Q6DJR9,train
Q6DJS0,val
Q6DJT9,train
Q6DK84,val
Q6DK85,train
Q6DKA1,train
Q6DKC0,train
Q6DKE0,train
Q6DKE6,train
Q6DKF0,test
Q6DKI7,train
Q6DKK2,train
Q6DKM1,train
Q6DMN8,test
Q6DN12,val
Q6DN14,train
Q6DN72,train
Q6DNF3,train
Q6DNF4,val
Q6DNF7,train
Q6DNG6,train
Q6DQX6,train
Q6DR98,train
Q6DRA6,test
Q6DRB1,train
Q6DRC0,train
Q6DRC3,test
Q6DRC4,train
Q6DRC5,test
Q6DRD3,train
Q6DRD4,train
Q6DRD9,train
Q6DRF9,train
Q6DRG1,val
Q6DRG7,train
Q6DRH5,train
Q6DRI4,train
Q6DRI7,val
Q6DRJ4,val
Q6DRJ7,train
Q6DRJ9,train
Q6DRL4,train
Q6DRL5,train
Q6DRL8,test
Q6DRM0,test
Q6DRN3,train
Q6DRP2,test
Q6DRP4,train
Q6DT37,train
Q6DT45,val
Q6DV01,train
Q6DV14,train
Q6DVA0,train
Q6DYE7,train
Q6DYE8,train
Q6E0U4,train
Q6E0V4,train
Q6E1M8,train
Q6E211,test
Q6E213,train
Q6E2N3,train
Q6E3C7,train
Q6E3C9,train
Q6E3D0,train
Q6E3D2,train
Q6E3D4,train
Q6E3D5,train
Q6E3F0,val
Q6E3F2,val
Q6E3F3,train
Q6E804,val
Q6EAL8,train
Q6EAN6,test
Q6EBC2,train
Q6EBV9,train
Q6ECI4,train
Q6ECK6,train
Q6EDY6,train
Q6EE22,train
Q6EE23,train
Q6EER3,train
Q6EER4,train
Q6EEV4,test
Q6EEV6,train
Q6EIC1,test
Q6EIG3,train
Q6EIG7,train
Q6EIX2,test
Q6EIY9,train
Q6EIZ0,train
Q6EIZ1,val
Q6EJB6,train
Q6EJB7,test
Q6EKJ0,val
Q6EMB2,test
Q6EMK4,test
Q6EMT0,test
Q6EUW1,train
Q6EV21,train
Q6EV23,train
Q6EV56,val
Q6EV70,test
Q6EV78,train
Q6F2E2,train
Q6F2E4,train
Q6F3F9,train
Q6F4C6,train
Q6F5E8,train
Q6F6B3,val
Q6GL10,train
Q6GL14,train
Q6GL23,train
Q6GL38,train
Q6GL44,val
Q6GL52,train
Q6GL57,train
Q6GL62,train
Q6GL65,train
Q6GL69,train
Q6GL77,train
Q6GL92,train
Q6GLA1,train
Q6GLB0,train
Q6GLB9,val
Q6GLC7,test
Q6GLD9,test
Q6GLE1,train
Q6GLE8,train
Q6GLH8,test
Q6GLI9,train
Q6GLJ0,val
Q6GLJ6,val
Q6GLK2,train
Q6GLK6,train
Q6GLM5,train
Q6GLN7,val
Q6GLP0,train
Q6GLP7,train
Q6GLQ1,val
Q6GLQ4,train
Q6GLR6,train
Q6GLS4,train
Q6GLS8,train
Q6GLT5,train
Q6GLT8,train
Q6GLU8,train
Q6GLV4,val
Q6GLW8,train
Q6GLX2,train
Q6GLX3,train
Q6GLX4,test
Q6GLX7,train
Q6GLZ0,test
Q6GLZ1,test
Q6GLZ5,train
Q6GLZ9,train
Q6GM05,train
Q6GM06,train
Q6GM07,train
Q6GM14,val
Q6GM16,test
Q6GM19,test
Q6GM21,train
Q6GM22,val
Q6GM29,train
Q6GM53,test
Q6GM59,train
Q6GM65,train
Q6GM71,train
Q6GM78,test
Q6GM86,train
Q6GMB0,train
Q6GMB1,test
Q6GMC7,test
Q6GMD3,train
Q6GME1,test
Q6GMF2,val
Q6GMF8,train
Q6GMG6,test
Q6GMG8,train
Q6GMH0,train
Q6GMH3,train
Q6GMI0,test
Q6GMI7,train
Q6GMI9,train
Q6GMK0,train
Q6GMK6,train
Q6GMK7,train
Q6GMK8,val
Q6GML1,test
Q6GML7,val
Q6GMR7,train
Q6GMV2,train
Q6GMV3,train
Q6GMY9,train
Q6GMZ9,test
Q6GN01,test
Q6GN08,train
Q6GN15,train
Q6GN16,train
Q6GN29,test
Q6GN42,val
Q6GN70,test
Q6GN86,train
Q6GN91,test
Q6GN98,train
Q6GNB5,test
Q6GNB7,train
Q6GND7,test
Q6GNG3,test
Q6GNG8,test
Q6GNI0,train
Q6GNI4,train
Q6GNJ8,test
Q6GNK9,test
Q6GNL1,train
Q6GNL4,train
Q6GNL7,val
Q6GNM0,val
Q6GNM3,train
Q6GNM6,test
Q6GNN8,train
Q6GNP0,train
Q6GNQ4,train
Q6GNS1,train
Q6GNT2,train
Q6GNT7,train
Q6GNU1,train
Q6GNV5,test
Q6GNV6,train
Q6GNV7,test
Q6GNW0,train
Q6GNX1,train
Q6GNX5,train
Q6GNY7,train
Q6GP04,val
Q6GP15,test
Q6GP25,train
Q6GP28,train
Q6GP48,train
Q6GP52,train
Q6GP60,train
Q6GP65,train
Q6GP70,train
Q6GP80,val
Q6GP95,train
Q6GP98,test
Q6GPA1,val
Q6GPA5,train
Q6GPA7,train
Q6GPA8,train
Q6GPB9,train
Q6GPC6,train
Q6GPD0,train
Q6GPE5,val
Q6GPE9,train
Q6GPH4,train
Q6GPH6,train
Q6GPI1,test
Q6GPJ4,train
Q6GPJ5,train
Q6GPJ8,train
Q6GPK2,test
Q6GPK9,train
Q6GPL4,train
Q6GPL9,train
Q6GPM0,train
Q6GPM1,test
Q6GPM3,val
Q6GPM4,test
Q6GPN6,train
Q6GPN9,train
Q6GPP0,train
Q6GPP1,test
Q6GPQ3,train
Q6GPQ4,train
Q6GPQ5,test
Q6GPQ6,train
Q6GPR9,train
Q6GPT7,val
Q6GPU1,train
Q6GPU3,val
Q6GPV4,train
Q6GPV5,val
Q6GPW4,test
Q6GPW6,train
Q6GPY1,train
Q6GPZ1,train
Q6GPZ5,val
Q6GQ22,test
Q6GQ23,train
Q6GQ26,test
Q6GQ29,train
Q6GQ33,val
Q6GQ34,train
Q6GQ37,train
Q6GQ39,test
Q6GQ44,train
Q6GQ48,test
Q6GQ53,train
Q6GQ62,train
Q6GQ66,train
Q6GQ67,test
Q6GQ68,test
Q6GQ69,train
Q6GQ70,train
Q6GQ71,test
Q6GQ73,val
Q6GQ76,train
Q6GQ81,train
Q6GQ95,test
Q6GQB5,train
Q6GQB9,train
Q6GQD0,train
Q6GQD3,test
Q6GQD5,train
Q6GQD7,train
Q6GQF5,train
Q6GQH4,train
Q6GQI5,test
Q6GQI7,train
Q6GQI8,test
Q6GQJ2,train
Q6GQJ7,train
Q6GQJ8,train
Q6GQK9,test
Q6GQL1,train
Q6GQM0,train
Q6GQN0,train
Q6GQN4,train
Q6GQN5,train
Q6GQN7,val
Q6GQN8,train
Q6GQR8,train
Q6GQS1,train
Q6GQT0,train
Q6GQT1,test
Q6GQU6,train
Q6GQV0,train
Q6GQV1,train
Q6GQX2,train
Q6GQX6,test
Q6GR09,train
Q6GR21,train
Q6GR25,train
Q6GR30,train
Q6GR31,test
Q6GR35,train
Q6GR37,train
Q6GR43,train
Q6GR51,train
Q6GR66,train
Q6GTS8,test
Q6GTX8,val
Q6GU68,test
Q6GU94,train
Q6GUG4,val
Q6GUQ4,train
Q6GUR1,test
Q6GV12,train
Q6GV17,train
Q6GV27,train
Q6GV28,train
Q6GV29,val
Q6GVH4,train
Q6GVM5,train
Q6GX83,val
Q6GX84,val
Q6GX86,val
Q6GXJ1,train
Q6GYQ0,test
Q6H1U7,train
Q6H1V1,test
Q6H2Y3,test
Q6H321,test
Q6H3C7,train
Q6H3C8,train
Q6H3C9,test
Q6H3D0,train
Q6H3D7,train
Q6H3X3,train
Q6H8M7,train
Q6H8Q1,train
Q6H8S9,test
Q6H9L7,test
Q6HA08,train
Q6HA09,val
Q6HA10,test
Q6HAA2,train
Q6I6D4,train
Q6I9Y2,train
Q6IA17,test
Q6IA69,test
Q6IA86,train
Q6IAN0,train
Q6IBW4,train
Q6IC83,train
Q6IC98,train
Q6ICB4,train
Q6ICC9,train
Q6ICG8,train
Q6ICI0,train
Q6ICL3,train
Q6ICL7,val
Q6IDD9,train
Q6IE06,train
Q6IE08,val
Q6IE21,train
Q6IE24,train
Q6IE26,test
Q6IE37,train
Q6IE38,val
Q6IE40,test
Q6IE41,train
Q6IE46,train
Q6IE47,train
Q6IE49,train
Q6IE51,val
Q6IE52,train
Q6IE59,train
Q6IE62,train
Q6IE63,val
Q6IE64,train
Q6IE70,train
Q6IE77,train
Q6IE82,train
Q6IED8,test
Q6IEE6,test
Q6IEE8,train
Q6IEG0,train
Q6IEI0,train
Q6IEV9,train
Q6IEY1,train
Q6IF36,train
Q6IF42,train
Q6IF63,test
Q6IF99,test
Q6IFG1,train
Q6IFH4,val
Q6IFN5,test
Q6IFU7,val
Q6IFV3,train
Q6IFW2,train
Q6IFW3,train
Q6IFW5,train
Q6IFW6,train
Q6IFX0,val
Q6IFX1,val
Q6IFY7,train
Q6IFZ9,train
Q6IG01,train
Q6IG02,train
Q6IG05,val
Q6IGX9,train
Q6IMA3,train
Q6IMA7,test
Q6IME9,train
Q6IMF0,val
Q6IMF1,train
Q6IMF3,train
Q6IMG5,test
Q6IMG9,test
Q6IMH0,train
Q6IMI6,train
Q6IMK0,train
Q6IMK3,train
Q6IMN6,train
Q6IMP4,train
Q6IMX7,train
Q6IMY1,test
Q6IMZ0,val
Q6IN02,test
Q6IN36,train
Q6IN84,train
Q6IN97,train
Q6INA9,train
Q6INB0,val
Q6INB3,train
Q6INC1,train
Q6INC4,train
Q6INC8,test
Q6IND4,test
Q6IND6,test
Q6IND7,train
Q6INE2,train
Q6INE5,train
Q6INE8,val
Q6INF3,train
Q6ING2,val
Q6ING4,train
Q6ING7,train
Q6ING9,train
Q6INH1,test
Q6INH5,train
Q6INI0,test
Q6INI5,train
Q6INL2,train
Q6INL7,val
Q6INM2,val
Q6INN0,train
Q6INN8,train
Q6INP0,train
Q6INP8,train
Q6INP9,train
Q6INR1,train
Q6INR6,test
Q6INS1,train
Q6INS5,train
Q6INU3,train
Q6INU6,train
Q6INU7,train
Q6INU8,train
Q6INV3,train
Q6INV8,train
Q6INW9,val
Q6INX1,test
Q6INX4,train
Q6IP02,train
Q6IP09,val
Q6IP48,train
Q6IP59,train
Q6IP76,train
Q6IP81,train
Q6IP82,train
Q6IPM2,val
Q6IPT2,train
Q6IPT4,train
Q6IPU0,train
Q6IPW1,train
Q6IQ19,train
Q6IQ21,val
Q6IQ32,train
Q6IQ55,train
Q6IQ63,train
Q6IQ69,train
Q6IQ73,val
Q6IQ85,train
Q6IQ97,train
Q6IQA2,test
Q6IQC7,val
Q6IQE0,test
Q6IQE1,train
Q6IQE9,val
Q6IQH6,train
Q6IQP3,test
Q6IQS6,test
Q6IQS9,train
Q6IQU4,train
Q6IQU6,train
Q6IQU7,train
Q6IQX0,train
Q6IQX7,test
Q6IQX8,train
Q6IQY5,train
Q6IR37,test
Q6IR42,test
Q6IR52,test
Q6IR55,test
Q6IR61,train
Q6IR70,train
Q6IR74,val
Q6IR76,train
Q6IR80,train
Q6IR85,train
Q6IRA8,train
Q6IRB2,train
Q6IRB3,train
Q6IRB8,train
Q6IRC5,test
Q6IRC7,test
Q6IRC8,test
Q6IRD0,train
Q6IRI9,train
Q6IRM9,train
Q6IRN0,train
Q6IRN2,train
Q6IRN6,train
Q6IRP4,train
Q6IRQ4,train
Q6IRQ9,train
Q6IRR0,val
Q6IRS2,val
Q6IRT3,train
Q6IRU7,train
Q6ISS4,test
Q6ISU1,train
Q6ITB1,test
Q6ITB4,train
Q6ITB9,test
Q6ITC0,train
Q6ITC1,val
Q6ITQ4,val
Q6IUP1,train
Q6IUP3,train
Q6IUU3,val
Q6IV18,train
Q6IV20,train
Q6IV23,test
Q6IV26,train
Q6IV56,train
Q6IV72,train
Q6IVA4,train
Q6IVV8,train
Q6IVW0,train
Q6IVY4,train
Q6IWF1,val
Q6IWH7,train
Q6IWL4,train
Q6IWZ0,train
Q6IY74,test
Q6IYF9,test
Q6IYG6,val
Q6IYH0,train
Q6IZ48,train
Q6IZ95,train
Q6IZA3,train
Q6J1H4,test
Q6J1I7,train
Q6J1T3,train
Q6J1Y9,train
Q6J201,train
Q6J272,val
Q6J2U6,test
Q6J329,train
Q6J4K2,train
Q6J4Q1,val
Q6J5K9,train
Q6J6I6,train
Q6J6I9,train
Q6J756,test
Q6J9G0,test
Q6J9G1,test
Q6JAN1,val
Q6JBY9,train
Q6JEL3,train
Q6JHU7,train
Q6JHU8,train
Q6JHY2,train
Q6JIY4,train
Q6JIY5,train
Q6JLC9,train
Q6JQN1,train
Q6JTA8,train
Q6JV22,train
Q6JVE5,train
Q6JVE6,train
Q6JVE9,train
Q6JVL5,train
Q6JWV8,train
Q6JWW5,train
Q6JZS3,train
Q6K0P9,train
Q6K1E7,train
Q6K1J1,train
Q6K1L7,train
Q6KAQ7,train
Q6KAS7,train
Q6KAU4,train
Q6KAU7,train
Q6KAU8,train
Q6KB55,train
Q6KB59,val
Q6KB66,train
Q6KEQ9,train
Q6KF10,train
Q6KFX9,test
Q6L6Q5,val
Q6L6Q6,train
Q6L6S1,train
Q6L6X6,train
Q6L786,val
Q6L7I9,train
Q6L8F3,train
Q6L8G4,train
Q6L8G5,test
Q6L8G8,train
Q6L8G9,train
Q6L8H1,train
Q6L8H2,train
Q6L8H4,train
Q6L8Q7,train
Q6L8S8,train
Q6L9W6,train
Q6LA37,test
Q6MFY8,test
Q6MG07,train
Q6MG11,val
Q6MG12,val
Q6MG22,train
Q6MG48,val
Q6MG53,val
Q6MG56,train
Q6MG58,test
Q6MG59,train
Q6MG62,test
Q6MG71,train
Q6MG81,train
Q6MG84,train
Q6MG88,train
Q6MG97,val
Q6MGB5,train
Q6MZM0,train
Q6MZM9,train
Q6MZN7,train
Q6MZW2,train
Q6MZZ7,train
Q6N021,train
Q6N043,train
Q6N063,train
Q6N069,test
Q6NL34,train
Q6NLL1,test
Q6NN40,test
Q6NN55,test
Q6NN85,val
Q6NNF2,train
Q6NP60,train
Q6NP91,test
Q6NR09,val
Q6NRB0,val
Q6NRB7,train
Q6NRB9,train
Q6NRC7,test
Q6NRC9,train
Q6NRD3,test
Q6NRD5,val
Q6NRE4,train
Q6NRE7,train
Q6NRE8,train
Q6NRF1,train
Q6NRF4,train
Q6NRF9,val
Q6NRG0,train
Q6NRG5,train
Q6NRG6,val
Q6NRH1,train
Q6NRH3,train
Q6NRH7,val
Q6NRI4,train
Q6NRI5,train
Q6NRI8,test
Q6NRJ5,train
Q6NRK1,train
Q6NRK3,train
Q6NRK8,train
Q6NRK9,train
Q6NRL0,test
Q6NRL1,train
Q6NRM6,train
Q6NRM7,train
Q6NRM8,train
Q6NRP2,train
Q6NRP6,train
Q6NRQ1,val
Q6NRS1,train
Q6NRS2,train
Q6NRS6,train
Q6NRT0,train
Q6NRT6,train
Q6NRV0,train
Q6NRV4,val
Q6NRW0,train
Q6NRW2,train
Q6NRW5,val
Q6NRX0,train
Q6NRX3,train
Q6NRY1,train
Q6NRY2,train
Q6NRZ0,train
Q6NRZ1,val
Q6NS09,train
Q6NS15,train
Q6NS19,val
Q6NS23,train
Q6NS38,train
Q6NS45,train
Q6NS46,val
Q6NS57,train
Q6NS59,train
Q6NS60,val
Q6NS65,train
Q6NS69,val
Q6NS86,train
Q6NSI1,train
Q6NSI3,train
Q6NSI4,val
Q6NSI8,train
Q6NSJ0,train
Q6NSJ2,val
Q6NSM8,train
Q6NSN1,train
Q6NSN2,train
Q6NSN5,train
Q6NSQ3,val
Q6NSQ7,train
Q6NSR3,train
Q6NSW3,train
Q6NSW7,test
Q6NSZ9,train
Q6NT04,train
Q6NT16,train
Q6NT32,train
Q6NT55,val
Q6NT89,test
Q6NT99,test
Q6NTA4,train
Q6NTE8,train
Q6NTF7,train
Q6NTF9,train
Q6NTJ3,train
Q6NTJ7,train
Q6NTL1,train
Q6NTL4,train
Q6NTM6,train
Q6NTN5,train
Q6NTP2,test
Q6NTR1,test
Q6NTS2,test
Q6NTS3,test
Q6NTS7,train
Q6NTT6,train
Q6NTV1,train
Q6NTV6,train
Q6NTV8,train
Q6NTV9,train
Q6NTW1,train
Q6NTW5,val
Q6NTW6,val
Q6NTY6,train
Q6NTY8,train
Q6NTZ6,test
Q6NU04,test
Q6NU05,train
Q6NU07,test
Q6NU08,val
Q6NU09,train
Q6NU11,train
Q6NU13,train
Q6NU18,train
Q6NU19,train
Q6NU25,train
Q6NU27,train
Q6NU29,val
Q6NU40,test
Q6NU46,train
Q6NU51,train
Q6NU53,train
Q6NU56,test
Q6NU60,train
Q6NU91,train
Q6NU94,val
Q6NU95,train
Q6NU98,val
Q6NUA0,test
Q6NUA1,train
Q6NUA7,test
Q6NUB3,train
Q6NUB7,train
Q6NUC1,train
Q6NUC2,train
Q6NUC6,train
Q6NUD0,test
Q6NUD4,train
Q6NUD7,train
Q6NUE2,train
Q6NUF4,train
Q6NUH2,train
Q6NUI1,train
Q6NUI2,test
Q6NUI6,train
Q6NUJ1,val
Q6NUJ5,test
Q6NUM6,train
Q6NUN0,train
Q6NUN7,test
Q6NUN9,train
Q6NUP7,train
Q6NUQ1,train
Q6NUQ4,train
Q6NUR6,val
Q6NUS6,val
Q6NUS8,train
Q6NUT2,train
Q6NUT3,train
Q6NUT7,train
Q6NUV0,val
Q6NUW5,train
Q6NUW9,test
Q6NUX0,train
Q6NUZ2,train
Q6NV04,val
Q6NV12,train
Q6NV18,train
Q6NV24,train
Q6NV26,train
Q6NV32,train
Q6NV34,train
Q6NV38,train
Q6NV66,train
Q6NV72,train
Q6NV74,train
Q6NV75,train
Q6NVA8,train
Q6NVB0,train
Q6NVC5,train
Q6NVC9,val
Q6NVD9,train
Q6NVE3,train
Q6NVE8,train
Q6NVF4,train
Q6NVG1,train
Q6NVG5,train
Q6NVH7,train
Q6NVI7,train
Q6NVJ5,train
Q6NVK9,train
Q6NVL6,train
Q6NVM2,train
Q6NVM6,train
Q6NVN3,train
Q6NVP6,train
Q6NVP8,train
Q6NVQ1,test
Q6NVR8,val
Q6NVS2,train
Q6NVS9,train
Q6NVU6,train
Q6NVV0,val
Q6NVV1,train
Q6NVV3,train
Q6NVV7,train
Q6NVV9,train
Q6NVY1,train
Q6NW34,train
Q6NW52,train
Q6NW58,val
Q6NW59,train
Q6NW76,test
Q6NW95,train
Q6NW96,train
Q6NWA8,train
Q6NWB6,train
Q6NWC6,test
Q6NWC9,train
Q6NWD4,train
Q6NWE0,train
Q6NWE1,train
Q6NWF1,train
Q6NWF4,train
Q6NWG0,train
Q6NWG1,val
Q6NWG4,test
Q6NWH0,test
Q6NWH1,train
Q6NWH2,train
Q6NWH5,train
Q6NWI1,train
Q6NWI4,train
Q6NWJ0,train
Q6NWJ4,train
Q6NWV3,train
Q6NWW5,train
Q6NWX7,train
Q6NWZ9,test
Q6NX08,train
Q6NX12,train
Q6NX27,train
Q6NX28,train
Q6NX30,train
Q6NX31,train
Q6NX45,val
Q6NX49,train
Q6NX89,test
Q6NXA4,train
Q6NXA8,val
Q6NXA9,test
Q6NXB2,train
Q6NXC0,test
Q6NXD2,train
Q6NXD8,test
Q6NXH2,val
Q6NXH8,train
Q6NXH9,test
Q6NXI6,train
Q6NXJ0,train
Q6NXK2,train
Q6NXK5,train
Q6NXK8,test
Q6NXL6,train
Q6NXM2,train
Q6NXM3,train
Q6NXN4,train
Q6NXP2,train
Q6NXP6,train
Q6NXR0,train
Q6NXR4,train
Q6NXS1,train
Q6NXT1,train
Q6NXT2,train
Q6NXW6,train
Q6NXY1,train
Q6NXY9,test
Q6NXZ1,train
Q6NY15,train
Q6NY19,test
Q6NY52,val
Q6NY73,train
Q6NY74,train
Q6NY77,train
Q6NY82,test
Q6NY88,train
Q6NY89,train
Q6NY98,val
Q6NYD4,train
Q6NYD7,train
Q6NYE2,train
Q6NYE4,train
Q6NYE7,train
Q6NYF0,train
Q6NYF1,train
Q6NYG4,train
Q6NYG6,train
Q6NYG8,train
Q6NYH1,train
Q6NYI0,train
Q6NYJ3,train
Q6NYK3,train
Q6NYK8,train
Q6NYL3,test
Q6NYL5,val
Q6NYM1,test
Q6NYN7,train
Q6NYP0,train
Q6NYP8,train
Q6NYR8,train
Q6NYS8,train
Q6NYT1,train
Q6NYT3,val
Q6NYU2,train
Q6NYU3,train
Q6NYU6,train
Q6NYU7,train
Q6NYV5,train
Q6NYV8,val
Q6NYV9,train
Q6NYW6,train
Q6NYX6,train
Q6NYX8,train
Q6NYY4,test
Q6NYY9,train
Q6NYZ4,train
Q6NYZ6,test
Q6NZ03,train
Q6NZ06,train
Q6NZ07,train
Q6NZ09,test
Q6NZ13,train
Q6NZ18,val
Q6NZ21,train
Q6NZ22,train
Q6NZ36,train
Q6NZ63,test
Q6NZB0,train
Q6NZC7,train
Q6NZE7,train
Q6NZF1,train
Q6NZG4,train
Q6NZI2,train
Q6NZI6,test
Q6NZK5,train
Q6NZK8,train
Q6NZL0,train
Q6NZL6,test
Q6NZL8,test
Q6NZM9,train
Q6NZN1,test
Q6NZP1,train
Q6NZP2,train
Q6NZQ0,train
Q6NZQ2,train
Q6NZQ4,val
Q6NZQ6,train
Q6NZR5,train
Q6NZT2,val
Q6NZT6,train
Q6NZW0,val
Q6NZY7,val
Q6NZZ3,val
Q6NZZ4,train
Q6NZZ9,train
Q6P011,train
Q6P026,train
Q6P036,test
Q6P047,train
Q6P068,train
Q6P087,train
Q6P093,train
Q6P0A1,train
Q6P0C6,train
Q6P0C7,test
Q6P0D0,test
Q6P0D1,test
Q6P0D5,train
Q6P0D7,train
Q6P0D9,val
Q6P0E5,train
Q6P0E7,train
Q6P0E8,val
Q6P0F0,train
Q6P0F4,train
Q6P0F9,train
Q6P0G6,val
Q6P0G8,train
Q6P0H7,test
Q6P0I6,train
Q6P0I8,train
Q6P0J3,test
Q6P0N0,train
Q6P0Q8,train
Q6P0R8,test
Q6P0S3,train
Q6P0T2,train
Q6P0U0,train
Q6P0U3,train
Q6P0U9,train
Q6P0X2,val
Q6P104,train
Q6P112,train
Q6P116,test
Q6P121,train
Q6P132,train
Q6P135,train
Q6P158,test
Q6P161,train
Q6P1A2,val
Q6P1C6,train
Q6P1D5,val
Q6P1D7,val
Q6P1E7,train
Q6P1E8,train
Q6P1G0,train
Q6P1G2,train
Q6P1G6,train
Q6P1H1,train
Q6P1H6,train
Q6P1I3,train
Q6P1I6,test
Q6P1J0,train
Q6P1J6,train
Q6P1J9,train
Q6P1K2,train
Q6P1L6,train
Q6P1L8,train
Q6P1M9,train
Q6P1N0,test
Q6P1N9,train
Q6P1Q0,test
Q6P1R3,val
Q6P1S2,train
Q6P1S4,train
Q6P1S6,train
Q6P1U0,train
Q6P1V1,train
Q6P1V3,val
Q6P1V4,val
Q6P1V8,train
Q6P1W0,val
Q6P1W5,train
Q6P1X6,train
Q6P1Y1,train
Q6P1Y8,train
Q6P1Z5,train
Q6P205,val
Q6P253,train
Q6P255,val
Q6P268,train
Q6P280,train
Q6P286,test
Q6P298,train
Q6P2A1,train
Q6P2B1,train
Q6P2C0,train
Q6P2C8,train
Q6P2D8,train
Q6P2E9,train
Q6P2H3,test
Q6P2H8,train
Q6P2I3,train
Q6P2I7,train
Q6P2K3,train
Q6P2K6,test
Q6P2L7,train
Q6P2P2,val
Q6P2S7,train
Q6P2T0,train
Q6P2T7,train
Q6P2Y1,test
Q6P2Y2,test
Q6P2Y3,train
Q6P2Z3,train
Q6P2Z6,val
Q6P301,test
Q6P316,train
Q6P320,train
Q6P321,train
Q6P326,train
Q6P335,train
Q6P355,train
Q6P360,test
Q6P371,train
Q6P387,train
Q6P3A1,test
Q6P3A4,val
Q6P3B2,val
Q6P3B9,train
Q6P3D0,val
Q6P3D7,train
Q6P3E0,test
Q6P3E7,test
Q6P3G4,train
Q6P3H4,test
Q6P3K3,train
Q6P3K7,train
Q6P3L0,train
Q6P3L6,train
Q6P3P1,train
Q6P3P4,train
Q6P3Q4,train
Q6P3Q6,val
Q6P3R8,train
Q6P3S1,test
Q6P3S6,test
Q6P3V7,train
Q6P3W2,train
Q6P3W7,val
Q6P3X8,train
Q6P3Y5,train
Q6P3Y9,train
Q6P3Z3,test
Q6P402,train
Q6P435,train
Q6P444,val
Q6P461,test
Q6P474,test
Q6P4A7,train
Q6P4A8,test
Q6P4D5,train
Q6P4F1,train
Q6P4F2,train
Q6P4F7,train
Q6P4H8,val
Q6P4I2,val
Q6P4K1,train
Q6P4K5,val
Q6P4K6,train
Q6P4K7,train
Q6P4K8,train
Q6P4L9,train
Q6P4M5,train
Q6P4P1,train
Q6P4P2,train
Q6P4Q7,test
Q6P4S2,val
Q6P4S6,train
Q6P4S8,train
Q6P4T0,train
Q6P4T1,val
Q6P4U0,val
Q6P4U6,train
Q6P4W0,train
Q6P4W5,test
Q6P4W7,train
Q6P4W8,train
Q6P4X5,train
Q6P4Y0,train
Q6P4Y6,val
Q6P4Z6,train
Q6P531,train
Q6P539,train
Q6P560,test
Q6P575,train
Q6P582,train
Q6P587,val
Q6P589,val
Q6P5B0,train
Q6P5C5,test
Q6P5C7,train
Q6P5D3,train
Q6P5D4,val
Q6P5D8,test
Q6P5E6,test
Q6P5E8,test
Q6P5F6,train
Q6P5F9,test
Q6P5G0,train
Q6P5G6,train
Q6P5H2,train
Q6P5H6,train
Q6P5I8,train
Q6P5J6,train
Q6P5L7,train
Q6P5L8,train
Q6P5M2,train
Q6P5Q4,train
Q6P5R6,train
Q6P5S2,train
Q6P5S7,train
Q6P5U7,train
Q6P5U8,train
Q6P5W5,val
Q6P5X7,train
Q6P5Z2,train
Q6P606,train
Q6P618,train
Q6P637,train
Q6P642,train
Q6P643,train
Q6P656,test
Q6P698,train
Q6P6B1,train
Q6P6B7,train
Q6P6C2,train
Q6P6G2,train
Q6P6I6,train
Q6P6J0,test
Q6P6J4,train
Q6P6L0,train
Q6P6M5,val
Q6P6M7,val
Q6P6N5,val
Q6P6Q2,val
Q6P6Q6,train
Q6P6S0,train
Q6P6S2,train
Q6P6S3,val
Q6P6S4,train
Q6P6T1,val
Q6P6U0,test
Q6P6V0,train
Q6P6V7,val
Q6P6X9,train
Q6P6Y1,train
Q6P6Z4,test
Q6P6Z8,train
Q6P719,train
Q6P720,train
Q6P734,val
Q6P742,test
Q6P752,train
Q6P756,train
Q6P773,test
Q6P777,train
Q6P788,train
Q6P7A1,train
Q6P7A9,train
Q6P7B4,train
Q6P7B7,train
Q6P7B9,val
Q6P7C4,train
Q6P7C7,train
Q6P7D3,test
Q6P7E4,train
Q6P7F1,train
Q6P7G9,train
Q6P7H4,train
Q6P7I0,test
Q6P7I6,train
Q6P7J1,train
Q6P7K0,train
Q6P7K5,train
Q6P7L0,test
Q6P7N1,train
Q6P7N4,train
Q6P7N7,train
Q6P7Q0,train
Q6P7R8,train
Q6P7W0,train
Q6P7W5,val
Q6P7Y3,train
Q6P828,val
Q6P829,test
Q6P833,train
Q6P839,train
Q6P848,train
Q6P859,test
Q6P864,train
Q6P870,train
Q6P875,train
Q6P877,train
Q6P881,test
Q6P882,train
Q6P8A1,train
Q6P8A3,train
Q6P8C8,val
Q6P8G1,train
Q6P8G8,test
Q6P8H8,train
Q6P8I6,test
Q6P8J2,val
Q6P8K8,train
Q6P8U6,train
Q6P8W9,train
Q6P8X1,val
Q6P8X6,train
Q6P8X9,test
Q6P8Y0,train
Q6P8Y7,test
Q6P902,train
Q6P949,train
Q6P950,train
Q6P963,test
Q6P964,test
Q6P988,train
Q6P995,train
Q6P996,train
Q6P9A1,train
Q6P9A2,val
Q6P9A3,train
Q6P9B6,train
Q6P9F0,train
Q6P9F5,train
Q6P9F7,train
Q6P9G4,train
Q6P9G9,train
Q6P9H5,train
Q6P9I7,train
Q6P9J5,train
Q6P9L4,train
Q6P9P0,val
Q6P9P6,val
Q6P9P8,train
Q6P9Q4,test
Q6P9Q6,train
Q6P9R1,test
Q6P9R4,test
Q6P9S0,test
Q6P9S1,test
Q6P9U3,train
Q6P9U4,test
Q6P9X9,train
Q6P9Y7,train
Q6P9Z4,train
Q6P9Z6,train
Q6PA15,test
Q6PA23,train
Q6PA41,train
Q6PA48,train
Q6PA69,val
Q6PA79,train
Q6PA90,train
Q6PA97,train
Q6PAB3,train
Q6PAC4,train
Q6PAC9,test
Q6PAD2,train
Q6PAE6,test
Q6PAF4,train
Q6PAF6,val
Q6PAJ1,train
Q6PAJ3,train
Q6PAL0,test
Q6PAL1,test
Q6PAL7,train
Q6PAL8,train
Q6PAM0,train
Q6PAM1,test
Q6PAN7,train
Q6PAQ4,train
Q6PAQ9,test
Q6PAV5,train
Q6PAV8,train
Q6PAW0,train
Q6PAW2,train
Q6PAX2,train
Q6PAX7,val
Q6PAX8,train
Q6PAY6,train
Q6PAY8,train
Q6PAZ3,train
Q6PB03,train
Q6PB04,test
Q6PB06,train
Q6PB15,val
Q6PB22,val
Q6PB26,train
Q6PB30,train
Q6PB44,train
Q6PB70,val
Q6PB75,test
Q6PB90,train
Q6PB93,train
Q6PB97,test
Q6PBA2,test
Q6PBA8,train
Q6PBC9,train
Q6PBD1,train
Q6PBD6,train
Q6PBE2,train
Q6PBE5,train
Q6PBF6,test
Q6PBH5,train
Q6PBI2,val
Q6PBI4,test
Q6PBI8,train
Q6PBK1,train
Q6PBK8,train
Q6PBL0,train
Q6PBM1,val
Q6PBM7,train
Q6PBM8,train
Q6PBN2,train
Q6PBN4,val
Q6PBN5,train
Q6PBP3,test
Q6PBQ2,train
Q6PBR7,train
Q6PBS3,train
Q6PBT5,train
Q6PBT6,train
Q6PBT7,train
Q6PBT8,train
Q6PBT9,val
Q6PBU0,train
Q6PBU5,train
Q6PBU7,train
Q6PBV4,train
Q6PBV6,train
Q6PBW5,train
Q6PBX5,train
Q6PBX9,train
Q6PBY1,train
Q6PBY3,train
Q6PBY7,train
Q6PC19,train
Q6PC24,train
Q6PC40,train
Q6PC45,train
Q6PC54,train
Q6PC62,test
Q6PC64,train
Q6PC72,train
Q6PC78,train
Q6PC93,val
Q6PCB0,train
Q6PCB5,val
Q6PCB7,test
Q6PCB8,val
Q6PCD5,train
Q6PCF7,train
Q6PCF9,train
Q6PCG6,train
Q6PCG7,train
Q6PCI6,val
Q6PCI7,val
Q6PCJ1,train
Q6PCJ9,train
Q6PCL0,train
Q6PCM2,train
Q6PCN3,val
Q6PCN7,test
Q6PCP5,train
Q6PCP7,train
Q6PCQ0,val
Q6PCR6,train
Q6PCR7,val
Q6PCS4,train
Q6PCS6,train
Q6PCT8,train
Q6PCU8,train
Q6PCX9,train
Q6PCZ4,train
Q6PD03,train
Q6PD21,test
Q6PD24,test
Q6PD26,test
Q6PD28,train
Q6PD31,val
Q6PD62,test
Q6PD82,train
Q6PD83,train
Q6PD99,train
Q6PDA7,train
Q6PDB4,train
Q6PDC8,train
Q6PDD0,train
Q6PDE7,train
Q6PDE8,train
Q6PDG5,val
Q6PDG8,val
Q6PDH0,train
Q6PDH4,test
Q6PDI6,train
Q6PDK8,train
Q6PDM4,train
Q6PDN3,val
Q6PDS0,train
Q6PDW6,train
Q6PDY0,train
Q6PDY2,train
Q6PDZ2,val
Q6PE13,train
Q6PE15,train
Q6PE18,test
Q6PE54,val
Q6PE65,test
Q6PE84,train
Q6PEB6,train
Q6PEC0,train
Q6PEC3,train
Q6PEH4,train
Q6PEH8,train
Q6PEH9,train
Q6PEI3,train
Q6PEI7,train
Q6PEM6,test
Q6PEM8,val
Q6PEV3,test
Q6PEW0,val
Q6PEW1,train
Q6PEX3,train
Q6PEX7,train
Q6PEY0,train
Q6PEZ8,train
Q6PF04,train
Q6PF05,train
Q6PF06,train
Q6PF15,train
Q6PF21,test
Q6PF24,test
Q6PF39,train
Q6PF42,val
Q6PF45,test
Q6PF54,val
Q6PF55,train
Q6PF69,train
Q6PFC5,train
Q6PFD5,train
Q6PFD9,train
Q6PFE3,train
Q6PFE7,test
Q6PFJ1,train
Q6PFJ7,train
Q6PFJ9,val
Q6PFK1,train
Q6PFL0,train
Q6PFL6,test
Q6PFL8,train
Q6PFM0,val
Q6PFM1,train
Q6PFM4,train
Q6PFP3,train
Q6PFP6,test
Q6PFQ0,train
Q6PFQ2,test
Q6PFQ7,test
Q6PFR5,train
Q6PFS2,train
Q6PFS5,train
Q6PFS7,train
Q6PFT6,train
Q6PFT9,train
Q6PFX2,train
Q6PFX6,train
Q6PFX7,train
Q6PFX8,train
Q6PFY1,train
Q6PFY8,val
Q6PFY9,train
Q6PG04,train
Q6PG16,val
Q6PG29,val
Q6PG31,val
Q6PG34,train
Q6PG37,val
Q6PG95,train
Q6PGA0,train
Q6PGC1,test
Q6PGC7,val
Q6PGD0,val
Q6PGE4,val
Q6PGF3,train
Q6PGF7,train
Q6PGG2,train
Q6PGG6,train
Q6PGH0,train
Q6PGH2,train
Q6PGL7,test
Q6PGN1,train
Q6PGN9,train
Q6PGP7,train
Q6PGQ1,val
Q6PGQ7,train
Q6PGR9,train
Q6PGS5,train
Q6PGT3,test
Q6PGU2,train
Q6PGW3,train
Q6PGX3,train
Q6PGY3,val
Q6PGY5,train
Q6PGY6,train
Q6PGZ0,val
Q6PGZ3,val
Q6PH11,val
Q6PH17,train
Q6PH18,test
Q6PH19,test
Q6PH37,val
Q6PH52,train
Q6PH58,train
Q6PH61,train
Q6PH81,test
Q6PHB0,train
Q6PHD9,val
Q6PHE8,test
Q6PHF0,test
Q6PHG2,train
Q6PHG4,test
Q6PHG8,train
Q6PHK6,train
Q6PHL4,test
Q6PHN1,train
Q6PHN7,train
Q6PHP4,train
Q6PHS6,train
Q6PHU5,train
Q6PHY8,train
Q6PHZ5,train
Q6PHZ8,train
Q6PI26,train
Q6PI47,test
Q6PI48,train
Q6PI53,train
Q6PI73,train
Q6PI97,train
Q6PID6,train
Q6PIF2,train
Q6PIF6,train
Q6PII3,val
Q6PII5,train
Q6PIJ4,train
Q6PIJ6,train
Q6PIP5,train
Q6PIS1,train
Q6PIU2,train
Q6PIU9,train
Q6PIV2,train
Q6PIW4,train
Q6PIX9,train
Q6PIY5,train
Q6PIZ9,test
Q6PJ21,train
Q6PJ69,train
Q6PJE2,train
Q6PJG2,train
Q6PJG6,train
Q6PJI9,val
Q6PJN8,train
Q6PJP8,train
Q6PJQ5,train
Q6PJW8,train
Q6PK04,test
Q6PK18,val
Q6PK57,train
Q6PK81,train
Q6PKC3,train
Q6PKH6,test
Q6PKN7,train
Q6PKU1,train
Q6PL18,train
Q6PL24,train
Q6PL45,train
Q6PML9,train
Q6PN82,val
Q6PN83,train
Q6PN84,test
Q6PN86,train
Q6PN98,val
Q6PNM1,train
Q6PPB3,train
Q6PQK2,test
Q6PRD7,train
Q6PT52,train
Q6PTD0,val
Q6PTD4,val
Q6PTD5,train
Q6PTD6,train
Q6PTD7,train
Q6PUF3,val
Q6PUF4,val
Q6PUR6,train
Q6PUR7,train
Q6PVW7,test
Q6PVZ1,train
Q6PW23,train
Q6PWL6,train
Q6PWT7,val
Q6PXP0,train
Q6PZ02,train
Q6PZD2,train
Q6Q0C1,train
Q6Q0N0,train
Q6Q252,val
Q6Q2A8,test
Q6Q2B2,test
Q6Q2C2,val
Q6Q2Z6,val
Q6Q473,train
Q6Q484,val
Q6Q4G3,train
Q6Q4G4,test
Q6Q4H1,test
Q6Q629,val
Q6Q6R3,train
Q6Q6R5,val
Q6Q759,val
Q6Q760,test
Q6Q783,train
Q6Q788,val
Q6Q795,train
Q6Q7D1,val
Q6Q7D2,val
Q6Q7I7,val
Q6Q7P4,test
Q6Q7X9,train
Q6Q7Y5,val
Q6Q899,train
Q6Q8B3,train
Q6QA32,train
Q6QA33,train
Q6QAJ8,test
Q6QAT4,test
Q6QB00,val
Q6QD51,train
Q6QD55,train
Q6QD59,train
Q6QEJ7,test
Q6QGW5,val
Q6QHC5,test
Q6QHF9,test
Q6QHK4,train
Q6QHT9,train
Q6QIX3,train
Q6QIY3,train
Q6QLL4,train
Q6QLQ4,train
Q6QLQ5,train
Q6QLQ7,train
Q6QLQ9,train
Q6QLR1,train
Q6QLR2,train
Q6QLR3,train
Q6QLW4,train
Q6QM28,train
Q6QMG1,test
Q6QMT2,train
Q6QMY6,train
Q6QN06,train
Q6QN13,train
Q6QN14,test
Q6QNF3,train
Q6QNF4,train
Q6QNK2,test
Q6QNU9,train
Q6QQT1,val
Q6QR59,train
Q6QRN6,train
Q6QT07,test
Q6QUN5,train
Q6QUW1,train
Q6QWF9,train
Q6QZN6,test
Q6QZQ4,val
Q6QZV5,train
Q6R005,train
Q6R0H6,train
Q6R0H7,train
Q6R0J2,test
Q6R2P8,train
Q6R2R2,val
Q6R2W3,train
Q6R327,train
Q6R3M4,train
Q6R3Q6,test
Q6R4Q5,train
Q6R5A3,val
Q6R5J1,train
Q6R5J2,train
Q6R5N8,train
Q6R5P0,train
Q6R645,train
Q6R648,val
Q6R653,train
Q6R6I7,train
Q6R6L0,train
Q6R6L8,train
Q6R755,train
Q6R7M4,train
Q6R8F2,val
Q6R8J2,train
Q6REY9,train
Q6RF66,train
Q6RFH4,test
Q6RFL5,train
Q6RFY2,train
Q6RFZ7,test
Q6RG78,test
Q6RH31,train
Q6RHW0,test
Q6RHW2,val
Q6RHW4,val
Q6RI63,train
Q6RI88,train
Q6RJR6,val
Q6RSH7,val
Q6RUG5,test
Q6RUT7,train
Q6RUT8,train
Q6RUU0,train
Q6RVD6,val
Q6RVD7,train
Q6RWA9,train
Q6RX08,train
Q6RYS9,train
Q6S5C2,train
Q6S5G4,train
Q6S5I3,train
Q6S5L8,val
Q6S5L9,val
Q6S8J7,val
Q6S9D9,train
Q6S9V5,test
Q6SA08,train
Q6SA95,test
Q6SJ82,train
Q6SJ93,train
Q6SJ94,train
Q6SJ95,train
Q6SJ96,train
Q6SJE0,test
Q6SJP8,train
Q6SJQ0,train
Q6SJQ5,train
Q6SJQ7,train
Q6SJQ8,test
Q6SKG1,train
Q6SKR2,train
Q6SLE7,test
Q6SLL5,test
Q6SP97,train
Q6SPE9,train
Q6STE5,train
Q6SXP0,train
Q6SYV5,train
Q6T178,train
Q6T264,train
Q6T311,train
Q6T393,train
Q6T3U3,train
Q6T423,train
Q6T499,train
Q6T4P5,train
Q6T4R5,test
Q6T6C1,val
Q6T6S5,test
Q6T6S7,train
Q6T6T2,val
Q6T6T4,train
Q6T6T5,val
Q6T707,val
Q6T723,train
Q6T752,train
Q6T7B5,train
Q6T7B6,train
Q6T7B7,train
Q6T8D8,train
Q6T938,val
Q6TA48,train
Q6TA49,val
Q6TAC4,test
Q6TAC8,test
Q6TC28,train
Q6TC50,val
Q6TCG2,train
Q6TCG5,train
Q6TCH4,val
Q6TCH7,train
Q6TDP3,test
Q6TDU1,val
Q6TDU7,test
Q6TDU8,train
Q6TEC1,train
Q6TEK5,test
Q6TEK8,val
Q6TEL0,train
Q6TEL1,train
Q6TEL3,val
Q6TEM9,train
Q6TEN6,train
Q6TEP1,train
Q6TEQ0,train
Q6TFL3,train
Q6TGC4,train
Q6TGS6,train
Q6TGU2,val
Q6TGV7,val
Q6TGW5,train
Q6TGY8,train
Q6TGZ4,train
Q6TGZ5,test
Q6TH01,train
Q6TH22,train
Q6TH47,train
Q6TJY3,train
Q6TKS7,train
Q6TL19,train
Q6TLE4,train
Q6TLE6,train
Q6TLF6,train
Q6TLH3,train
Q6TLJ0,test
Q6TMA8,train
Q6TMG5,train
Q6TMG6,train
Q6TN15,test
Q6TNJ1,train
Q6TNP8,train
Q6TNR1,train
Q6TNS2,test
Q6TNS7,train
Q6TNT2,train
Q6TNU3,train
Q6TPG9,train
Q6TPH0,train
Q6TQE1,val
Q6TS00,val
Q6TS35,train
Q6TU36,train
Q6TUD4,val
Q6TUI4,val
Q6TV19,val
Q6TXD4,train
Q6TXF5,val
Q6TXG9,train
Q6TYB5,train
Q6TYI6,train
Q6U6H1,val
Q6U6J0,train
Q6U736,train
Q6U7H8,test
Q6U7R4,val
Q6U949,test
Q6UB35,val
Q6UB98,test
Q6UC88,test
Q6UDR6,train
Q6UE05,train
Q6UEH6,val
Q6UFS5,train
Q6UFZ8,train
Q6UGQ3,train
Q6UJB9,test
Q6UJY2,train
Q6UK00,train
Q6UKI2,train
Q6ULP2,val
Q6UN27,train
Q6UNA4,train
Q6UPR8,train
Q6UQ17,train
Q6UQ28,test
Q6URK6,train
Q6URK8,test
Q6US81,train
Q6UUV7,test
Q6UUV9,train
Q6UVJ0,train
Q6UVM4,train
Q6UVW9,train
Q6UVY6,val
Q6UW01,val
Q6UW10,val
Q6UW15,val
Q6UW32,train
Q6UW49,train
Q6UW56,train
Q6UW60,train
Q6UW78,train
Q6UW88,train
Q6UWB1,train
Q6UWB4,train
Q6UWD8,train
Q6UWE0,train
Q6UWE3,train
Q6UWF3,train
Q6UWF5,train
Q6UWF7,train
Q6UWF9,test
Q6UWH4,test
Q6UWI4,test
Q6UWJ1,val
Q6UWJ8,test
Q6UWK7,train
Q6UWL2,val
Q6UWL6,train
Q6UWM5,test
Q6UWM7,train
Q6UWN0,test
Q6UWN5,train
Q6UWN8,train
Q6UWP7,train
Q6UWP8,train
Q6UWQ7,train
Q6UWR7,train
Q6UWS5,train
Q6UWT2,train
Q6UWT4,test
Q6UWV2,test
Q6UWV6,train
Q6UWV7,train
Q6UWW0,train
Q6UWW9,test
Q6UWX4,train
Q6UWY0,val
Q6UWY2,val
Q6UWY5,train
Q6UWZ7,train
Q6UX01,train
Q6UX04,train
Q6UX06,train
Q6UX07,train
Q6UX15,train
Q6UX27,train
Q6UX34,train
Q6UX39,train
Q6UX40,train
Q6UX41,train
Q6UX46,train
Q6UX52,train
Q6UX53,val
Q6UX71,train
Q6UX72,test
Q6UX73,train
Q6UX82,train
Q6UX98,train
Q6UXA7,train
Q6UXB1,train
Q6UXB2,test
Q6UXB3,train
Q6UXB4,test
Q6UXB8,train
Q6UXC1,train
Q6UXD1,train
Q6UXD7,train
Q6UXE8,train
Q6UXF1,train
Q6UXG3,val
Q6UXG8,train
Q6UXH0,train
Q6UXH1,train
Q6UXH8,val
Q6UXH9,val
Q6UXI7,val
Q6UXK2,train
Q6UXL0,train
Q6UXM1,train
Q6UXN2,train
Q6UXN7,train
Q6UXN8,test
Q6UXN9,test
Q6UXP3,train
Q6UXP7,train
Q6UXP9,train
Q6UXQ4,test
Q6UXQ8,train
Q6UXR4,train
Q6UXR6,test
Q6UXR8,val
Q6UXS0,train
Q6UXS9,train
Q6UXT6,train
Q6UXT8,val
Q6UXT9,val
Q6UXU0,train
Q6UXU4,train
Q6UXU6,train
Q6UXV0,train
Q6UXV1,train
Q6UXV3,train
Q6UXX5,train
Q6UXY8,val
Q6UXZ0,train
Q6UXZ3,val
Q6UXZ4,test
Q6UY01,train
Q6UY09,train
Q6UY13,val
Q6UY14,test
Q6UY18,test
Q6UY27,train
Q6UY87,test
Q6UYE1,train
Q6V0K7,train
Q6V0L0,val
Q6V115,train
Q6V289,train
Q6V3V8,train
Q6V3W0,val
Q6V3W6,train
Q6V595,train
Q6V5K9,train
Q6V702,train
Q6V7V2,train
Q6V915,val
Q6V919,train
Q6V9R5,test
Q6V9X0,train
Q6V9Y8,val
Q6VAB6,train
Q6VB83,test
Q6VBQ5,train
Q6VBQ6,train
Q6VE48,test
Q6VEU3,train
Q6VGS5,train
Q6VH22,train
Q6VMN6,train
Q6VMQ6,train
Q6VN46,test
Q6VNZ9,train
Q6VTH5,train
Q6VU70,val
Q6VUP9,val
Q6VV64,val
Q6VVB1,test
Q6VVD7,test
Q6VVW9,train
Q6VVX0,test
Q6VVX2,test
Q6VY05,train
Q6VYH9,train
Q6W049,test
Q6W0C5,train
Q6W2J9,val
Q6W349,train
Q6W3B0,test
Q6W3E5,train
Q6W3E9,train
Q6W3F4,train
Q6W3Z9,train
Q6W5C0,train
Q6W8P9,train
Q6W8Q3,train
Q6W990,train
Q6WBX7,val
Q6WBX8,test
Q6WG18,train
Q6WG24,train
Q6WGI9,test
Q6WJF5,train
Q6WKW9,train
Q6WKZ4,train
Q6WKZ8,test
Q6WL85,train
Q6WN19,test
Q6WN34,train
Q6WQI6,train
Q6WRG3,train
Q6WRU0,train
Q6WRX3,train
Q6WRY0,test
Q6WV16,test
Q6WV17,train
Q6WV19,train
Q6WV20,train
Q6WWW3,train
Q6X0I2,train
Q6X1Y6,train
Q6X2M0,train
Q6X2M3,val
Q6X2S4,test
Q6X4M2,val
Q6X4T0,test
Q6X4U4,train
Q6X4W1,train
Q6X5S0,test
Q6X5S1,train
Q6X5T2,val
Q6X5T3,train
Q6X5T4,val
Q6X632,train
Q6X782,train
Q6X784,val
Q6X786,train
Q6X7S9,val
Q6X7V3,train
Q6X893,val
Q6X9E4,train
Q6X9T7,train
Q6X9T8,train
Q6XCG6,train
Q6XD76,train
Q6XDT4,test
Q6XDT6,train
Q6XE38,train
Q6XHI1,val
Q6XIP0,train
Q6XJU9,train
Q6XJV4,train
Q6XJV6,train
Q6XK22,test
Q6XL41,train
Q6XL69,train
Q6XLA1,test
Q6XLL5,train
Q6XLL6,train
Q6XLL8,train
Q6XMH8,train
Q6XP49,train
Q6XPR3,val
Q6XPS3,train
Q6XPU4,train
Q6XQ84,train
Q6XQG9,train
Q6XQH0,train
Q6XQN6,train
Q6XR72,train
Q6XSH4,train
Q6XUW5,train
Q6XUX0,train
Q6XV80,train
Q6XVN8,train
Q6XXM1,train
Q6XXX2,train
Q6XYB7,train
Q6XYQ8,test
Q6XZB0,train
Q6XZF7,train
Q6XZW6,test
Q6Y1E2,train
Q6Y1R5,train
Q6Y1S1,train
Q6Y239,test
Q6Y288,val
Q6Y290,train
Q6Y306,train
Q6Y4Q5,train
Q6Y4S4,train
Q6Y5D8,train
Q6Y685,train
Q6Y7W8,train
Q6YBR5,train
Q6YBV0,train
Q6YCH1,train
Q6YCH2,train
Q6YD92,val
Q6YDN7,train
Q6YFP9,test
Q6YFQ2,test
Q6YGZ4,train
Q6YGZ5,test
Q6YHK3,val
Q6YHU6,train
Q6YI46,train
Q6YI48,train
Q6YI93,train
Q6YJI5,train
Q6YKA8,train
Q6YKB1,train
Q6YNB6,val
Q6YND2,test
Q6YP21,train
Q6ZM28,test
Q6ZM51,train
Q6ZM63,train
Q6ZM86,train
Q6ZM89,train
Q6ZMB0,val
Q6ZMB5,test
Q6ZMC9,train
Q6ZMD2,train
Q6ZMH5,train
Q6ZMI3,train
Q6ZMJ2,test
Q6ZMJ4,train
Q6ZMM2,train
Q6ZMN7,val
Q6ZMN8,test
Q6ZMP0,train
Q6ZMQ8,test
Q6ZMR3,train
Q6ZMR5,train
Q6ZMS4,val
Q6ZMS7,val
Q6ZMT9,train
Q6ZMU1,train
Q6ZMU5,train
Q6ZMV5,train
Q6ZMV7,train
Q6ZMV8,test
Q6ZMV9,val
Q6ZMW2,train
Q6ZMW3,train
Q6ZMY3,train
Q6ZMY6,train
Q6ZMY9,train
Q6ZMZ0,train
Q6ZMZ3,train
Q6ZN01,train
Q6ZN03,train
Q6ZN04,train
Q6ZN08,train
Q6ZN11,train
Q6ZN16,train
Q6ZN17,train
Q6ZN18,train
Q6ZN19,train
Q6ZN28,train
Q6ZN30,train
Q6ZN32,train
Q6ZN44,train
Q6ZN57,val
Q6ZN68,test
Q6ZN84,train
Q6ZN92,train
Q6ZNA1,val
Q6ZNA5,test
Q6ZNB5,val
Q6ZNB6,test
Q6ZNB7,train
Q6ZNC4,test
Q6ZNC8,val
Q6ZNE9,train
Q6ZNF0,test
Q6ZNG1,test
Q6ZNG2,train
Q6ZNG9,train
Q6ZNH5,train
Q6ZNI0,train
Q6ZNK6,train
Q6ZNL6,val
Q6ZNM6,train
Q6ZNQ3,val
Q6ZNR0,train
Q6ZNX1,train
Q6ZP01,test
Q6ZP29,test
Q6ZP65,train
Q6ZP68,val
Q6ZP82,val
Q6ZPA2,train
Q6ZPB5,val
Q6ZPD8,val
Q6ZPF3,train
Q6ZPG2,train
Q6ZPI0,train
Q6ZPJ3,train
Q6ZPK7,val
Q6ZPL9,val
Q6ZPQ6,train
Q6ZPR1,train
Q6ZPR5,train
Q6ZPR6,train
Q6ZPS2,val
Q6ZPS6,train
Q6ZPY5,train
Q6ZQ03,train
Q6ZQ06,train
Q6ZQ11,val
Q6ZQ12,train
Q6ZQ18,train
Q6ZQ58,train
Q6ZQ73,train
Q6ZQ82,val
Q6ZQ89,train
Q6ZQA6,train
Q6ZQB6,test
Q6ZQE4,train
Q6ZQF0,train
Q6ZQF7,test
Q6ZQI3,test
Q6ZQK0,test
Q6ZQK5,train
Q6ZQL4,test
Q6ZQM8,train
Q6ZQN5,train
Q6ZQN7,train
Q6ZQQ2,train
Q6ZQR2,val
Q6ZQT0,train
Q6ZQT7,test
Q6ZQV5,train
Q6ZQW0,train
Q6ZQX7,train
Q6ZQY2,train
Q6ZQY7,train
Q6ZR03,val
Q6ZR37,train
Q6ZR52,train
Q6ZR54,train
Q6ZR62,train
Q6ZR85,train
Q6ZRC1,test
Q6ZRF7,test
Q6ZRF8,test
Q6ZRG5,train
Q6ZRI6,train
Q6ZRK6,train
Q6ZRM9,train
Q6ZRN7,test
Q6ZRP0,val
Q6ZRP5,train
Q6ZRP7,train
Q6ZRQ5,train
Q6ZRR7,train
Q6ZRS4,val
Q6ZRT6,test
Q6ZRU5,train
Q6ZRV2,val
Q6ZRV3,train
Q6ZRX8,val
Q6ZS02,train
Q6ZS10,val
Q6ZS11,train
Q6ZS17,test
Q6ZS27,train
Q6ZS46,test
Q6ZS49,train
Q6ZS52,val
Q6ZS62,val
Q6ZS72,test
Q6ZS82,train
Q6ZS86,train
Q6ZS92,train
Q6ZSA8,test
Q6ZSB3,train
Q6ZSB9,test
Q6ZSC3,test
Q6ZSG1,train
Q6ZSG2,val
Q6ZSI9,test
Q6ZSJ9,train
Q6ZSK4,train
Q6ZSM3,val
Q6ZSN1,train
Q6ZSR3,train
Q6ZSR6,val
Q6ZSR9,train
Q6ZSS3,train
Q6ZSS7,train
Q6ZST2,train
Q6ZST4,train
Q6ZSU1,train
Q6ZSV7,train
Q6ZSY5,train
Q6ZSZ5,train
Q6ZSZ6,train
Q6ZT12,train
Q6ZT21,test
Q6ZT52,train
Q6ZT62,train
Q6ZT77,test
Q6ZT98,train
Q6ZTB9,train
Q6ZTC4,train
Q6ZTI0,train
Q6ZTI6,train
Q6ZTK2,train
Q6ZTQ3,train
Q6ZTQ4,train
Q6ZTR6,train
Q6ZTR7,train
Q6ZTU2,train
Q6ZTW0,train
Q6ZTY9,train
Q6ZTZ1,val
Q6ZU15,train
Q6ZU35,val
Q6ZU45,train
Q6ZU52,train
Q6ZU64,train
Q6ZU67,train
Q6ZU69,train
Q6ZU80,train
Q6ZUA9,train
Q6ZUB0,train
Q6ZUB1,val
Q6ZUF6,train
Q6ZUG5,val
Q6ZUI0,train
Q6ZUJ4,train
Q6ZUJ8,train
Q6ZUK4,val
Q6ZUL3,test
Q6ZUM4,test
Q6ZUS5,train
Q6ZUS6,train
Q6ZUT1,train
Q6ZUT3,train
Q6ZUT4,train
Q6ZUT6,train
Q6ZUT9,test
Q6ZUU3,val
Q6ZUV0,train
Q6ZUX3,train
Q6ZUX7,train
Q6ZV29,val
Q6ZV50,val
Q6ZV60,train
Q6ZV65,val
Q6ZV73,train
Q6ZV77,test
Q6ZV80,val
Q6ZVD7,val
Q6ZVF9,train
Q6ZVH6,train
Q6ZVH7,train
Q6ZVK8,train
Q6ZVL6,test
Q6ZVL8,val
Q6ZVN7,train
Q6ZVN8,train
Q6ZVQ6,train
Q6ZVS7,val
Q6ZVT0,train
Q6ZVU0,train
Q6ZVW7,train
Q6ZVX7,train
Q6ZVZ8,train
Q6ZW05,train
Q6ZW13,train
Q6ZW31,train
Q6ZW49,test
Q6ZW76,test
Q6ZWB6,train
Q6ZWC4,train
Q6ZWE6,train
Q6ZWH5,val
Q6ZWI9,train
Q6ZWJ1,train
Q6ZWJ8,train
Q6ZWK4,train
Q6ZWK6,train
Q6ZWT7,train
Q6ZWY6,train
Q6ZXA0,val
Q6ZXC3,train
Q6ZXC8,train
Q6ZXV5,val
Q6ZYL4,train
Q6ZYM3,train
Q6ZZY0,train
Q701N2,train
Q701N4,train
Q701N9,val
Q701R0,train
Q701R1,val
Q701R2,train
Q701R4,train
Q702N8,train
Q704E8,train
Q704S8,train
Q704V6,val
Q706D1,train
Q708S3,val
Q708S4,val
Q708S5,train
Q708S6,train
Q708S7,train
Q708S8,train
Q708T3,train
Q709F0,train
Q709R6,train
Q70AG8,train
Q70BM6,test
Q70CQ3,train
Q70CQ4,train
Q70D51,train
Q70E73,train
Q70EK8,train
Q70EK9,train
Q70EL1,val
Q70EL2,test
Q70EL3,train
Q70EL4,train
Q70EX6,train
Q70HW3,train
Q70I47,train
Q70IB2,train
Q70IB3,train
Q70IV5,val
Q70J99,train
Q70JA7,train
Q70JS2,val
Q70KL2,train
Q70KL3,train
Q70KY4,val
Q70PR8,test
Q70PU1,val
Q70PW6,train
Q70PY2,train
Q70RD5,val
Q70RM6,test
Q70RR5,train
Q70RS8,test
Q70RU1,train
Q70RV4,train
Q70RW7,train
Q70RY0,train
Q70SU7,test
Q70TH4,test
Q70UN9,train
Q70UP6,test
Q70UQ0,train
Q70UZ7,val
Q70VB1,train
Q70VZ7,train
Q70WS8,train
Q70X92,train
Q70XC3,test
Q70XG4,train
Q70XH7,test
Q70XJ0,train
Q70Y26,train
Q70Y28,train
Q70Y29,train
Q70Y30,train
Q70YC4,test
Q70Z44,val
Q70Z53,val
Q710A0,train
Q710D3,test
Q710D6,train
Q710D7,train
Q711L6,train
Q711P4,train
Q711Q0,train
Q711S8,train
Q712G6,test
Q712K3,train
Q715S9,test
Q715T0,test
Q717B2,train
Q717B4,test
Q717C2,train
Q717R9,test
Q719H9,test
Q719I0,train
Q719L8,train
Q719L9,val
Q71B07,train
Q71DC3,val
Q71EB0,test
Q71F23,train
Q71F56,train
Q71F78,train
Q71FD5,val
Q71FD7,train
Q71H61,val
Q71HP2,train
Q71KT5,train
Q71M21,train
Q71M36,train
Q71M44,train
Q71MM5,train
Q71MR6,val
Q71MR7,val
Q71MY2,test
Q71MY6,train
Q71N41,train
Q71QH7,train
Q71QI2,test
Q71QI3,train
Q71QI8,train
Q71QJ2,train
Q71R50,train
Q71RC2,train
Q71RC9,test
Q71RG4,test
Q71RG6,train
Q71RH2,train
Q71RP1,test
Q71RP9,train
Q71RQ0,train
Q71RQ1,train
Q71RQ7,val
Q71RQ9,test
Q71RR2,train
Q71RR4,train
Q71RS6,val
Q71S21,test
Q71S22,test
Q71SG7,test
Q71SY5,train
Q71SY6,train
Q71T09,train
Q71U07,train
Q75LS8,train
Q75MW2,val
Q75N23,train
Q75N33,train
Q75N62,train
Q75N73,train
Q75NA5,train
Q75NE6,train
Q75NR7,train
Q75NT5,val
Q75NY9,train
Q75PL7,train
Q75PQ8,train
Q75Q41,test
Q75QI0,train
Q75QW1,train
Q75R65,train
Q75S48,train
Q75SZ9,train
Q75UG5,test
Q75UQ2,train
Q75UR0,train
Q75V66,train
Q75V93,test
Q75V94,val
Q75VN3,train
Q75VN4,test
Q75VT8,train
Q75VX8,train
Q75W64,train
Q75W84,train
Q75W95,train
Q75WE7,train
Q75WF2,test
Q75WG5,val
Q75WG6,val
Q75WG7,test
Q75WH2,train
Q75WH3,train
Q75WH4,train
Q75WH5,train
Q75WH6,train
Q75WM6,train
Q75WS4,train
Q75ZH0,train
Q75ZP3,train
Q762D5,train
Q762I5,val
Q764M6,train
Q764M8,train
Q764N2,train
Q765H6,val
Q765I0,train
Q765I1,val
Q765I2,val
Q765P2,train
Q765P3,train
Q765P4,val
Q765V4,train
Q765Z4,train
Q765Z5,train
Q766D5,train
Q766Y6,test
Q766Y7,train
Q767F1,train
Q767I8,test
Q767J3,train
Q767K7,train
Q767K8,train
Q767K9,train
Q767L8,train
Q767M0,test
Q767M3,train
Q768S4,train
Q769J6,test
Q769K2,val
Q76B45,train
Q76B49,train
Q76BK2,test
Q76CA0,train
Q76CA1,train
Q76CA2,train
Q76CA3,train
Q76CL2,train
Q76CY5,test
Q76DI2,train
Q76EC5,train
Q76EQ0,train
Q76FD7,train
Q76FK4,train
Q76G19,train
Q76HI7,train
Q76HL1,train
Q76HM9,val
Q76HP3,val
Q76I25,val
Q76I76,test
Q76I79,test
Q76I89,train
Q76I90,train
Q76IC6,train
Q76II0,train
Q76IQ3,train
Q76IQ4,train
Q76IQ7,train
Q76JQ2,train
Q76JU8,train
Q76JV1,train
Q76K27,val
Q76KD6,test
Q76KJ5,test
Q76KP1,train
Q76KW6,train
Q76KX8,train
Q76L83,train
Q76L87,train
Q76LC6,test
Q76LL6,train
Q76LN2,train
Q76LN6,train
Q76LS9,train
Q76LU5,test
Q76LU6,train
Q76LW2,train
Q76LW6,test
Q76LX8,train
Q76M68,val
Q76M72,train
Q76M96,train
Q76M99,train
Q76MJ5,train
Q76MS9,test
Q76MT4,val
Q76N89,train
Q76NI1,val
Q76NQ1,train
Q789F3,val
Q78CF9,train
Q78E60,val
Q78EA7,train
Q78HU7,train
Q78IK4,train
Q78IQ7,val
Q78JN3,test
Q78JT3,val
Q78KK3,train
Q78PY7,val
Q78WZ7,test
Q78XR0,test
Q78Y63,test
Q78YY6,train
Q791N7,train
Q791T5,val
Q792G6,train
Q792Q4,train
Q793F9,train
Q793I8,train
Q794F9,train
Q7GF83,train
Q7HKW1,train
Q7JH06,train
Q7JIG6,val
Q7JK39,train
Q7JKC3,test
Q7JKP6,test
Q7JKY3,train
Q7JLI1,train
Q7JM44,test
Q7JNM3,train
Q7JNS1,val
Q7JPQ6,val
Q7JQ07,train
Q7JQ32,train
Q7JQD3,train
Q7JQF1,test
Q7JR49,train
Q7JR71,train
Q7JRE4,train
Q7JRP4,train
Q7JUN3,train
Q7JUR5,train
Q7JUR6,train
Q7JUX9,train
Q7JUY7,val
Q7JV70,train
Q7JVA5,test
Q7JVE7,train
Q7JVI3,train
Q7JVL3,test
Q7JVP4,train
Q7JVR7,train
Q7JW12,train
Q7JW27,train
Q7JWG9,train
Q7JWP6,train
Q7JWR9,train
Q7JX57,train
Q7JXA8,train
Q7JXF5,test
Q7JXF7,val
Q7JXG9,train
Q7JXV9,train
Q7JYV2,test
Q7JYV7,train
Q7JYX0,train
Q7JZB4,train
Q7JZM8,train
Q7JZV0,train
Q7K003,train
Q7K0D8,train
Q7K0E3,train
Q7K0F0,train
Q7K0L4,val
Q7K0P4,train
Q7K0S9,train
Q7K0Y1,train
Q7K175,train
Q7K1U0,val
Q7K1Y4,val
Q7K237,train
Q7K2B0,val
Q7K2G1,test
Q7K2X8,train
Q7K3B9,train
Q7K3D8,train
Q7K3L1,train
Q7K3M5,train
Q7K480,train
Q7K486,val
Q7K4B3,train
Q7K4B4,train
Q7K4B6,train
Q7K4H4,train
Q7K4M4,train
Q7K4Q5,train
Q7K4W1,train
Q7K4Y6,train
Q7K4Z4,train
Q7K550,train
Q7K556,test
Q7K566,train
Q7K5K3,train
Q7K5M0,train
Q7K6X4,test
Q7K738,train
Q7K755,val
Q7KBL8,train
Q7KHG2,train
Q7KIN0,val
Q7KKH3,train
Q7KLI1,test
Q7KLV9,val
Q7KM13,train
Q7KMJ6,train
Q7KML2,train
Q7KN62,train
Q7KN79,train
Q7KN90,train
Q7KN92,train
Q7KNA0,val
Q7KNF2,train
Q7KPA5,train
Q7KQM6,train
Q7KQZ4,train
Q7KR10,val
Q7KRI2,train
Q7KRR5,train
Q7KRS9,train
Q7KRU8,test
Q7KRW1,train
Q7KRW8,train
Q7KRY6,test
Q7KRY7,train
Q7KS38,train
Q7KSC4,val
Q7KSD8,train
Q7KT91,train
Q7KTH8,train
Q7KTX7,train
Q7KU24,train
Q7KU86,train
Q7KUD5,train
Q7KUT2,train
Q7KV12,train
Q7KVA1,train
Q7KVQ0,test
Q7KVS9,train
Q7KVW5,val
Q7KVY7,test
Q7KW09,test
Q7KW14,train
Q7KZI7,train
Q7KZN9,val
Q7L014,train
Q7L099,train
Q7L0J3,train
Q7L0Q8,train
Q7L0X0,train
Q7L0X2,train
Q7L0Y3,train
Q7L190,train
Q7L1Q6,train
Q7L1S5,test
Q7L1T6,train
Q7L1W4,val
Q7L273,test
Q7L2J0,train
Q7L2K0,val
Q7L2R6,train
Q7L311,train
Q7L3B6,test
Q7L3T8,train
Q7L4S7,test
Q7L513,train
Q7L576,train
Q7L590,train
Q7L591,train
Q7L592,val
Q7L5A8,train
Q7L5D6,train
Q7L5L3,train
Q7L5N7,val
Q7L775,val
Q7L7V1,train
Q7L804,test
Q7L8A9,train
Q7L8C5,train
Q7L8S5,train
Q7L945,val
Q7L9L4,train
Q7LBC6,val
Q7LBE3,train
Q7LG56,test
Q7LGC8,val
Q7LZ09,train
Q7LZ48,train
Q7LZ61,train
Q7LZ71,train
Q7LZB2,train
Q7LZB6,train
Q7LZC1,train
Q7LZC2,train
Q7LZC3,train
Q7LZC4,test
Q7LZI1,train
Q7LZI2,train
Q7LZI4,train
Q7LZI5,test
Q7LZK5,train
Q7LZK8,train
Q7LZQ2,train
Q7LZQ3,train
Q7LZQ4,train
Q7LZR2,val
Q7LZR3,train
Q7LZS8,train
Q7LZS9,val
Q7LZT1,test
Q7LZT4,train
Q7M0H4,test
Q7M2P1,train
Q7M2U7,train
Q7M329,val
Q7M334,train
Q7M370,val
Q7M3B8,train
Q7M3C2,train
Q7M3C4,test
Q7M3E1,test
Q7M3I4,train
Q7M3K2,val
Q7M3M6,train
Q7M3M8,val
Q7M3T2,test
Q7M3V1,train
Q7M3V5,train
Q7M3Y0,train
Q7M3Y3,train
Q7M413,val
Q7M416,train
Q7M418,test
Q7M419,train
Q7M424,train
Q7M426,train
Q7M427,train
Q7M428,train
Q7M429,train
Q7M456,train
Q7M458,train
Q7M459,train
Q7M460,train
Q7M461,train
Q7M463,test
Q7M4E8,test
Q7M4E9,train
Q7M4F0,train
Q7M4F1,val
Q7M4F2,train
Q7M4F3,train
Q7M4F4,train
Q7M4G0,val
Q7M4G1,train
Q7M4I3,val
Q7M4I6,train
Q7M4K5,test
Q7M4L6,train
Q7M6U3,train
Q7M6Y2,val
Q7M6Y6,test
Q7M6Z4,train
Q7M707,train
Q7M709,val
Q7M710,train
Q7M711,train
Q7M712,train
Q7M713,train
Q7M715,train
Q7M717,train
Q7M718,train
Q7M720,train
Q7M721,train
Q7M722,test
Q7M723,train
Q7M724,train
Q7M725,train
Q7M730,train
Q7M732,val
Q7M734,train
Q7M742,val
Q7M747,train
Q7M750,train
Q7M753,train
Q7M756,test
Q7M757,test
Q7M758,test
Q7M761,train
Q7M764,train
Q7PCJ9,train
Q7PEV7,train
Q7PF80,train
Q7PGE8,train
Q7PH91,val
Q7PHR1,train
Q7PIR5,train
Q7PJ76,train
Q7PK92,train
Q7PKQ5,train
Q7PKS9,train
Q7PL76,test
Q7PLI2,train
Q7PLK0,train
Q7PMG3,train
Q7PMS9,train
Q7PMT1,train
Q7PMU8,train
Q7PN68,train
Q7PN86,train
Q7PND3,train
Q7PNF2,train
Q7PNM6,train
Q7PP77,val
Q7PPA5,train
Q7PPU9,train
Q7PPZ8,train
Q7PQ25,train
Q7PQD1,train
Q7PQV7,test
Q7PR38,val
Q7PR68,train
Q7PRA4,test
Q7PRB5,train
Q7PRB8,val
Q7PRG3,train
Q7PRH1,train
Q7PRJ0,train
Q7PRX9,train
Q7PS09,train
Q7PS24,val
Q7PSY2,train
Q7PT10,train
Q7PTC5,val
Q7PTL0,train
Q7PTL2,train
Q7PUD7,val
Q7PUJ5,train
Q7PV10,train
Q7PVF6,train
Q7PVQ9,test
Q7PVR3,train
Q7PVX8,train
Q7PVZ2,train
Q7PWB1,train
Q7PWB8,train
Q7PWQ6,train
Q7PWT9,test
Q7PWV1,train
Q7PX35,train
Q7PXE2,val
Q7PXG4,train
Q7PY41,train
Q7PYF4,train
Q7PYH1,train
Q7PYI4,train
Q7PYI7,train
Q7PYQ5,val
Q7PYT9,test
Q7PYU6,val
Q7PZ25,train
Q7PZ36,train
Q7PZ66,train
Q7PZ81,test
Q7PZ96,train
Q7PZD5,val
Q7PZK5,train
Q7PZY1,test
Q7Q021,test
Q7Q068,test
Q7Q0G5,train
Q7Q0Q1,val
Q7Q0U1,train
Q7Q107,train
Q7Q161,train
Q7Q1K8,train
Q7Q297,test
Q7Q2B7,val
Q7Q2P7,train
Q7Q2T8,train
Q7Q323,train
Q7Q373,train
Q7Q3I6,train
Q7Q3N5,train
Q7Q3R9,train
Q7Q4F5,val
Q7Q547,train
Q7Q566,train
Q7Q5D4,test
Q7Q5J5,train
Q7Q5L4,train
Q7Q5R5,train
Q7Q5R7,val
Q7Q5R9,test
Q7Q5Z3,val
Q7Q6A7,test
Q7Q6B5,train
Q7Q6D6,train
Q7Q6D9,test
Q7Q6R1,test
Q7Q6S8,train
Q7Q6Y4,train
Q7Q727,val
Q7Q732,test
Q7Q7R8,test
Q7Q968,train
Q7Q9C0,train
Q7Q9F6,train
Q7Q9I4,val
Q7Q9J8,train
Q7Q9N9,val
Q7QAD7,train
Q7QAJ2,train
Q7QB45,train
Q7QBJ0,train
Q7QBP4,train
Q7QBW0,train
Q7QBW3,train
Q7QBX2,val
Q7QC49,train
Q7QC84,test
Q7QCC7,train
Q7QCJ9,train
Q7QCK2,test
Q7QCW2,train
Q7QDU4,test
Q7QDY3,val
Q7QEI1,train
Q7QFL7,train
Q7QG28,test
Q7QG73,train
Q7QGK4,train
Q7QGS3,train
Q7QGX9,test
Q7QH62,train
Q7QH64,train
Q7QH73,train
Q7QHP6,train
Q7QHX4,train
Q7QIJ8,train
Q7QIL2,train
Q7QIL8,test
Q7QIQ6,train
Q7QIX1,train
Q7QJ33,test
Q7QJM5,train
Q7QJT4,test
Q7QJV0,train
Q7QJW7,test
Q7QJX9,val
Q7RTM1,val
Q7RTP6,train
Q7RTR0,train
Q7RTR2,train
Q7RTS1,train
Q7RTS3,train
Q7RTS5,train
Q7RTS6,train
Q7RTS7,train
Q7RTS9,train
Q7RTT4,train
Q7RTT5,val
Q7RTT6,train
Q7RTT9,train
Q7RTU0,train
Q7RTU1,val
Q7RTU3,train
Q7RTU4,train
Q7RTU5,train
Q7RTU7,test
Q7RTV2,val
Q7RTV3,train
Q7RTV5,train
Q7RTW8,train
Q7RTX1,train
Q7RTX7,train
Q7RTX9,train
Q7RTY0,val
Q7RTY3,train
Q7RTY5,train
Q7RTY7,train
Q7RTY8,train
Q7RTY9,train
Q7RTZ1,train
Q7SIA2,test
Q7SIC1,train
Q7SID0,train
Q7SID6,train
Q7SID7,train
Q7SIG2,train
Q7SIG3,train
Q7SIG4,train
Q7SIG6,test
Q7SIH1,train
Q7SX85,val
Q7SX95,train
Q7SX99,train
Q7SXA5,test
Q7SXA6,train
Q7SXA9,train
Q7SXB3,train
Q7SXB5,val
Q7SXB7,train
Q7SXC6,train
Q7SXE4,test
Q7SXE8,train
Q7SXF1,train
Q7SXF6,train
Q7SXG4,train
Q7SXI1,train
Q7SXI6,test
Q7SXJ6,test
Q7SXK5,train
Q7SXL3,train
Q7SXL7,train
Q7SXM0,train
Q7SXM7,val
Q7SXN4,test
Q7SXN5,train
Q7SXP2,test
Q7SXP8,train
Q7SXR1,test
Q7SXS2,train
Q7SXS7,val
Q7SXS8,train
Q7SXT7,train
Q7SXU0,train
Q7SXV1,train
Q7SXV2,train
Q7SXV9,test
Q7SXW0,val
Q7SXW2,val
Q7SXW3,val
Q7SXW4,val
Q7SXX7,val
Q7SXY4,val
Q7SXZ1,train
Q7SY06,train
Q7SY07,val
Q7SY09,train
Q7SY10,train
Q7SY21,train
Q7SY23,train
Q7SY24,train
Q7SY29,train
Q7SY31,val
Q7SY48,train
Q7SY49,train
Q7SY52,train
Q7SY53,train
Q7SY54,test
Q7SY65,train
Q7SY73,val
Q7SY78,train
Q7SYB2,val
Q7SYB3,train
Q7SYB5,train
Q7SYC7,test
Q7SYC9,train
Q7SYD5,train
Q7SYD9,train
Q7SYE0,val
Q7SYF1,train
Q7SYF8,train
Q7SYI5,test
Q7SYJ9,train
Q7SYK0,train
Q7SYK1,train
Q7SYK7,val
Q7SYL1,train
Q7SYL3,train
Q7SYM0,train
Q7SYN4,train
Q7SYN5,train
Q7SYR1,test
Q7SYR6,train
Q7SYS2,train
Q7SYS6,train
Q7SYS9,train
Q7SYV1,test
Q7SYV9,train
Q7SYW7,train
Q7SZ28,train
Q7SZ56,train
Q7SZ59,train
Q7SZ73,train
Q7SZC2,train
Q7SZC5,train
Q7SZC6,val
Q7SZD9,test
Q7SZE0,train
Q7SZE2,train
Q7SZE3,val
Q7SZE8,val
Q7SZF1,train
Q7SZI5,val
Q7SZI7,val
Q7SZK7,train
Q7SZL5,train
Q7SZN2,test
Q7SZP2,train
Q7SZP9,train
Q7SZQ0,val
Q7SZQ4,train
Q7SZQ7,train
Q7SZR5,train
Q7SZS1,train
Q7SZS2,train
Q7T005,test
Q7T006,train
Q7T010,val
Q7T012,train
Q7T019,train
Q7T037,train
Q7T045,test
Q7T046,train
Q7T047,val
Q7T070,train
Q7T076,train
Q7T0B0,train
Q7T0B1,val
Q7T0L4,train
Q7T0L6,train
Q7T0L7,val
Q7T0M6,test
Q7T0P4,test
Q7T0P6,train
Q7T0P7,val
Q7T0Q0,train
Q7T0Q1,train
Q7T0R0,train
Q7T0S2,train
Q7T0S7,train
Q7T0T0,train
Q7T0T2,train
Q7T0T9,train
Q7T0V2,val
Q7T0W5,train
Q7T0X5,train
Q7T0X7,train
Q7T0Y4,train
Q7T0Z0,train
Q7T0Z7,train
Q7T102,train
Q7T103,train
Q7T105,train
Q7T141,val
Q7T163,test
Q7T199,train
Q7T1C0,train
Q7T1H5,train
Q7T1K4,train
Q7T1K6,train
Q7T1N4,train
Q7T1R1,train
Q7T229,train
Q7T247,train
Q7T273,val
Q7T287,train
Q7T291,test
Q7T292,test
Q7T293,val
Q7T297,train
Q7T2A3,train
Q7T2B0,train
Q7T2B3,train
Q7T2B9,train
Q7T2C4,train
Q7T2D0,train
Q7T2D1,train
Q7T2D4,train
Q7T2E3,train
Q7T2F6,val
Q7T2G1,train
Q7T2H2,train
Q7T2L7,val
Q7T2P0,train
Q7T2P6,val
Q7T2Q0,train
Q7T2Q1,val
Q7T2Q4,train
Q7T2Q5,train
Q7T2Q6,train
Q7T2U9,train
Q7T2V2,train
Q7T2V3,train
Q7T2X6,train
Q7T2X7,val
Q7T2Z5,train
Q7T308,val
Q7T310,train
Q7T312,test
Q7T316,test
Q7T320,test
Q7T322,train
Q7T338,train
Q7T339,train
Q7T346,train
Q7T347,train
Q7T352,train
Q7T356,train
Q7T364,test
Q7T370,train
Q7T381,val
Q7T384,val
Q7T385,test
Q7T392,train
Q7T3A4,train
Q7T3B0,val
Q7T3B2,train
Q7T3C3,train
Q7T3C7,train
Q7T3D0,train
Q7T3D1,train
Q7T3E4,train
Q7T3E5,train
Q7T3E6,val
Q7T3E8,train
Q7T3F7,val
Q7T3H1,train
Q7T3H2,train
Q7T3H7,train
Q7T3H9,train
Q7T3I7,test
Q7T3K7,val
Q7T3K8,train
Q7T3K9,val
Q7T3L1,test
Q7T3P8,test
Q7T3Q2,train
Q7T3Q7,test
Q7T3R4,test
Q7T3S3,train
Q7T3S5,val
Q7T3S7,train
Q7T3T4,train
Q7T3T8,test
Q7T3T9,train
Q7T3U0,test
Q7T3X9,train
Q7TM95,train
Q7TM96,test
Q7TM99,train
Q7TMA4,train
Q7TMC8,train
Q7TMD2,train
Q7TME2,train
Q7TMF2,train
Q7TMF5,train
Q7TMJ8,train
Q7TMK6,train
Q7TML3,train
Q7TMM8,train
Q7TMQ7,train
Q7TMR0,train
Q7TMR7,test
Q7TMV3,train
Q7TMX5,test
Q7TMY7,train
Q7TN02,train
Q7TN05,train
Q7TN08,train
Q7TN12,train
Q7TN22,train
Q7TN29,train
Q7TN31,train
Q7TN33,train
Q7TN38,train
Q7TN39,train
Q7TN40,train
Q7TN41,test
Q7TN44,train
Q7TN45,train
Q7TN49,train
Q7TN50,train
Q7TN51,train
Q7TN58,train
Q7TN60,train
Q7TN73,test
Q7TN75,test
Q7TN79,test
Q7TN83,train
Q7TN84,train
Q7TN89,val
Q7TN98,test
Q7TNB4,train
Q7TNB8,train
Q7TNC6,train
Q7TNC8,train
Q7TNE3,train
Q7TNF0,test
Q7TNF8,train
Q7TNF9,train
Q7TNG5,test
Q7TNG8,train
Q7TNH6,val
Q7TNI2,train
Q7TNI4,train
Q7TNI7,train
Q7TNJ0,train
Q7TNJ2,train
Q7TNK1,train
Q7TNK7,train
Q7TNK8,test
Q7TNL3,train
Q7TNN2,train
Q7TNN8,train
Q7TNN9,val
Q7TNR9,train
Q7TNS2,train
Q7TNS7,test
Q7TNS8,train
Q7TNT2,train
Q7TNU6,train
Q7TNU7,train
Q7TNV7,train
Q7TNV8,train
Q7TNV9,train
Q7TNZ5,train
Q7TNZ6,test
Q7TP36,test
Q7TP48,train
Q7TP52,train
Q7TP54,train
Q7TP65,train
Q7TP90,test
Q7TP98,train
Q7TPB0,train
Q7TPC1,val
Q7TPD1,train
Q7TPD2,test
Q7TPD3,train
Q7TPD6,val
Q7TPD7,test
Q7TPE5,train
Q7TPG7,train
Q7TPK1,test
Q7TPK6,val
Q7TPL3,test
Q7TPM1,test
Q7TPM5,train
Q7TPM9,train
Q7TPN3,train
Q7TPN9,train
Q7TPQ3,val
Q7TPQ9,train
Q7TPS0,train
Q7TPV2,val
Q7TPV4,train
Q7TPW1,test
Q7TPX8,train
Q7TPX9,train
Q7TPY9,train
Q7TPZ8,train
Q7TQ07,train
Q7TQ16,train
Q7TQ33,train
Q7TQ35,train
Q7TQ40,train
Q7TQ62,train
Q7TQ65,train
Q7TQ69,train
Q7TQ79,train
Q7TQ82,train
Q7TQ84,train
Q7TQ95,train
Q7TQA1,train
Q7TQA3,test
Q7TQA4,train
Q7TQA5,train
Q7TQA6,train
Q7TQA7,val
Q7TQA8,train
Q7TQA9,val
Q7TQB0,train
Q7TQB8,train
Q7TQB9,train
Q7TQC7,val
Q7TQD2,train
Q7TQE6,test
Q7TQE7,val
Q7TQF2,train
Q7TQG0,train
Q7TQG1,train
Q7TQH0,train
Q7TQH7,train
Q7TQI0,test
Q7TQI8,val
Q7TQJ1,val
Q7TQJ8,train
Q7TQK0,train
Q7TQK4,val
Q7TQM3,val
Q7TQM4,test
Q7TQM5,train
Q7TQN2,train
Q7TQN4,train
Q7TQN8,train
Q7TQN9,val
Q7TQP0,train
Q7TQP2,val
Q7TQP3,test
Q7TQP4,train
Q7TQQ0,train
Q7TR96,val
Q7TRF3,train
Q7TS48,train
Q7TS55,train
Q7TS63,val
Q7TS68,train
Q7TS72,train
Q7TS73,val
Q7TS74,train
Q7TS75,train
Q7TS99,val
Q7TSA3,val
Q7TSA6,test
Q7TSB7,val
Q7TSC3,test
Q7TSD4,train
Q7TSE9,train
Q7TSF0,train
Q7TSF2,val
Q7TSF4,val
Q7TSG1,train
Q7TSG2,train
Q7TSG3,train
Q7TSG5,train
Q7TSH2,train
Q7TSH3,train
Q7TSH4,train
Q7TSH6,train
Q7TSH7,train
Q7TSH9,val
Q7TSI0,train
Q7TSI3,train
Q7TSJ2,test
Q7TSJ6,train
Q7TSK7,train
Q7TSL0,train
Q7TSN2,val
Q7TSN4,train
Q7TSN5,train
Q7TSN6,train
Q7TSN7,train
Q7TSP2,train
Q7TSP4,test
Q7TSQ1,train
Q7TST0,val
Q7TST5,train
Q7TSU7,test
Q7TSV6,val
Q7TSV9,train
Q7TSW6,train
Q7TSX9,train
Q7TSY4,train
Q7TSY8,train
Q7TSZ8,test
Q7TT00,train
Q7TT15,train
Q7TT18,train
Q7TT23,val
Q7TT28,val
Q7TT41,train
Q7TT45,train
Q7TT47,test
Q7TT51,train
Q7TT79,test
Q7Y8D2,val
Q7Y8F6,train
Q7Y8G0,train
Q7Y8I2,test
Q7Y8I6,val
Q7Y8J5,train
Q7Y8J9,train
Q7Y8L6,test
Q7YGD4,train
Q7YQE1,train
Q7YQE5,train
Q7YQI4,train
Q7YQJ9,train
Q7YQK3,train
Q7YQK4,train
Q7YQM1,train
Q7YR24,train
Q7YR32,train
Q7YR33,train
Q7YR34,test
Q7YR36,test
Q7YR40,val
Q7YR42,train
Q7YR43,val
Q7YR44,train
Q7YR45,train
Q7YR46,test
Q7YR73,train
Q7YR75,train
Q7YR76,train
Q7YR83,test
Q7YRB2,train
Q7YRB5,train
Q7YRC6,train
Q7YRF4,val
Q7YRG5,train
Q7YRG8,train
Q7YRG9,test
Q7YRH4,train
Q7YRH6,val
Q7YRJ8,train
Q7YRK0,train
Q7YRK1,test
Q7YRK6,train
Q7YRL5,train
Q7YRN1,train
Q7YRN2,train
Q7YRP1,train
Q7YRP2,train
Q7YRP3,train
Q7YRQ8,val
Q7YRU3,train
Q7YRU7,train
Q7YRV4,train
Q7YRZ2,test
Q7YRZ7,train
Q7YRZ9,val
Q7YS37,train
Q7YS54,val
Q7YS61,test
Q7YS69,test
Q7YS70,train
Q7YS88,test
Q7YS91,val
Q7YS99,val
Q7YSI9,train
Q7YT16,test
Q7YT37,val
Q7YT39,train
Q7YT83,train
Q7YTB0,val
Q7YTC2,train
Q7YTM7,train
Q7YTM8,train
Q7YTU4,train
Q7YTY6,train
Q7YU24,val
Q7YU29,train
Q7YU81,train
Q7YW31,val
Q7YWA8,train
Q7YWB0,train
Q7YWN4,train
Q7YWU9,train
Q7YWV6,val
Q7YWX7,val
Q7YWX9,val
Q7YX32,train
Q7YZA2,train
Q7YZT0,test
Q7YZT6,train
Q7YZW5,train
Q7Z020,val
Q7Z028,train
Q7Z090,train
Q7Z091,val
Q7Z092,train
Q7Z094,train
Q7Z096,train
Q7Z0A1,train
Q7Z0G7,test
Q7Z0H5,train
Q7Z0M7,train
Q7Z0Q2,train
Q7Z0T3,train
Q7Z0T8,train
Q7Z118,train
Q7Z139,train
Q7Z142,train
Q7Z144,train
Q7Z1B8,train
Q7Z1E6,train
Q7Z1F8,train
Q7Z1K3,train
Q7Z1K5,train
Q7Z1K8,val
Q7Z1M0,train
Q7Z1Y7,test
Q7Z1Z1,train
Q7Z269,train
Q7Z2C4,train
Q7Z2D5,train
Q7Z2F6,val
Q7Z2G1,val
Q7Z2H8,train
Q7Z2K6,test
Q7Z2K8,train
Q7Z2Q7,train
Q7Z2R9,test
Q7Z2V1,train
Q7Z2W4,test
Q7Z2W9,train
Q7Z2X7,train
Q7Z2Y5,train
Q7Z2Z1,train
Q7Z2Z2,train
Q7Z304,train
Q7Z309,val
Q7Z340,train
Q7Z353,val
Q7Z398,train
Q7Z3B0,train
Q7Z3B3,train
Q7Z3B4,train
Q7Z3D4,train
Q7Z3D6,train
Q7Z3E2,train
Q7Z3F1,val
Q7Z3H0,train
Q7Z3H4,train
Q7Z3I7,test
Q7Z3S7,train
Q7Z3S9,train
Q7Z3T1,train
Q7Z3T8,val
Q7Z3V4,train
Q7Z3Y7,test
Q7Z3Y9,train
Q7Z3Z2,train
Q7Z3Z3,train
Q7Z3Z4,test
Q7Z401,val
Q7Z403,test
Q7Z404,train
Q7Z406,train
Q7Z410,val
Q7Z418,train
Q7Z419,train
Q7Z422,train
Q7Z434,train
Q7Z443,train
Q7Z444,train
Q7Z449,train
Q7Z465,train
Q7Z494,val
Q7Z4B0,train
Q7Z4F1,train
Q7Z4G1,train
Q7Z4H3,train
Q7Z4H4,train
Q7Z4H7,train
Q7Z4H8,test
Q7Z4H9,test
Q7Z4I7,train
Q7Z4J2,train
Q7Z4L0,train
Q7Z4L5,train
Q7Z4L9,train
Q7Z4M0,train
Q7Z4N2,test
Q7Z4N8,train
Q7Z4Q2,train
Q7Z4S9,val
Q7Z4V5,train
Q7Z4W1,train
Q7Z4W2,train
Q7Z4W3,train
Q7Z4Y8,val
Q7Z570,train
Q7Z572,train
Q7Z589,test
Q7Z591,test
Q7Z5A4,train
Q7Z5A7,train
Q7Z5A8,train
Q7Z5A9,test
Q7Z5B4,train
Q7Z5D8,train
Q7Z5G4,val
Q7Z5H3,train
Q7Z5J1,train
Q7Z5J4,train
Q7Z5J8,train
Q7Z5K2,train
Q7Z5L0,train
Q7Z5L2,val
Q7Z5L3,train
Q7Z5L4,train
Q7Z5L9,train
Q7Z5M5,val
Q7Z5M8,train
Q7Z5N4,test
Q7Z5P4,train
Q7Z5Q5,train
Q7Z5R6,train
Q7Z5S9,train
Q7Z5U6,train
Q7Z5V6,train
Q7Z5Y7,train
Q7Z601,train
Q7Z602,train
Q7Z614,train
Q7Z624,train
Q7Z628,train
Q7Z692,train
Q7Z695,train
Q7Z6A9,test
Q7Z6B0,train
Q7Z6E9,train
Q7Z6G3,val
Q7Z6I5,val
Q7Z6I6,train
Q7Z6I8,train
Q7Z6J0,train
Q7Z6J4,train
Q7Z6J9,train
Q7Z6K1,train
Q7Z6K3,train
Q7Z6M1,train
Q7Z6M2,train
Q7Z6M3,test
Q7Z6M4,train
Q7Z6P3,train
Q7Z6V5,train
Q7Z6W1,train
Q7Z6W7,train
Q7Z6Z6,train
Q7Z713,train
Q7Z739,train
Q7Z745,train
Q7Z794,train
Q7Z7A4,train
Q7Z7B0,train
Q7Z7B1,val
Q7Z7C7,test
Q7Z7C8,test
Q7Z7D3,train
Q7Z7E8,train
Q7Z7F7,train
Q7Z7G0,train
Q7Z7G1,train
Q7Z7H3,train
Q7Z7H8,val
Q7Z7J5,val
Q7Z7K2,train
Q7Z7K6,train
Q7Z7L1,val
Q7Z7L8,train
Q7Z7L9,val
Q7Z7M1,train
Q7Z7M8,train
Q7Z7M9,train
Q7Z7N9,train
Q7ZSX3,val
Q7ZSY6,val
Q7ZT01,train
Q7ZT11,train
Q7ZT42,train
Q7ZT46,train
Q7ZT47,val
Q7ZT48,val
Q7ZT72,train
Q7ZT75,test
Q7ZT82,test
Q7ZT98,train
Q7ZTA0,train
Q7ZTA6,train
Q7ZTI3,train
Q7ZTI5,train
Q7ZTL7,test
Q7ZTM6,train
Q7ZTM9,train
Q7ZTS4,train
Q7ZTU9,test
Q7ZTV5,train
Q7ZTY6,train
Q7ZTY7,val
Q7ZTZ2,train
Q7ZU13,val
Q7ZU29,train
Q7ZU42,train
Q7ZU45,train
Q7ZU80,train
Q7ZU90,train
Q7ZU91,test
Q7ZU92,val
Q7ZUA6,test
Q7ZUB3,train
Q7ZUC2,train
Q7ZUC7,test
Q7ZUF2,val
Q7ZUH1,train
Q7ZUH5,test
Q7ZUK0,train
Q7ZUK7,train
Q7ZUL9,train
Q7ZUM8,val
Q7ZUN8,train
Q7ZUP0,train
Q7ZUP1,train
Q7ZUQ3,val
Q7ZUS1,test
Q7ZUU1,train
Q7ZUV0,train
Q7ZUV1,val
Q7ZUV2,train
Q7ZUV7,train
Q7ZUW2,train
Q7ZUW7,train
Q7ZUX1,train
Q7ZUX3,train
Q7ZUX6,train
Q7ZUY3,train
Q7ZUZ0,train
Q7ZV00,train
Q7ZV14,train
Q7ZV15,train
Q7ZV20,val
Q7ZV22,train
Q7ZV26,train
Q7ZV35,val
Q7ZV46,train
Q7ZV50,train
Q7ZV55,val
Q7ZV60,test
Q7ZV79,train
Q7ZV80,train
Q7ZV84,train
Q7ZV90,train
Q7ZVB1,train
Q7ZVB2,train
Q7ZVC2,train
Q7ZVC4,train
Q7ZVC9,train
Q7ZVE0,train
Q7ZVE3,val
Q7ZVE6,train
Q7ZVF0,val
Q7ZVF3,test
Q7ZVH1,train
Q7ZVJ6,train
Q7ZVJ8,test
Q7ZVK3,train
Q7ZVK4,train
Q7ZVL2,train
Q7ZVM1,train
Q7ZVM9,train
Q7ZVN4,train
Q7ZVN7,train
Q7ZVP1,val
Q7ZVP8,train
Q7ZVQ8,train
Q7ZVR1,train
Q7ZVR6,val
Q7ZVR8,test
Q7ZVS3,train
Q7ZVS8,val
Q7ZVS9,train
Q7ZVT3,train
Q7ZVT5,test
Q7ZVU1,test
Q7ZVV1,test
Q7ZVW1,train
Q7ZVW9,test
Q7ZVX0,train
Q7ZVX5,train
Q7ZVX6,train
Q7ZVZ6,test
Q7ZVZ7,test
Q7ZW00,train
Q7ZW02,train
Q7ZW11,test
Q7ZW18,train
Q7ZW24,train
Q7ZW33,train
Q7ZW34,train
Q7ZW46,test
Q7ZW47,val
Q7ZW57,train
Q7ZW63,train
Q7ZW77,val
Q7ZW78,train
Q7ZW86,val
Q7ZWA3,train
Q7ZWB2,train
Q7ZWC3,test
Q7ZWC4,val
Q7ZWD4,train
Q7ZWE3,test
Q7ZWE6,train
Q7ZWE7,train
Q7ZWE9,val
Q7ZWF4,train
Q7ZWG6,train
Q7ZWG9,train
Q7ZWI4,test
Q7ZWK8,train
Q7ZWL6,train
Q7ZWM4,train
Q7ZWM6,train
Q7ZWM8,test
Q7ZWN0,val
Q7ZWN5,test
Q7ZWN9,train
Q7ZWR2,train
Q7ZWS2,train
Q7ZWS5,val
Q7ZWU1,train
Q7ZWU5,train
Q7ZWU9,test
Q7ZWW7,val
Q7ZWX9,val
Q7ZWY2,train
Q7ZWZ4,train
Q7ZWZ5,test
Q7ZX03,train
Q7ZX20,train
Q7ZX21,val
Q7ZX22,train
Q7ZX23,val
Q7ZX27,train
Q7ZX31,train
Q7ZX37,train
Q7ZX41,val
Q7ZX51,train
Q7ZX53,train
Q7ZX59,train
Q7ZX75,train
Q7ZXA8,test
Q7ZXB5,train
Q7ZXB8,test
Q7ZXF1,train
Q7ZXF5,train
Q7ZXG3,train
Q7ZXG4,train
Q7ZXH1,train
Q7ZXH2,train
Q7ZXH3,train
Q7ZXK9,test
Q7ZXL5,train
Q7ZXP0,train
Q7ZXP1,train
Q7ZXP9,train
Q7ZXQ3,val
Q7ZXQ8,train
Q7ZXQ9,train
Q7ZXS3,train
Q7ZXS7,test
Q7ZXS8,train
Q7ZXT3,train
Q7ZXV5,train
Q7ZXV6,train
Q7ZXV8,train
Q7ZXX1,train
Q7ZXX2,train
Q7ZXX9,train
Q7ZXY0,test
Q7ZXY1,train
Q7ZXY4,train
Q7ZXZ0,test
Q7ZXZ2,train
Q7ZY07,train
Q7ZY08,train
Q7ZY11,train
Q7ZY13,train
Q7ZY31,train
Q7ZY35,train
Q7ZY36,train
Q7ZY40,train
Q7ZY47,train
Q7ZY56,train
Q7ZY60,train
Q7ZY69,train
Q7ZY70,train
Q7ZY73,train
Q7ZY75,val
Q7ZY78,train
Q7ZY79,train
Q7ZY86,train
Q7ZYA0,train
Q7ZYA2,train
Q7ZYA6,test
Q7ZYA7,train
Q7ZYB4,val
Q7ZYC4,train
Q7ZYF1,train
Q7ZYF2,val
Q7ZYH1,val
Q7ZYI3,train
Q7ZYI9,train
Q7ZYJ3,train
Q7ZYJ7,train
Q7ZYJ9,train
Q7ZYM8,train
Q7ZYP6,train
Q7ZYQ3,train
Q7ZYQ6,val
Q7ZYR8,test
Q7ZYS1,train
Q7ZYU8,train
Q7ZYV9,train
Q7ZYX1,test
Q7ZYY4,train
Q7ZYZ6,val
Q7ZYZ7,val
Q7ZZ00,val
Q7ZZ03,train
Q7ZZ25,train
Q7ZZC6,test
Q7ZZC8,train
Q7ZZH7,train
Q7ZZL8,train
Q7ZZM2,test
Q7ZZN9,train
Q7ZZS9,val
Q7ZZV3,train
Q7ZZV4,train
Q7ZZY8,val
Q800A0,val
Q800C0,train
Q800C3,val
Q800F1,train
Q800G5,val
Q800G8,train
Q800H9,val
Q800I7,test
Q800I8,train
Q800K6,test
Q800L1,train
Q800L3,test
Q800Q5,train
Q800R4,train
Q800R9,test
Q800S2,train
Q800X4,test
Q800Y1,train
Q800Y2,train
Q801D8,train
Q801E0,train
Q801E1,test
Q801E2,train
Q801F7,val
Q801F8,train
Q801G1,val
Q801G2,train
Q801M1,train
Q801R4,train
Q801R7,val
Q801R8,test
Q801S2,train
Q801S4,train
Q801S8,val
Q801X6,train
Q801X7,val
Q801Y3,train
Q802A6,train
Q802A9,train
Q802B2,train
Q802D3,test
Q802F0,train
Q802F2,train
Q802G6,val
Q802G7,train
Q802R8,train
Q802R9,train
Q802T2,train
Q802U2,train
Q802V6,train
Q802W2,train
Q802W4,train
Q802X2,train
Q802Y8,train
Q803A0,test
Q803A6,train
Q803A7,train
Q803A8,train
Q803C1,val
Q803C7,train
Q803C9,train
Q803E0,train
Q803E1,train
Q803F5,val
Q803G5,train
Q803H0,train
Q803H4,train
Q803I2,train
Q803I4,train
Q803I8,train
Q803J8,train
Q803K4,train
Q803L0,train
Q803M0,test
Q803M3,train
Q803M5,test
Q803N9,train
Q803P1,train
Q803Q2,train
Q803Q4,train
Q803R2,train
Q803R5,train
Q803S3,train
Q803T2,train
Q803U7,train
Q803V3,train
Q803W1,test
Q803X0,train
Q803X1,train
Q803X4,val
Q803Z2,val
Q804A5,train
Q804A9,train
Q804E1,train
Q804H7,train
Q804Q2,test
Q804Q5,train
Q804R0,val
Q804S2,test
Q804S6,val
Q804T6,train
Q804W2,train
Q804X6,train
Q804X9,val
Q805A1,val
Q805B2,test
Q805D3,train
Q805D4,test
Q805D5,val
Q805D6,train
Q805D7,test
Q805D8,train
Q805E5,val
Q805E8,test
Q805E9,train
Q805F2,train
Q805F4,train
Q805F5,train
Q80ST9,train
Q80SU3,test
Q80SU4,train
Q80SV1,val
Q80SW5,test
Q80SX5,val
Q80SY5,train
Q80SY6,train
Q80SZ5,train
Q80T02,train
Q80T11,train
Q80T19,val
Q80T22,train
Q80T32,train
Q80T41,train
Q80T62,train
Q80T69,train
Q80T91,train
Q80TA6,train
Q80TB7,test
Q80TB8,test
Q80TC5,test
Q80TD3,train
Q80TE3,train
Q80TF3,train
Q80TF4,train
Q80TG1,train
Q80TG9,val
Q80TH2,train
Q80TI0,train
Q80TI1,train
Q80TJ7,train
Q80TL0,val
Q80TL1,val
Q80TL7,test
Q80TM6,val
Q80TM9,train
Q80TQ2,train
Q80TQ5,train
Q80TR4,train
Q80TR8,test
Q80TS8,train
Q80TT2,train
Q80TV8,val
Q80TZ3,train
Q80U04,train
Q80U12,train
Q80U16,train
Q80U19,train
Q80U22,test
Q80U23,train
Q80U28,train
Q80U30,train
Q80U35,train
Q80U38,train
Q80U44,train
Q80U49,train
Q80U57,train
Q80U59,val
Q80U62,test
Q80U72,train
Q80U87,train
Q80U93,test
Q80U95,train
Q80UB0,train
Q80UC6,test
Q80UF4,train
Q80UF7,train
Q80UF9,train
Q80UG1,train
Q80UG8,train
Q80UJ1,train
Q80UJ7,train
Q80UJ9,train
Q80UK7,train
Q80UL9,train
Q80UM3,train
Q80UN1,train
Q80UN9,train
Q80UP5,train
Q80US4,val
Q80UU2,train
Q80UW2,train
Q80UW3,train
Q80UW5,train
Q80UY1,train
Q80UZ0,val
Q80V03,test
Q80V23,train
Q80V24,test
Q80V38,test
Q80V42,train
Q80V53,train
Q80V62,val
Q80V70,train
Q80V86,train
Q80V94,train
Q80VA5,test
Q80VD1,test
Q80VF6,train
Q80VG1,test
Q80VH0,test
Q80VI1,train
Q80VJ6,train
Q80VJ8,test
Q80VK6,train
Q80VL0,train
Q80VL1,test
Q80VL3,train
Q80VM3,train
Q80VM4,train
Q80VM7,val
Q80VM8,train
Q80VN0,train
Q80VP0,train
Q80VP1,train
Q80VP2,train
Q80VP5,train
Q80VP8,val
Q80VP9,test
Q80VQ0,test
Q80VQ1,train
Q80VV3,test
Q80VW5,val
Q80VW7,val
Q80VY2,train
Q80VY9,train
Q80W04,val
Q80W14,val
Q80W15,val
Q80W21,train
Q80W22,train
Q80W31,train
Q80W32,test
Q80W35,train
Q80W37,val
Q80W40,train
Q80W49,train
Q80W54,train
Q80W57,test
Q80W65,train
Q80W66,test
Q80W69,train
Q80W85,train
Q80W87,val
Q80W88,train
Q80W89,train
Q80W94,train
Q80W98,train
Q80W99,val
Q80WB0,val
Q80WC1,train
Q80WC7,train
Q80WC9,val
Q80WE4,train
Q80WK2,test
Q80WM3,train
Q80WM4,train
Q80WM5,train
Q80WM7,train
Q80WM9,test
Q80WP8,train
Q80WQ2,train
Q80WQ4,test
Q80WQ8,train
Q80WQ9,train
Q80WR5,train
Q80WS3,train
Q80WT5,val
Q80WV7,train
Q80WW9,train
Q80WY3,train
Q80WY6,test
Q80X08,test
Q80X41,train
Q80X53,train
Q80X59,val
Q80X60,train
Q80X73,train
Q80X76,train
Q80X80,val
Q80X85,train
Q80X86,val
Q80X91,train
Q80XA0,train
Q80XA6,test
Q80XB4,train
Q80XC3,test
Q80XC6,test
Q80XD8,train
Q80XD9,train
Q80XE1,train
Q80XF5,train
Q80XH2,train
Q80XI1,train
Q80XI3,train
Q80XI4,test
Q80XI7,test
Q80XJ2,test
Q80XK6,train
Q80XL1,train
Q80XL6,train
Q80XM3,train
Q80XM9,train
Q80XN0,train
Q80XP9,train
Q80XQ2,train
Q80XR2,train
Q80XS6,train
Q80XS7,val
Q80XU8,train
Q80XX4,test
Q80XZ4,test
Q80Y14,train
Q80Y17,train
Q80Y19,train
Q80Y20,train
Q80Y39,val
Q80Y44,train
Q80Y55,train
Q80Y56,val
Q80Y61,train
Q80Y72,val
Q80Y73,train
Q80Y75,train
Q80Y84,test
Q80Y98,train
Q80YA3,test
Q80YA7,train
Q80YA8,train
Q80YC5,train
Q80YD3,train
Q80YD6,val
Q80YE4,train
Q80YF0,val
Q80YF6,val
Q80YG3,train
Q80YN3,train
Q80YN4,train
Q80YP0,train
Q80YP6,val
Q80YR2,train
Q80YR3,test
Q80YR4,train
Q80YR5,val
Q80YR6,train
Q80YR7,train
Q80YS5,train
Q80YS9,train
Q80YT7,val
Q80YT9,test
Q80YU0,test
Q80YV2,test
Q80YW0,train
Q80YW5,train
Q80YX1,train
Q80YY7,train
Q80Z25,train
Q80Z29,train
Q80Z32,train
Q80Z34,train
Q80Z37,train
Q80Z70,val
Q80Z71,val
Q80ZA0,val
Q80ZA5,train
Q80ZA7,val
Q80ZC8,test
Q80ZC9,test
Q80ZD1,test
Q80ZD3,test
Q80ZD8,train
Q80ZD9,train
Q80ZE3,train
Q80ZE4,train
Q80ZF2,val
Q80ZF7,train
Q80ZG1,val
Q80ZG6,test
Q80ZH1,test
Q80ZI1,test
Q80ZI2,train
Q80ZI6,train
Q80ZN5,train
Q80ZN9,train
Q80ZQ0,train
Q80ZQ3,test
Q80ZQ9,train
Q80ZU4,val
Q80ZU7,train
Q80ZW0,train
Q80ZW2,val
Q80ZX8,train
Q810A1,train
Q810A5,train
Q810A7,train
Q810B3,train
Q810B7,train
Q810F0,test
Q810F5,test
Q810F8,train
Q810H5,train
Q810H6,train
Q810I1,train
Q810J1,train
Q810K3,train
Q810K9,train
Q810L3,train
Q810M1,train
Q810M5,test
Q810M6,train
Q810N5,test
Q810N6,train
Q810N9,train
Q810P2,train
Q810P3,train
Q810S1,train
Q810S2,train
Q810T2,test
Q810U0,train
Q810U2,train
Q810U3,val
Q810V0,val
Q810W6,train
Q810Y8,train
Q810Z1,train
Q811A2,train
Q811B1,train
Q811B3,test
Q811C2,train
Q811D2,train
Q811F1,train
Q811G0,train
Q811I0,train
Q811J3,train
Q811M1,test
Q811M5,val
Q811P0,train
Q811P6,train
Q811P8,train
Q811Q2,val
Q811Q4,val
Q811Q9,train
Q811R2,train
Q811S9,train
Q811T9,val
Q811U3,train
Q811U4,train
Q811V6,train
Q811X5,train
Q811X6,val
Q812A2,train
Q812A3,train
Q812B2,train
Q812C9,train
Q812E0,train
Q812E4,test
Q812E8,train
Q812F3,train
Q85DA0,test
Q85DA7,val
Q85PQ0,train
Q85PQ3,train
Q85PQ7,train
Q85PQ8,train
Q85PS1,test
Q85UK4,train
Q861Q9,train
Q861S3,train
Q861W5,val
Q861Y1,train
Q862A7,test
Q862A8,train
Q862A9,train
Q862B1,test
Q862Z3,train
Q862Z4,val
Q862Z8,train
Q863B4,train
Q863B7,train
Q863D4,train
Q863F8,test
Q863F9,train
Q863G0,train
Q863G3,train
Q863G4,train
Q863G6,train
Q863H0,train
Q863H2,train
Q863H3,train
Q863H5,train
Q863I2,train
Q863J2,train
Q863J8,train
Q863K0,train
Q863T4,train
Q863T6,train
Q863Y7,train
Q863Y8,train
Q863Y9,test
Q863Z5,train
Q864F6,train
Q864G0,val
Q864H7,train
Q864K9,train
Q864Q2,test
Q864Q5,train
Q864R5,train
Q864T6,test
Q864T7,val
Q864T8,train
Q864U1,test
Q864U8,train
Q864V4,train
Q864V6,val
Q864Z3,train
Q865C0,train
Q865E9,train
Q865F0,val
Q865F1,train
Q865F5,train
Q865F8,train
Q865P3,train
Q865R1,val
Q865S1,train
Q865V0,train
Q865V3,train
Q865W2,test
Q865W9,train
Q865X1,val
Q865X2,train
Q865X3,train
Q865X4,val
Q865X5,test
Q865X6,val
Q865X7,train
Q865X8,train
Q865Y2,test
Q866C5,train
Q866F4,test
Q866G7,train
Q866N2,train
Q866R8,train
Q866S3,train
Q866Y3,val
Q866Y9,val
Q867A9,train
Q867B0,train
Q867B1,train
Q867B2,test
Q867C0,train
Q867D0,train
Q867W1,train
Q867X0,train
Q867Z4,val
Q868F8,train
Q868G6,val
Q868M7,train
Q868N5,val
Q868T3,train
Q869C3,val
Q86B47,test
Q86B53,val
Q86B61,train
Q86B79,train
Q86B87,train
Q86B91,train
Q86BE9,train
Q86BF9,train
Q86BJ3,test
Q86BN8,train
Q86BP6,train
Q86BS6,val
Q86BW2,train
Q86BW9,val
Q86BX0,train
Q86BY9,train
Q86C51,train
Q86C56,train
Q86CT3,train
Q86DA5,train
Q86DA7,val
Q86DC6,train
Q86DS1,train
Q86DU6,train
Q86E67,train
Q86FQ0,test
Q86FX7,train
Q86GC8,train
Q86GF7,train
Q86GV3,val
Q86LE5,train
Q86LG1,test
Q86MA1,test
Q86MA7,train
Q86MD3,train
Q86ME2,test
Q86ME6,train
Q86MI0,train
Q86MP3,train
Q86MW9,train
Q86N75,val
Q86NG3,train
Q86NP2,train
Q86P48,train
Q86PC9,train
Q86PD7,train
Q86PM2,train
Q86PM4,train
Q86PR5,train
Q86QH9,val
Q86QI5,train
Q86QN6,train
Q86QS6,test
Q86QU2,train
Q86QU7,train
Q86QV1,train
Q86QV2,train
Q86QV5,test
Q86QV6,train
Q86QV7,train
Q86QV8,train
Q86R84,train
Q86RA3,val
Q86RN8,train
Q86RQ1,test
Q86RQ7,val
Q86RS3,train
Q86S05,train
Q86S40,train
Q86S66,train
Q86SA8,train
Q86SC0,val
Q86SD9,val
Q86SE0,val
Q86SE1,train
Q86SE5,val
Q86SE8,val
Q86SF2,train
Q86SG2,test
Q86SG3,test
Q86SG4,test
Q86SG5,train
Q86SG6,train
Q86SG7,train
Q86SH2,test
Q86SH4,test
Q86SI9,train
Q86SJ6,train
Q86SK9,train
Q86SM5,train
Q86SP6,test
Q86SQ0,train
Q86SQ3,test
Q86SQ4,train
Q86SQ6,train
Q86SQ7,train
Q86SX3,train
Q86SY8,train
Q86SZ2,val
Q86T03,train
Q86T13,train
Q86T23,val
Q86T24,val
Q86T26,train
Q86T29,train
Q86T65,test
Q86T75,train
Q86T90,train
Q86TA4,train
Q86TB3,test
Q86TC9,test
Q86TG7,train
Q86TH1,test
Q86TI4,train
Q86TJ2,train
Q86TJ5,train
Q86TM3,train
Q86TN4,train
Q86TP1,train
Q86TS9,train
Q86TU6,train
Q86TW2,train
Q86TX2,val
Q86TY3,train
Q86TZ1,val
Q86U02,test
Q86U06,val
Q86U10,train
Q86U17,test
Q86U37,train
Q86U38,test
Q86U90,val
Q86UA6,train
Q86UB2,train
Q86UC2,test
Q86UD0,train
Q86UD1,train
Q86UD4,train
Q86UD5,train
Q86UD7,train
Q86UE3,test
Q86UF4,val
Q86UG4,train
Q86UK5,val
Q86UK7,train
Q86UL3,train
Q86UL8,test
Q86UN2,train
Q86UN3,test
Q86UN6,test
Q86UP0,test
Q86UP6,train
Q86UQ0,train
Q86UQ5,train
Q86UQ8,train
Q86UR1,train
Q86UR5,train
Q86UT5,train
Q86UT8,train
Q86UU5,train
Q86UU9,test
Q86UV5,train
Q86UV7,train
Q86UW1,val
Q86UW2,train
Q86UW6,test
Q86UW7,val
Q86UW9,val
Q86UX2,train
Q86UX6,train
Q86UX7,train
Q86UY5,test
Q86UZ6,train
Q86V15,train
Q86V20,train
Q86V40,train
Q86V48,train
Q86V59,train
Q86V71,train
Q86V85,val
Q86V87,train
Q86V88,val
Q86V97,test
Q86VD1,train
Q86VD9,train
Q86VE0,test
Q86VE3,train
Q86VE9,train
Q86VF2,train
Q86VF5,train
Q86VF7,val
Q86VG3,train
Q86VH2,train
Q86VI1,train
Q86VI3,train
Q86VI4,train
Q86VQ0,train
Q86VQ3,train
Q86VQ6,train
Q86VR7,train
Q86VR8,test
Q86VS3,test
Q86VU5,train
Q86VV4,train
Q86VV8,val
Q86VW0,train
Q86VW1,test
Q86VW2,train
Q86VY4,train
Q86VZ1,train
Q86VZ4,train
Q86VZ5,train
Q86VZ6,train
Q86W10,train
Q86W11,train
Q86W24,train
Q86W25,train
Q86W26,val
Q86W28,train
Q86W50,test
Q86W54,train
Q86W56,test
Q86W67,test
Q86W74,train
Q86W92,train
Q86WA6,val
Q86WA8,train
Q86WA9,test
Q86WB7,train
Q86WC4,train
Q86WD7,train
Q86WG5,val
Q86WI3,train
Q86WK7,val
Q86WK9,train
Q86WN2,test
Q86WP2,train
Q86WQ0,train
Q86WR0,train
Q86WR6,train
Q86WR7,train
Q86WS3,train
Q86WS4,val
Q86WS5,train
Q86WT6,train
Q86WU2,train
Q86WV1,train
Q86WV5,val
Q86WV6,train
Q86WX3,train
Q86WZ0,train
Q86WZ6,train
Q86X29,train
Q86X51,test
Q86X53,train
Q86X59,train
Q86X67,train
Q86X76,val
Q86X83,test
Q86X95,val
Q86XA0,train
Q86XA9,train
Q86XD8,train
Q86XE0,val
Q86XE5,val
Q86XF0,test
Q86XF7,val
Q86XG9,train
Q86XH1,train
Q86XI2,train
Q86XI6,train
Q86XI8,test
Q86XJ0,train
Q86XJ1,train
Q86XK3,train
Q86XK7,train
Q86XL3,val
Q86XM0,val
Q86XN6,test
Q86XN7,val
Q86XN8,test
Q86XP0,train
Q86XP6,train
Q86XQ3,val
Q86XR2,train
Q86XR7,test
Q86XS5,train
Q86XT2,train
Q86XT9,val
Q86XU0,val
Q86XW9,train
Q86XZ4,test
Q86Y01,train
Q86Y07,train
Q86Y13,val
Q86Y22,val
Q86Y25,train
Q86Y26,train
Q86Y28,train
Q86Y30,train
Q86Y33,train
Q86Y34,train
Q86Y37,train
Q86Y38,train
Q86Y39,train
Q86Y46,train
Q86Y56,train
Q86Y79,train
Q86Y82,train
Q86Y91,test
Q86Y97,train
Q86YA3,val
Q86YB7,val
Q86YC2,train
Q86YC3,train
Q86YD5,train
Q86YE8,train
Q86YF9,val
Q86YG4,val
Q86YH2,test
Q86YH6,train
Q86YJ5,train
Q86YL5,train
Q86YL7,train
Q86YN1,train
Q86YN6,train
Q86YP4,val
Q86YQ2,val
Q86YQ8,train
Q86YR7,val
Q86YT5,train
Q86YT6,val
Q86YT9,train
Q86YV0,train
Q86YV5,train
Q86YV6,test
Q86YV9,train
Q86YW0,train
Q86YW5,train
Q86Z14,train
Q86Z20,train
Q86Z23,train
Q8AUU1,train
Q8AV19,val
Q8AV28,train
Q8AV57,train
Q8AV58,train
Q8AV61,train
Q8AV66,train
Q8AV84,test
Q8AVA3,val
Q8AVC1,train
Q8AVC3,train
Q8AVD3,train
Q8AVF4,train
Q8AVF5,train
Q8AVG0,train
Q8AVG9,test
Q8AVH4,test
Q8AVH7,train
Q8AVI4,val
Q8AVI9,train
Q8AVJ1,train
Q8AVL0,train
Q8AVM3,train
Q8AVM5,train
Q8AVN9,train
Q8AVP1,train
Q8AVQ3,train
Q8AVQ6,train
Q8AVR2,train
Q8AVS8,test
Q8AVS9,test
Q8AVU0,train
Q8AVV6,train
Q8AVW3,train
Q8AVX1,train
Q8AVX5,test
Q8AVY0,val
Q8AVY1,train
Q8AVY8,train
Q8AW35,train
Q8AW42,train
Q8AW52,train
Q8AW93,train
Q8AWA7,train
Q8AWB5,train
Q8AWB6,train
Q8AWC3,train
Q8AWC7,train
Q8AWD1,val
Q8AWD2,train
Q8AWF5,val
Q8AWW4,train
Q8AWW5,train
Q8AWX7,train
Q8AWY2,test
Q8AWY9,train
Q8AWZ0,train
Q8AWZ2,train
Q8AXA0,train
Q8AXB3,test
Q8AXC6,test
Q8AXC7,train
Q8AXF4,train
Q8AXL1,test
Q8AXM9,train
Q8AXP2,train
Q8AXQ3,train
Q8AXQ4,val
Q8AXR3,train
Q8AXS4,val
Q8AXU4,train
Q8AXU9,train
Q8AXV0,train
Q8AXV5,train
Q8AXV6,train
Q8AXW7,train
Q8AXX2,test
Q8AXY6,train
Q8AXZ4,train
Q8AY41,train
Q8AY43,train
Q8AY49,val
Q8AY68,train
Q8AY80,train
Q8AYA2,test
Q8AYA3,train
Q8AYA5,val
Q8AYB8,train
Q8AYC1,train
Q8AYC2,train
Q8AYC9,test
Q8AYD0,val
Q8AYG3,train
Q8AYH8,train
Q8AYI2,train
Q8AYK6,train
Q8AYM8,train
Q8AYR5,train
Q8AYR6,test
Q8AYS7,train
Q8AYS8,train
Q8BFP9,train
Q8BFQ2,train
Q8BFQ3,train
Q8BFQ6,train
Q8BFQ8,train
Q8BFQ9,train
Q8BFR1,train
Q8BFR2,train
Q8BFR6,train
Q8BFS8,val
Q8BFS9,test
Q8BFT2,train
Q8BFT6,train
Q8BFU0,train
Q8BFU3,train
Q8BFU7,val
Q8BFV2,test
Q8BFV3,train
Q8BFW3,train
Q8BFW4,train
Q8BFW6,train
Q8BFW7,train
Q8BFW9,train
Q8BFY0,train
Q8BFY6,train
Q8BFY7,train
Q8BFY9,train
Q8BFZ1,train
Q8BFZ2,test
Q8BFZ4,train
Q8BFZ6,train
Q8BFZ8,test
Q8BFZ9,train
Q8BG07,test
Q8BG18,test
Q8BG19,train
Q8BG22,test
Q8BG26,train
Q8BG28,train
Q8BG31,test
Q8BG34,train
Q8BG36,train
Q8BG39,val
Q8BG41,train
Q8BG50,val
Q8BG54,val
Q8BG55,val
Q8BG67,train
Q8BG75,train
Q8BG79,val
Q8BG80,train
Q8BG81,train
Q8BG84,test
Q8BG87,train
Q8BG93,train
Q8BG94,val
Q8BG95,train
Q8BGA2,train
Q8BGA3,train
Q8BGA5,train
Q8BGA7,train
Q8BGA8,val
Q8BGA9,train
Q8BGB2,train
Q8BGB7,train
Q8BGC0,train
Q8BGC1,train
Q8BGC3,train
Q8BGC4,test
Q8BGC9,train
Q8BGD0,test
Q8BGD4,train
Q8BGD5,test
Q8BGD8,train
Q8BGD9,train
Q8BGE4,test
Q8BGE5,train
Q8BGE7,val
Q8BGE9,val
Q8BGF6,train
Q8BGG0,test
Q8BGG6,train
Q8BGG7,train
Q8BGI1,val
Q8BGI4,train
Q8BGI5,train
Q8BGJ3,train
Q8BGJ9,train
Q8BGK2,train
Q8BGK5,train
Q8BGK6,train
Q8BGK9,train
Q8BGL1,train
Q8BGL3,train
Q8BGM5,train
Q8BGM7,train
Q8BGN2,train
Q8BGN3,val
Q8BGN5,train
Q8BGN6,train
Q8BGP5,test
Q8BGQ2,train
Q8BGQ6,train
Q8BGR5,train
Q8BGS0,train
Q8BGS1,train
Q8BGS2,train
Q8BGS3,test
Q8BGT0,val
Q8BGT5,train
Q8BGT9,test
Q8BGU2,train
Q8BGV0,train
Q8BGV4,val
Q8BGV5,train
Q8BGV7,val
Q8BGV8,train
Q8BGV9,train
Q8BGW0,train
Q8BGW1,train
Q8BGW3,val
Q8BGW4,val
Q8BGW8,val
Q8BGW9,train
Q8BGX2,train
Q8BGX4,train
Q8BGX7,train
Q8BGY3,test
Q8BGY4,test
Q8BGY5,train
Q8BGY6,train
Q8BGZ2,train
Q8BH00,train
Q8BH02,train
Q8BH04,val
Q8BH05,train
Q8BH06,train
Q8BH10,train
Q8BH18,train
Q8BH27,train
Q8BH31,train
Q8BH34,train
Q8BH35,train
Q8BH44,train
Q8BH49,train
Q8BH50,train
Q8BH51,train
Q8BH53,train
Q8BH55,train
Q8BH65,test
Q8BH73,val
Q8BH79,train
Q8BH83,test
Q8BH86,train
Q8BH88,train
Q8BH89,train
Q8BH93,train
Q8BH95,train
Q8BH98,train
Q8BHA0,val
Q8BHA1,train
Q8BHA3,train
Q8BHA9,train
Q8BHB0,train
Q8BHB3,train
Q8BHB4,train
Q8BHB7,train
Q8BHB9,train
Q8BHC0,train
Q8BHC7,train
Q8BHC9,val
Q8BHD0,train
Q8BHD1,train
Q8BHD4,train
Q8BHD8,train
Q8BHE0,val
Q8BHE1,train
Q8BHE4,val
Q8BHE5,train
Q8BHG9,train
Q8BHH8,val
Q8BHH9,val
Q8BHI9,val
Q8BHJ9,val
Q8BHK0,train
Q8BHK1,val
Q8BHK3,val
Q8BHK6,train
Q8BHK9,train
Q8BHL3,train
Q8BHL4,train
Q8BHL6,test
Q8BHL8,val
Q8BHM9,train
Q8BHN1,train
Q8BHN5,train
Q8BHN9,test
Q8BHP2,train
Q8BHP7,val
Q8BHR2,train
Q8BHS8,train
Q8BHT6,test
Q8BHT7,train
Q8BHW2,train
Q8BHW6,test
Q8BHW9,val
Q8BHY2,test
Q8BHY3,train
Q8BHZ4,train
Q8BHZ5,train
Q8BI06,val
Q8BI08,test
Q8BI17,train
Q8BI21,val
Q8BI22,train
Q8BI29,train
Q8BI41,val
Q8BI55,train
Q8BI66,train
Q8BI67,train
Q8BI69,test
Q8BI71,train
Q8BI72,train
Q8BI73,train
Q8BI79,train
Q8BI84,train
Q8BI99,train
Q8BIA3,train
Q8BID6,val
Q8BIE6,train
Q8BIF0,train
Q8BIF2,train
Q8BIF9,train
Q8BIG2,train
Q8BIG7,val
Q8BII1,train
Q8BIJ6,train
Q8BIK6,train
Q8BIL2,train
Q8BIQ3,train
Q8BIQ8,train
Q8BIR2,train
Q8BIS8,train
Q8BIV3,test
Q8BIW1,train
Q8BIW9,train
Q8BIY1,train
Q8BIY3,train
Q8BIZ6,test
Q8BJ03,val
Q8BJ05,test
Q8BJ25,test
Q8BJ34,train
Q8BJ42,val
Q8BJ48,train
Q8BJ51,train
Q8BJ52,test
Q8BJ64,train
Q8BJ66,train
Q8BJ71,train
Q8BJ73,val
Q8BJ83,train
Q8BJ90,val
Q8BJA3,train
Q8BJD1,train
Q8BJE2,train
Q8BJF9,train
Q8BJG4,val
Q8BJH1,train
Q8BJI4,test
Q8BJK1,train
Q8BJL0,train
Q8BJM3,val
Q8BJM5,val
Q8BJM7,train
Q8BJN4,train
Q8BJQ2,train
Q8BJQ4,train
Q8BJQ9,train
Q8BJR6,test
Q8BJS4,train
Q8BJS7,train
Q8BJS8,train
Q8BJT9,train
Q8BJU2,train
Q8BJU9,train
Q8BJW5,val
Q8BJW6,train
Q8BJW7,val
Q8BJY1,train
Q8BJZ3,test
Q8BJZ4,train
Q8BK26,test
Q8BK30,train
Q8BK35,train
Q8BK48,val
Q8BK58,test
Q8BK64,test
Q8BK67,train
Q8BK72,train
Q8BKA3,train
Q8BKC5,val
Q8BKD6,test
Q8BKE6,train
Q8BKE9,test
Q8BKF1,val
Q8BKG3,test
Q8BKI2,train
Q8BKK4,train
Q8BKN5,train
Q8BKN6,test
Q8BKS9,train
Q8BKT3,train
Q8BKT8,val
Q8BKU8,train
Q8BKV1,train
Q8BKY8,val
Q8BKZ9,test
Q8BL00,test
Q8BL03,train
Q8BL06,test
Q8BL07,train
Q8BL43,train
Q8BL66,val
Q8BL74,train
Q8BL80,val
Q8BL95,val
Q8BLA1,train
Q8BLA8,train
Q8BLB0,val
Q8BLB7,val
Q8BLB8,train
Q8BLD6,train
Q8BLE7,train
Q8BLG0,test
Q8BLG2,val
Q8BLH5,val
Q8BLH7,train
Q8BLI0,val
Q8BLJ3,test
Q8BLK9,train
Q8BLM0,test
Q8BLN5,train
Q8BLQ0,train
Q8BLQ7,train
Q8BLR2,train
Q8BLR5,train
Q8BLR7,train
Q8BLS7,train
Q8BLU0,train
Q8BLU2,train
Q8BLX4,train
Q8BLX7,train
Q8BLY2,train
Q8BLY3,test
Q8BLY7,train
Q8BM14,test
Q8BM15,train
Q8BM65,val
Q8BM75,test
Q8BM81,train
Q8BM85,train
Q8BM86,train
Q8BM88,train
Q8BM89,train
Q8BM92,train
Q8BM96,train
Q8BMA5,train
Q8BMB0,train
Q8BMB3,train
Q8BMC1,train
Q8BMC4,train
Q8BMD2,val
Q8BMD5,val
Q8BMD6,train
Q8BMD7,val
Q8BMD8,train
Q8BMF3,test
Q8BMF8,train
Q8BMG1,test
Q8BMG7,train
Q8BMI3,train
Q8BMI4,test
Q8BMJ2,val
Q8BMJ7,train
Q8BMJ8,val
Q8BMK0,train
Q8BMK1,train
Q8BMK4,train
Q8BML2,train
Q8BMN3,train
Q8BMN4,val
Q8BMP4,test
Q8BMP6,train
Q8BMQ2,train
Q8BMQ8,test
Q8BMS1,train
Q8BMS4,train
Q8BMT9,train
Q8BMU0,train
Q8BMW7,val
Q8BMY7,train
Q8BMZ5,train
Q8BN21,test
Q8BN57,train
Q8BN58,test
Q8BN78,test
Q8BN82,train
Q8BND4,train
Q8BND5,train
Q8BNE1,train
Q8BNI4,train
Q8BNN1,train
Q8BNQ3,train
Q8BNU0,val
Q8BNV1,test
Q8BNW9,train
Q8BNX1,test
Q8BNX7,train
Q8BP00,train
Q8BP07,test
Q8BP22,train
Q8BP27,train
Q8BP31,train
Q8BP40,train
Q8BP56,train
Q8BP74,train
Q8BP78,test
Q8BP86,val
Q8BP99,train
Q8BPC6,val
Q8BPE4,train
Q8BPG6,train
Q8BPI1,train
Q8BPK2,val
Q8BPM0,train
Q8BPM6,train
Q8BPP0,train
Q8BPP5,train
Q8BPQ7,train
Q8BPS4,train
Q8BPW0,train
Q8BPX9,train
Q8BPZ8,test
Q8BQ30,train
Q8BQ33,val
Q8BQ47,train
Q8BQ86,train
Q8BQB6,test
Q8BQC3,test
Q8BQC8,train
Q8BQH4,train
Q8BQH6,val
Q8BQJ6,train
Q8BQM4,train
Q8BQM7,train
Q8BQM9,test
Q8BQN5,train
Q8BQP8,val
Q8BQR7,test
Q8BQS4,train
Q8BQS5,train
Q8BQT2,val
Q8BQU3,train
Q8BQU6,train
Q8BQU7,train
Q8BQX5,train
Q8BQY8,train
Q8BQZ5,val
Q8BR07,train
Q8BR21,train
Q8BR26,train
Q8BR27,test
Q8BR63,train
Q8BR76,val
Q8BR90,train
Q8BRB7,val
Q8BRC6,val
Q8BRE0,test
Q8BRG8,train
Q8BRH3,train
Q8BRJ4,train
Q8BRK9,train
Q8BRM2,val
Q8BRM6,train
Q8BRN9,test
Q8BRT1,train
Q8BRU4,test
Q8BRV5,train
Q8BS40,train
Q8BS90,train
Q8BSA9,train
Q8BSD4,train
Q8BSD5,train
Q8BSE0,test
Q8BSF4,train
Q8BSI6,val
Q8BSL4,train
Q8BSM5,train
Q8BSM7,train
Q8BSN3,train
Q8BSN9,train
Q8BST6,train
Q8BSU2,train
Q8BSV3,test
Q8BSY0,train
Q8BT14,test
Q8BT18,train
Q8BT42,train
Q8BT51,train
Q8BT88,train
Q8BTC1,train
Q8BTE0,train
Q8BTE5,val
Q8BTE6,train
Q8BTF7,train
Q8BTG3,test
Q8BTI7,test
Q8BTJ4,val
Q8BTK5,test
Q8BTM9,train
Q8BTN6,train
Q8BTP0,train
Q8BTP3,val
Q8BTQ0,train
Q8BTR5,train
Q8BTU7,train
Q8BTX9,val
Q8BTY1,train
Q8BTY2,train
Q8BTY8,val
Q8BU03,val
Q8BU04,val
Q8BU11,train
Q8BU14,val
Q8BU27,train
Q8BU33,val
Q8BU40,test
Q8BU51,train
Q8BU85,val
Q8BU88,train
Q8BU91,val
Q8BUB4,train
Q8BUD0,train
Q8BUE7,train
Q8BUG2,val
Q8BUG5,train
Q8BUH1,test
Q8BUH7,train
Q8BUH8,val
Q8BUI3,train
Q8BUJ9,train
Q8BUK6,train
Q8BUL6,test
Q8BUM3,train
Q8BUM6,val
Q8BUM9,test
Q8BUN9,train
Q8BUP8,test
Q8BUR4,train
Q8BUV3,train
Q8BUV6,train
Q8BUV8,train
Q8BUW1,train
Q8BUX5,train
Q8BUY5,train
Q8BUY8,train
Q8BUZ3,train
Q8BV42,train
Q8BV57,test
Q8BV66,train
Q8BV84,train
Q8BVA2,train
Q8BVA4,train
Q8BVA5,val
Q8BVB5,train
Q8BVC1,test
Q8BVC4,train
Q8BVD5,train
Q8BVD7,train
Q8BVF2,train
Q8BVF4,train
Q8BVG4,train
Q8BVG5,train
Q8BVH9,train
Q8BVK9,train
Q8BVM2,train
Q8BVM4,train
Q8BVM7,train
Q8BVM9,train
Q8BVN0,train
Q8BVN3,train
Q8BVN4,test
Q8BVP1,train
Q8BVP5,train
Q8BVP6,train
Q8BVR0,train
Q8BVT6,train
Q8BVU0,train
Q8BVU5,test
Q8BVV7,train
Q8BVW0,train
Q8BVW3,val
Q8BVY0,train
Q8BVZ1,train
Q8BVZ5,train
Q8BW00,train
Q8BW10,train
Q8BW11,train
Q8BW41,val
Q8BW49,train
Q8BW56,test
Q8BW66,train
Q8BW74,train
Q8BW75,train
Q8BW88,train
Q8BW93,test
Q8BWA8,train
Q8BWB1,train
Q8BWB6,train
Q8BWC0,test
Q8BWD2,val
Q8BWD8,test
Q8BWF0,train
Q8BWF2,val
Q8BWG4,test
Q8BWG9,val
Q8BWJ4,train
Q8BWL5,train
Q8BWM0,train
Q8BWN8,train
Q8BWP5,val
Q8BWQ1,test
Q8BWQ4,train
Q8BWQ5,train
Q8BWR4,val
Q8BWR8,train
Q8BWS5,train
Q8BWT1,train
Q8BWT5,val
Q8BWU3,val
Q8BWU5,train
Q8BWU8,train
Q8BWW4,val
Q8BWW9,test
Q8BWY2,val
Q8BWY9,val
Q8BWZ3,train
Q8BX02,train
Q8BX05,train
Q8BX07,train
Q8BX09,train
Q8BX13,train
Q8BX17,train
Q8BX22,test
Q8BX32,test
Q8BX35,train
Q8BX37,test
Q8BX43,train
Q8BX65,train
Q8BX80,train
Q8BX94,train
Q8BXA0,train
Q8BXA6,train
Q8BXA7,test
Q8BXF8,train
Q8BXJ2,train
Q8BXJ9,train
Q8BXK4,train
Q8BXN9,val
Q8BXP5,test
Q8BXQ3,train
Q8BXR6,train
Q8BXS7,test
Q8BXT9,test
Q8BXV2,train
Q8BXX2,train
Q8BXX9,train
Q8BXZ0,test
Q8BXZ1,train
Q8BY02,train
Q8BY35,train
Q8BY71,train
Q8BY79,train
Q8BY98,train
Q8BYA0,test
Q8BYC4,train
Q8BYF6,train
Q8BYG0,train
Q8BYG9,train
Q8BYH3,train
Q8BYH7,train
Q8BYI6,train
Q8BYI8,train
Q8BYJ6,val
Q8BYK4,train
Q8BYK8,test
Q8BYM5,train
Q8BYM7,train
Q8BYM8,test
Q8BYN5,test
Q8BYR2,train
Q8BYU6,test
Q8BYW1,train
Q8BYY9,train
Q8BYZ1,test
Q8BZ03,test
Q8BZ05,train
Q8BZ10,train
Q8BZ20,train
Q8BZ25,train
Q8BZ32,train
Q8BZ33,test
Q8BZ34,test
Q8BZ36,train
Q8BZ52,train
Q8BZ64,train
Q8BZ71,train
Q8BZ94,test
Q8BZ97,train
Q8BZ98,train
Q8BZA9,train
Q8BZB2,train
Q8BZB3,train
Q8BZE1,train
Q8BZF2,train
Q8BZG5,val
Q8BZH1,train
Q8BZH4,val
Q8BZI6,test
Q8BZJ7,val
Q8BZJ8,train
Q8BZK4,train
Q8BZL1,train
Q8BZM1,train
Q8BZN6,test
Q8BZQ2,train
Q8BZR0,train
Q8BZR9,val
Q8BZS9,train
Q8BZT2,test
Q8BZT5,train
Q8BZT7,train
Q8BZT9,train
Q8BZW2,train
Q8BZW4,train
Q8BZW8,train
Q8BZX4,test
Q8BZZ3,test
Q8C010,train
Q8C013,train
Q8C033,train
Q8C042,train
Q8C050,val
Q8C078,train
Q8C080,test
Q8C088,val
Q8C0C0,test
Q8C0C4,train
Q8C0D0,train
Q8C0D4,train
Q8C0D9,train
Q8C0E3,train
Q8C0G2,val
Q8C0J6,val
Q8C0L0,train
Q8C0L6,test
Q8C0L8,train
Q8C0L9,train
Q8C0M8,train
Q8C0M9,test
Q8C0N0,train
Q8C0P0,train
Q8C0P5,train
Q8C0P7,train
Q8C0Q2,train
Q8C0Q3,train
Q8C0Q4,train
Q8C0Q9,train
Q8C0R0,train
Q8C0R7,train
Q8C0R9,train
Q8C0S4,train
Q8C0T0,test
Q8C0T5,train
Q8C0T7,val
Q8C0V1,train
Q8C0V7,val
Q8C0V9,train
Q8C0W1,train
Q8C0X0,val
Q8C0X2,test
Q8C0X7,train
Q8C0X8,train
Q8C0Y1,val
Q8C0Z1,test
Q8C102,test
Q8C110,train
Q8C115,val
Q8C119,val
Q8C120,val
Q8C129,train
Q8C131,train
Q8C138,train
Q8C147,test
Q8C156,train
Q8C159,test
Q8C160,train
Q8C163,val
Q8C165,train
Q8C166,train
Q8C167,train
Q8C172,train
Q8C176,train
Q8C186,train
Q8C190,train
Q8C196,train
Q8C1A3,test
Q8C1A9,train
Q8C1B1,train
Q8C1B2,train
Q8C1C1,train
Q8C1E1,val
Q8C1E7,train
Q8C1F4,val
Q8C1F5,train
Q8C1I6,train
Q8C1M2,train
Q8C1P2,train
Q8C1R0,train
Q8C1R3,train
Q8C1S0,train
Q8C1T8,train
Q8C1Z7,train
Q8C1Z8,test
Q8C255,train
Q8C261,test
Q8C262,train
Q8C263,train
Q8C267,val
Q8C2A2,test
Q8C2B3,test
Q8C2E4,val
Q8C2K1,val
Q8C2K5,train
Q8C2R7,train
Q8C2S0,train
Q8C2S5,train
Q8C2S7,train
Q8C341,train
Q8C353,train
Q8C3B8,train
Q8C3F2,train
Q8C3F7,train
Q8C3I8,train
Q8C3I9,test
Q8C3J5,val
Q8C3K5,train
Q8C3K6,val
Q8C3L1,train
Q8C3M9,train
Q8C3P7,train
Q8C3Q9,val
Q8C3R1,train
Q8C3S2,val
Q8C3W1,train
Q8C3X2,train
Q8C3X4,train
Q8C3Y4,train
Q8C419,train
Q8C436,train
Q8C437,test
Q8C456,val
Q8C494,train
Q8C4B4,test
Q8C4G9,train
Q8C4H2,train
Q8C4J0,train
Q8C4M7,val
Q8C4N4,train
Q8C4P0,val
Q8C4Q6,val
Q8C4Q9,test
Q8C4S8,test
Q8C4U2,train
Q8C4V1,test
Q8C4W3,val
Q8C4X1,val
Q8C4X2,train
Q8C4X7,test
Q8C503,train
Q8C522,train
Q8C525,train
Q8C551,test
Q8C552,val
Q8C561,train
Q8C567,train
Q8C581,train
Q8C5C9,train
Q8C5G2,test
Q8C5K5,train
Q8C5L6,train
Q8C5L7,train
Q8C5N3,test
Q8C5N5,train
Q8C5P5,train
Q8C5Q4,train
Q8C5R2,test
Q8C5S3,train
Q8C5S7,test
Q8C5T4,train
Q8C5T8,train
Q8C5U4,val
Q8C5U9,train
Q8C5V0,train
Q8C5V5,train
Q8C5V8,train
Q8C5W0,test
Q8C5W3,train
Q8C5W4,train
Q8C5Y2,train
Q8C624,train
Q8C627,train
Q8C633,train
Q8C636,val
Q8C650,train
Q8C6B9,val
Q8C6C7,val
Q8C6C9,train
Q8C6D4,val
Q8C6G1,train
Q8C6J9,train
Q8C6L5,train
Q8C6N3,train
Q8C6P8,train
Q8C6U2,train
Q8C6V3,train
Q8C6Y6,train
Q8C6Z1,train
Q8C739,val
Q8C753,train
Q8C761,train
Q8C767,train
Q8C784,train
Q8C796,train
Q8C7B6,train
Q8C7B8,train
Q8C7E7,train
Q8C7E9,train
Q8C7H1,val
Q8C7M3,train
Q8C7N7,train
Q8C7R4,val
Q8C7R7,test
Q8C7U1,train
Q8C7U7,train
Q8C7V8,train
Q8C7W7,val
Q8C804,train
Q8C811,train
Q8C817,val
Q8C827,train
Q8C828,val
Q8C838,train
Q8C850,train
Q8C854,train
Q8C863,test
Q8C886,test
Q8C8B0,train
Q8C8J0,train
Q8C8K3,test
Q8C8N3,train
Q8C8T7,train
Q8C8T8,train
Q8C8U0,train
Q8C8V1,train
Q8C8Y5,val
Q8C963,train
Q8C966,train
Q8C985,train
Q8C9A2,train
Q8C9E8,train
Q8C9J3,train
Q8C9M2,train
Q8C9R9,train
Q8C9S4,train
Q8C9S8,test
Q8C9V1,train
Q8C9W3,train
Q8C9X1,train
Q8C9X6,test
Q8CA03,val
Q8CA71,train
Q8CA72,train
Q8CA95,val
Q8CAA5,train
Q8CAA7,train
Q8CAC8,test
Q8CAE3,train
Q8CAE9,train
Q8CAF4,val
Q8CAI1,train
Q8CAK1,train
Q8CAL5,train
Q8CAM5,val
Q8CAQ8,train
Q8CAS9,test
Q8CAT8,val
Q8CAV0,test
Q8CAY6,train
Q8CB12,val
Q8CB14,test
Q8CB19,train
Q8CB27,train
Q8CB49,val
Q8CB59,train
Q8CB62,train
Q8CB65,train
Q8CB67,val
Q8CB77,train
Q8CB87,val
Q8CB93,train
Q8CBA2,train
Q8CBB2,train
Q8CBC4,train
Q8CBC7,train
Q8CBD1,train
Q8CBE3,train
Q8CBF3,train
Q8CBH5,test
Q8CBQ5,test
Q8CBR1,test
Q8CBW4,train
Q8CBX9,test
Q8CBY0,train
Q8CBY3,train
Q8CC12,train
Q8CC14,test
Q8CC35,val
Q8CC36,train
Q8CC70,train
Q8CC84,train
Q8CC86,train
Q8CC88,train
Q8CC96,train
Q8CCA0,train
Q8CCB4,train
Q8CCB5,train
Q8CCC3,val
Q8CCE9,test
Q8CCG4,train
Q8CCH2,train
Q8CCJ4,train
Q8CCJ9,train
Q8CCM6,train
Q8CCN1,train
Q8CCP0,test
Q8CCS2,val
Q8CCS6,train
Q8CCT4,train
Q8CCT7,test
Q8CCX5,train
Q8CD15,test
Q8CD19,train
Q8CD26,train
Q8CD78,train
Q8CD92,train
Q8CDB0,test
Q8CDC0,train
Q8CDC7,test
Q8CDD9,train
Q8CDE2,train
Q8CDF7,val
Q8CDG1,train
Q8CDI2,test
Q8CDI6,train
Q8CDI7,train
Q8CDJ8,train
Q8CDK2,train
Q8CDK3,val
Q8CDL9,val
Q8CDM1,train
Q8CDM4,test
Q8CDM8,train
Q8CDN1,val
Q8CDN8,train
Q8CDN9,train
Q8CDP0,val
Q8CDR2,train
Q8CDS7,train
Q8CDT5,train
Q8CDT7,train
Q8CDT9,train
Q8CDU4,test
Q8CDU5,train
Q8CDU6,train
Q8CDV0,train
Q8CDV6,train
Q8CDW1,test
Q8CDY7,val
Q8CE08,train
Q8CE13,train
Q8CE22,train
Q8CE23,test
Q8CE46,train
Q8CE47,train
Q8CE50,train
Q8CE64,val
Q8CE90,test
Q8CE93,test
Q8CE94,train
Q8CE96,train
Q8CE97,train
Q8CEE6,train
Q8CEE7,train
Q8CEF8,train
Q8CEF9,val
Q8CEG5,test
Q8CEG8,test
Q8CEK3,train
Q8CEK7,train
Q8CEL2,train
Q8CEQ0,train
Q8CES0,train
Q8CES1,train
Q8CEZ0,train
Q8CEZ1,val
Q8CEZ4,train
Q8CF02,train
Q8CF25,test
Q8CF27,test
Q8CF31,train
Q8CF60,train
Q8CF89,test
Q8CF93,train
Q8CF94,train
Q8CFA1,test
Q8CFA2,train
Q8CFA6,train
Q8CFA7,train
Q8CFB4,val
Q8CFC1,train
Q8CFC4,train
Q8CFD4,train
Q8CFD9,train
Q8CFE2,val
Q8CFE3,train
Q8CFE5,train
Q8CFF0,train
Q8CFG4,train
Q8CFG5,train
Q8CFG9,test
Q8CFI0,train
Q8CFI2,val
Q8CFJ7,train
Q8CFK2,train
Q8CFK6,train
Q8CFL8,test
Q8CFP6,train
Q8CFQ3,train
Q8CFS6,train
Q8CFT2,test
Q8CFU8,train
Q8CFV2,train
Q8CFW7,train
Q8CFX1,train
Q8CFY5,train
Q8CFZ5,val
Q8CG08,train
Q8CG14,train
Q8CG27,train
Q8CG46,test
Q8CG47,train
Q8CG48,train
Q8CG50,train
Q8CG64,val
Q8CG70,train
Q8CG71,train
Q8CG73,val
Q8CG76,train
Q8CG79,train
Q8CG80,test
Q8CG85,train
Q8CGA2,train
Q8CGB3,train
Q8CGB6,train
Q8CGC6,train
Q8CGD2,val
Q8CGE8,train
Q8CGE9,test
Q8CGF1,test
Q8CGF5,train
Q8CGI1,train
Q8CGK3,train
Q8CGK5,test
Q8CGK6,val
Q8CGL2,train
Q8CGM1,train
Q8CGM2,val
Q8CGN4,train
Q8CGN8,train
Q8CGR3,train
Q8CGR5,train
Q8CGR7,train
Q8CGS5,train
Q8CGT6,train
Q8CGU4,test
Q8CGU6,test
Q8CGU9,train
Q8CGV7,train
Q8CGW4,train
Q8CGW9,test
Q8CGZ2,train
Q8CGZ9,train
Q8CH01,val
Q8CH02,train
Q8CH09,train
Q8CH18,test
Q8CH19,train
Q8CH20,test
Q8CH25,test
Q8CH34,train
Q8CH36,train
Q8CH40,test
Q8CH60,train
Q8CH62,train
Q8CH77,train
Q8CH87,train
Q8CHB8,train
Q8CHC4,test
Q8CHC8,val
Q8CHD8,train
Q8CHE4,train
Q8CHG5,train
Q8CHH5,train
Q8CHJ2,val
Q8CHK2,train
Q8CHK4,train
Q8CHK7,train
Q8CHM1,test
Q8CHM9,train
Q8CHN2,train
Q8CHN3,train
Q8CHN8,train
Q8CHP0,val
Q8CHP5,val
Q8CHP6,val
Q8CHQ0,train
Q8CHQ6,train
Q8CHQ9,train
Q8CHR6,train
Q8CHR9,val
Q8CHS2,val
Q8CHS4,train
Q8CHS8,test
Q8CHT0,test
Q8CHT3,train
Q8CHT6,test
Q8CHW1,train
Q8CHW5,train
Q8CHX7,test
Q8CHY6,val
Q8CHY7,train
Q8CHZ8,val
Q8CHZ9,train
Q8CI03,test
Q8CI04,train
Q8CI08,train
Q8CI11,train
Q8CI12,train
Q8CI15,train
Q8CI17,train
Q8CI33,train
Q8CI43,val
Q8CI51,train
Q8CI52,train
Q8CI59,train
Q8CI61,val
Q8CI66,train
Q8CI70,train
Q8CI71,train
Q8CI75,train
Q8CI78,train
Q8CI85,train
Q8CIB9,val
Q8CIC2,train
Q8CID0,val
Q8CID3,train
Q8CIE0,train
Q8CIE2,train
Q8CIE4,train
Q8CIE6,train
Q8CIG0,train
Q8CIG3,train
Q8CIG9,train
Q8CIH5,train
Q8CIH9,train
Q8CII0,train
Q8CII8,train
Q8CII9,train
Q8CIK8,train
Q8CIL4,train
Q8CIM1,train
Q8CIM3,test
Q8CIM5,val
Q8CIM7,test
Q8CIN4,train
Q8CIN7,test
Q8CIN9,train
Q8CIP3,test
Q8CIP5,train
Q8CIQ3,train
Q8CIQ6,train
Q8CIQ7,train
Q8CIR4,val
Q8CIS9,train
Q8CIT0,train
Q8CIT9,val
Q8CIV2,train
Q8CIV7,train
Q8CIW5,train
Q8CIW6,val
Q8CIZ5,train
Q8CJ00,train
Q8CJ12,train
Q8CJ19,train
Q8CJ40,val
Q8CJ42,test
Q8CJ44,val
Q8CJ52,train
Q8CJ58,train
Q8CJ61,val
Q8CJ69,train
Q8CJ70,train
Q8CJ78,train
Q8CJ91,test
Q8CJ96,train
Q8CJC7,train
Q8CJE2,train
Q8CJE6,test
Q8CJF7,train
Q8CJH3,test
Q8CJI3,train
Q8CJI4,train
Q8HBG2,train
Q8HDG8,train
Q8HEB9,train
Q8HEC0,train
Q8HEC3,train
Q8HG02,val
Q8HL81,test
Q8HL93,test
Q8HLD2,val
Q8HLR2,train
Q8HQB1,train
Q8HW98,train
Q8HWB0,train
Q8HWE5,train
Q8HWE7,train
Q8HXA6,train
Q8HXB8,val
Q8HXE4,val
Q8HXG3,train
Q8HXG5,test
Q8HXG6,train
Q8HXG8,train
Q8HXH0,test
Q8HXK7,train
Q8HXK9,train
Q8HXL3,train
Q8HXM1,train
Q8HXP8,test
Q8HXQ5,train
Q8HXW2,test
Q8HXW8,train
Q8HXX5,test
Q8HXX6,train
Q8HXX8,train
Q8HXX9,train
Q8HXY6,train
Q8HXY9,train
Q8HXZ6,train
Q8HXZ8,val
Q8HY01,train
Q8HY02,train
Q8HY03,train
Q8HY06,train
Q8HY11,train
Q8HY17,train
Q8HY24,train
Q8HY33,train
Q8HY34,train
Q8HY56,train
Q8HY67,train
Q8HY68,train
Q8HY69,train
Q8HY81,train
Q8HY82,test
Q8HY86,train
Q8HYA9,train
Q8HYB1,val
Q8HYB7,train
Q8HYC0,train
Q8HYC3,test
Q8HYJ5,test
Q8HYJ9,train
Q8HYL8,train
Q8HYN8,train
Q8HYP4,val
Q8HYP5,train
Q8HYP8,train
Q8HYP9,train
Q8HYQ2,train
Q8HYR6,train
Q8HYS0,val
Q8HYW0,val
Q8HYX8,train
Q8HYY4,val
Q8HYZ4,val
Q8HZD9,test
Q8HZI9,train
Q8HZJ0,val
Q8HZJ2,val
Q8HZJ4,train
Q8HZJ6,train
Q8HZJ8,train
Q8HZK2,train
Q8HZM6,val
Q8HZN9,train
Q8HZP1,train
Q8HZP9,train
Q8HZQ0,train
Q8HZQ3,train
Q8HZR3,train
Q8HZR5,train
Q8HZV3,train
Q8HZV4,val
Q8I009,train
Q8I021,train
Q8I034,train
Q8I0G4,test
Q8I0P7,val
Q8I113,test
Q8I136,train
Q8I145,train
Q8I1C8,train
Q8I1E5,train
Q8I1F0,train
Q8I1F6,train
Q8I1G0,val
Q8I1H7,test
Q8I4B0,val
Q8I4E2,test
Q8I4F7,train
Q8I4M5,train
Q8I4N3,train
Q8I4N4,test
Q8I6K0,val
Q8I6K1,val
Q8I6K2,test
Q8I6P7,test
Q8I6R2,train
Q8I6S2,train
Q8I6S3,train
Q8I6U3,val
Q8I6V7,train
Q8I6X9,train
Q8I7C3,test
Q8I7D5,train
Q8I7D6,test
Q8I7F8,train
Q8I7G4,train
Q8I7H9,val
Q8I7J4,val
Q8I7M8,train
Q8I7P9,train
Q8I7Q0,test
Q8I7X1,train
Q8I7X7,val
Q8I7Z2,train
Q8I7Z8,test
Q8I817,test
Q8I8U6,train
Q8I8V0,train
Q8I8W7,train
Q8I912,val
Q8I913,test
Q8I948,train
Q8I9B4,train
Q8I9S1,train
Q8I9S2,train
Q8IA41,train
Q8IA42,train
Q8IA43,train
Q8IA44,val
Q8IA98,train
Q8IAA9,train
Q8IFJ8,test
Q8IFW4,train
Q8IG39,train
Q8IG42,test
Q8IG69,train
Q8IGJ0,test
Q8IH18,train
Q8IH24,train
Q8IHI1,train
Q8IMA8,train
Q8IMC6,train
Q8IMM9,train
Q8IMN5,test
Q8IMN6,train
Q8IMP6,test
Q8IMQ6,val
Q8IMU4,val
Q8IMZ5,train
Q8IMZ9,test
Q8IN23,test
Q8IN35,train
Q8IN41,train
Q8IN44,train
Q8IN58,train
Q8IN78,train
Q8IN81,test
Q8INB9,train
Q8INF0,train
Q8INF2,train
Q8INF7,test
Q8INK6,train
Q8INK9,train
Q8INM3,train
Q8INM9,val
Q8INQ7,train
Q8INR6,train
Q8INT5,train
Q8INX3,train
Q8INZ1,train
Q8INZ2,test
Q8IP68,train
Q8IPA1,val
Q8IPH9,train
Q8IPK4,train
Q8IPM8,train
Q8IPU5,train
Q8IPW2,test
Q8IPX7,val
Q8IPZ3,train
Q8IPZ7,train
Q8IQ05,test
Q8IQ13,train
Q8IQ27,train
Q8IQ56,train
Q8IQ70,train
Q8IQ72,train
Q8IQA2,train
Q8IQC1,train
Q8IQF1,val
Q8IQG1,train
Q8IQG9,test
Q8IQQ4,train
Q8IQV9,test
Q8IR45,val
Q8IR79,train
Q8IRB5,test
Q8IRC7,test
Q8IRE4,train
Q8IRG6,train
Q8IRH5,train
Q8IRI6,train
Q8IRJ8,train
Q8IRL8,train
Q8IRR1,train
Q8IRR5,val
Q8IRS9,val
Q8IRU4,train
Q8IRY7,val
Q8IS41,train
Q8IS44,train
Q8IS64,test
Q8ISB6,train
Q8ISF8,val
Q8ISH7,train
Q8ISL8,train
Q8ISN9,test
Q8ISP0,train
Q8ISQ3,test
Q8ISS3,test
Q8IT89,train
Q8IT98,test
Q8ITC3,train
Q8ITC7,train
Q8ITC9,train
Q8ITI5,train
Q8ITW8,train
Q8ITY4,train
Q8IU26,train
Q8IU29,train
Q8IU53,test
Q8IU54,train
Q8IU57,train
Q8IU60,val
Q8IU68,train
Q8IU80,train
Q8IU85,train
Q8IU89,test
Q8IU99,train
Q8IUA0,test
Q8IUA7,val
Q8IUB2,train
Q8IUB3,val
Q8IUB5,train
Q8IUB9,test
Q8IUC0,test
Q8IUC1,train
Q8IUC3,test
Q8IUC6,train
Q8IUD6,test
Q8IUE0,train
Q8IUE1,train
Q8IUG1,train
Q8IUH2,train
Q8IUH8,train
Q8IUI4,val
Q8IUK5,train
Q8IUL8,train
Q8IUM7,test
Q8IUN9,train
Q8IUQ0,train
Q8IUR0,train
Q8IUR5,train
Q8IUR6,test
Q8IUR7,train
Q8IUS5,train
Q8IUW3,val
Q8IUW5,train
Q8IUX1,train
Q8IUX4,train
Q8IUX7,test
Q8IUX8,train
Q8IUY3,train
Q8IUZ0,train
Q8IUZ5,train
Q8IV03,train
Q8IV04,train
Q8IV13,test
Q8IV16,train
Q8IV20,test
Q8IV31,train
Q8IV32,val
Q8IV33,train
Q8IV35,train
Q8IV38,val
Q8IV42,test
Q8IV45,train
Q8IV48,train
Q8IV50,val
Q8IV53,train
Q8IV56,train
Q8IV61,train
Q8IV63,test
Q8IV76,val
Q8IVA1,test
Q8IVB4,train
Q8IVB5,train
Q8IVC4,test
Q8IVE0,train
Q8IVE3,train
Q8IVF5,train
Q8IVF6,val
Q8IVF7,val
Q8IVG5,val
Q8IVH2,train
Q8IVH4,train
Q8IVI9,test
Q8IVJ1,val
Q8IVJ8,train
Q8IVK1,test
Q8IVL6,train
Q8IVL8,train
Q8IVM0,test
Q8IVM8,train
Q8IVN8,val
Q8IVQ6,train
Q8IVS2,test
Q8IVS8,train
Q8IVT2,train
Q8IVT5,train
Q8IVU1,train
Q8IVU3,train
Q8IVU9,train
Q8IVV2,train
Q8IVV7,test
Q8IVV8,test
Q8IVW1,train
Q8IVW6,train
Q8IVY1,train
Q8IW00,test
Q8IW03,test
Q8IW19,train
Q8IW35,train
Q8IW36,train
Q8IW40,test
Q8IW41,train
Q8IW45,train
Q8IW50,train
Q8IW52,train
Q8IW75,test
Q8IW92,train
Q8IW93,train
Q8IWA0,test
Q8IWA5,train
Q8IWA6,train
Q8IWB1,train
Q8IWB6,train
Q8IWB7,val
Q8IWB9,train
Q8IWC1,test
Q8IWD4,train
Q8IWD5,val
Q8IWE2,val
Q8IWE5,train
Q8IWF2,test
Q8IWF7,train
Q8IWJ2,train
Q8IWK6,train
Q8IWL2,val
Q8IWL3,val
Q8IWP9,train
Q8IWR0,test
Q8IWR1,test
Q8IWS0,train
Q8IWT1,train
Q8IWT6,train
Q8IWU2,train
Q8IWU4,test
Q8IWU5,train
Q8IWV1,train
Q8IWV2,train
Q8IWV7,train
Q8IWX5,train
Q8IWX7,val
Q8IWX8,train
Q8IWY4,train
Q8IWY8,train
Q8IWY9,train
Q8IWZ4,train
Q8IWZ5,train
Q8IWZ8,val
Q8IX01,train
Q8IX04,train
Q8IX05,test
Q8IX06,train
Q8IX07,train
Q8IX15,train
Q8IX19,train
Q8IX21,val
Q8IX29,train
Q8IX30,test
Q8IX90,train
Q8IX95,train
Q8IXB1,train
Q8IXB3,train
Q8IXE1,train
Q8IXF9,test
Q8IXH6,train
Q8IXH7,train
Q8IXH8,train
Q8IXI1,train
Q8IXJ9,train
Q8IXK0,train
Q8IXK2,train
Q8IXL6,val
Q8IXL9,val
Q8IXM3,train
Q8IXM6,test
Q8IXM7,train
Q8IXP5,test
Q8IXQ3,train
Q8IXQ4,train
Q8IXQ5,val
Q8IXQ6,train
Q8IXQ9,val
Q8IXR5,train
Q8IXR9,train
Q8IXS0,train
Q8IXS8,test
Q8IXT1,train
Q8IXT2,train
Q8IXT5,train
Q8IXU6,train
Q8IXW0,train
Q8IXY8,test
Q8IXZ2,val
Q8IY18,train
Q8IY21,train
Q8IY26,train
Q8IY31,test
Q8IY33,train
Q8IY34,test
Q8IY37,train
Q8IY42,val
Q8IY45,train
Q8IY49,train
Q8IY51,train
Q8IY63,train
Q8IY67,train
Q8IY82,val
Q8IY85,val
Q8IY92,train
Q8IYA2,val
Q8IYA6,val
Q8IYA8,val
Q8IYB0,val
Q8IYB3,val
Q8IYB5,val
Q8IYB7,train
Q8IYB8,test
Q8IYB9,train
Q8IYD8,train
Q8IYD9,val
Q8IYE0,train
Q8IYE1,test
Q8IYF1,train
Q8IYF3,train
Q8IYG6,train
Q8IYH5,train
Q8IYI0,val
Q8IYJ2,train
Q8IYJ3,train
Q8IYK2,val
Q8IYK4,train
Q8IYK8,test
Q8IYL2,test
Q8IYL3,test
Q8IYL9,train
Q8IYM0,train
Q8IYM1,test
Q8IYM2,train
Q8IYM9,train
Q8IYN0,train
Q8IYN6,train
Q8IYP2,train
Q8IYQ7,val
Q8IYS1,test
Q8IYS2,train
Q8IYS4,test
Q8IYS5,train
Q8IYS8,train
Q8IYT3,test
Q8IYT4,train
Q8IYT8,train
Q8IYU4,test
Q8IYU8,train
Q8IYV9,train
Q8IYW4,train
Q8IYW5,train
Q8IYX0,train
Q8IYX1,train
Q8IYX3,train
Q8IYX4,val
Q8IYX8,test
Q8IYY4,train
Q8IZ02,val
Q8IZ08,train
Q8IZ16,val
Q8IZ20,val
Q8IZ26,train
Q8IZ41,val
Q8IZ57,train
Q8IZ63,train
Q8IZ69,train
Q8IZ73,train
Q8IZ83,train
Q8IZ96,test
Q8IZA3,train
Q8IZC4,train
Q8IZC6,train
Q8IZC7,test
Q8IZD2,train
Q8IZE3,val
Q8IZF2,train
Q8IZF3,test
Q8IZF4,train
Q8IZF5,train
Q8IZF7,train
Q8IZH2,train
Q8IZJ0,test
Q8IZJ3,test
Q8IZJ4,val
Q8IZJ6,train
Q8IZK6,train
Q8IZL2,train
Q8IZM0,train
Q8IZM8,train
Q8IZM9,val
Q8IZN3,val
Q8IZP1,val
Q8IZP2,train
Q8IZP6,train
Q8IZP9,train
Q8IZQ5,train
Q8IZQ8,train
Q8IZS5,train
Q8IZS6,train
Q8IZS7,train
Q8IZT9,train
Q8IZU0,train
Q8IZU1,test
Q8IZU2,val
Q8IZU8,train
Q8IZU9,train
Q8IZW8,train
Q8IZY2,train
Q8IZY5,train
Q8JFE6,val
Q8JFF3,test
Q8JFG2,train
Q8JFG3,test
Q8JFN7,train
Q8JFQ4,train
Q8JFQ6,train
Q8JFR1,test
Q8JFR5,train
Q8JFV4,train
Q8JFV8,val
Q8JFW1,train
Q8JFW4,train
Q8JFY4,train
Q8JFZ2,train
Q8JG30,train
Q8JG33,val
Q8JG38,test
Q8JG54,train
Q8JG64,train
Q8JG69,train
Q8JG70,train
Q8JGM4,val
Q8JGM8,train
Q8JGR4,train
Q8JGR6,train
Q8JGR7,val
Q8JGS0,train
Q8JGS1,test
Q8JGT5,test
Q8JGT6,val
Q8JGT9,val
Q8JGW0,val
Q8JH55,test
Q8JH64,train
Q8JH68,train
Q8JH70,train
Q8JH71,train
Q8JH85,val
Q8JHB9,train
Q8JHC4,train
Q8JHE1,train
Q8JHE9,train
Q8JHF0,test
Q8JHF2,train
Q8JHF4,train
Q8JHH5,train
Q8JHI3,train
Q8JHI6,train
Q8JHJ2,val
Q8JHU0,train
Q8JHV6,train
Q8JHV9,train
Q8JHW2,train
Q8JHZ8,train
Q8JI10,train
Q8JI14,val
Q8JI28,train
Q8JI37,train
Q8JI38,train
Q8JI40,train
Q8JIF5,train
Q8JIM3,train
Q8JIR0,train
Q8JIR2,train
Q8JIR6,train
Q8JIR8,val
Q8JIS3,test
Q8JIS6,test
Q8JIT6,train
Q8JIT7,test
Q8JIV8,train
Q8JIV9,train
Q8JIW1,train
Q8JIY1,val
Q8JIY8,train
Q8JJ04,val
Q8JJ26,train
Q8JJ48,val
Q8JJ51,train
Q8JJ64,val
Q8JJC0,train
Q8JZL1,train
Q8JZM2,train
Q8JZM4,train
Q8JZN3,train
Q8JZN5,train
Q8JZN7,test
Q8JZP2,train
Q8JZP9,test
Q8JZQ0,train
Q8JZR0,train
Q8JZR4,train
Q8JZS6,test
Q8JZS7,train
Q8JZS9,train
Q8JZU0,train
Q8JZV4,test
Q8JZW4,train
Q8JZW5,train
Q8JZW8,train
Q8JZX3,train
Q8JZY2,train
Q8JZY4,test
Q8JZZ0,train
Q8K007,test
Q8K009,val
Q8K010,train
Q8K012,test
Q8K013,train
Q8K015,train
Q8K019,train
Q8K023,test
Q8K025,val
Q8K031,val
Q8K045,train
Q8K064,test
Q8K070,test
Q8K071,train
Q8K072,train
Q8K083,train
Q8K088,train
Q8K093,train
Q8K0B3,val
Q8K0C5,train
Q8K0C8,train
Q8K0D2,train
Q8K0E3,val
Q8K0E7,train
Q8K0G7,train
Q8K0H5,train
Q8K0L0,train
Q8K0L2,train
Q8K0L3,val
Q8K0P3,val
Q8K0Q5,test
Q8K0R6,test
Q8K0S2,train
Q8K0S5,val
Q8K0S9,val
Q8K0T2,train
Q8K0T7,train
Q8K0U4,train
Q8K0V4,train
Q8K0W9,train
Q8K0Y7,train
Q8K0Z7,train
Q8K0Z9,train
Q8K120,train
Q8K124,test
Q8K126,train
Q8K129,train
Q8K135,train
Q8K136,train
Q8K157,train
Q8K158,train
Q8K174,train
Q8K177,train
Q8K182,train
Q8K183,train
Q8K190,test
Q8K194,train
Q8K199,val
Q8K1C0,val
Q8K1C7,test
Q8K1C9,train
Q8K1E6,train
Q8K1F9,test
Q8K1G0,train
Q8K1G2,train
Q8K1H1,train
Q8K1H9,train
Q8K1I3,train
Q8K1J5,train
Q8K1K4,test
Q8K1K6,test
Q8K1K9,train
Q8K1L0,train
Q8K1L2,test
Q8K1L5,val
Q8K1L6,test
Q8K1M4,train
Q8K1M5,train
Q8K1M7,train
Q8K1N1,train
Q8K1N2,train
Q8K1N4,val
Q8K1S1,train
Q8K1S3,val
Q8K1S5,train
Q8K1S6,val
Q8K1S7,train
Q8K1T0,val
Q8K1T1,train
Q8K1T4,train
Q8K1T5,test
Q8K1T6,val
Q8K1X1,test
Q8K1Y2,test
Q8K1Z0,train
Q8K201,train
Q8K202,test
Q8K203,train
Q8K207,train
Q8K211,train
Q8K224,train
Q8K243,train
Q8K245,train
Q8K248,train
Q8K249,val
Q8K259,test
Q8K262,test
Q8K268,train
Q8K274,train
Q8K284,train
Q8K285,test
Q8K288,train
Q8K298,train
Q8K299,test
Q8K2A1,train
Q8K2A6,test
Q8K2A8,train
Q8K2C6,train
Q8K2D0,train
Q8K2F0,train
Q8K2F3,val
Q8K2F8,val
Q8K2G4,train
Q8K2H1,val
Q8K2H2,train
Q8K2H3,train
Q8K2H4,val
Q8K2I2,train
Q8K2I4,train
Q8K2I9,train
Q8K2J0,val
Q8K2J4,train
Q8K2J7,val
Q8K2K6,train
Q8K2L8,train
Q8K2M3,train
Q8K2P1,train
Q8K2P2,train
Q8K2P6,train
Q8K2Q0,train
Q8K2Q2,train
Q8K2Q5,train
Q8K2Q9,train
Q8K2T1,train
Q8K2T4,train
Q8K2U2,test
Q8K2V6,train
Q8K2W3,val
Q8K2W6,val
Q8K2W9,val
Q8K2X1,train
Q8K2X3,train
Q8K2Y0,train
Q8K2Y3,train
Q8K2Y7,test
Q8K2Z2,train
Q8K2Z4,val
Q8K301,val
Q8K304,val
Q8K305,train
Q8K327,val
Q8K330,val
Q8K337,train
Q8K339,train
Q8K342,test
Q8K349,train
Q8K353,train
Q8K354,train
Q8K358,train
Q8K363,train
Q8K368,train
Q8K370,train
Q8K371,train
Q8K382,train
Q8K385,train
Q8K387,train
Q8K389,train
Q8K3A0,train
Q8K3A2,test
Q8K3A4,test
Q8K3A6,train
Q8K3A9,test
Q8K3C0,train
Q8K3D3,train
Q8K3E5,train
Q8K3E9,train
Q8K3F2,train
Q8K3F4,test
Q8K3F7,val
Q8K3G5,train
Q8K3G9,test
Q8K3H0,val
Q8K3H5,val
Q8K3I4,test
Q8K3I6,test
Q8K3I8,train
Q8K3I9,train
Q8K3J1,train
Q8K3J5,train
Q8K3J9,test
Q8K3K4,train
Q8K3K7,train
Q8K3K8,train
Q8K3K9,val
Q8K3L6,train
Q8K3M5,train
Q8K3M6,train
Q8K3P0,train
Q8K3P6,train
Q8K3P7,test
Q8K3Q3,train
Q8K3R0,train
Q8K3R3,val
Q8K3T2,train
Q8K3T3,train
Q8K3T4,train
Q8K3U4,train
Q8K3U6,train
Q8K3V1,test
Q8K3V3,train
Q8K3V4,train
Q8K3V5,train
Q8K3V7,test
Q8K3W2,val
Q8K3W3,train
Q8K3X2,val
Q8K3X3,train
Q8K3X6,val
Q8K3Y6,val
Q8K3Y7,train
Q8K3Z0,train
Q8K400,train
Q8K402,val
Q8K410,train
Q8K411,train
Q8K418,train
Q8K419,test
Q8K426,test
Q8K440,train
Q8K441,train
Q8K442,train
Q8K443,train
Q8K449,train
Q8K450,test
Q8K451,test
Q8K458,train
Q8K459,test
Q8K467,train
Q8K480,test
Q8K482,train
Q8K485,train
Q8K4B2,train
Q8K4B4,train
Q8K4B7,train
Q8K4C0,test
Q8K4C2,train
Q8K4C5,train
Q8K4D6,train
Q8K4D7,val
Q8K4F0,train
Q8K4F2,train
Q8K4F5,train
Q8K4F6,train
Q8K4F7,train
Q8K4G1,test
Q8K4G2,test
Q8K4G5,train
Q8K4G9,test
Q8K4H1,train
Q8K4H4,val
Q8K4I3,val
Q8K4I4,train
Q8K4I7,train
Q8K4J0,train
Q8K4J2,train
Q8K4J6,val
Q8K4K1,train
Q8K4K6,train
Q8K4K7,val
Q8K4L0,train
Q8K4L3,train
Q8K4L4,train
Q8K4L6,train
Q8K4M5,train
Q8K4M9,train
Q8K4N2,train
Q8K4P0,train
Q8K4P1,train
Q8K4P8,train
Q8K4Q6,val
Q8K4Q7,train
Q8K4Q9,val
Q8K4R8,test
Q8K4R9,val
Q8K4S7,train
Q8K4T1,test
Q8K4T5,train
Q8K4Z0,train
Q8K4Z3,train
Q8K4Z4,test
Q8K4Z5,train
Q8K557,train
Q8K558,val
Q8K559,train
Q8K561,train
Q8K572,train
Q8K581,train
Q8K582,test
Q8K589,test
Q8K595,val
Q8K5A3,train
Q8K5A4,test
Q8K5A9,val
Q8K5B1,val
Q8K5B3,train
Q8K5B8,train
Q8K5C0,train
Q8LW54,val
Q8LW83,train
Q8LWN0,train
Q8LWN4,train
Q8LWP6,train
Q8LWT4,train
Q8LWU4,train
Q8LWU8,train
Q8LWW8,train
Q8LX23,train
Q8LX26,train
Q8LX27,train
Q8LX28,val
Q8LX31,train
Q8LX57,train
Q8LZ88,train
Q8M0K7,test
Q8M873,train
Q8M881,train
Q8M888,train
Q8M889,train
Q8M892,train
Q8M893,train
Q8M899,train
Q8MH63,train
Q8MHY7,val
Q8MHY9,train
Q8MHZ9,train
Q8MI01,train
Q8MI05,train
Q8MI28,val
Q8MI35,train
Q8MI69,train
Q8MIB3,val
Q8MIB8,val
Q8MID8,train
Q8MIE6,train
Q8MIF7,train
Q8MIH6,train
Q8MIH8,train
Q8MII8,train
Q8MIN2,val
Q8MIQ9,train
Q8MIR4,train
Q8MIS5,train
Q8MIT7,train
Q8MIU0,train
Q8MJ02,train
Q8MJ04,test
Q8MJ05,train
Q8MJ08,val
Q8MJ24,train
Q8MJ30,train
Q8MJ39,train
Q8MJ50,val
Q8MJ76,train
Q8MJ80,train
Q8MJA0,train
Q8MJC3,val
Q8MJD7,train
Q8MJF1,train
Q8MJG0,train
Q8MJI6,train
Q8MJI9,train
Q8MJJ2,test
Q8MJJ7,train
Q8MJN0,train
Q8MJS1,train
Q8MJT0,train
Q8MJU1,test
Q8MJU5,test
Q8MJU6,train
Q8MJV2,test
Q8MJV3,train
Q8MJV4,val
Q8MJW8,train
Q8MJW9,train
Q8MJZ2,train
Q8MJZ7,train
Q8MK44,train
Q8MK48,train
Q8MK67,val
Q8MKD0,test
Q8MKE4,train
Q8MKF1,train
Q8MKF5,train
Q8MKG2,train
Q8MKH0,train
Q8MKI3,train
Q8MKI5,train
Q8MKJ4,train
Q8MKK0,train
Q8MKL1,train
Q8MKN0,test
Q8MKW7,train
Q8ML92,val
Q8MLL3,val
Q8MLV1,train
Q8MLY8,val
Q8MLZ5,train
Q8MLZ7,test
Q8MM24,train
Q8MMF9,val
Q8MMG9,train
Q8MMH0,train
Q8MMH3,train
Q8MMH4,train
Q8MMH5,train
Q8MMJ7,train
Q8MNT9,train
Q8MNU7,train
Q8MNU8,train
Q8MNV0,train
Q8MNV7,train
Q8MP00,val
Q8MP06,train
Q8MPD6,train
Q8MPM1,train
Q8MPP0,train
Q8MPP3,train
Q8MPX3,train
Q8MPY9,train
Q8MPZ7,train
Q8MQ70,train
Q8MQA7,train
Q8MQH7,train
Q8MQI6,train
Q8MQJ9,train
Q8MQS8,train
Q8MQW8,train
Q8MQX9,train
Q8MR31,train
Q8MR37,train
Q8MR62,val
Q8MRC9,train
Q8MRQ4,train
Q8MRW5,test
Q8MS27,train
Q8MS59,val
Q8MSF5,train
Q8MSG8,test
Q8MSU3,val
Q8MSU4,train
Q8MSW4,train
Q8MSX1,test
Q8MSX2,train
Q8MSY4,test
Q8MT06,val
Q8MT08,train
Q8MT36,train
Q8MT80,train
Q8MTX1,train
Q8MTX2,train
Q8MU95,train
Q8MUB1,train
Q8MUC1,train
Q8MUF3,train
Q8MUF4,train
Q8MUF6,val
Q8MUG0,train
Q8MUJ1,train
Q8MUK3,train
Q8MUP7,train
Q8MV48,train
Q8MVA6,val
Q8MVC4,test
Q8MVS5,test
Q8MVY9,val
Q8MX88,train
Q8MXG1,train
Q8MXI4,train
Q8MXJ9,train
Q8MXQ7,train
Q8MXU4,train
Q8MY85,train
Q8MY86,train
Q8MYL1,train
Q8MYM9,train
Q8MYN5,train
Q8MYP1,test
Q8MYQ1,train
Q8MYY6,test
Q8MZC4,train
Q8MZJ6,train
Q8MZM3,val
Q8MZM7,train
Q8MZR5,val
Q8MZR6,test
Q8N0N3,train
Q8N0N8,val
Q8N0N9,train
Q8N0S2,val
Q8N0S6,train
Q8N0U2,train
Q8N0U4,val
Q8N0U6,test
Q8N0U7,train
Q8N0V1,train
Q8N0V3,train
Q8N0V5,train
Q8N0W3,train
Q8N0W5,test
Q8N0W7,train
Q8N0X2,test
Q8N0X4,train
Q8N0X7,val
Q8N0Y2,train
Q8N0Y5,train
Q8N0Z2,train
Q8N0Z8,train
Q8N0Z9,train
Q8N100,train
Q8N103,train
Q8N104,test
Q8N111,train
Q8N112,train
Q8N114,train
Q8N118,val
Q8N119,train
Q8N122,train
Q8N123,train
Q8N127,val
Q8N128,test
Q8N129,train
Q8N130,test
Q8N131,train
Q8N135,train
Q8N136,train
Q8N137,test
Q8N138,val
Q8N139,train
Q8N140,val
Q8N141,train
Q8N144,train
Q8N145,test
Q8N148,train
Q8N149,train
Q8N157,train
Q8N158,val
Q8N159,test
Q8N162,test
Q8N183,train
Q8N187,train
Q8N196,train
Q8N1A6,val
Q8N1B3,val
Q8N1D0,train
Q8N1D5,test
Q8N1E2,train
Q8N1F8,train
Q8N1G0,val
Q8N1G1,train
Q8N1G2,train
Q8N1G4,train
Q8N1H7,train
Q8N1I0,train
Q8N1I8,train
Q8N1K5,val
Q8N1L1,train
Q8N1L4,val
Q8N1L9,train
Q8N1M1,val
Q8N1N0,train
Q8N1N2,train
Q8N1N4,val
Q8N1P7,train
Q8N1Q8,test
Q8N1S5,train
Q8N1T3,val
Q8N1V8,train
Q8N1W1,val
Q8N1W2,train
Q8N1X5,train
Q8N1Y9,train
Q8N205,train
Q8N228,train
Q8N239,val
Q8N271,test
Q8N283,test
Q8N292,train
Q8N2A0,val
Q8N2A8,train
Q8N2B8,test
Q8N2C3,test
Q8N2C9,train
Q8N2E2,train
Q8N2E6,train
Q8N2F6,train
Q8N2G8,train
Q8N2H4,train
Q8N2I2,train
Q8N2M4,train
Q8N2M8,train
Q8N2N9,train
Q8N2R8,train
Q8N2S1,train
Q8N2U0,train
Q8N2U9,train
Q8N2W9,train
Q8N2X6,test
Q8N2Y8,train
Q8N2Z9,train
Q8N302,test
Q8N307,train
Q8N319,val
Q8N323,val
Q8N326,train
Q8N328,train
Q8N339,test
Q8N344,train
Q8N349,train
Q8N350,train
Q8N365,val
Q8N371,val
Q8N377,train
Q8N386,train
Q8N387,test
Q8N392,train
Q8N393,train
Q8N398,test
Q8N3C7,test
Q8N3D4,train
Q8N3E9,val
Q8N3F0,test
Q8N3F8,train
Q8N3J2,val
Q8N3J3,train
Q8N3J9,test
Q8N3L3,train
Q8N3R3,train
Q8N3S3,test
Q8N3T1,train
Q8N3T6,train
Q8N3U1,val
Q8N3U4,train
Q8N3V7,train
Q8N3X1,train
Q8N3Y1,train
Q8N3Y3,train
Q8N3Y7,train
Q8N3Z3,val
Q8N3Z6,train
Q8N412,train
Q8N413,train
Q8N423,train
Q8N427,train
Q8N434,train
Q8N436,train
Q8N441,val
Q8N446,train
Q8N448,train
Q8N456,train
Q8N465,train
Q8N474,val
Q8N485,train
Q8N488,train
Q8N4A0,train
Q8N4B1,train
Q8N4B4,train
Q8N4B5,train
Q8N4C6,train
Q8N4C9,val
Q8N4E4,train
Q8N4E7,train
Q8N4F0,train
Q8N4F4,train
Q8N4F7,train
Q8N4G2,train
Q8N4H0,train
Q8N4H5,train
Q8N4J0,train
Q8N4L2,val
Q8N4L4,test
Q8N4L8,train
Q8N4M1,test
Q8N4M7,train
Q8N4P6,train
Q8N4Q0,train
Q8N4Q1,test
Q8N4S0,train
Q8N4S9,train
Q8N4T0,val
Q8N4T4,train
Q8N4T8,train
Q8N4W6,train
Q8N4W9,train
Q8N4X5,train
Q8N4Y2,train
Q8N4Z0,train
Q8N531,train
Q8N535,train
Q8N554,val
Q8N556,train
Q8N565,test
Q8N567,train
Q8N573,test
Q8N594,train
Q8N5A5,train
Q8N5B7,train
Q8N5C1,train
Q8N5C8,val
Q8N5D0,test
Q8N5D6,train
Q8N5H7,test
Q8N5I2,train
Q8N5I3,train
Q8N5I4,test
Q8N5I9,train
Q8N5J4,train
Q8N5K1,train
Q8N5L8,train
Q8N5M1,val
Q8N5M4,train
Q8N5N4,train
Q8N5P1,val
Q8N5Q1,train
Q8N5R6,test
Q8N5S1,train
Q8N5S3,test
Q8N5T2,train
Q8N5U0,train
Q8N5U1,test
Q8N5U6,test
Q8N5W8,train
Q8N5W9,train
Q8N5X7,train
Q8N5Z0,test
Q8N5Z5,train
Q8N608,val
Q8N609,test
Q8N614,train
Q8N616,test
Q8N628,train
Q8N635,train
Q8N653,train
Q8N660,train
Q8N661,train
Q8N668,test
Q8N680,train
Q8N687,val
Q8N688,val
Q8N693,test
Q8N695,test
Q8N697,train
Q8N699,val
Q8N6C5,val
Q8N6C7,test
Q8N6C8,val
Q8N6D2,train
Q8N6D5,val
Q8N6F7,val
Q8N6F8,train
Q8N6G2,train
Q8N6I1,train
Q8N6I4,train
Q8N6K0,test
Q8N6K4,train
Q8N6K7,train
Q8N6L0,train
Q8N6L1,train
Q8N6M0,train
Q8N6M5,train
Q8N6M6,train
Q8N6M8,train
Q8N6M9,train
Q8N6N6,val
Q8N6N7,val
Q8N6P7,train
Q8N6Q1,test
Q8N6Q3,test
Q8N6Q8,train
Q8N6R1,test
Q8N6S5,test
Q8N6T0,train
Q8N6T3,val
Q8N6T7,test
Q8N6U2,val
Q8N6U8,train
Q8N6V4,train
Q8N6V9,train
Q8N6W0,train
Q8N6Y0,val
Q8N6Y1,train
Q8N6Y2,test
Q8N715,test
Q8N720,train
Q8N726,val
Q8N729,val
Q8N743,test
Q8N755,train
Q8N766,val
Q8N769,train
Q8N782,train
Q8N7A1,train
Q8N7B1,train
Q8N7B6,val
Q8N7B9,train
Q8N7C0,test
Q8N7C3,train
Q8N7C4,train
Q8N7C7,train
Q8N7E2,test
Q8N7F7,train
Q8N7G0,train
Q8N7H1,val
Q8N7J2,train
Q8N7K0,test
Q8N7L0,train
Q8N7M0,val
Q8N7M5,val
Q8N7N1,train
Q8N7N6,train
Q8N7P1,train
Q8N7P7,train
Q8N7Q2,train
Q8N7Q3,train
Q8N7R1,train
Q8N7R7,val
Q8N7S2,train
Q8N7S6,train
Q8N7U6,train
Q8N7U7,train
Q8N7U9,train
Q8N7W2,train
Q8N7X0,train
Q8N7X1,val
Q8N7X2,val
Q8N7X4,train
Q8N7X8,train
Q8N7Y1,train
Q8N7Z5,train
Q8N801,val
Q8N806,train
Q8N812,train
Q8N813,test
Q8N814,train
Q8N815,train
Q8N816,train
Q8N819,val
Q8N823,train
Q8N831,test
Q8N841,train
Q8N859,train
Q8N865,train
Q8N878,train
Q8N884,train
Q8N888,train
Q8N895,val
Q8N8A6,train
Q8N8A8,train
Q8N8C0,train
Q8N8D1,val
Q8N8E1,train
Q8N8E3,val
Q8N8F6,train
Q8N8F7,test
Q8N8G2,train
Q8N8G6,train
Q8N8H1,train
Q8N8I0,val
Q8N8I6,train
Q8N8J0,val
Q8N8J7,test
Q8N8L2,train
Q8N8L6,val
Q8N8M0,test
Q8N8N7,train
Q8N8P6,train
Q8N8Q3,train
Q8N8Q8,test
Q8N8Q9,test
Q8N8R5,train
Q8N8R7,train
Q8N8S7,train
Q8N8U3,train
Q8N8V2,train
Q8N8V4,train
Q8N8V8,val
Q8N8W4,train
Q8N8X9,train
Q8N8Y2,train
Q8N8Y5,train
Q8N8Z3,train
Q8N8Z6,train
Q8N8Z8,train
Q8N907,test
Q8N910,train
Q8N912,val
Q8N944,train
Q8N945,train
Q8N957,val
Q8N960,val
Q8N961,train
Q8N967,test
Q8N972,train
Q8N976,test
Q8N983,train
Q8N988,train
Q8N9A8,train
Q8N9B4,train
Q8N9B5,train
Q8N9B8,train
Q8N9C0,train
Q8N9E0,train
Q8N9F8,train
Q8N9H8,train
Q8N9H9,train
Q8N9I0,train
Q8N9I5,train
Q8N9I9,train
Q8N9K5,train
Q8N9L1,train
Q8N9L7,test
Q8N9L9,train
Q8N9M1,train
Q8N9M5,val
Q8N9N2,train
Q8N9N5,train
Q8N9P0,train
Q8N9P6,train
Q8N9R0,val
Q8N9R6,train
Q8N9R8,train
Q8N9S3,test
Q8N9S9,train
Q8N9T2,train
Q8N9T8,train
Q8N9U0,test
Q8N9U9,train
Q8N9V2,train
Q8N9V3,train
Q8N9V6,train
Q8N9W4,train
Q8N9W7,val
Q8N9W8,train
Q8N9X3,train
Q8N9X5,train
Q8N9Y4,val
Q8N9Z0,test
Q8N9Z2,train
Q8N9Z9,train
Q8NA19,test
Q8NA23,test
Q8NA29,train
Q8NA31,train
Q8NA47,train
Q8NA57,train
Q8NA66,test
Q8NA69,train
Q8NA70,train
Q8NA75,train
Q8NA77,val
Q8NA82,train
Q8NA92,train
Q8NA96,val
Q8NA97,test
Q8NAA4,train
Q8NAA6,train
Q8NAB2,train
Q8NAC3,train
Q8NAE3,train
Q8NAF0,val
Q8NAG6,train
Q8NAJ2,train
Q8NAN2,val
Q8NAP1,test
Q8NAP3,val
Q8NAP8,train
Q8NAQ8,train
Q8NAT2,test
Q8NAU1,train
Q8NAV2,train
Q8NB12,train
Q8NB14,test
Q8NB15,train
Q8NB16,train
Q8NB25,test
Q8NB42,train
Q8NB50,train
Q8NB78,train
Q8NB90,train
Q8NB91,test
Q8NBB2,train
Q8NBB4,test
Q8NBC4,train
Q8NBF1,train
Q8NBF4,train
Q8NBF6,test
Q8NBH2,train
Q8NBI2,train
Q8NBI3,train
Q8NBI5,train
Q8NBJ4,train
Q8NBK3,val
Q8NBM4,train
Q8NBM8,val
Q8NBN7,train
Q8NBP0,train
Q8NBP5,train
Q8NBQ7,val
Q8NBR0,train
Q8NBR6,test
Q8NBR9,train
Q8NBS3,train
Q8NBS9,train
Q8NBT2,train
Q8NBT3,test
Q8NBU5,val
Q8NBV8,train
Q8NBZ0,val
Q8NBZ9,test
Q8NC01,train
Q8NC06,train
Q8NC26,train
Q8NC38,train
Q8NC42,train
Q8NC44,train
Q8NC54,train
Q8NC56,train
Q8NC60,train
Q8NC67,train
Q8NC69,val
Q8NC74,train
Q8NCA9,train
Q8NCC3,val
Q8NCC5,train
Q8NCD3,train
Q8NCE0,train
Q8NCF0,train
Q8NCG5,train
Q8NCG7,train
Q8NCI6,train
Q8NCK3,test
Q8NCK7,val
Q8NCL4,train
Q8NCL8,train
Q8NCL9,train
Q8NCN2,train
Q8NCN4,train
Q8NCN5,train
Q8NCP5,train
Q8NCQ2,val
Q8NCQ3,train
Q8NCQ7,train
Q8NCR0,train
Q8NCR3,train
Q8NCR9,val
Q8NCS4,train
Q8NCT1,test
Q8NCT3,val
Q8NCU1,test
Q8NCU7,test
Q8NCU8,train
Q8NCW0,train
Q8NCW6,train
Q8NCX0,train
Q8ND24,test
Q8ND30,val
Q8ND61,train
Q8ND71,train
Q8ND76,train
Q8ND82,train
Q8ND83,train
Q8ND94,train
Q8NDA8,test
Q8NDB2,train
Q8NDB6,train
Q8NDC4,train
Q8NDD1,test
Q8NDF8,train
Q8NDG6,train
Q8NDH6,train
Q8NDI1,test
Q8NDL9,train
Q8NDM7,train
Q8NDP4,test
Q8NDV1,train
Q8NDV3,train
Q8NDW8,train
Q8NDX1,train
Q8NDX6,train
Q8NDX9,test
Q8NDY3,train
Q8NDY4,train
Q8NDY6,train
Q8NDY8,train
Q8NDZ0,train
Q8NDZ2,test
Q8NDZ6,test
Q8NE01,val
Q8NE09,train
Q8NE28,train
Q8NE31,val
Q8NE35,val
Q8NE62,val
Q8NE65,train
Q8NE71,train
Q8NE79,train
Q8NEA4,train
Q8NEA5,train
Q8NEA6,train
Q8NEB5,train
Q8NEB7,train
Q8NEC5,val
Q8NEE0,test
Q8NEE6,test
Q8NEG2,train
Q8NEG4,train
Q8NEG5,train
Q8NEJ0,test
Q8NEK5,train
Q8NEK8,train
Q8NEL9,train
Q8NEM1,train
Q8NEM2,train
Q8NEM7,train
Q8NEM8,train
Q8NEN0,train
Q8NEN9,train
Q8NEP3,train
Q8NEP7,train
Q8NEP9,val
Q8NEQ5,train
Q8NEQ6,train
Q8NER1,train
Q8NER5,val
Q8NES3,train
Q8NET4,train
Q8NET5,train
Q8NET6,val
Q8NET8,train
Q8NEV4,train
Q8NEV8,test
Q8NEV9,train
Q8NEX5,val
Q8NEX6,test
Q8NEX9,train
Q8NEY8,train
Q8NEZ3,train
Q8NEZ5,train
Q8NF37,val
Q8NF67,val
Q8NF86,train
Q8NF99,train
Q8NFA0,train
Q8NFA2,train
Q8NFB2,val
Q8NFD2,train
Q8NFD4,test
Q8NFF2,train
Q8NFH8,train
Q8NFI3,train
Q8NFJ5,val
Q8NFJ9,test
Q8NFK1,train
Q8NFL0,train
Q8NFM7,train
Q8NFN8,test
Q8NFP0,train
Q8NFP4,train
Q8NFQ5,val
Q8NFQ6,train
Q8NFQ8,train
Q8NFR3,train
Q8NFR7,train
Q8NFR9,test
Q8NFT6,val
Q8NFU0,train
Q8NFU1,train
Q8NFU3,test
Q8NFU4,train
Q8NFU5,train
Q8NFU7,test
Q8NFV4,test
Q8NFV5,train
Q8NFW1,test
Q8NFW9,val
Q8NFZ0,train
Q8NFZ3,train
Q8NFZ4,test
Q8NFZ5,train
Q8NFZ6,train
Q8NG04,train
Q8NG06,val
Q8NG08,test
Q8NG27,train
Q8NG35,train
Q8NG41,train
Q8NG48,test
Q8NG75,test
Q8NG78,train
Q8NG84,test
Q8NG92,train
Q8NG95,val
Q8NG97,train
Q8NG98,val
Q8NG99,train
Q8NGA0,train
Q8NGA1,test
Q8NGA2,train
Q8NGA4,train
Q8NGA5,val
Q8NGA6,train
Q8NGB2,train
Q8NGB4,train
Q8NGB8,train
Q8NGB9,val
Q8NGC0,test
Q8NGC1,train
Q8NGC2,train
Q8NGC3,train
Q8NGC4,train
Q8NGC5,train
Q8NGC6,train
Q8NGC7,train
Q8NGC8,val
Q8NGC9,val
Q8NGD0,test
Q8NGD1,train
Q8NGD2,val
Q8NGD3,train
Q8NGD4,train
Q8NGD5,train
Q8NGE0,test
Q8NGE1,train
Q8NGE2,train
Q8NGE3,train
Q8NGE5,train
Q8NGE7,train
Q8NGE8,train
Q8NGE9,test
Q8NGF0,train
Q8NGF1,train
Q8NGF3,test
Q8NGF4,train
Q8NGF6,train
Q8NGF7,train
Q8NGF8,test
Q8NGF9,test
Q8NGG0,val
Q8NGG1,train
Q8NGG2,train
Q8NGG3,train
Q8NGG4,train
Q8NGG5,train
Q8NGG6,train
Q8NGG7,val
Q8NGH3,train
Q8NGH5,train
Q8NGH6,train
Q8NGH8,val
Q8NGH9,train
Q8NGI0,train
Q8NGI1,test
Q8NGI2,train
Q8NGI3,test
Q8NGI4,val
Q8NGI6,train
Q8NGI7,val
Q8NGI8,train
Q8NGI9,val
Q8NGJ0,val
Q8NGJ1,train
Q8NGJ2,train
Q8NGJ3,train
Q8NGJ4,train
Q8NGJ5,val
Q8NGJ7,train
Q8NGJ8,test
Q8NGJ9,train
Q8NGK0,train
Q8NGK1,train
Q8NGK2,train
Q8NGK4,train
Q8NGK5,train
Q8NGK6,train
Q8NGK9,test
Q8NGL1,train
Q8NGL2,val
Q8NGL3,train
Q8NGL4,train
Q8NGL6,test
Q8NGL7,train
Q8NGL9,train
Q8NGM1,train
Q8NGM8,test
Q8NGM9,train
Q8NGN0,train
Q8NGN1,train
Q8NGN2,train
Q8NGN4,val
Q8NGN5,test
Q8NGN7,train
Q8NGN8,val
Q8NGP0,train
Q8NGP2,train
Q8NGP3,val
Q8NGP4,val
Q8NGP6,train
Q8NGP8,val
Q8NGP9,train
Q8NGQ1,test
Q8NGQ2,train
Q8NGQ3,train
Q8NGQ4,train
Q8NGQ5,train
Q8NGQ6,train
Q8NGR1,test
Q8NGR3,train
Q8NGR4,train
Q8NGR5,train
Q8NGR6,train
Q8NGR8,train
Q8NGR9,train
Q8NGS0,train
Q8NGS1,test
Q8NGS2,test
Q8NGS3,train
Q8NGS4,train
Q8NGS5,train
Q8NGS6,train
Q8NGS7,train
Q8NGS9,train
Q8NGT1,train
Q8NGT2,train
Q8NGT5,train
Q8NGT7,train
Q8NGT9,train
Q8NGU1,test
Q8NGU2,train
Q8NGU4,train
Q8NGU9,train
Q8NGV0,train
Q8NGV5,train
Q8NGV6,test
Q8NGV7,train
Q8NGW6,val
Q8NGX0,train
Q8NGX2,train
Q8NGX3,train
Q8NGX5,train
Q8NGX6,train
Q8NGX8,train
Q8NGX9,train
Q8NGY0,val
Q8NGY1,train
Q8NGY2,train
Q8NGY3,test
Q8NGY5,train
Q8NGY6,train
Q8NGY7,train
Q8NGY9,val
Q8NGZ0,val
Q8NGZ2,val
Q8NGZ3,train
Q8NGZ4,val
Q8NGZ5,val
Q8NGZ6,train
Q8NGZ9,train
Q8NH01,train
Q8NH02,train
Q8NH03,train
Q8NH05,train
Q8NH06,train
Q8NH07,train
Q8NH08,train
Q8NH09,test
Q8NH10,train
Q8NH16,val
Q8NH18,train
Q8NH19,train
Q8NH21,test
Q8NH37,train
Q8NH40,train
Q8NH41,val
Q8NH42,train
Q8NH43,train
Q8NH48,train
Q8NH49,train
Q8NH50,train
Q8NH51,train
Q8NH53,train
Q8NH54,test
Q8NH55,val
Q8NH56,train
Q8NH57,train
Q8NH59,train
Q8NH60,train
Q8NH61,train
Q8NH63,test
Q8NH64,train
Q8NH69,train
Q8NH70,val
Q8NH72,train
Q8NH73,train
Q8NH74,test
Q8NH76,val
Q8NH79,train
Q8NH80,val
Q8NH81,test
Q8NH83,train
Q8NH89,train
Q8NH90,val
Q8NH93,train
Q8NH94,train
Q8NH95,val
Q8NHA4,test
Q8NHA6,test
Q8NHA8,val
Q8NHB1,train
Q8NHB7,val
Q8NHC4,test
Q8NHC5,val
Q8NHC6,train
Q8NHC7,test
Q8NHC8,train
Q8NHE4,test
Q8NHG8,val
Q8NHH1,train
Q8NHJ6,train
Q8NHK3,test
Q8NHL6,train
Q8NHM4,train
Q8NHP1,test
Q8NHP6,train
Q8NHP7,test
Q8NHP8,train
Q8NHR7,val
Q8NHR9,train
Q8NHS0,train
Q8NHS1,val
Q8NHS2,train
Q8NHS3,test
Q8NHU2,train
Q8NHV1,train
Q8NHV9,train
Q8NHW3,train
Q8NHW6,train
Q8NHX4,test
Q8NHX9,train
Q8NHY0,train
Q8NHY2,train
Q8NHY3,train
Q8NHY5,train
Q8NHY6,test
Q8NHZ7,train
Q8NI08,train
Q8NI17,val
Q8NI28,train
Q8NI32,train
Q8NI35,test
Q8NI36,train
Q8NI38,train
Q8NI51,val
Q8NI60,train
Q8NI77,train
Q8NI99,train
Q8QFN3,train
Q8QFP1,test
Q8QFP8,train
Q8QFP9,test
Q8QFQ3,train
Q8QFQ4,val
Q8QFQ5,train
Q8QFQ8,train
Q8QFQ9,test
Q8QFR2,test
Q8QFV0,train
Q8QFV1,train
Q8QFW3,train
Q8QFX1,train
Q8QFX6,test
Q8QG60,val
Q8QG74,train
Q8QG86,train
Q8QG87,train
Q8QG88,train
Q8QG89,test
Q8QGA2,train
Q8QGH3,train
Q8QGP3,train
Q8QGP7,train
Q8QGQ7,train
Q8QGQ8,test
Q8QGU6,train
Q8QGV6,train
Q8QGW7,val
Q8QHA5,train
Q8QHJ8,train
Q8QHJ9,train
Q8QHL3,train
Q8QHL5,train
Q8QZR0,train
Q8QZR3,val
Q8QZR4,test
Q8QZR5,train
Q8QZR8,val
Q8QZS1,train
Q8QZS5,train
Q8QZT1,train
Q8QZT2,train
Q8QZT4,train
Q8QZV1,test
Q8QZV6,test
Q8QZW2,train
Q8QZW3,train
Q8QZX0,val
Q8QZX2,train
Q8QZX5,train
Q8QZY1,train
Q8QZY2,train
Q8QZY3,val
Q8QZY4,train
Q8QZY6,train
Q8QZZ7,train
Q8QZZ8,train
Q8QZZ9,train
Q8R000,train
Q8R003,val
Q8R007,val
Q8R015,val
Q8R033,train
Q8R035,test
Q8R040,train
Q8R043,train
Q8R050,train
Q8R060,train
Q8R066,train
Q8R070,test
Q8R071,train
Q8R079,test
Q8R080,train
Q8R081,val
Q8R086,test
Q8R090,train
Q8R0A5,train
Q8R0A7,val
Q8R0C3,val
Q8R0E5,train
Q8R0F5,train
Q8R0F8,train
Q8R0F9,train
Q8R0G9,train
Q8R0H9,val
Q8R0I0,val
Q8R0I4,train
Q8R0J1,train
Q8R0J7,train
Q8R0J8,train
Q8R0K2,test
Q8R0K4,train
Q8R0K9,train
Q8R0L1,test
Q8R0M8,train
Q8R0N6,val
Q8R0N9,train
Q8R0P8,test
Q8R0S2,train
Q8R0S6,train
Q8R0S9,val
Q8R0T2,test
Q8R0T6,test
Q8R0V5,train
Q8R0W1,train
Q8R0W5,train
Q8R0X7,val
Q8R0Y8,train
Q8R0Z2,train
Q8R0Z6,train
Q8R100,train
Q8R104,train
Q8R105,test
Q8R115,test
Q8R121,train
Q8R124,train
Q8R127,train
Q8R138,train
Q8R139,train
Q8R143,train
Q8R151,train
Q8R164,train
Q8R182,train
Q8R183,train
Q8R184,train
Q8R189,val
Q8R197,train
Q8R1B0,train
Q8R1C6,train
Q8R1C9,train
Q8R1D1,train
Q8R1E7,train
Q8R1F5,val
Q8R1F6,train
Q8R1F9,test
Q8R1G1,train
Q8R1G6,train
Q8R1H0,test
Q8R1H8,train
Q8R1I2,val
Q8R1J3,train
Q8R1K1,train
Q8R1K4,train
Q8R1L4,train
Q8R1L8,val
Q8R1M0,train
Q8R1M8,train
Q8R1N0,train
Q8R1N4,train
Q8R1P4,train
Q8R1Q0,val
Q8R1Q3,train
Q8R1Q9,train
Q8R1R5,train
Q8R1T1,train
Q8R1U2,test
Q8R1V4,train
Q8R1W2,train
Q8R1W8,train
Q8R1X6,train
Q8R1Y2,train
Q8R1Z4,train
Q8R216,train
Q8R218,train
Q8R235,train
Q8R238,val
Q8R239,train
Q8R242,train
Q8R2E6,test
Q8R2E9,val
Q8R2F2,train
Q8R2G4,val
Q8R2H2,train
Q8R2H3,train
Q8R2H7,val
Q8R2I0,train
Q8R2I3,test
Q8R2I4,train
Q8R2I5,test
Q8R2I6,train
Q8R2I7,val
Q8R2I8,train
Q8R2K1,train
Q8R2K4,val
Q8R2K7,val
Q8R2K8,val
Q8R2L5,val
Q8R2M0,val
Q8R2M2,train
Q8R2N0,train
Q8R2N2,val
Q8R2Q0,train
Q8R2Q4,train
Q8R2Q6,val
Q8R2Q8,train
Q8R2R1,val
Q8R2R5,train
Q8R2R6,train
Q8R2S1,train
Q8R2S8,train
Q8R2T8,train
Q8R2U2,train
Q8R2U4,train
Q8R2U7,val
Q8R2V2,train
Q8R2V3,train
Q8R2Y0,train
Q8R2Y3,test
Q8R2Y8,train
Q8R2Y9,train
Q8R2Z0,val
Q8R2Z3,train
Q8R310,train
Q8R313,val
Q8R344,train
Q8R349,train
Q8R361,val
Q8R368,train
Q8R370,test
Q8R395,train
Q8R3A2,train
Q8R3B1,train
Q8R3B7,val
Q8R3C6,val
Q8R3E3,test
Q8R3F5,train
Q8R3G9,val
Q8R3H9,train
Q8R3I2,val
Q8R3I9,val
Q8R3J4,train
Q8R3K3,train
Q8R3L0,train
Q8R3N1,train
Q8R3N2,train
Q8R3P2,test
Q8R3P9,train
Q8R3Q0,train
Q8R3Q2,train
Q8R3S6,train
Q8R3T5,train
Q8R3V5,val
Q8R3V6,train
Q8R3W5,train
Q8R3W7,train
Q8R3Y8,train
Q8R3Z5,train
Q8R400,train
Q8R404,train
Q8R411,train
Q8R412,train
Q8R413,test
Q8R414,train
Q8R420,train
Q8R422,train
Q8R431,train
Q8R448,train
Q8R455,train
Q8R456,test
Q8R459,train
Q8R460,train
Q8R464,train
Q8R481,train
Q8R491,train
Q8R493,train
Q8R4A1,train
Q8R4A3,test
Q8R4B8,train
Q8R4C0,train
Q8R4C1,val
Q8R4C4,train
Q8R4C5,test
Q8R4C6,train
Q8R4E0,train
Q8R4E4,train
Q8R4E9,val
Q8R4F1,train
Q8R4G1,train
Q8R4H2,train
Q8R4H4,test
Q8R4H7,train
Q8R4H9,train
Q8R4I1,train
Q8R4I4,val
Q8R4K2,train
Q8R4K8,train
Q8R4L0,train
Q8R4N0,train
Q8R4P4,train
Q8R4P5,train
Q8R4P9,train
Q8R4R9,train
Q8R4S5,test
Q8R4S8,train
Q8R4T1,train
Q8R4U1,test
Q8R4U6,train
Q8R4V1,train
Q8R4V2,val
Q8R4W6,train
Q8R4X1,train
Q8R4X3,val
Q8R4Y0,train
Q8R4Y8,train
Q8R4Z1,test
Q8R4Z4,val
Q8R500,train
Q8R511,val
Q8R512,train
Q8R519,train
Q8R523,val
Q8R534,train
Q8R536,val
Q8R537,train
Q8R554,train
Q8R555,train
Q8R565,train
Q8R570,val
Q8R5A3,val
Q8R5A6,train
Q8R5B6,test
Q8R5C8,train
Q8R5F7,train
Q8R5F8,train
Q8R5G2,train
Q8R5G7,train
Q8R5G9,train
Q8R5H6,train
Q8R5I0,train
Q8R5K4,val
Q8R5K6,test
Q8R5M0,test
Q8R5M2,train
Q8R5M3,train
Q8R5M4,train
Q8SEW8,train
Q8SGA0,val
Q8SGQ9,train
Q8SJ54,train
Q8SJB6,train
Q8SJL2,train
Q8SJZ1,train
Q8SPE7,train
Q8SPF0,train
Q8SPF8,train
Q8SPH9,train
Q8SPI0,train
Q8SPI2,train
Q8SPI4,val
Q8SPJ0,val
Q8SPJ9,train
Q8SPK1,val
Q8SPN1,val
Q8SPN2,train
Q8SPN3,train
Q8SPR7,train
Q8SPS2,train
Q8SPS7,train
Q8SPU5,test
Q8SPU6,train
Q8SPU8,train
Q8SPV9,train
Q8SPX7,train
Q8SPY3,train
Q8SPY4,train
Q8SPY5,train
Q8SPY9,val
Q8SPZ4,train
Q8SPZ5,train
Q8SPZ6,val
Q8SQ01,train
Q8SQ04,train
Q8SQ05,train
Q8SQ19,val
Q8SQ20,test
Q8SQ21,train
Q8SQ23,train
Q8SQ26,train
Q8SQ27,train
Q8SQ28,test
Q8SQ30,train
Q8SQ34,train
Q8SQ40,train
Q8SQ41,train
Q8SQ54,train
Q8SQ72,train
Q8SQA4,train
Q8SQA6,train
Q8SQB1,val
Q8SQC1,train
Q8SQD7,train
Q8SQG8,train
Q8SQG9,train
Q8ST83,val
Q8STE5,train
Q8STF0,val
Q8STF6,train
Q8SWR2,val
Q8SWR3,test
Q8SWR8,train
Q8SWU7,train
Q8SWX0,train
Q8SX37,train
Q8SX68,train
Q8SX81,val
Q8SX86,train
Q8SXD4,test
Q8SXL2,train
Q8SXQ7,train
Q8SXT3,test
Q8SXU3,train
Q8SXX4,val
Q8SXY6,train
Q8SY33,train
Q8SY41,train
Q8SY61,train
Q8SY72,test
Q8SYD0,val
Q8SYG2,train
Q8SYK4,train
Q8SYK5,train
Q8SYV9,train
Q8SZ16,train
Q8SZ63,train
Q8SZA8,train
Q8SZZ8,train
Q8T045,train
Q8T053,train
Q8T062,val
Q8T079,train
Q8T088,val
Q8T0B1,test
Q8T0D4,train
Q8T0G4,test
Q8T0Q4,test
Q8T0R7,train
Q8T0S6,train
Q8T0W0,train
Q8T0W1,val
Q8T0W2,train
Q8T0W3,train
Q8T0W4,train
Q8T0W5,val
Q8T0W8,train
Q8T0Y7,val
Q8T0Z3,val
Q8T112,val
Q8T113,train
Q8T115,test
Q8T116,train
Q8T380,train
Q8T390,val
Q8T3B9,train
Q8T3C8,train
Q8T3G2,train
Q8T3L6,test
Q8T3S7,train
Q8T3X9,train
Q8T3Y0,test
Q8T498,train
Q8T4E1,train
Q8T4F7,train
Q8T4J9,train
Q8T5C6,val
Q8T5G8,train
Q8T5S1,train
Q8T5Z4,train
Q8T626,train
Q8T634,train
Q8T635,train
Q8T697,train
Q8T6B9,train
Q8T6C4,train
Q8T6Z0,train
Q8T773,train
Q8T784,test
Q8T7J9,val
Q8T880,test
Q8T882,test
Q8T888,test
Q8T8B9,train
Q8T8C0,train
Q8T8L8,train
Q8T8R1,val
Q8T8S1,train
Q8T913,train
Q8T938,val
Q8T940,train
Q8T9B6,test
Q8T9R8,train
Q8T9T4,train
Q8T9V8,train
Q8TA52,train
Q8TA81,train
Q8TA83,train
Q8TA94,test
Q8TAA1,train
Q8TAA9,val
Q8TAB5,val
Q8TAC1,train
Q8TAD2,train
Q8TAD8,val
Q8TAF5,train
Q8TAF7,train
Q8TAG5,train
Q8TAI1,val
Q8TAK6,train
Q8TAL5,train
Q8TAP6,train
Q8TAP8,train
Q8TAP9,test
Q8TAQ9,val
Q8TAT2,test
Q8TAT5,test
Q8TAT8,train
Q8TAV3,train
Q8TAV5,train
Q8TAW3,train
Q8TAX7,train
Q8TAX9,train
Q8TAZ6,val
Q8TB03,val
Q8TB22,train
Q8TB24,train
Q8TB33,train
Q8TB37,test
Q8TB45,train
Q8TB52,test
Q8TB69,train
Q8TB72,train
Q8TB73,train
Q8TB92,train
Q8TBA6,train
Q8TBB0,train
Q8TBB1,train
Q8TBB5,train
Q8TBC3,train
Q8TBC5,train
Q8TBE3,train
Q8TBF5,train
Q8TBG4,train
Q8TBH0,train
Q8TBK2,train
Q8TBK6,train
Q8TBM8,train
Q8TBN0,test
Q8TBP0,train
Q8TBP5,train
Q8TBP6,val
Q8TBR4,train
Q8TBR5,train
Q8TBR7,train
Q8TBY8,train
Q8TBY9,test
Q8TBZ2,train
Q8TBZ5,train
Q8TBZ6,train
Q8TBZ8,val
Q8TBZ9,train
Q8TC05,train
Q8TC07,val
Q8TC12,train
Q8TC17,train
Q8TC20,train
Q8TC21,test
Q8TC26,val
Q8TC27,train
Q8TC36,train
Q8TC41,val
Q8TC56,train
Q8TC57,train
Q8TC59,train
Q8TC90,val
Q8TC94,train
Q8TCA0,test
Q8TCB0,train
Q8TCB6,test
Q8TCC7,train
Q8TCD5,train
Q8TCD6,train
Q8TCE6,train
Q8TCE9,train
Q8TCF1,val
Q8TCG1,train
Q8TCG2,train
Q8TCG5,train
Q8TCH9,train
Q8TCI5,val
Q8TCN5,train
Q8TCP9,train
Q8TCQ1,train
Q8TCT0,train
Q8TCT1,train
Q8TCT7,train
Q8TCT8,train
Q8TCT9,train
Q8TCU3,train
Q8TCU5,test
Q8TCV5,val
Q8TCW7,train
Q8TCX1,train
Q8TCX5,train
Q8TCZ2,train
Q8TCZ7,train
Q8TD07,train
Q8TD08,train
Q8TD10,train
Q8TD17,train
Q8TD19,val
Q8TD20,train
Q8TD22,test
Q8TD23,val
Q8TD31,train
Q8TD33,train
Q8TD35,train
Q8TD43,train
Q8TD46,train
Q8TD55,train
Q8TD86,train
Q8TD90,test
Q8TD91,train
Q8TDB4,train
Q8TDB6,train
Q8TDC0,val
Q8TDD1,train
Q8TDD5,val
Q8TDE3,test
Q8TDF5,val
Q8TDF6,train
Q8TDG4,test
Q8TDH9,train
Q8TDI7,test
Q8TDL5,train
Q8TDM0,val
Q8TDM5,train
Q8TDM6,test
Q8TDN1,train
Q8TDN2,train
Q8TDN4,val
Q8TDN7,train
Q8TDP1,test
Q8TDQ0,test
Q8TDQ1,train
Q8TDQ7,train
Q8TDR0,test
Q8TDR2,val
Q8TDR4,train
Q8TDS4,train
Q8TDS5,train
Q8TDS7,train
Q8TDT2,train
Q8TDU5,test
Q8TDU9,train
Q8TDV0,train
Q8TDV2,val
Q8TDV5,train
Q8TDW5,train
Q8TDY2,train
Q8TDY4,train
Q8TDY8,train
Q8TDZ2,val
Q8TE02,train
Q8TE04,train
Q8TE54,train
Q8TE56,train
Q8TE57,test
Q8TE58,test
Q8TE59,val
Q8TE60,train
Q8TE67,val
Q8TE68,train
Q8TE69,train
Q8TE76,train
Q8TE77,test
Q8TE82,train
Q8TE96,train
Q8TE99,val
Q8TEA1,train
Q8TEA8,train
Q8TEB7,train
Q8TEB9,test
Q8TEC5,val
Q8TED0,test
Q8TED1,train
Q8TED4,train
Q8TEE9,train
Q8TEF2,train
Q8TEH3,train
Q8TEJ3,train
Q8TEK3,val
Q8TEM1,test
Q8TEQ0,test
Q8TEQ6,train
Q8TEQ8,train
Q8TER0,train
Q8TER5,train
Q8TES7,train
Q8TET4,train
Q8TEU7,train
Q8TEV8,train
Q8TEV9,test
Q8TEW0,train
Q8TEW8,val
Q8TEX9,train
Q8TEY7,train
Q8TEZ7,train
Q8TF05,test
Q8TF17,train
Q8TF20,train
Q8TF21,train
Q8TF27,train
Q8TF30,test
Q8TF32,test
Q8TF39,train
Q8TF45,val
Q8TF47,test
Q8TF50,test
Q8TF62,train
Q8TF63,test
Q8TF64,train
Q8TF65,train
Q8TF66,test
Q8TF68,test
Q8TF71,test
Q8TF72,test
Q8TF76,train
Q8UUG2,train
Q8UUG8,train
Q8UUH7,train
Q8UUH8,train
Q8UUI2,train
Q8UUJ1,test
Q8UUJ2,test
Q8UUK0,test
Q8UUK2,train
Q8UUR3,train
Q8UUU2,val
Q8UUW7,test
Q8UUY8,val
Q8UVC1,val
Q8UVC3,test
Q8UVD9,train
Q8UVG0,train
Q8UVJ6,val
Q8UVJ7,train
Q8UVK2,train
Q8UVQ4,train
Q8UVR8,train
Q8UVU7,test
Q8UVV7,train
Q8UVX0,train
Q8UVX8,train
Q8UVY2,val
Q8UVZ7,train
Q8UW00,val
Q8UW11,test
Q8UW28,val
Q8UW29,train
Q8UW31,train
Q8UW59,val
Q8UW64,train
Q8UW72,train
Q8UW80,train
Q8UWA5,test
Q8UWF0,test
Q8UWJ4,train
Q8VBS7,train
Q8VBT0,test
Q8VBT1,test
Q8VBT2,train
Q8VBT3,train
Q8VBT6,train
Q8VBT9,val
Q8VBU8,train
Q8VBV2,val
Q8VBV3,test
Q8VBV8,train
Q8VBW5,train
Q8VBW9,train
Q8VBX0,val
Q8VBX1,test
Q8VBX4,test
Q8VBX6,train
Q8VBY2,train
Q8VBZ0,train
Q8VBZ3,train
Q8VC04,train
Q8VC10,val
Q8VC12,val
Q8VC16,train
Q8VC23,val
Q8VC26,val
Q8VC28,train
Q8VC30,train
Q8VC31,train
Q8VC33,test
Q8VC34,train
Q8VC42,test
Q8VC49,train
Q8VC51,train
Q8VC57,train
Q8VC60,train
Q8VC69,train
Q8VC70,train
Q8VC74,train
Q8VC82,train
Q8VC88,train
Q8VC97,train
Q8VC98,train
Q8VCA0,test
Q8VCA5,train
Q8VCA6,train
Q8VCC2,test
Q8VCC6,train
Q8VCC9,train
Q8VCD3,train
Q8VCD7,train
Q8VCE1,train
Q8VCE2,train
Q8VCE4,train
Q8VCE6,test
Q8VCF0,val
Q8VCF1,train
Q8VCF5,train
Q8VCG3,train
Q8VCG4,train
Q8VCG9,train
Q8VCH0,train
Q8VCH2,test
Q8VCI0,val
Q8VCI7,train
Q8VCJ6,val
Q8VCK6,train
Q8VCK7,train
Q8VCL2,train
Q8VCL5,train
Q8VCM2,train
Q8VCM4,train
Q8VCM5,train
Q8VCM7,train
Q8VCN5,train
Q8VCN6,train
Q8VCN9,train
Q8VCP8,train
Q8VCP9,train
Q8VCR3,train
Q8VCR7,train
Q8VCR9,train
Q8VCS0,val
Q8VCS3,val
Q8VCS6,test
Q8VCT3,train
Q8VCT4,train
Q8VCU1,train
Q8VCV9,train
Q8VCW8,test
Q8VCX1,val
Q8VCX2,train
Q8VCX6,train
Q8VCY6,val
Q8VCY8,train
Q8VCZ3,train
Q8VCZ7,train
Q8VCZ8,train
Q8VD24,train
Q8VD26,train
Q8VD31,train
Q8VD46,train
Q8VD48,val
Q8VD53,train
Q8VD57,train
Q8VD58,test
Q8VD62,train
Q8VD63,train
Q8VD72,val
Q8VD75,train
Q8VD83,train
Q8VD85,val
Q8VD87,val
Q8VD89,train
Q8VD90,val
Q8VD92,test
Q8VD96,test
Q8VD98,train
Q8VDA5,val
Q8VDB2,train
Q8VDB8,train
Q8VDB9,train
Q8VDC0,train
Q8VDC1,train
Q8VDD8,val
Q8VDG3,val
Q8VDG5,train
Q8VDG6,train
Q8VDG7,train
Q8VDI1,train
Q8VDI9,val
Q8VDK1,train
Q8VDK3,train
Q8VDL9,train
Q8VDN4,train
Q8VDP2,train
Q8VDP6,train
Q8VDQ9,train
Q8VDR5,train
Q8VDR9,val
Q8VDS7,train
Q8VDS8,train
Q8VDT1,train
Q8VDT9,train
Q8VDU0,train
Q8VDV8,test
Q8VDW0,train
Q8VDX6,test
Q8VDY4,train
Q8VDY9,test
Q8VE01,test
Q8VE04,val
Q8VE10,test
Q8VE11,train
Q8VE18,train
Q8VE22,test
Q8VE28,test
Q8VE38,train
Q8VE42,train
Q8VE47,train
Q8VE49,train
Q8VE52,test
Q8VE62,train
Q8VE70,train
Q8VE73,train
Q8VE85,train
Q8VE88,train
Q8VE94,val
Q8VE95,train
Q8VE97,val
Q8VE98,train
Q8VE99,val
Q8VEA6,test
Q8VEA7,train
Q8VEA8,train
Q8VEB6,train
Q8VEC3,val
Q8VED2,val
Q8VED5,val
Q8VED8,train
Q8VEE4,train
Q8VEF1,test
Q8VEG0,train
Q8VEG4,train
Q8VEH0,train
Q8VEH5,train
Q8VEH6,train
Q8VEI3,test
Q8VEJ3,train
Q8VEK0,train
Q8VEK2,train
Q8VEL0,train
Q8VEL2,train
Q8VEM9,val
Q8VEN2,train
Q8VES2,val
Q8VEW5,test
Q8VEW6,val
Q8VEX5,train
Q8VEX6,train
Q8VEY3,train
Q8VEZ0,val
Q8VEZ1,train
Q8VF12,train
Q8VF13,train
Q8VF66,train
Q8VF76,train
Q8VFB9,train
Q8VFC9,train
Q8VFD0,train
Q8VFD1,train
Q8VFD2,train
Q8VFD3,train
Q8VFK1,train
Q8VFK7,train
Q8VFL5,train
Q8VFL9,train
Q8VFM9,train
Q8VFR8,test
Q8VFV4,val
Q8VFX2,train
Q8VG02,train
Q8VG03,train
Q8VG04,train
Q8VG06,train
Q8VG07,train
Q8VG08,test
Q8VG09,train
Q8VG13,train
Q8VG42,train
Q8VG44,train
Q8VGD6,train
Q8VGI1,test
Q8VGI5,train
Q8VGI6,test
Q8VGK5,train
Q8VGQ7,test
Q8VGR8,test
Q8VGR9,val
Q8VGS1,train
Q8VH31,train
Q8VH49,train
Q8VHA6,train
Q8VHB5,val
Q8VHC3,train
Q8VHC5,train
Q8VHC8,train
Q8VHD6,test
Q8VHD7,train
Q8VHE9,val
Q8VHF2,train
Q8VHG2,val
Q8VHG5,test
Q8VHH8,train
Q8VHI4,val
Q8VHI5,train
Q8VHI6,train
Q8VHI7,train
Q8VHJ4,train
Q8VHK0,train
Q8VHK1,train
Q8VHK2,train
Q8VHK5,train
Q8VHK6,train
Q8VHK7,train
Q8VHK8,train
Q8VHK9,train
Q8VHL0,test
Q8VHM6,train
Q8VHN2,test
Q8VHN8,train
Q8VHP7,train
Q8VHP8,val
Q8VHQ2,train
Q8VHQ9,train
Q8VHS2,train
Q8VHS5,train
Q8VHS6,train
Q8VHT6,train
Q8VHT8,train
Q8VHU4,test
Q8VHV1,train
Q8VHW1,train
Q8VHW5,test
Q8VHW7,val
Q8VHW8,train
Q8VHW9,train
Q8VHX2,train
Q8VHZ4,train
Q8VHZ8,train
Q8VI02,train
Q8VI16,test
Q8VI21,train
Q8VI23,train
Q8VI38,train
Q8VI40,train
Q8VI47,test
Q8VI51,val
Q8VI59,train
Q8VI63,train
Q8VI64,test
Q8VI67,train
Q8VI75,train
Q8VI78,train
Q8VI88,train
Q8VI93,train
Q8VI94,train
Q8VI95,train
Q8VIB2,train
Q8VIB3,train
Q8VIB5,test
Q8VIC6,train
Q8VIC9,test
Q8VID6,val
Q8VIE6,train
Q8VIF2,train
Q8VIG0,test
Q8VIG1,test
Q8VIG3,train
Q8VIG6,val
Q8VIH1,train
Q8VIH7,train
Q8VIH9,train
Q8VII2,train
Q8VII3,train
Q8VIJ4,train
Q8VIJ6,train
Q8VIJ8,test
Q8VIK1,train
Q8VIK2,train
Q8VIK3,train
Q8VIK5,train
Q8VIL2,test
Q8VIL3,train
Q8VIM0,train
Q8VIM4,train
Q8VIM5,test
Q8VIM6,train
Q8VIM9,val
Q8VIN1,train
Q8W926,train
Q8W9G2,val
Q8W9G4,test
Q8W9G7,val
Q8W9G8,train
Q8W9J6,train
Q8W9M5,val
Q8W9M6,train
Q8W9M7,val
Q8W9M8,train
Q8W9M9,train
Q8W9N0,train
Q8W9N1,val
Q8W9N2,train
Q8W9N5,train
Q8W9N6,train
Q8W9N7,train
Q8WB05,val
Q8WBV2,train
Q8WE97,train
Q8WEW8,test
Q8WMD0,train
Q8WMD3,test
Q8WML3,train
Q8WML4,train
Q8WMN1,train
Q8WMP9,train
Q8WMQ3,train
Q8WMR7,train
Q8WMS0,train
Q8WMS3,val
Q8WMV0,train
Q8WMV1,train
Q8WMX5,train
Q8WMY2,train
Q8WN12,train
Q8WN61,train
Q8WN62,val
Q8WN63,val
Q8WN91,train
Q8WN92,val
Q8WN94,test
Q8WN98,train
Q8WND5,test
Q8WNE1,train
Q8WNE9,train
Q8WNN6,train
Q8WNQ7,train
Q8WNQ8,train
Q8WNR0,train
Q8WNR2,train
Q8WNR4,train
Q8WNR9,train
Q8WNU4,train
Q8WNU8,train
Q8WNV1,test
Q8WNV3,train
Q8WNV5,train
Q8WNV7,train
Q8WNW0,test
Q8WNZ7,train
Q8WNZ8,val
Q8WP00,train
Q8WP17,train
Q8WP19,test
Q8WP21,train
Q8WP22,test
Q8WP23,train
Q8WP28,val
Q8WP32,train
Q8WP33,train
Q8WP90,train
Q8WPA1,test
Q8WPA2,train
Q8WPC2,train
Q8WPD0,train
Q8WPJ2,val
Q8WPW2,train
Q8WQ53,train
Q8WQ99,train
Q8WQA4,test
Q8WQC0,train
Q8WQC9,train
Q8WQG1,train
Q8WQG9,val
Q8WQI5,test
Q8WQI7,test
Q8WQK0,test
Q8WQL7,val
Q8WQZ3,test
Q8WR51,train
Q8WRC7,test
Q8WRP6,val
Q8WS88,train
Q8WSF3,train
Q8WSR2,train
Q8WSR3,train
Q8WSV0,train
Q8WSV1,train
Q8WSV4,train
Q8WT44,test
Q8WT51,test
Q8WTC1,train
Q8WTD3,train
Q8WTD4,test
Q8WTE6,train
Q8WTE7,train
Q8WTJ4,train
Q8WTM6,val
Q8WTP9,val
Q8WTQ1,val
Q8WTQ4,val
Q8WTQ7,val
Q8WTR2,train
Q8WTR4,val
Q8WTR7,train
Q8WTR8,val
Q8WTS1,train
Q8WTS6,train
Q8WTT0,train
Q8WTU2,train
Q8WTV0,test
Q8WTV1,train
Q8WTW3,test
Q8WTX7,train
Q8WTX9,train
Q8WTZ4,train
Q8WU03,train
Q8WU08,train
Q8WU20,train
Q8WU39,train
Q8WU43,train
Q8WU49,train
Q8WU66,test
Q8WU67,train
Q8WU76,train
Q8WU90,test
Q8WUA7,train
Q8WUA8,train
Q8WUB2,train
Q8WUD1,train
Q8WUE5,test
Q8WUF5,train
Q8WUF8,train
Q8WUH1,train
Q8WUH2,train
Q8WUH6,train
Q8WUI4,test
Q8WUJ1,train
Q8WUK0,train
Q8WUM0,train
Q8WUM4,train
Q8WUP2,train
Q8WUQ7,train
Q8WUR0,train
Q8WUR7,test
Q8WUT4,train
Q8WUT9,test
Q8WUU4,train
Q8WUW1,train
Q8WUX1,test
Q8WUY1,val
Q8WUZ0,val
Q8WV07,train
Q8WV15,train
Q8WV16,val
Q8WV24,test
Q8WV28,val
Q8WV37,train
Q8WV41,train
Q8WV44,train
Q8WV48,val
Q8WV74,test
Q8WV92,val
Q8WV93,train
Q8WVB3,test
Q8WVB6,test
Q8WVD5,val
Q8WVE0,train
Q8WVE6,train
Q8WVF1,test
Q8WVF2,train
Q8WVF5,train
Q8WVI0,test
Q8WVJ2,val
Q8WVL7,val
Q8WVM7,val
Q8WVN6,train
Q8WVP5,test
Q8WVQ1,test
Q8WVS4,train
Q8WVT3,train
Q8WVV5,train
Q8WVV9,train
Q8WVX9,val
Q8WVY7,train
Q8WVZ1,train
Q8WVZ9,train
Q8WW12,train
Q8WW14,train
Q8WW18,val
Q8WW24,train
Q8WW32,test
Q8WW34,val
Q8WW35,test
Q8WW36,train
Q8WW38,train
Q8WW59,train
Q8WW62,test
Q8WWA0,train
Q8WWA1,train
Q8WWB3,train
Q8WWB5,train
Q8WWC4,train
Q8WWF1,train
Q8WWF6,val
Q8WWF8,val
Q8WWG1,train
Q8WWG9,train
Q8WWH4,train
Q8WWH5,train
Q8WWI1,train
Q8WWL2,train
Q8WWL7,train
Q8WWM1,train
Q8WWN8,train
Q8WWN9,test
Q8WWP7,train
Q8WWQ0,train
Q8WWQ2,train
Q8WWR8,train
Q8WWR9,train
Q8WWT9,val
Q8WWU5,test
Q8WWU7,train
Q8WWV3,test
Q8WWV6,train
Q8WWW0,train
Q8WWW8,train
Q8WWX0,train
Q8WWX8,train
Q8WWX9,train
Q8WWY6,train
Q8WWY8,train
Q8WWZ1,train
Q8WWZ4,train
Q8WWZ7,train
Q8WX39,train
Q8WX77,val
Q8WX92,train
Q8WX93,val
Q8WX94,test
Q8WXA2,test
Q8WXA3,train
Q8WXA8,train
Q8WXA9,train
Q8WXB1,train
Q8WXB4,test
Q8WXC3,train
Q8WXC6,train
Q8WXD5,val
Q8WXD9,test
Q8WXE0,train
Q8WXE1,train
Q8WXE9,test
Q8WXF0,train
Q8WXF1,train
Q8WXF5,train
Q8WXF8,train
Q8WXG1,val
Q8WXG8,train
Q8WXH4,val
Q8WXH5,train
Q8WXH6,val
Q8WXI3,val
Q8WXI4,test
Q8WXI8,train
Q8WXI9,train
Q8WXK4,train
Q8WXQ3,train
Q8WXR4,train
Q8WXS3,val
Q8WXS4,val
Q8WXS8,train
Q8WXU2,train
Q8WXW3,train
Q8WXX5,train
Q8WXX7,train
Q8WY07,train
Q8WY22,train
Q8WY36,val
Q8WY41,train
Q8WY50,train
Q8WY54,train
Q8WY91,train
Q8WY98,train
Q8WYA1,val
Q8WYB5,train
Q8WYK0,train
Q8WYL5,train
Q8WYN3,test
Q8WYP3,train
Q8WYQ3,train
Q8WYQ4,train
Q8WYQ9,train
Q8WYR1,train
Q8WYR4,train
Q8WZ26,val
Q8WZ33,test
Q8WZ55,test
Q8WZ59,train
Q8WZ64,train
Q8WZ69,train
Q8WZ75,val
Q8WZ79,train
Q8WZ82,test
Q8WZ84,train
Q8WZ92,train
Q8WZ94,train
Q8WZA0,test
Q8WZA6,train
Q8WZA8,train
Q8WZA9,test
Q8WZB0,train
Q90215,val
Q90216,train
Q90220,train
Q90225,train
Q90229,train
Q90239,test
Q90240,train
Q90245,train
Q90252,train
Q90257,train
Q90259,train
Q90260,train
Q90267,train
Q90268,train
Q90270,test
Q90271,test
Q90275,train
Q90277,train
Q90303,val
Q90304,val
Q90308,train
Q90309,train
Q90314,train
Q90321,train
Q90322,train
Q90326,train
Q90330,train
Q90334,train
Q90339,val
Q90342,train
Q90352,test
Q90358,test
Q90369,train
Q90370,train
Q90372,train
Q90374,train
Q90384,val
Q90385,test
Q90391,train
Q90392,train
Q90405,train
Q90413,test
Q90415,train
Q90416,train
Q90417,train
Q90419,train
Q90421,train
Q90423,train
Q90435,test
Q90459,train
Q90460,train
Q90469,val
Q90470,val
Q90471,train
Q90472,train
Q90474,test
Q90476,train
Q90477,test
Q90481,test
Q90482,train
Q90487,val
Q90495,train
Q90501,train
Q90502,train
Q90508,train
Q90511,test
Q90515,train
Q90578,train
Q90584,train
Q90592,train
Q90595,test
Q90597,train
Q90600,val
Q90611,train
Q90617,train
Q90623,train
Q90627,train
Q90629,train
Q90631,train
Q90632,test
Q90640,val
Q90641,val
Q90643,train
Q90655,train
Q90660,test
Q90663,val
Q90667,train
Q90673,train
Q90674,val
Q90678,train
Q90679,train
Q90686,test
Q90688,val
Q90690,train
Q90691,train
Q90693,val
Q90701,train
Q90703,train
Q90722,train
Q90733,train
Q90738,train
Q90744,test
Q90752,val
Q90762,train
Q90773,val
Q90788,train
Q90805,train
Q90826,train
Q90827,train
Q90828,train
Q90830,val
Q90837,train
Q90839,train
Q90845,train
Q90854,train
Q90867,val
Q90871,train
Q90872,val
Q90873,train
Q90875,train
Q90876,test
Q90890,train
Q90922,val
Q90932,train
Q90935,train
Q90941,train
Q90944,train
Q90964,train
Q90977,test
Q90980,train
Q90986,train
Q90988,train
Q90997,train
Q90999,train
Q90VV1,test
Q90VW1,train
Q90VW7,val
Q90VY2,val
Q90VZ3,train
Q90VZ9,train
Q90W22,train
Q90W33,train
Q90W39,train
Q90W58,train
Q90W78,train
Q90W79,train
Q90W88,train
Q90W95,train
Q90W97,val
Q90W98,train
Q90W99,train
Q90WD8,test
Q90WE3,test
Q90WF4,train
Q90WG6,train
Q90WI4,train
Q90WI6,test
Q90WJ3,train
Q90WJ8,train
Q90WJ9,train
Q90WM5,train
Q90WN4,train
Q90WN5,train
Q90WN7,train
Q90WP7,train
Q90WR8,test
Q90WU3,train
Q90WV2,train
Q90WV8,train
Q90WW1,train
Q90WX8,train
Q90WY4,train
Q90WY5,train
Q90WY6,train
Q90WZ0,test
Q90WZ1,train
Q90X07,train
Q90X24,train
Q90X25,val
Q90X38,train
Q90X44,val
Q90X46,test
Q90X48,train
Q90X49,train
Q90X67,train
Q90X85,train
Q90X89,train
Q90X99,train
Q90XB3,train
Q90XB6,train
Q90XC2,train
Q90XD2,train
Q90XE6,val
Q90XF2,train
Q90XG0,train
Q90XN9,train
Q90XP0,train
Q90XW5,val
Q90XY5,train
Q90Y05,train
Q90Y12,test
Q90Y35,val
Q90Y44,train
Q90Y50,train
Q90Y54,train
Q90Y57,train
Q90Y63,train
Q90Y90,train
Q90YB1,train
Q90YC0,train
Q90YC2,test
Q90YC9,train
Q90YH8,train
Q90YH9,val
Q90YI0,train
Q90YI1,val
Q90YI3,train
Q90YI5,train
Q90YI8,train
Q90YJ2,val
Q90YJ9,val
Q90YK3,train
Q90YK5,test
Q90YK7,test
Q90YK8,train
Q90YK9,train
Q90YL3,test
Q90YL6,train
Q90YM4,train
Q90YM5,train
Q90YP9,val
Q90YQ4,test
Q90YT4,train
Q90YV5,test
Q90YW0,val
Q90YW2,train
Q90YY5,train
Q90Z00,train
Q90Z04,train
Q90Z08,train
Q90Z10,train
Q90Z16,val
Q90Z37,train
Q90Z72,train
Q90Z80,train
Q90ZA1,val
Q90ZD5,train
Q90ZE2,train
Q90ZE4,train
Q90ZF9,train
Q90ZH7,test
Q90ZH9,train
Q90ZI3,train
Q90ZK2,train
Q90ZK3,val
Q90ZK5,train
Q90ZK6,train
Q90ZL1,train
Q90ZL2,train
Q90ZN1,train
Q90ZS6,train
Q90ZX8,val
Q90ZY0,val
Q90ZY4,train
Q90ZY6,train
Q90ZZ5,val
Q90ZZ6,val
Q90ZZ9,train
Q91012,train
Q91018,train
Q91035,val
Q91041,train
Q91044,train
Q91048,val
Q91049,test
Q91055,train
Q91061,val
Q91062,test
Q91081,val
Q91082,train
Q91085,train
Q91090,train
Q91094,train
Q910A0,train
Q910A1,train
Q91119,val
Q91120,val
Q91130,test
Q91132,train
Q91147,test
Q91154,train
Q91159,train
Q91166,test
Q91167,train
Q91175,train
Q91185,train
Q91187,train
Q91191,train
Q91192,train
Q91193,train
Q91194,train
Q91195,val
Q91196,train
Q91205,val
Q91206,val
Q91233,val
Q91242,train
Q91250,train
Q91274,train
Q91279,test
Q91285,val
Q91287,test
Q91288,val
Q91291,train
Q91293,train
Q91309,train
Q91311,train
Q91312,train
Q91315,test
Q91318,train
Q91321,train
Q91325,train
Q91330,train
Q91348,train
Q91372,val
Q91392,train
Q91401,train
Q91428,train
Q91437,test
Q91448,train
Q91474,test
Q91482,val
Q91488,train
Q91496,test
Q91499,train
Q91502,train
Q91506,train
Q91511,val
Q91513,train
Q91514,val
Q91550,train
Q91553,val
Q91559,test
Q91560,train
Q91571,val
Q91574,test
Q91577,train
Q91579,train
Q91590,train
Q91604,train
Q91610,test
Q91612,train
Q91615,train
Q91616,train
Q91617,train
Q91618,train
Q91619,test
Q91620,train
Q91621,val
Q91628,train
Q91636,val
Q91637,train
Q91641,val
Q91642,test
Q91653,train
Q91660,train
Q91661,train
Q91664,test
Q91677,val
Q91678,test
Q91684,val
Q91685,train
Q91687,train
Q91694,val
Q91695,train
Q91712,val
Q91713,train
Q91715,val
Q91717,train
Q91724,train
Q91727,train
Q91735,val
Q91738,train
Q91739,train
Q91743,test
Q91754,val
Q91756,val
Q91766,train
Q91770,train
Q91771,train
Q91775,train
Q91780,train
Q91783,train
Q91784,train
Q91813,train
Q91820,val
Q91821,train
Q91822,val
Q91828,train
Q91829,test
Q91830,train
Q91836,train
Q91837,train
Q91838,train
Q91848,test
Q91853,val
Q91854,train
Q91857,train
Q91858,train
Q91880,test
Q91892,train
Q91896,train
Q91898,test
Q91901,val
Q91904,train
Q91905,train
Q91907,train
Q91909,train
Q91910,train
Q91924,train
Q91926,test
Q91957,train
Q91971,train
Q91974,train
Q91987,train
Q91989,train
Q91994,train
Q91998,train
Q91V01,train
Q91V08,train
Q91V10,val
Q91V12,train
Q91V13,val
Q91V16,val
Q91V17,train
Q91V26,val
Q91V27,train
Q91V33,val
Q91V36,train
Q91V57,test
Q91V70,test
Q91V76,train
Q91V80,train
Q91V82,train
Q91V83,train
Q91V88,train
Q91V95,train
Q91V98,val
Q91VA0,train
Q91VA3,train
Q91VA6,train
Q91VB4,train
Q91VC0,train
Q91VC4,train
Q91VD1,train
Q91VD6,train
Q91VE2,train
Q91VE3,test
Q91VE6,train
Q91VF2,test
Q91VF5,train
Q91VF6,train
Q91VI7,val
Q91VJ1,train
Q91VJ2,train
Q91VJ5,val
Q91VM3,train
Q91VM4,train
Q91VM9,train
Q91VN2,train
Q91VN4,val
Q91VS7,train
Q91VS8,train
Q91VT1,test
Q91VT4,train
Q91VT8,train
Q91VU0,train
Q91VU1,train
Q91VU6,train
Q91VU7,val
Q91VV4,test
Q91VW5,test
Q91VW9,val
Q91VX2,train
Q91VY5,train
Q91VY6,train
Q91VY9,train
Q91VZ6,test
Q91W10,train
Q91W34,test
Q91W39,train
Q91W45,train
Q91W50,train
Q91W52,val
Q91W63,test
Q91W64,train
Q91W82,val
Q91W89,train
Q91W90,test
Q91W92,train
Q91W97,val
Q91WA1,train
Q91WA6,val
Q91WB2,test
Q91WC1,train
Q91WC7,train
Q91WD0,train
Q91WD7,train
Q91WD8,val
Q91WD9,train
Q91WE1,test
Q91WE2,test
Q91WE3,train
Q91WE4,val
Q91WE6,train
Q91WG0,train
Q91WG2,train
Q91WG4,train
Q91WG7,train
Q91WI7,train
Q91WJ7,train
Q91WK0,val
Q91WK2,test
Q91WK5,train
Q91WL0,val
Q91WL5,train
Q91WL6,val
Q91WM2,test
Q91WM3,train
Q91WM6,train
Q91WN1,train
Q91WN2,test
Q91WN3,train
Q91WP0,train
Q91WP6,train
Q91WQ5,val
Q91WR3,train
Q91WR5,train
Q91WR6,train
Q91WR8,train
Q91WS0,val
Q91WS2,train
Q91WT9,train
Q91WU0,train
Q91WU2,train
Q91WU4,train
Q91WU5,train
Q91WU6,train
Q91WW2,test
Q91WW3,train
Q91WW4,train
Q91WW5,train
Q91WW7,train
Q91WZ8,train
Q91X17,train
Q91X20,train
Q91X34,train
Q91X43,val
Q91X44,train
Q91X45,train
Q91X46,val
Q91X49,test
Q91X51,train
Q91X52,train
Q91X77,test
Q91X79,train
Q91X84,train
Q91X86,train
Q91X91,train
Q91X96,train
Q91XA2,test
Q91XA5,train
Q91XA8,train
Q91XA9,train
Q91XB0,val
Q91XB7,val
Q91XC9,train
Q91XD4,train
Q91XD6,train
Q91XD8,val
Q91XE0,train
Q91XE4,train
Q91XE8,train
Q91XE9,test
Q91XF0,train
Q91XI1,val
Q91XI3,val
Q91XJ0,train
Q91XL2,val
Q91XL7,test
Q91XM9,train
Q91XQ4,train
Q91XQ5,train
Q91XS1,train
Q91XS8,val
Q91XT4,test
Q91XT5,train
Q91XT6,train
Q91XU0,test
Q91XU7,train
Q91XU8,train
Q91XV7,train
Q91XW8,train
Q91XY4,train
Q91XZ2,test
Q91XZ4,train
Q91Y02,train
Q91Y11,val
Q91Y13,train
Q91Y20,train
Q91Y25,train
Q91Y26,train
Q91Y44,train
Q91Y47,train
Q91Y57,train
Q91Y74,train
Q91Y86,train
Q91Y94,train
Q91YD1,train
Q91YD3,train
Q91YD4,train
Q91YD6,train
Q91YD9,val
Q91YE3,train
Q91YE5,val
Q91YE8,val
Q91YE9,train
Q91YI1,train
Q91YJ2,train
Q91YJ5,val
Q91YK0,train
Q91YK2,train
Q91YK8,train
Q91YL2,train
Q91YL3,train
Q91YL7,train
Q91YN1,test
Q91YN5,train
Q91YN9,train
Q91YP0,train
Q91YP1,train
Q91YQ7,train
Q91YR1,train
Q91YR5,train
Q91YR9,train
Q91YU3,test
Q91YU8,train
Q91YX0,train
Q91YY4,val
Q91YY5,test
Q91Z22,train
Q91Z31,train
Q91Z38,val
Q91Z40,train
Q91Z46,train
Q91Z53,train
Q91Z58,test
Q91Z61,test
Q91Z62,train
Q91Z69,train
Q91Z79,train
Q91Z84,train
Q91Z85,train
Q91Z92,train
Q91Z96,test
Q91ZA3,train
Q91ZA6,train
Q91ZA8,val
Q91ZB0,train
Q91ZB4,train
Q91ZB5,train
Q91ZB8,train
Q91ZB9,val
Q91ZC0,train
Q91ZC1,val
Q91ZC4,train
Q91ZC5,train
Q91ZC6,train
Q91ZC7,val
Q91ZE5,train
Q91ZF0,val
Q91ZF1,train
Q91ZF2,train
Q91ZF7,train
Q91ZI8,val
Q91ZJ0,train
Q91ZJ5,test
Q91ZJ9,train
Q91ZK4,train
Q91ZK6,train
Q91ZK7,val
Q91ZL1,test
Q91ZN5,train
Q91ZN7,train
Q91ZP3,train
Q91ZP4,test
Q91ZP9,train
Q91ZQ1,val
Q91ZQ5,train
Q91ZR2,train
Q91ZR3,test
Q91ZR5,test
Q91ZS3,val
Q91ZS8,train
Q91ZT5,train
Q91ZT7,train
Q91ZT8,train
Q91ZU1,train
Q91ZV0,train
Q91ZV3,val
Q91ZV4,train
Q91ZV7,train
Q91ZV8,val
Q91ZW3,val
Q91ZW6,train
Q91ZW7,train
Q91ZW8,train
Q91ZW9,train
Q91ZX1,train
Q91ZY1,train
Q91ZY2,train
Q91ZY6,val
Q91ZZ3,val
Q91ZZ5,test
Q92000,test
Q92002,train
Q92008,train
Q92010,train
Q92012,train
Q92020,train
Q92021,val
Q92030,train
Q92031,test
Q92032,test
Q92035,train
Q92036,val
Q92038,train
Q92039,train
Q92040,val
Q92044,train
Q92047,val
Q92048,train
Q92051,test
Q92052,test
Q92056,train
Q92058,test
Q92072,train
Q92075,train
Q92080,train
Q92087,train
Q92088,test
Q92089,train
Q92093,train
Q92095,test
Q920A0,train
Q920A1,train
Q920A6,train
Q920A7,test
Q920A9,val
Q920B6,test
Q920C1,val
Q920C4,train
Q920D5,train
Q920D7,train
Q920E0,train
Q920E1,train
Q920E3,train
Q920E5,test
Q920F3,train
Q920F6,train
Q920G0,train
Q920G3,train
Q920G8,test
Q920H1,val
Q920H8,train
Q920I0,val
Q920J4,train
Q920M2,train
Q920M5,train
Q920N2,train
Q920P6,test
Q920P9,train
Q920Q2,val
Q920Q3,train
Q920R3,train
Q920R4,train
Q920R6,train
Q920S2,train
Q920S3,val
Q92104,train
Q92105,train
Q92106,train
Q92110,val
Q92111,train
Q92113,val
Q92116,val
Q92122,train
Q92125,train
Q92126,train
Q92142,train
Q92143,train
Q92147,val
Q92148,train
Q92152,train
Q92154,test
Q92155,train
Q92161,train
Q92162,val
Q92172,train
Q92177,train
Q92178,train
Q92179,val
Q92180,test
Q92182,train
Q92183,val
Q92184,train
Q92187,train
Q921A2,test
Q921A3,train
Q921B4,val
Q921C1,train
Q921C5,train
Q921E2,test
Q921F4,train
Q921G6,test
Q921H9,train
Q921I1,train
Q921I2,train
Q921I9,train
Q921J2,train
Q921K8,train
Q921L5,train
Q921L7,val
Q921L8,test
Q921M7,train
Q921N6,train
Q921N7,val
Q921N8,train
Q921P9,train
Q921Q3,train
Q921Q7,test
Q921R4,train
Q921R7,val
Q921S7,train
Q921T2,test
Q921U8,val
Q921V5,train
Q921W0,train
Q921W4,train
Q921W8,train
Q921Y4,train
Q921Z5,train
Q922B1,train
Q922B6,train
Q922B9,train
Q922C1,val
Q922E6,train
Q922G2,val
Q922H1,val
Q922H4,test
Q922H9,train
Q922I5,train
Q922J3,train
Q922K7,val
Q922M5,train
Q922M7,train
Q922P8,test
Q922Q1,test
Q922Q2,val
Q922Q5,train
Q922R0,train
Q922R1,train
Q922S8,train
Q922Y0,train
Q922Y1,train
Q922Y2,train
Q922Z0,train
Q923A2,train
Q923B0,train
Q923B1,val
Q923B3,train
Q923B6,train
Q923D2,train
Q923D3,train
Q923E4,train
Q923J4,train
Q923K1,val
Q923K4,train
Q923K9,test
Q923M0,train
Q923P0,train
Q923Q2,train
Q923S6,train
Q923S8,val
Q923T7,train
Q923U0,val
Q923V4,train
Q923W1,train
Q923W4,train
Q923W9,val
Q923X1,train
Q923X4,train
Q923X5,train
Q923Y2,test
Q923Y4,test
Q923Y5,train
Q923Y6,train
Q923Y7,train
Q923Y8,train
Q923Y9,val
Q923Z0,val
Q923Z3,train
Q923Z4,test
Q92466,train
Q92478,train
Q92484,test
Q92485,train
Q92496,train
Q924A0,train
Q924A4,train
Q924A5,train
Q924B5,val
Q924C1,train
Q924C3,train
Q924C5,train
Q924C6,train
Q924H0,train
Q924H5,train
Q924H7,test
Q924H9,train
Q924I2,train
Q924I3,train
Q924K2,train
Q924L1,train
Q924L9,train
Q924M7,train
Q924N9,train
Q924P3,train
Q924R9,train
Q924S1,train
Q924S2,val
Q924S4,train
Q924S8,train
Q924S9,train
Q924T2,test
Q924T3,test
Q924T7,val
Q924T8,train
Q924T9,train
Q924U0,val
Q924U1,train
Q924U5,train
Q924V5,val
Q924W6,train
Q924W7,train
Q924W9,val
Q924X1,val
Q924X2,train
Q924X6,train
Q924X7,train
Q924Y4,train
Q924Y8,val
Q924Z5,train
Q924Z6,train
Q92502,train
Q92504,train
Q92506,test
Q92519,test
Q92521,train
Q92522,train
Q92523,train
Q92526,test
Q92527,train
Q92536,train
Q92539,train
Q92540,train
Q92541,train
Q92542,val
Q92543,train
Q92544,val
Q92545,train
Q92547,train
Q92552,train
Q92556,train
Q92560,train
Q92561,val
Q92562,test
Q92572,val
Q92574,train
Q92575,train
Q92576,val
Q92581,train
Q92585,train
Q92597,train
Q92599,train
Q925B3,train
Q925B5,train
Q925D4,val
Q925E0,train
Q925E1,train
Q925E7,train
Q925E8,test
Q925F0,val
Q925F3,val
Q925F4,train
Q925G1,test
Q925H0,train
Q925H1,train
Q925H2,val
Q925H3,train
Q925H4,train
Q925H6,train
Q925H7,val
Q925I0,test
Q925I4,train
Q925N1,train
Q925N2,train
Q925N7,train
Q925P2,train
Q925Q3,train
Q925Q4,train
Q925Q8,train
Q925Q9,test
Q925R7,train
Q925S4,train
Q925S8,val
Q925T0,train
Q925T8,train
Q925U0,test
Q925U2,train
Q925U4,train
Q92604,val
Q92609,train
Q92610,train
Q92613,val
Q92614,train
Q92615,train
Q92618,val
Q92619,train
Q92620,train
Q92621,train
Q92622,train
Q92623,train
Q92624,train
Q92625,train
Q92628,train
Q92636,train
Q92637,train
Q92664,train
Q92665,train
Q92667,train
Q92670,val
Q92674,val
Q92681,train
Q92685,val
Q92688,train
Q92692,train
Q92698,train
Q92729,val
Q92733,train
Q92734,train
Q92738,train
Q92747,val
Q92748,train
Q92750,train
Q92752,train
Q92753,train
Q92754,train
Q92766,train
Q92777,test
Q92778,val
Q92781,train
Q92783,train
Q92784,train
Q92785,val
Q92794,train
Q92796,train
Q92797,train
Q92800,train
Q92802,train
Q92804,train
Q92805,test
Q92817,train
Q92820,val
Q92823,train
Q92824,train
Q92826,train
Q92828,train
Q92834,test
Q92835,train
Q92837,train
Q92839,train
Q92844,train
Q92845,train
Q92851,train
Q92854,train
Q92858,train
Q92859,train
Q92870,train
Q92871,test
Q92874,val
Q92876,test
Q92886,train
Q92887,train
Q92888,train
Q92889,train
Q92896,test
Q92911,train
Q92917,test
Q92918,train
Q92932,val
Q92934,val
Q92935,val
Q92949,train
Q92952,val
Q92954,train
Q92956,train
Q92959,train
Q92966,train
Q92979,val
Q92982,train
Q92985,test
Q92988,test
Q92989,train
Q92990,train
Q92994,train
Q92997,val
Q93015,train
Q93033,train
Q93034,train
Q93038,train
Q93052,train
Q93062,train
Q93063,train
Q93073,train
Q93075,test
Q93083,train
Q93084,train
Q93086,train
Q93092,train
Q93104,train
Q93105,train
Q93109,test
Q93112,test
Q93113,train
Q93118,train
Q93126,train
Q93127,train
Q93132,test
Q93134,train
Q93140,test
Q93142,val
Q93148,train
Q93149,train
Q93169,test
Q93170,train
Q93196,train
Q93212,val
Q93227,train
Q93235,train
Q93243,val
Q93244,test
Q93246,train
Q93249,test
Q93324,val
Q93341,train
Q93348,train
Q93352,train
Q93353,val
Q93356,train
Q93364,val
Q93367,train
Q93373,train
Q93379,test
Q93380,train
Q93408,train
Q93409,train
Q93454,train
Q93538,val
Q93542,train
Q93560,train
Q93561,train
Q93571,train
Q93572,train
Q93573,train
Q93575,train
Q93591,train
Q93615,train
Q93618,val
Q93635,train
Q93646,test
Q93650,train
Q93654,test
Q93655,test
Q93702,train
Q93703,train
Q93704,train
Q93705,train
Q93712,train
Q93714,train
Q93725,train
Q93727,train
Q93743,test
Q93761,test
Q93789,train
Q93794,train
Q93796,test
Q93833,train
Q93834,val
Q93841,train
Q93847,train
Q93873,val
Q93890,train
Q93899,val
Q93903,train
Q93971,train
Q94045,test
Q94051,val
Q94071,train
Q94124,test
Q94125,val
Q94126,test
Q94128,train
Q94129,test
Q94130,val
Q94131,train
Q94148,train
Q94165,train
Q94166,val
Q94175,train
Q94177,train
Q94218,train
Q94225,val
Q94230,train
Q94231,train
Q94234,test
Q94250,train
Q94251,test
Q94252,train
Q94263,train
Q94272,train
Q94316,train
Q94361,val
Q94392,val
Q94398,val
Q94402,val
Q94407,val
Q94417,train
Q94420,val
Q94421,train
Q94424,train
Q94511,train
Q94514,train
Q94515,train
Q94516,train
Q94517,test
Q94518,train
Q94519,test
Q94521,train
Q94522,test
Q94523,train
Q94524,val
Q94526,train
Q94527,train
Q94529,train
Q94535,train
Q94545,test
Q94546,val
Q94547,train
Q94550,train
Q94570,train
Q94587,train
Q94613,train
Q94624,test
Q94637,train
Q94676,train
Q94733,train
Q94738,test
Q94741,val
Q94743,val
Q94748,train
Q94757,val
Q94758,test
Q94823,train
Q94887,train
Q94890,test
Q94899,train
Q94900,val
Q94901,test
Q94913,train
Q94915,test
Q94918,val
Q94920,test
Q94972,train
Q94981,train
Q94984,train
Q94986,train
Q94999,train
Q94N24,train
Q94NF7,val
Q94NW9,val
Q94NY9,train
Q94P36,train
Q94RJ2,train
Q94SA4,val
Q94SK8,train
Q94SZ7,train
Q94T21,train
Q94T42,test
Q94T68,train
Q94TE4,train
Q94TI3,train
Q94UY0,train
Q94V92,test
Q94VC3,test
Q94VE5,train
Q94VI4,train
Q94VJ5,train
Q94VJ9,val
Q94VK0,train
Q94VK5,val
Q94YC5,train
Q94ZD1,train
Q94ZK8,train
Q94ZL2,test
Q95003,train
Q95005,train
Q95008,train
Q95017,val
Q95028,train
Q95029,train
Q95031,train
Q95043,train
Q95044,train
Q95078,test
Q95083,train
Q95086,train
Q95104,train
Q95108,test
Q95114,val
Q95116,train
Q95118,train
Q95119,test
Q95120,test
Q95121,train
Q95122,train
Q95123,test
Q95125,train
Q95132,train
Q95135,train
Q95141,val
Q95152,train
Q95153,val
Q95154,train
Q95155,test
Q95156,train
Q95157,train
Q95158,test
Q95165,train
Q95168,train
Q95171,train
Q95179,train
Q95181,train
Q95182,train
Q95187,train
Q95192,train
Q95196,train
Q95204,train
Q95207,val
Q95208,val
Q95212,train
Q95216,train
Q95218,test
Q95222,train
Q95223,train
Q95230,train
Q95235,val
Q95241,train
Q95242,val
Q95250,train
Q95253,test
Q95267,train
Q95281,train
Q95323,train
Q95327,train
Q95328,train
Q95330,train
Q95333,test
Q95334,train
Q95335,test
Q95336,val
Q95337,train
Q95339,train
Q95342,train
Q953H3,val
Q953I3,val
Q953I4,train
Q953I6,train
Q953J5,test
Q953J9,train
Q953K8,train
Q953L2,train
Q955T4,train
Q956S6,test
Q95704,train
Q95705,val
Q95706,train
Q95708,train
Q95709,train
Q95710,train
Q957D1,train
Q95881,train
Q95885,train
Q95910,train
Q95912,val
Q95913,train
Q95915,train
Q95916,train
Q95917,train
Q95918,val
Q95919,test
Q95920,train
Q95A26,train
Q95IT1,train
Q95IT3,train
Q95J40,train
Q95J46,train
Q95J53,train
Q95J56,train
Q95J68,train
Q95J75,train
Q95J76,train
Q95J79,train
Q95J82,train
Q95J85,test
Q95J88,train
Q95JB9,train
Q95JC7,train
Q95JC8,train
Q95JC9,test
Q95JD3,test
Q95JD4,train
Q95JD5,train
Q95JH5,train
Q95JH7,train
Q95JI2,train
Q95JI3,train
Q95JI7,val
Q95JI9,train
Q95JJ0,val
Q95JJ2,train
Q95JJ5,train
Q95JK1,val
Q95JK3,train
Q95JK4,train
Q95JK8,train
Q95JL5,train
Q95JL6,train
Q95JM8,train
Q95JN2,train
Q95JN5,train
Q95JP0,val
Q95JP5,train
Q95JQ1,train
Q95JR0,train
Q95JR3,train
Q95JR4,train
Q95JR7,train
Q95JS9,train
Q95JT3,train
Q95JU3,train
Q95JV3,train
Q95JV5,test
Q95JW1,train
Q95JW2,train
Q95JX4,train
Q95JY0,test
Q95JY5,test
Q95JY7,test
Q95K04,val
Q95K21,train
Q95K25,val
Q95K30,test
Q95K37,test
Q95K40,test
Q95K48,train
Q95K49,train
Q95K52,train
Q95K60,test
Q95K63,train
Q95K75,train
Q95K79,train
Q95KA2,train
Q95KA5,train
Q95KB0,test
Q95KC3,test
Q95KC9,test
Q95KD0,train
Q95KD7,train
Q95KE5,test
Q95KF1,val
Q95KG7,train
Q95KH4,train
Q95KI3,train
Q95KI4,val
Q95KI5,test
Q95KJ2,train
Q95KN1,test
Q95KU9,train
Q95KV1,train
Q95KV7,train
Q95KW8,train
Q95L04,train
Q95L14,train
Q95L39,val
Q95L73,train
Q95L74,test
Q95L87,train
Q95L88,train
Q95LA0,train
Q95LA1,val
Q95LA2,val
Q95LB0,val
Q95LB4,train
Q95LC6,train
Q95LD9,train
Q95LF0,val
Q95LF5,train
Q95LG1,train
Q95LG5,train
Q95LH0,train
Q95LH1,train
Q95LI2,train
Q95LI5,train
Q95LI7,val
Q95LI8,train
Q95LL3,val
Q95LL7,train
Q95LL8,train
Q95LM0,train
Q95LN2,test
Q95LN3,val
Q95LN5,train
Q95LP1,test
Q95LP4,test
Q95LP5,train
Q95LR0,train
Q95LR4,train
Q95LR6,test
Q95LT1,train
Q95LT8,val
Q95LU0,test
Q95LU3,train
Q95LV1,train
Q95LY3,train
Q95LZ5,train
Q95M12,val
Q95M17,train
Q95M19,val
Q95M30,train
Q95M33,train
Q95M61,train
Q95M66,train
Q95M72,train
Q95M75,train
Q95MH5,train
Q95MH6,train
Q95MI1,val
Q95MI5,val
Q95MI6,test
Q95MM9,test
Q95MN4,train
Q95MN6,train
Q95MP2,train
Q95MQ5,test
Q95N00,test
Q95N01,train
Q95N02,val
Q95N03,test
Q95N78,train
Q95ND4,train
Q95ND5,train
Q95ND7,train
Q95NE0,val
Q95NH6,train
Q95NJ8,train
Q95NK7,train
Q95NM6,val
Q95NN1,train
Q95NT6,test
Q95NU5,train
Q95NY5,train
Q95NZ0,train
Q95P04,train
Q95P07,train
Q95P08,test
Q95P09,test
Q95P23,val
Q95P48,train
Q95P51,val
Q95P65,test
Q95P88,test
Q95P90,train
Q95PA1,train
Q95PJ8,train
Q95PM9,test
Q95PP1,train
Q95PU1,train
Q95PX3,train
Q95PZ0,train
Q95PZ2,train
Q95PZ9,train
Q95Q00,train
Q95Q11,train
Q95Q17,train
Q95Q18,test
Q95Q27,test
Q95Q34,train
Q95Q39,train
Q95Q62,train
Q95Q89,train
Q95Q98,val
Q95QA6,train
Q95QC4,val
Q95QD1,train
Q95QD7,val
Q95QG8,test
Q95QI7,train
Q95QK3,train
Q95QN6,val
Q95QT2,train
Q95QT8,train
Q95QU0,test
Q95QV8,train
Q95QW0,train
Q95QW4,train
Q95QY7,train
Q95QZ5,train
Q95QZ9,train
Q95R14,train
Q95R48,val
Q95RA8,train
Q95RA9,train
Q95RC0,train
Q95RG8,train
Q95RI5,train
Q95RJ9,test
Q95RN0,train
Q95RQ4,train
Q95RQ8,val
Q95RR8,train
Q95RV2,test
Q95RW8,train
Q95RX5,train
Q95SK3,test
Q95SP2,train
Q95SS8,train
Q95SX7,train
Q95SX8,train
Q95T10,train
Q95T19,test
Q95T64,train
Q95TJ9,train
Q95TN1,test
Q95TN4,train
Q95TS5,train
Q95TU8,train
Q95U54,train
Q95UE8,train
Q95UN8,train
Q95US5,train
Q95V11,train
Q95V25,train
Q95V31,train
Q95V34,test
Q95V39,val
Q95V58,train
Q95V77,train
Q95V94,train
Q95VA8,train
Q95VE9,train
Q95VP2,train
Q95VP3,train
Q95VY2,train
Q95W85,train
Q95W86,train
Q95WA0,val
Q95WD1,val
Q95WD3,train
Q95WY5,test
Q95WY7,test
Q95WZ4,train
Q95X01,train
Q95X35,train
Q95X44,train
Q95X91,train
Q95X94,test
Q95XA8,train
Q95XD0,val
Q95XD3,train
Q95XG7,val
Q95XG8,test
Q95XG9,test
Q95XM2,train
Q95XN2,train
Q95XP4,train
Q95XP7,val
Q95XP9,test
Q95XQ1,train
Q95XQ8,train
Q95XR2,train
Q95XR4,train
Q95XU6,test
Q95XX0,train
Q95XX1,val
Q95XZ0,train
Q95XZ5,train
Q95XZ6,train
Q95Y04,val
Q95Y12,train
Q95Y36,train
Q95Y41,test
Q95Y52,train
Q95Y71,train
Q95Y72,train
Q95Y80,val
Q95Y82,train
Q95Y83,train
Q95Y84,val
Q95Y89,val
Q95Y90,train
Q95YD4,train
Q95YE2,train
Q95YE9,train
Q95YF0,train
Q95YF3,val
Q95YI3,train
Q95YI5,train
Q95YJ5,train
Q95YM8,train
Q95YM9,val
Q95ZE8,train
Q95ZI6,train
Q95ZJ1,train
Q95ZK7,train
Q95ZL9,train
Q95ZN4,train
Q95ZQ4,train
Q95ZS0,train
Q95ZS2,train
Q95ZV7,train
Q95ZY0,train
Q95ZY1,test
Q95ZY2,val
Q95ZY4,train
Q96061,train
Q96063,train
Q96067,train
Q96068,val
Q96069,train
Q96070,train
Q960A0,train
Q960A1,val
Q960C5,train
Q960E8,val
Q960N3,train
Q960T2,val
Q960V3,val
Q960W6,test
Q960X4,test
Q960X8,train
Q960Z0,test
Q96126,train
Q96182,train
Q96183,train
Q96186,train
Q961C9,test
Q961D9,train
Q961G1,train
Q961J5,train
Q962A2,train
Q962A9,train
Q962B2,test
Q962Q6,train
Q962Q8,train
Q962R1,val
Q962R2,train
Q962R9,test
Q962S0,train
Q962S4,test
Q962S5,test
Q962S7,train
Q962T1,train
Q962T2,train
Q962T5,test
Q962U0,train
Q962U1,test
Q962U2,train
Q962V9,val
Q962Y8,val
Q963B0,test
Q963B6,train
Q963B7,train
Q963C3,train
Q963D9,val
Q963F7,train
Q964Q7,test
Q964R0,train
Q964R1,train
Q964T1,train
Q964T2,train
Q965E2,train
Q965G5,test
Q965H3,train
Q965M2,test
Q965Q4,train
Q965Q8,val
Q965S0,train
Q965T1,train
Q965T6,val
Q965W1,train
Q965W2,train
Q965W9,val
Q965X6,test
Q965X7,test
Q965X9,train
Q966A0,train
Q966C6,train
Q966I0,train
Q966L3,train
Q966L5,train
Q966L8,train
Q966L9,val
Q966M5,train
Q966M6,train
Q966V2,train
Q966W3,train
Q966Y3,train
Q967D7,train
Q967R6,train
Q967S7,train
Q967W0,train
Q968A5,val
Q968Y9,train
Q969A1,train
Q969D9,test
Q969E3,val
Q969E4,val
Q969E8,train
Q969F0,train
Q969F1,val
Q969F2,train
Q969F8,val
Q969F9,train
Q969G2,test
Q969G5,train
Q969G6,val
Q969G9,train
Q969H4,train
Q969H6,train
Q969H9,train
Q969I3,train
Q969I6,train
Q969J2,val
Q969J5,train
Q969K3,val
Q969K7,test
Q969M1,train
Q969M2,test
Q969M3,train
Q969M7,train
Q969N2,train
Q969N4,train
Q969P0,train
Q969Q4,train
Q969Q5,train
Q969R2,train
Q969S0,train
Q969S3,val
Q969S8,val
Q969T9,test
Q969U6,train
Q969U7,train
Q969V4,val
Q969V5,train
Q969V6,train
Q969W0,train
Q969W3,train
Q969W9,train
Q969X0,train
Q969X1,train
Q969X6,test
Q969Y0,val
Q969Y2,train
Q969Z0,train
Q96A00,train
Q96A05,train
Q96A08,val
Q96A09,train
Q96A22,test
Q96A25,train
Q96A28,test
Q96A29,test
Q96A35,train
Q96A46,train
Q96A47,train
Q96A49,train
Q96A54,train
Q96A56,train
Q96A57,train
Q96A58,test
Q96A59,train
Q96A61,test
Q96A65,train
Q96A70,test
Q96A83,test
Q96A84,val
Q96A99,train
Q96AA3,train
Q96AA8,train
Q96AB6,train
Q96AC1,train
Q96AC6,train
Q96AD5,train
Q96AE7,train
Q96AG3,train
Q96AH0,train
Q96AH8,train
Q96AJ9,train
Q96AK3,train
Q96AM1,train
Q96AN5,train
Q96AP0,train
Q96AQ1,train
Q96AQ2,test
Q96AQ6,test
Q96AQ7,train
Q96AQ8,val
Q96AQ9,train
Q96AT1,train
Q96AT9,train
Q96AV8,train
Q96AW1,train
Q96AX1,train
Q96AX9,train
Q96AY2,train
Q96AY3,train
Q96B01,test
Q96B18,test
Q96B21,train
Q96B23,train
Q96B26,train
Q96B33,test
Q96B36,test
Q96B42,train
Q96B54,train
Q96B70,val
Q96B77,train
Q96B86,val
Q96B96,val
Q96B97,test
Q96BD0,train
Q96BD5,train
Q96BD6,train
Q96BD8,train
Q96BF3,train
Q96BF6,test
Q96BH1,train
Q96BH3,test
Q96BI1,test
Q96BI3,train
Q96BJ8,train
Q96BK5,train
Q96BM0,train
Q96BM1,test
Q96BN2,train
Q96BN6,train
Q96BN8,train
Q96BP2,test
Q96BP3,train
Q96BQ1,train
Q96BQ5,val
Q96BR6,train
Q96BT1,train
Q96BU1,train
Q96BV0,train
Q96BW9,test
Q96BX8,test
Q96BZ4,test
Q96BZ8,train
Q96C00,train
Q96C01,val
Q96C10,train
Q96C11,train
Q96C12,train
Q96C24,train
Q96C28,train
Q96C34,train
Q96C36,test
Q96C45,val
Q96C55,test
Q96C57,train
Q96C86,val
Q96C92,train
Q96CA5,val
Q96CB5,test
Q96CB9,train
Q96CC6,train
Q96CD0,train
Q96CD2,train
Q96CF2,val
Q96CG3,train
Q96CH1,train
Q96CJ1,train
Q96CM3,val
Q96CM4,val
Q96CN4,test
Q96CN5,train
Q96CN7,val
Q96CN9,train
Q96CP7,train
Q96CQ1,train
Q96CS2,train
Q96CS4,train
Q96CT2,val
Q96CT7,train
Q96CW6,train
Q96CW9,train
Q96CX2,train
Q96D15,train
Q96D42,val
Q96D46,train
Q96D53,test
Q96D59,train
Q96D70,test
Q96D96,val
Q96D98,train
Q96DA0,train
Q96DA2,train
Q96DA6,test
Q96DB2,train
Q96DB9,train
Q96DC7,train
Q96DC8,train
Q96DE0,train
Q96DE5,train
Q96DF8,train
Q96DH6,train
Q96DL1,train
Q96DM1,train
Q96DN0,train
Q96DN2,train
Q96DP5,train
Q96DR4,test
Q96DR5,train
Q96DR7,train
Q96DR8,train
Q96DS6,test
Q96DT0,train
Q96DT7,train
Q96DU3,train
Q96DU7,test
Q96DU9,test
Q96DW6,train
Q96DX4,test
Q96DX5,train
Q96DX8,val
Q96DY2,train
Q96DY7,train
Q96DZ1,train
Q96DZ5,train
Q96DZ7,train
Q96DZ9,train
Q96E11,train
Q96E14,test
Q96E16,val
Q96E22,train
Q96E29,train
Q96E35,train
Q96E40,test
Q96E52,val
Q96E93,train
Q96EB1,train
Q96EB6,train
Q96ED9,train
Q96EE4,train
Q96EF0,train
Q96EF6,train
Q96EF9,val
Q96EG1,train
Q96EG3,train
Q96EH3,train
Q96EH8,train
Q96EK2,train
Q96EK6,val
Q96EK7,test
Q96EK9,train
Q96EL1,train
Q96EL2,train
Q96EL3,train
Q96EM0,train
Q96EN8,val
Q96EN9,train
Q96EP0,train
Q96EP1,test
Q96EP9,train
Q96EQ9,train
Q96ER3,train
Q96ER9,test
Q96ES6,test
Q96ET8,train
Q96EU6,train
Q96EV2,train
Q96EV8,val
Q96EW2,train
Q96EX3,train
Q96EY1,train
Q96EY4,train
Q96EY5,train
Q96EY8,train
Q96EY9,train
Q96EZ4,train
Q96F05,test
Q96F10,train
Q96F15,val
Q96F25,test
Q96F44,train
Q96F45,train
Q96F46,test
Q96F63,val
Q96F81,train
Q96F83,test
Q96F85,val
Q96FA3,train
Q96FA7,train
Q96FC7,train
Q96FC9,train
Q96FE5,train
Q96FF7,val
Q96FF9,train
Q96FG2,val
Q96FH0,val
Q96FI4,test
Q96FN4,val
Q96FN5,test
Q96FN9,train
Q96FQ7,train
Q96FS4,train
Q96FT9,train
Q96FV0,train
Q96FV2,train
Q96FV3,train
Q96FV9,train
Q96FZ2,val
Q96FZ5,train
Q96G21,val
Q96G27,train
Q96G28,val
Q96G30,val
Q96G42,train
Q96G46,train
Q96G74,test
Q96G91,val
Q96G97,train
Q96GA7,test
Q96GC5,train
Q96GD3,train
Q96GE4,train
Q96GE5,train
Q96GE6,train
Q96GE9,train
Q96GG9,train
Q96GI7,train
Q96GL9,train
Q96GN5,train
Q96GP6,train
Q96GS4,test
Q96GT9,train
Q96GU1,train
Q96GW7,train
Q96GW9,train
Q96GX1,train
Q96GX5,train
Q96GX8,train
Q96GX9,train
Q96GY0,test
Q96GZ6,train
Q96H15,train
Q96H22,train
Q96H40,train
Q96H55,train
Q96H72,test
Q96H79,train
Q96H86,train
Q96H96,train
Q96HA4,test
Q96HA7,train
Q96HA8,test
Q96HA9,train
Q96HB5,train
Q96HC4,test
Q96HD9,train
Q96HE8,train
Q96HE9,val
Q96HF1,test
Q96HG1,train
Q96HH4,train
Q96HH9,train
Q96HJ3,train
Q96HJ5,test
Q96HM7,train
Q96HP8,val
Q96HQ0,train
Q96HR8,test
Q96HR9,train
Q96HS1,train
Q96HU8,val
Q96HV5,test
Q96HW7,train
Q96HZ4,train
Q96I15,test
Q96I23,test
Q96I24,train
Q96I25,train
Q96I27,val
Q96I34,train
Q96I36,test
Q96I45,train
Q96I59,train
Q96I76,val
Q96I82,train
Q96ID5,train
Q96IF1,train
Q96II8,train
Q96IK0,val
Q96IK1,train
Q96IK5,train
Q96IL0,train
Q96IM9,train
Q96IP4,train
Q96IQ7,train
Q96IQ9,train
Q96IR2,train
Q96IR3,train
Q96IR7,train
Q96IS3,train
Q96IT1,train
Q96IT6,train
Q96IU2,train
Q96IW2,train
Q96IW7,test
Q96IX9,train
Q96IY1,train
Q96IY4,train
Q96IZ0,train
Q96IZ2,val
Q96IZ5,train
Q96IZ6,test
Q96IZ7,train
Q96J01,train
Q96J42,train
Q96J65,train
Q96J66,train
Q96J77,train
Q96J84,train
Q96J86,train
Q96J88,test
Q96J92,val
Q96J94,train
Q96JA1,train
Q96JA4,train
Q96JB3,train
Q96JB5,test
Q96JB6,train
Q96JB8,train
Q96JC1,val
Q96JC4,train
Q96JC9,train
Q96JE7,train
Q96JE9,train
Q96JF6,train
Q96JG8,train
Q96JH7,train
Q96JH8,train
Q96JK2,train
Q96JK4,train
Q96JK9,train
Q96JL9,train
Q96JM3,train
Q96JM4,train
Q96JM7,train
Q96JN0,train
Q96JN2,train
Q96JN8,test
Q96JP0,train
Q96JP5,train
Q96JP9,train
Q96JQ2,test
Q96JQ5,test
Q96JS3,test
Q96JX3,train
Q96JZ2,train
Q96K12,train
Q96K17,val
Q96K19,train
Q96K21,train
Q96K30,train
Q96K31,train
Q96K49,train
Q96K58,val
Q96K62,train
Q96K75,train
Q96K76,test
Q96K78,train
Q96K80,train
Q96KA5,train
Q96KB5,train
Q96KC8,train
Q96KC9,train
Q96KD3,train
Q96KE9,train
Q96KF2,train
Q96KF7,train
Q96KG7,val
Q96KG9,train
Q96KJ4,train
Q96KJ9,val
Q96KK4,train
Q96KM6,test
Q96KN1,val
Q96KN2,val
Q96KN7,test
Q96KN8,val
Q96KP4,train
Q96KP6,val
Q96KQ7,test
Q96KR4,test
Q96KR6,train
Q96KR7,train
Q96KS0,train
Q96KS9,train
Q96KT0,train
Q96KT6,train
Q96KT7,train
Q96KV6,train
Q96KV7,train
Q96KW2,val
Q96KW9,train
Q96KX0,test
Q96KX1,train
Q96L08,train
Q96L11,train
Q96L12,test
Q96L14,train
Q96L15,train
Q96L34,train
Q96L50,train
Q96L58,train
Q96L93,train
Q96L94,train
Q96L96,train
Q96LA5,train
Q96LA6,train
Q96LA8,train
Q96LA9,train
Q96LB2,train
Q96LB3,val
Q96LB4,train
Q96LB8,train
Q96LB9,train
Q96LC7,train
Q96LC9,train
Q96LD1,train
Q96LD4,train
Q96LD8,test
Q96LI5,train
Q96LI6,test
Q96LI9,val
Q96LJ7,train
Q96LJ8,train
Q96LK8,train
Q96LL3,val
Q96LL4,test
Q96LL9,train
Q96LM1,test
Q96LM5,test
Q96LM6,test
Q96LM9,train
Q96LP2,train
Q96LP6,train
Q96LQ0,val
Q96LR2,train
Q96LR7,train
Q96LR9,train
Q96LS8,train
Q96LT4,train
Q96LU7,test
Q96LW1,test
Q96LW2,train
Q96LW4,train
Q96LW7,val
Q96LW9,train
Q96LX7,train
Q96LX8,val
Q96LZ2,train
Q96LZ3,train
Q96M02,train
Q96M15,train
Q96M19,val
Q96M20,val
Q96M27,train
Q96M32,train
Q96M34,train
Q96M42,train
Q96M43,train
Q96M53,train
Q96M60,val
Q96M61,train
Q96M63,test
Q96M66,train
Q96M69,test
Q96M78,test
Q96M83,train
Q96M85,train
Q96M91,train
Q96M93,train
Q96M95,test
Q96M96,test
Q96M98,train
Q96MA1,test
Q96MC4,train
Q96MC6,train
Q96MC9,train
Q96MD7,test
Q96ME1,train
Q96MF0,train
Q96MF4,train
Q96MF6,val
Q96MF7,train
Q96MG2,test
Q96MG7,train
Q96MH2,train
Q96MH6,train
Q96MH7,train
Q96MI6,train
Q96MI9,test
Q96MK2,train
Q96MK3,train
Q96MM3,train
Q96MM7,train
Q96MN2,train
Q96MN9,train
Q96MP5,train
Q96MR6,train
Q96MR7,train
Q96MR9,train
Q96MS0,val
Q96MT0,train
Q96MT1,test
Q96MT3,test
Q96MT4,train
Q96MT7,test
Q96MU5,train
Q96MU6,test
Q96MU7,train
Q96MV1,train
Q96MW1,train
Q96MW5,train
Q96MW7,train
Q96MX0,train
Q96MX3,train
Q96MX6,train
Q96MY7,train
Q96MZ0,val
Q96MZ4,train
Q96N03,val
Q96N06,train
Q96N20,train
Q96N21,train
Q96N22,train
Q96N35,val
Q96N38,train
Q96N46,train
Q96N53,train
Q96N58,train
Q96N64,test
Q96N66,train
Q96N67,train
Q96N68,train
Q96N77,train
Q96N87,val
Q96N95,train
Q96N96,test
Q96NA2,train
Q96NA8,train
Q96NB1,train
Q96NB3,train
Q96ND8,train
Q96NG3,val
Q96NG5,train
Q96NG8,test
Q96NH3,train
Q96NI8,train
Q96NJ1,train
Q96NJ3,train
Q96NJ5,train
Q96NJ6,test
Q96NK8,val
Q96NL1,test
Q96NL3,train
Q96NL6,train
Q96NL8,test
Q96NM4,train
Q96NR3,train
Q96NR7,test
Q96NS5,train
Q96NS8,val
Q96NT0,train
Q96NT1,test
Q96NT5,train
Q96NU0,val
Q96NU1,train
Q96NW7,train
Q96NX5,train
Q96NX9,train
Q96NY7,train
Q96NY9,val
Q96NZ1,train
Q96NZ8,train
Q96NZ9,test
Q96P11,train
Q96P15,train
Q96P26,test
Q96P31,train
Q96P44,train
Q96P47,train
Q96P48,train
Q96P50,test
Q96P56,train
Q96P63,train
Q96P65,val
Q96P66,train
Q96P67,train
Q96P68,train
Q96P69,test
Q96P70,train
Q96P71,train
Q96P88,train
Q96PB8,train
Q96PC2,train
Q96PC5,train
Q96PD2,train
Q96PD4,val
Q96PD5,train
Q96PD6,train
Q96PE1,val
Q96PE2,train
Q96PE6,val
Q96PE7,val
Q96PF1,train
Q96PF2,train
Q96PG1,train
Q96PG8,val
Q96PH1,val
Q96PH6,train
Q96PI1,train
Q96PJ5,train
Q96PK6,train
Q96PL1,train
Q96PL2,train
Q96PL5,test
Q96PM9,train
Q96PN6,train
Q96PN7,val
Q96PP8,train
Q96PP9,test
Q96PQ0,train
Q96PQ5,val
Q96PQ6,train
Q96PQ7,train
Q96PR1,train
Q96PS1,val
Q96PS6,train
Q96PS8,val
Q96PU4,train
Q96PV4,test
Q96PV7,train
Q96PX6,train
Q96PX9,train
Q96PY0,train
Q96PY6,train
Q96PZ2,train
Q96Q04,test
Q96Q06,train
Q96Q07,train
Q96Q11,train
Q96Q35,test
Q96Q40,test
Q96Q45,train
Q96Q80,val
Q96Q83,train
Q96Q89,train
Q96Q91,val
Q96QA5,val
Q96QA6,train
Q96QB1,train
Q96QD5,val
Q96QD8,train
Q96QE2,train
Q96QE3,train
Q96QE4,test
Q96QE5,val
Q96QF7,test
Q96QH2,train
Q96QH8,train
Q96QP1,train
Q96QR1,train
Q96QR8,train
Q96QS1,train
Q96QS6,train
Q96QU1,train
Q96QU4,train
Q96QU6,val
Q96QV1,train
Q96R05,train
Q96R06,train
Q96R08,train
Q96R09,train
Q96R27,train
Q96R30,train
Q96R45,train
Q96R47,test
Q96R48,train
Q96R54,train
Q96R67,test
Q96R72,train
Q96R84,train
Q96RA2,train
Q96RB7,train
Q96RC9,train
Q96RD0,train
Q96RD1,train
Q96RD2,train
Q96RD3,train
Q96RD7,train
Q96RD9,val
Q96RE7,train
Q96RE9,test
Q96RF0,train
Q96RG2,train
Q96RI0,train
Q96RI9,train
Q96RJ0,train
Q96RJ3,train
Q96RJ6,test
Q96RK1,train
Q96RL1,train
Q96RL6,train
Q96RN1,train
Q96RN5,train
Q96RP3,test
Q96RP7,val
Q96RP8,train
Q96RQ1,train
Q96RQ3,test
Q96RQ9,train
Q96RR1,train
Q96RS0,val
Q96RT1,train
Q96RT6,train
Q96RT7,train
Q96RT8,val
Q96RU2,train
Q96RU7,test
Q96RU8,test
Q96RY5,val
Q96RY7,val
Q96S06,test
Q96S15,train
Q96S16,train
Q96S19,train
Q96S21,train
Q96S37,test
Q96S38,train
Q96S42,train
Q96S44,val
Q96S53,train
Q96S65,train
Q96S66,train
Q96S79,train
Q96S82,train
Q96S86,train
Q96S96,train
Q96SA4,val
Q96SB3,train
Q96SB8,train
Q96SE0,train
Q96SE7,val
Q96SF2,test
Q96SF7,val
Q96SJ8,train
Q96SK3,train
Q96SL8,train
Q96SM3,val
Q96SQ5,train
Q96SQ7,train
Q96SQ9,train
Q96SR6,val
Q96ST2,train
Q96ST3,train
Q96ST8,train
Q96SU4,train
Q96SZ4,train
Q96SZ5,val
Q96SZ6,train
Q96T17,val
Q96T21,train
Q96T23,train
Q96T25,test
Q96T49,train
Q96T51,train
Q96T53,test
Q96T54,train
Q96T55,val
Q96T59,train
Q96T60,train
Q96T66,train
Q96T68,train
Q96T75,test
Q96T83,test
Q96T88,train
Q96T92,train
Q96TA0,train
Q96TA1,train
Q96TA2,train
Q98848,train
Q98855,train
Q98862,train
Q98864,train
Q98875,train
Q98876,train
Q98877,train
Q98878,val
Q98879,train
Q98880,test
Q98892,train
Q98893,train
Q98894,train
Q98895,train
Q98902,train
Q98910,train
Q98917,val
Q98919,train
Q98925,test
Q98931,train
Q98936,val
Q98937,val
Q98938,val
Q98943,test
Q98949,train
Q98953,train
Q98957,train
Q98965,test
Q98980,test
Q98982,val
Q98989,val
Q98993,train
Q98995,train
Q98998,train
Q98SH2,train
Q98SH9,val
Q98SI1,val
Q98SJ2,train
Q98SJ5,train
Q98SK0,train
Q98SN7,train
Q98SP7,train
Q98SR9,train
Q98ST5,train
Q98ST6,train
Q98ST7,train
Q98SV0,train
Q98SV1,train
Q98SW2,train
Q98T88,train
Q98T91,train
Q98T94,train
Q98TA4,val
Q98TA5,test
Q98TA8,train
Q98TB4,val
Q98TR3,test
Q98TT6,val
Q98TU0,train
Q98TW1,val
Q98TX1,train
Q98TX3,train
Q98TY6,train
Q98TZ8,train
Q98UD2,test
Q98UF7,train
Q98UF9,train
Q98UI9,train
Q98UK4,train
Q98UK5,train
Q99004,train
Q99013,train
Q99020,test
Q99041,train
Q99062,train
Q99068,val
Q99075,train
Q99088,train
Q99134,test
Q99217,test
Q99218,train
Q99244,test
Q99246,train
Q99259,train
Q99323,train
Q99372,train
Q99376,train
Q99388,train
Q99417,train
Q99424,val
Q99426,val
Q99437,train
Q99439,train
Q99440,train
Q99445,train
Q99453,train
Q99456,val
Q99457,train
Q99463,test
Q99466,train
Q99467,train
Q99469,train
Q99471,train
Q99487,train
Q99489,train
Q99496,train
Q99500,train
Q99501,train
Q99504,test
Q99518,val
Q99525,test
Q99527,train
Q99536,val
Q99538,train
Q99541,train
Q99542,train
Q99547,train
Q99549,val
Q99550,train
Q99558,test
Q99567,train
Q99571,train
Q99572,train
Q99574,train
Q99575,train
Q99576,val
Q99583,train
Q99590,train
Q99594,train
Q99598,val
Q99603,test
Q99607,train
Q99608,train
Q99611,train
Q99614,train
Q99615,train
Q99616,train
Q99618,train
Q99619,test
Q99624,val
Q99627,test
Q99633,train
Q99640,train
Q99643,test
Q99650,train
Q99665,train
Q99674,train
Q99675,train
Q99676,test
Q99678,train
Q99679,test
Q99680,train
Q99685,test
Q99687,train
Q99689,train
Q99700,train
Q99704,train
Q99705,test
Q99706,val
Q99708,train
Q99714,train
Q99719,train
Q99720,train
Q99726,val
Q99727,train
Q99728,train
Q99729,test
Q99731,train
Q99732,train
Q99735,val
Q99741,test
Q99742,train
Q99743,train
Q99748,train
Q99750,train
Q99755,train
Q99757,train
Q99758,train
Q99759,train
Q99766,train
Q99788,test
Q99795,train
Q99801,test
Q99805,train
Q99807,train
Q99808,val
Q99811,train
Q99814,train
Q99816,val
Q99819,train
Q99832,train
Q99835,train
Q99848,val
Q99853,val
Q99856,train
Q99871,test
Q99873,train
Q99895,val
Q99909,test
Q99929,train
Q99932,train
Q99933,train
Q99935,test
Q99941,train
Q99943,train
Q99944,train
Q99952,val
Q99954,train
Q99956,train
Q99959,train
Q99962,test
Q99963,train
Q99966,train
Q99972,train
Q99983,test
Q99985,train
Q99986,train
Q99990,train
Q99999,train
Q99J19,test
Q99J23,train
Q99J25,train
Q99J36,train
Q99J38,train
Q99J39,train
Q99J47,test
Q99J59,train
Q99J64,train
Q99J77,train
Q99J79,train
Q99J85,train
Q99J86,train
Q99J87,train
Q99J93,train
Q99J94,train
Q99J99,train
Q99JA2,val
Q99JA8,train
Q99JB0,train
Q99JB4,train
Q99JB6,test
Q99JB7,val
Q99JD2,train
Q99JD3,train
Q99JF5,val
Q99JF8,train
Q99JG3,train
Q99JG7,train
Q99JL1,train
Q99JR5,train
Q99JR6,test
Q99JR8,train
Q99JS0,val
Q99JT1,train
Q99JT5,test
Q99JT6,val
Q99JT9,train
Q99JU7,train
Q99JV5,train
Q99JW2,train
Q99JW4,train
Q99JW5,train
Q99JX1,train
Q99JX3,test
Q99JY1,train
Q99JY3,train
Q99JY4,train
Q99JY6,test
Q99JZ0,train
Q99K01,train
Q99K10,val
Q99K30,train
Q99K41,train
Q99K43,train
Q99K46,train
Q99K70,train
Q99K99,val
Q99KB8,train
Q99KC7,train
Q99KC8,test
Q99KE1,val
Q99KE8,train
Q99KF0,train
Q99KG7,train
Q99KH8,train
Q99KJ0,val
Q99KJ5,train
Q99KK1,test
Q99KK9,train
Q99KN1,val
Q99KN2,train
Q99KR3,train
Q99KR6,train
Q99KR7,train
Q99KR8,train
Q99KS2,test
Q99KU1,train
Q99KV1,train
Q99KW3,train
Q99KW9,train
Q99KX1,train
Q99L00,train
Q99L04,train
Q99L13,train
Q99L20,train
Q99L27,train
Q99L45,train
Q99L85,train
Q99L88,train
Q99L90,train
Q99LB0,train
Q99LB2,train
Q99LB7,test
Q99LD8,train
Q99LE2,train
Q99LE6,train
Q99LF1,train
Q99LG0,val
Q99LG1,train
Q99LG2,train
Q99LG4,train
Q99LH1,train
Q99LI2,train
Q99LI5,train
Q99LJ0,val
Q99LJ1,train
Q99LJ2,train
Q99LJ5,test
Q99LJ6,train
Q99LJ8,train
Q99LL3,train
Q99LL5,train
Q99LM2,train
Q99LM3,val
Q99LP6,val
Q99LQ1,train
Q99LQ4,val
Q99LS0,train
Q99LW0,train
Q99LW6,test
Q99LX5,train
Q99LY2,train
Q99LY9,train
Q99M01,train
Q99M03,train
Q99M08,train
Q99M15,train
Q99M51,train
Q99M54,test
Q99M66,train
Q99M71,train
Q99M73,train
Q99M74,train
Q99M87,train
Q99MA0,train
Q99MB1,val
Q99MB2,train
Q99MC0,train
Q99MD6,train
Q99MD8,val
Q99MD9,train
Q99ME2,val
Q99ME3,test
Q99MF4,test
Q99MF5,train
Q99MG7,val
Q99MH3,train
Q99MH5,train
Q99MH6,test
Q99MI6,train
Q99MJ6,test
Q99MJ9,train
Q99MK9,train
Q99ML2,train
Q99ML5,val
Q99ML8,train
Q99ML9,train
Q99MM4,test
Q99MP3,train
Q99MP5,test
Q99MP8,test
Q99MQ3,train
Q99MQ4,val
Q99MR0,test
Q99MR9,train
Q99MS3,train
Q99MS4,train
Q99MS7,val
Q99MS8,train
Q99MT2,val
Q99MT6,train
Q99MT7,val
Q99MT8,train
Q99MU0,test
Q99MU1,train
Q99MV1,train
Q99MV2,test
Q99MV5,train
Q99MV7,train
Q99MW1,train
Q99MW3,train
Q99MX0,val
Q99MX1,test
Q99MX2,train
Q99MX7,train
Q99MY0,train
Q99MZ3,train
Q99MZ6,train
Q99MZ7,train
Q99N01,train
Q99N03,test
Q99N05,train
Q99N07,train
Q99N08,train
Q99N09,train
Q99N10,test
Q99N13,val
Q99N14,train
Q99N23,train
Q99N32,train
Q99N42,test
Q99N48,test
Q99N50,test
Q99N64,val
Q99N69,val
Q99N80,train
Q99N84,val
Q99N85,train
Q99N87,val
Q99N89,train
Q99N90,train
Q99N91,train
Q99N92,train
Q99N96,test
Q99N99,train
Q99NA2,train
Q99NB1,train
Q99NB5,train
Q99NB8,train
Q99NB9,test
Q99NC0,val
Q99ND9,train
Q99NE5,train
Q99NE9,val
Q99NF1,train
Q99NF8,train
Q99NG9,train
Q99NH2,train
Q99NH3,test
Q99NH7,train
Q99NH8,val
Q99NI3,test
Q99NI4,train
Q99P21,train
Q99P25,val
Q99P27,train
Q99P30,train
Q99P39,test
Q99P47,train
Q99P50,train
Q99P51,test
Q99P55,train
Q99P60,train
Q99P61,train
Q99P63,val
Q99P65,train
Q99P69,train
Q99P72,val
Q99P74,train
Q99P81,train
Q99P85,train
Q99P86,train
Q99P87,train
Q99P88,train
Q99P91,train
Q99PA5,train
Q99PD2,val
Q99PD6,train
Q99PE2,train
Q99PE6,train
Q99PE8,train
Q99PG0,train
Q99PG2,train
Q99PG6,test
Q99PH1,train
Q99PI5,train
Q99PJ1,train
Q99PL5,train
Q99PL6,train
Q99PL7,train
Q99PL8,val
Q99PM9,val
Q99PN0,train
Q99PP0,train
Q99PP2,train
Q99PP9,val
Q99PQ1,train
Q99PQ2,train
Q99PR8,train
Q99PS0,val
Q99PS1,train
Q99PS8,train
Q99PT9,test
Q99PU5,test
Q99PV3,train
Q99PV5,val
Q99PV8,train
Q99PW4,train
Q99PW5,train
Q99PW8,train
Q9B205,train
Q9B2G1,train
Q9B506,train
Q9B6F0,train
Q9B6H6,train
Q9B7W1,train
Q9B840,val
Q9B9E8,val
Q9BA02,train
Q9BCZ4,test
Q9BDB7,train
Q9BDE0,train
Q9BDI7,train
Q9BDJ0,train
Q9BDJ4,train
Q9BDJ5,test
Q9BDJ6,train
Q9BDK2,train
Q9BDL1,train
Q9BDM7,train
Q9BDN0,test
Q9BDQ5,test
Q9BDR7,train
Q9BDS6,train
Q9BDS7,train
Q9BDS8,train
Q9BDW8,test
Q9BDX4,train
Q9BDY7,train
Q9BE01,train
Q9BE11,train
Q9BE18,train
Q9BE45,train
Q9BE52,train
Q9BE63,train
Q9BE65,train
Q9BEA0,train
Q9BEA1,val
Q9BEA2,train
Q9BEA8,train
Q9BEC7,train
Q9BEE3,train
Q9BEF8,train
Q9BEG2,train
Q9BEG5,train
Q9BEG8,train
Q9BEH0,train
Q9BG58,train
Q9BG76,test
Q9BG78,train
Q9BG88,train
Q9BG99,train
Q9BGI1,train
Q9BGI7,train
Q9BGL2,train
Q9BGL8,train
Q9BGL9,val
Q9BGN0,train
Q9BGN4,val
Q9BGP6,train
Q9BGQ5,train
Q9BGQ6,train
Q9BGW0,train
Q9BGW4,test
Q9BGX5,train
Q9BGY6,val
Q9BH10,val
Q9BH11,val
Q9BH21,train
Q9BH41,train
Q9BH51,test
Q9BH73,train
Q9BH79,train
Q9BH81,train
Q9BH84,train
Q9BH86,train
Q9BHA0,train
Q9BHB7,val
Q9BHM6,train
Q9BI18,train
Q9BI40,train
Q9BI63,train
Q9BI74,val
Q9BI88,val
Q9BIA4,train
Q9BIB3,val
Q9BIB4,train
Q9BIG2,val
Q9BIG4,train
Q9BIG5,train
Q9BJK5,val
Q9BJV8,train
Q9BJW0,test
Q9BJW4,train
Q9BJZ5,train
Q9BKJ1,train
Q9BKQ5,train
Q9BKQ8,train
Q9BKR0,val
Q9BKU4,test
Q9BKU8,train
Q9BKZ9,train
Q9BL02,train
Q9BL07,train
Q9BL19,train
Q9BL47,val
Q9BLB6,val
Q9BLC4,train
Q9BLC5,train
Q9BLG0,train
Q9BLJ6,val
Q9BLM0,train
Q9BLM1,test
Q9BLM2,train
Q9BLM3,val
Q9BLY8,val
Q9BM89,train
Q9BMK3,val
Q9BMK4,val
Q9BMK9,train
Q9BMM8,test
Q9BMN8,train
Q9BMX5,train
Q9BN01,test
Q9BN10,train
Q9BN11,train
Q9BN19,train
Q9BP51,train
Q9BP53,train
Q9BP56,test
Q9BP58,train
Q9BP59,val
Q9BP61,train
Q9BP62,val
Q9BP63,train
Q9BP65,test
Q9BP66,train
Q9BP67,test
Q9BP70,val
Q9BP73,val
Q9BP74,train
Q9BP77,train
Q9BP78,val
Q9BP79,test
Q9BP82,test
Q9BP83,train
Q9BP84,test
Q9BP85,train
Q9BP86,train
Q9BP87,val
Q9BP88,test
Q9BP89,val
Q9BP91,val
Q9BP92,train
Q9BP93,train
Q9BP95,train
Q9BP98,train
Q9BP99,train
Q9BPA0,train
Q9BPA1,val
Q9BPA3,train
Q9BPA5,train
Q9BPA6,train
Q9BPA7,train
Q9BPA9,train
Q9BPB0,test
Q9BPB1,test
Q9BPB4,train
Q9BPB7,train
Q9BPB9,train
Q9BPC1,train
Q9BPC2,train
Q9BPC5,train
Q9BPC6,test
Q9BPC7,train
Q9BPC9,test
Q9BPD0,train
Q9BPD2,train
Q9BPD3,train
Q9BPD4,train
Q9BPD7,val
Q9BPD9,train
Q9BPE1,train
Q9BPE2,train
Q9BPE3,train
Q9BPE5,train
Q9BPE6,train
Q9BPE7,train
Q9BPE9,train
Q9BPF1,test
Q9BPF2,train
Q9BPF3,train
Q9BPF6,train
Q9BPF7,val
Q9BPF8,train
Q9BPF9,val
Q9BPG0,test
Q9BPG1,test
Q9BPG2,test
Q9BPG5,test
Q9BPG8,train
Q9BPH0,train
Q9BPH1,train
Q9BPH2,train
Q9BPH3,val
Q9BPH4,test
Q9BPH5,train
Q9BPH6,train
Q9BPH7,train
Q9BPH8,val
Q9BPI0,train
Q9BPI1,train
Q9BPI3,val
Q9BPI5,train
Q9BPJ1,train
Q9BPJ2,train
Q9BPJ3,train
Q9BPJ4,test
Q9BPJ5,train
Q9BPJ6,train
Q9BPJ7,test
Q9BPJ8,train
Q9BPK0,train
Q9BPN8,train
Q9BPS0,train
Q9BPV8,train
Q9BPW4,train
Q9BPW9,train
Q9BPX1,val
Q9BPX3,train
Q9BPX5,train
Q9BPX7,train
Q9BPY3,test
Q9BPZ2,train
Q9BPZ3,val
Q9BQ08,val
Q9BQ13,train
Q9BQ16,test
Q9BQ24,train
Q9BQ31,train
Q9BQ50,train
Q9BQ51,train
Q9BQ65,train
Q9BQ66,val
Q9BQ69,val
Q9BQ70,train
Q9BQ75,val
Q9BQ83,test
Q9BQ87,train
Q9BQC6,train
Q9BQD1,train
Q9BQD3,train
Q9BQD7,train
Q9BQE4,train
Q9BQE5,train
Q9BQE6,train
Q9BQE9,test
Q9BQF6,val
Q9BQG0,val
Q9BQI0,train
Q9BQI3,val
Q9BQI4,train
Q9BQI6,train
Q9BQI7,train
Q9BQI9,train
Q9BQK8,train
Q9BQM9,train
Q9BQN1,test
Q9BQP7,train
Q9BQP9,train
Q9BQQ3,test
Q9BQQ7,train
Q9BQR3,train
Q9BQS2,train
Q9BQS6,val
Q9BQS7,val
Q9BQS8,train
Q9BQY6,train
Q9BQY9,train
Q9BR09,train
Q9BR10,train
Q9BR11,val
Q9BR26,train
Q9BR46,train
Q9BR61,train
Q9BR77,train
Q9BR84,train
Q9BRB3,train
Q9BRD0,val
Q9BRG2,train
Q9BRH9,train
Q9BRI3,test
Q9BRJ2,train
Q9BRJ6,train
Q9BRJ9,train
Q9BRK0,train
Q9BRK3,train
Q9BRK5,train
Q9BRL6,train
Q9BRN9,train
Q9BRP0,test
Q9BRP1,val
Q9BRP7,train
Q9BRP9,train
Q9BRQ0,val
Q9BRQ3,train
Q9BRQ4,train
Q9BRQ5,val
Q9BRQ6,train
Q9BRQ8,train
Q9BRR0,train
Q9BRR3,test
Q9BRR6,val
Q9BRR8,train
Q9BRR9,train
Q9BRS2,train
Q9BRS8,val
Q9BRT2,train
Q9BRT6,train
Q9BRT9,train
Q9BRU2,train
Q9BRV8,train
Q9BRX5,train
Q9BRX8,train
Q9BRZ2,test
Q9BS16,train
Q9BS18,train
Q9BS26,val
Q9BS31,train
Q9BS34,val
Q9BS40,val
Q9BS86,train
Q9BS92,train
Q9BSA4,train
Q9BSA9,train
Q9BSB4,train
Q9BSD3,train
Q9BSD7,train
Q9BSE2,train
Q9BSE5,train
Q9BSF0,train
Q9BSF4,val
Q9BSG5,train
Q9BSH4,train
Q9BSH5,test
Q9BSI4,train
Q9BSJ1,train
Q9BSJ6,train
Q9BSK0,train
Q9BSK1,train
Q9BSL1,train
Q9BSN7,train
Q9BSQ5,test
Q9BSR8,train
Q9BST9,train
Q9BSU3,test
Q9BSV6,val
Q9BSW2,train
Q9BSY9,train
Q9BT04,train
Q9BT09,train
Q9BT17,train
Q9BT23,train
Q9BT25,test
Q9BT40,train
Q9BT56,train
Q9BT76,train
Q9BT78,val
Q9BT81,test
Q9BTA0,train
Q9BTC0,test
Q9BTD1,train
Q9BTE0,test
Q9BTE1,train
Q9BTE7,train
Q9BTF0,train
Q9BTK2,train
Q9BTL4,train
Q9BTP6,test
Q9BTP7,train
Q9BTT0,train
Q9BTT4,train
Q9BTV5,train
Q9BTV6,train
Q9BTV7,train
Q9BTW9,train
Q9BTX3,train
Q9BTX7,val
Q9BTY7,train
Q9BTZ2,train
Q9BU19,train
Q9BU20,train
Q9BU23,val
Q9BU61,train
Q9BU64,train
Q9BU70,train
Q9BU76,train
Q9BU89,train
Q9BUA3,train
Q9BUA6,train
Q9BUB5,train
Q9BUB7,val
Q9BUD6,train
Q9BUF7,train
Q9BUG6,test
Q9BUH6,val
Q9BUH8,train
Q9BUJ0,val
Q9BUJ2,train
Q9BUK0,train
Q9BUL5,train
Q9BUL9,train
Q9BUN1,train
Q9BUN8,train
Q9BUP0,val
Q9BUP3,train
Q9BUR4,train
Q9BUR5,test
Q9BUT9,train
Q9BUU2,train
Q9BUV0,val
Q9BUX1,train
Q9BUY5,train
Q9BUY7,train
Q9BUZ4,train
Q9BV10,train
Q9BV19,val
Q9BV29,test
Q9BV36,train
Q9BV40,train
Q9BV44,train
Q9BV47,train
Q9BV79,test
Q9BV81,train
Q9BV97,train
Q9BV99,train
Q9BVA0,train
Q9BVC3,val
Q9BVC4,train
Q9BVC5,train
Q9BVC6,train
Q9BVG3,train
Q9BVG4,train
Q9BVG9,train
Q9BVI0,train
Q9BVI4,test
Q9BVL2,train
Q9BVL4,val
Q9BVM2,train
Q9BVM4,train
Q9BVN2,train
Q9BVP2,train
Q9BVQ7,train
Q9BVR0,train
Q9BVS4,val
Q9BVS5,train
Q9BVV2,train
Q9BVV6,train
Q9BVV7,train
Q9BVV8,train
Q9BVW5,test
Q9BVW6,train
Q9BVX2,train
Q9BW04,train
Q9BW11,train
Q9BW19,train
Q9BW27,train
Q9BW61,train
Q9BW66,train
Q9BW71,train
Q9BW72,train
Q9BW85,val
Q9BW91,train
Q9BW92,train
Q9BWC9,train
Q9BWD1,train
Q9BWE0,train
Q9BWF2,train
Q9BWG4,test
Q9BWH2,train
Q9BWH6,train
Q9BWJ2,test
Q9BWJ5,train
Q9BWK5,train
Q9BWM5,train
Q9BWM7,train
Q9BWN1,test
Q9BWP8,train
Q9BWQ6,train
Q9BWQ8,train
Q9BWT1,train
Q9BWT3,train
Q9BWU0,train
Q9BWV1,train
Q9BWV2,train
Q9BWV3,train
Q9BWV7,train
Q9BWW7,val
Q9BWW8,train
Q9BWW9,train
Q9BWX1,val
Q9BWX5,train
Q9BX10,train
Q9BX26,test
Q9BX40,test
Q9BX51,test
Q9BX63,train
Q9BX66,val
Q9BX67,train
Q9BX69,val
Q9BX70,train
Q9BX74,train
Q9BX82,train
Q9BX84,val
Q9BX95,val
Q9BX97,train
Q9BXA5,test
Q9BXA6,train
Q9BXA7,train
Q9BXA9,val
Q9BXB4,train
Q9BXB5,train
Q9BXC0,train
Q9BXC1,val
Q9BXF3,val
Q9BXF6,train
Q9BXF9,train
Q9BXG8,test
Q9BXI2,val
Q9BXI9,train
Q9BXJ1,train
Q9BXJ7,train
Q9BXK1,train
Q9BXK5,train
Q9BXL5,train
Q9BXL6,train
Q9BXL7,val
Q9BXL8,train
Q9BXM0,val
Q9BXM7,test
Q9BXN2,val
Q9BXP8,train
Q9BXQ6,val
Q9BXR0,val
Q9BXR5,test
Q9BXR6,train
Q9BXS0,train
Q9BXS1,train
Q9BXS4,train
Q9BXS6,train
Q9BXS9,train
Q9BXT2,train
Q9BXT4,test
Q9BXT6,train
Q9BXT8,train
Q9BXU0,train
Q9BXU1,test
Q9BXU2,train
Q9BXU3,train
Q9BXU7,train
Q9BXU8,train
Q9BXV9,test
Q9BXW3,train
Q9BXW4,train
Q9BXW7,train
Q9BXW9,train
Q9BXX0,train
Q9BXX2,train
Q9BXX3,train
Q9BXY4,train
Q9BXY5,train
Q9BY07,train
Q9BY08,train
Q9BY10,val
Q9BY12,train
Q9BY14,train
Q9BY15,train
Q9BY19,test
Q9BY31,test
Q9BY32,train
Q9BY67,test
Q9BY71,train
Q9BY76,train
Q9BY78,train
Q9BY79,train
Q9BY84,train
Q9BY89,train
Q9BYB4,train
Q9BYC2,val
Q9BYC8,val
Q9BYC9,val
Q9BYD1,train
Q9BYD3,train
Q9BYD6,train
Q9BYD9,test
Q9BYE0,test
Q9BYE2,train
Q9BYE3,train
Q9BYE4,train
Q9BYE7,train
Q9BYE9,train
Q9BYF1,train
Q9BYG0,test
Q9BYG3,val
Q9BYG4,test
Q9BYG8,train
Q9BYH1,train
Q9BYH8,train
Q9BYI3,train
Q9BYJ0,train
Q9BYJ1,test
Q9BYJ4,train
Q9BYJ9,train
Q9BYL1,train
Q9BYN0,train
Q9BYN7,val
Q9BYN8,train
Q9BYP7,train
Q9BYP8,train
Q9BYP9,test
Q9BYQ2,train
Q9BYQ3,test
Q9BYQ4,train
Q9BYQ5,train
Q9BYQ6,train
Q9BYQ7,train
Q9BYQ8,test
Q9BYQ9,train
Q9BYR0,train
Q9BYR2,train
Q9BYR3,train
Q9BYR4,train
Q9BYR5,train
Q9BYR7,train
Q9BYR8,train
Q9BYS1,train
Q9BYS8,test
Q9BYT1,test
Q9BYT3,train
Q9BYT9,train
Q9BYU1,train
Q9BYU5,train
Q9BYV1,train
Q9BYV6,test
Q9BYW1,train
Q9BYX2,train
Q9BYX4,val
Q9BYZ6,train
Q9BYZ8,test
Q9BZ11,train
Q9BZ19,train
Q9BZ29,test
Q9BZ67,train
Q9BZ68,train
Q9BZ72,train
Q9BZ81,train
Q9BZ95,test
Q9BZ97,train
Q9BZ98,train
Q9BZA0,train
Q9BZA7,train
Q9BZD2,val
Q9BZD4,test
Q9BZD6,train
Q9BZE1,train
Q9BZE2,train
Q9BZE4,test
Q9BZE7,train
Q9BZE9,test
Q9BZF1,train
Q9BZF2,train
Q9BZF3,train
Q9BZF9,test
Q9BZG2,train
Q9BZI1,test
Q9BZI7,train
Q9BZJ3,test
Q9BZJ6,train
Q9BZJ7,train
Q9BZK3,train
Q9BZK8,train
Q9BZL1,train
Q9BZL3,val
Q9BZL4,val
Q9BZM2,test
Q9BZM3,val
Q9BZM4,train
Q9BZM5,train
Q9BZM6,test
Q9BZP3,train
Q9BZP6,train
Q9BZQ2,train
Q9BZQ8,val
Q9BZR8,train
Q9BZR9,train
Q9BZS1,test
Q9BZS9,train
Q9BZV1,test
Q9BZV3,val
Q9BZW2,train
Q9BZW4,train
Q9BZW5,train
Q9BZW8,train
Q9BZX4,val
Q9BZY9,train
Q9BZZ2,train
Q9BZZ5,test
Q9C000,train
Q9C002,train
Q9C005,train
Q9C009,train
Q9C010,train
Q9C026,train
Q9C029,train
Q9C030,test
Q9C037,train
Q9C040,train
Q9C056,train
Q9C073,val
Q9C075,train
Q9C086,train
Q9C093,val
Q9C098,train
Q9C099,train
Q9C0A0,train
Q9C0B1,train
Q9C0B2,train
Q9C0B7,train
Q9C0B9,train
Q9C0C2,train
Q9C0C4,train
Q9C0C7,train
Q9C0D4,train
Q9C0D5,train
Q9C0D6,val
Q9C0D7,val
Q9C0D9,test
Q9C0E4,train
Q9C0H2,test
Q9C0H5,val
Q9C0H6,test
Q9C0H9,train
Q9C0I3,train
Q9C0I4,train
Q9C0I9,train
Q9C0J1,train
Q9C0J9,test
Q9C0K1,train
Q9C0K3,train
Q9C0K7,train
Q9CPN8,val
Q9CPP0,train
Q9CPP7,train
Q9CPQ5,val
Q9CPQ8,train
Q9CPR1,train
Q9CPR5,train
Q9CPR8,train
Q9CPS6,train
Q9CPS8,train
Q9CPT0,train
Q9CPT3,val
Q9CPU2,train
Q9CPU3,val
Q9CPU4,train
Q9CPU9,train
Q9CPV1,train
Q9CPV3,val
Q9CPV4,train
Q9CPV5,test
Q9CPW2,train
Q9CPW3,train
Q9CPW7,train
Q9CPW9,train
Q9CPX3,train
Q9CPX5,train
Q9CPX8,test
Q9CPY0,train
Q9CPY1,train
Q9CPY3,train
Q9CPY6,train
Q9CPZ1,train
Q9CPZ3,train
Q9CPZ8,train
Q9CQ00,test
Q9CQ02,train
Q9CQ04,train
Q9CQ10,train
Q9CQ13,val
Q9CQ18,train
Q9CQ20,train
Q9CQ24,train
Q9CQ25,val
Q9CQ26,train
Q9CQ28,train
Q9CQ29,test
Q9CQ35,train
Q9CQ36,train
Q9CQ37,test
Q9CQ39,train
Q9CQ40,test
Q9CQ43,train
Q9CQ45,train
Q9CQ46,train
Q9CQ52,train
Q9CQ54,val
Q9CQ56,train
Q9CQ58,test
Q9CQ60,train
Q9CQ62,train
Q9CQ66,train
Q9CQ70,test
Q9CQ71,train
Q9CQ73,train
Q9CQ75,train
Q9CQ76,train
Q9CQ82,train
Q9CQ84,val
Q9CQ85,train
Q9CQ86,val
Q9CQ88,val
Q9CQ89,train
Q9CQ91,test
Q9CQA0,train
Q9CQA6,train
Q9CQA9,train
Q9CQB2,train
Q9CQB7,train
Q9CQC2,train
Q9CQC3,test
Q9CQC4,train
Q9CQC5,train
Q9CQC7,train
Q9CQD7,train
Q9CQE1,train
Q9CQE2,train
Q9CQE3,train
Q9CQE9,test
Q9CQF4,train
Q9CQF8,train
Q9CQG0,train
Q9CQG1,train
Q9CQG2,val
Q9CQH0,train
Q9CQH3,test
Q9CQH8,val
Q9CQI4,train
Q9CQI7,train
Q9CQI9,train
Q9CQJ0,val
Q9CQJ1,train
Q9CQJ5,train
Q9CQJ7,train
Q9CQJ8,val
Q9CQK1,train
Q9CQK3,train
Q9CQL0,test
Q9CQL4,train
Q9CQL5,train
Q9CQL6,test
Q9CQL7,test
Q9CQM0,train
Q9CQM1,train
Q9CQM5,train
Q9CQN1,train
Q9CQN3,train
Q9CQN6,train
Q9CQP0,train
Q9CQP3,val
Q9CQP8,train
Q9CQQ0,train
Q9CQQ7,test
Q9CQR4,train
Q9CQR7,val
Q9CQS2,val
Q9CQS3,val
Q9CQS5,train
Q9CQS6,val
Q9CQS7,train
Q9CQS9,train
Q9CQT1,train
Q9CQT2,train
Q9CQT6,val
Q9CQT9,train
Q9CQU5,train
Q9CQU8,test
Q9CQV3,train
Q9CQV4,val
Q9CQV5,train
Q9CQW3,train
Q9CQW5,train
Q9CQW7,val
Q9CQW9,train
Q9CQX0,test
Q9CQX2,train
Q9CQX3,val
Q9CQX4,train
Q9CQX8,train
Q9CQY1,train
Q9CQY2,train
Q9CQY5,test
Q9CQY8,train
Q9CQY9,train
Q9CQZ1,train
Q9CQZ5,train
Q9CQZ6,train
Q9CQZ7,train
Q9CR00,test
Q9CR02,train
Q9CR04,train
Q9CR08,train
Q9CR10,train
Q9CR11,test
Q9CR14,val
Q9CR16,train
Q9CR20,train
Q9CR21,train
Q9CR22,val
Q9CR24,train
Q9CR29,train
Q9CR30,val
Q9CR33,train
Q9CR34,train
Q9CR35,train
Q9CR36,train
Q9CR37,train
Q9CR40,train
Q9CR46,test
Q9CR50,train
Q9CR53,val
Q9CR59,test
Q9CR61,train
Q9CR63,train
Q9CR70,val
Q9CR76,test
Q9CR78,test
Q9CR81,train
Q9CR88,val
Q9CR92,train
Q9CR98,train
Q9CRA0,train
Q9CRA8,val
Q9CRA9,train
Q9CRB2,train
Q9CRB3,train
Q9CRB5,train
Q9CRB6,train
Q9CRB8,val
Q9CRC0,val
Q9CRC8,train
Q9CRD4,train
Q9CRW3,train
Q9CRZ8,train
Q9CS00,train
Q9CS74,val
Q9CSB4,test
Q9CSP9,train
Q9CSU0,train
Q9CSV6,train
Q9CT10,test
Q9CTG6,train
Q9CTN4,train
Q9CTN5,val
Q9CTN8,train
Q9CU24,train
Q9CU65,train
Q9CUB6,train
Q9CUL5,train
Q9CUN6,train
Q9CUS9,train
Q9CUU3,train
Q9CUX1,train
Q9CV28,val
Q9CV60,test
Q9CVD2,train
Q9CVI2,train
Q9CVN6,test
Q9CVW4,train
Q9CW07,train
Q9CW42,train
Q9CW79,train
Q9CWB5,train
Q9CWB7,train
Q9CWD0,train
Q9CWD3,train
Q9CWD8,val
Q9CWE6,train
Q9CWF6,train
Q9CWG1,test
Q9CWH0,test
Q9CWH1,train
Q9CWH4,train
Q9CWH5,train
Q9CWI3,train
Q9CWJ3,val
Q9CWL2,train
Q9CWM2,train
Q9CWP4,train
Q9CWP6,val
Q9CWP8,val
Q9CWP9,train
Q9CWQ0,train
Q9CWQ2,train
Q9CWQ3,train
Q9CWR0,train
Q9CWR1,train
Q9CWR7,train
Q9CWR8,train
Q9CWS1,train
Q9CWT2,val
Q9CWT6,train
Q9CWU0,train
Q9CWU2,val
Q9CWU4,train
Q9CWU5,train
Q9CWU6,val
Q9CWU9,train
Q9CWV0,train
Q9CWV4,train
Q9CWV7,train
Q9CWX2,train
Q9CWX9,train
Q9CWY3,val
Q9CWY4,train
Q9CWY9,train
Q9CX11,train
Q9CX19,train
Q9CX25,test
Q9CX30,train
Q9CX47,train
Q9CX48,train
Q9CX53,train
Q9CX62,test
Q9CX63,val
Q9CX66,train
Q9CX80,val
Q9CX83,train
Q9CX84,train
Q9CX86,train
Q9CX92,test
Q9CXA2,train
Q9CXB8,test
Q9CXC3,train
Q9CXC9,train
Q9CXD6,train
Q9CXD9,train
Q9CXE0,train
Q9CXE2,train
Q9CXE6,train
Q9CXF0,train
Q9CXF4,train
Q9CXF7,test
Q9CXG3,test
Q9CXG9,train
Q9CXH7,train
Q9CXI0,test
Q9CXI3,train
Q9CXJ1,test
Q9CXK4,train
Q9CXK9,train
Q9CXL1,val
Q9CXL3,val
Q9CXL7,train
Q9CXP4,train
Q9CXP8,train
Q9CXP9,train
Q9CXR1,test
Q9CXR4,train
Q9CXS4,train
Q9CXT6,train
Q9CXT7,val
Q9CXV3,val
Q9CXW2,train
Q9CXX0,train
Q9CXX9,test
Q9CXY1,train
Q9CXZ1,test
Q9CY02,train
Q9CY16,train
Q9CY21,val
Q9CY24,train
Q9CY25,train
Q9CY28,test
Q9CY45,train
Q9CY52,test
Q9CY58,train
Q9CY64,train
Q9CY66,train
Q9CY73,train
Q9CY86,train
Q9CY94,test
Q9CYA6,train
Q9CYB0,train
Q9CYC3,train
Q9CYC5,val
Q9CYF5,train
Q9CYH2,train
Q9CYI0,test
Q9CYI4,val
Q9CYK1,train
Q9CYK2,train
Q9CYL5,train
Q9CYN9,train
Q9CYP7,train
Q9CYQ5,val
Q9CYR0,val
Q9CYR6,train
Q9CYS6,train
Q9CYT6,train
Q9CYU6,test
Q9CYV5,train
Q9CYW4,train
Q9CYZ2,val
Q9CYZ6,train
Q9CYZ8,train
Q9CZ00,train
Q9CZ05,train
Q9CZ09,train
Q9CZ16,train
Q9CZ28,train
Q9CZ49,val
Q9CZ57,train
Q9CZ62,test
Q9CZ69,train
Q9CZ83,test
Q9CZ91,train
Q9CZ92,train
Q9CZB0,val
Q9CZB3,train
Q9CZB9,train
Q9CZC8,train
Q9CZD0,train
Q9CZD5,train
Q9CZE3,train
Q9CZG3,test
Q9CZH3,train
Q9CZH7,train
Q9CZH8,train
Q9CZI9,train
Q9CZJ2,test
Q9CZJ6,val
Q9CZJ9,train
Q9CZK6,val
Q9CZL2,train
Q9CZL5,train
Q9CZM9,train
Q9CZN7,train
Q9CZN8,train
Q9CZP0,train
Q9CZP3,train
Q9CZP5,val
Q9CZR2,test
Q9CZS3,train
Q9CZT5,val
Q9CZT6,train
Q9CZU3,val
Q9CZU4,test
Q9CZV2,val
Q9CZV5,train
Q9CZW2,train
Q9CZX2,train
Q9CZY2,train
Q9D009,val
Q9D011,test
Q9D020,train
Q9D035,train
Q9D061,train
Q9D067,train
Q9D071,test
Q9D074,test
Q9D075,val
Q9D081,train
Q9D083,train
Q9D084,train
Q9D099,val
Q9D0A0,train
Q9D0A3,train
Q9D0B0,test
Q9D0B1,train
Q9D0B5,val
Q9D0B6,train
Q9D0C4,test
Q9D0D3,train
Q9D0E3,val
Q9D0E5,train
Q9D0F1,train
Q9D0F6,val
Q9D0G0,train
Q9D0I6,train
Q9D0I8,train
Q9D0J8,train
Q9D0K2,train
Q9D0L1,test
Q9D0L4,train
Q9D0L7,test
Q9D0L8,train
Q9D0M0,train
Q9D0N7,train
Q9D0N8,test
Q9D0P0,val
Q9D0P5,test
Q9D0P7,train
Q9D0P8,train
Q9D0Q7,train
Q9D0S4,train
Q9D0S9,train
Q9D0T7,val
Q9D0U1,train
Q9D0U6,train
Q9D0U9,test
Q9D0V7,val
Q9D0V8,train
Q9D0Y8,train
Q9D0Z3,train
Q9D103,train
Q9D106,test
Q9D110,train
Q9D112,train
Q9D113,val
Q9D114,val
Q9D115,train
Q9D119,train
Q9D123,train
Q9D125,test
Q9D131,train
Q9D132,train
Q9D136,train
Q9D142,train
Q9D159,test
Q9D162,train
Q9D164,train
Q9D168,train
Q9D172,train
Q9D174,val
Q9D176,train
Q9D180,train
Q9D187,train
Q9D1A0,train
Q9D1B8,train
Q9D1B9,train
Q9D1C2,train
Q9D1C3,val
Q9D1C9,test
Q9D1D1,test
Q9D1E4,train
Q9D1E6,train
Q9D1E8,train
Q9D1F3,train
Q9D1F5,test
Q9D1G0,train
Q9D1G2,train
Q9D1G3,val
Q9D1G5,train
Q9D1H0,val
Q9D1H6,val
Q9D1H8,test
Q9D1I2,train
Q9D1I5,train
Q9D1I6,val
Q9D1L0,train
Q9D1N2,train
Q9D1N4,train
Q9D1N9,test
Q9D1P0,test
Q9D1Q1,train
Q9D1R1,train
Q9D1R2,val
Q9D1T5,train
Q9D1U0,val
Q9D1X0,train
Q9D1Y9,train
Q9D1Z2,train
Q9D1Z3,val
Q9D211,train
Q9D219,val
Q9D226,train
Q9D232,test
Q9D240,train
Q9D241,val
Q9D244,train
Q9D256,train
Q9D258,train
Q9D263,train
Q9D267,test
Q9D269,val
Q9D273,train
Q9D275,train
Q9D279,train
Q9D281,val
Q9D287,val
Q9D2A5,test
Q9D2C2,val
Q9D2C6,test
Q9D2C7,val
Q9D2C9,train
Q9D2D7,train
Q9D2E1,train
Q9D2E2,train
Q9D2E9,train
Q9D2F0,train
Q9D2F5,train
Q9D2F7,train
Q9D2G5,test
Q9D2G9,train
Q9D2H2,val
Q9D2H5,val
Q9D2H6,train
Q9D2H8,train
Q9D2H9,train
Q9D2J4,test
Q9D2J7,train
Q9D2K4,test
Q9D2L1,val
Q9D2L5,test
Q9D2L6,train
Q9D2L9,train
Q9D2N8,val
Q9D2P8,test
Q9D2Q2,train
Q9D2Q3,train
Q9D2Q8,train
Q9D2R4,test
Q9D2R6,val
Q9D2R8,train
Q9D2S4,train
Q9D2U5,train
Q9D2V8,train
Q9D2W0,train
Q9D2X8,train
Q9D2Y4,train
Q9D2Y9,train
Q9D2Z1,train
Q9D2Z8,test
Q9D300,train
Q9D305,train
Q9D309,test
Q9D311,train
Q9D312,val
Q9D321,train
Q9D338,val
Q9D342,train
Q9D350,train
Q9D358,val
Q9D361,test
Q9D379,train
Q9D384,test
Q9D3A8,train
Q9D3D9,train
Q9D3G2,train
Q9D3G5,train
Q9D3H0,val
Q9D3H2,test
Q9D3I6,val
Q9D3J5,train
Q9D3J8,train
Q9D3J9,train
Q9D3L0,val
Q9D3N8,train
Q9D3P1,train
Q9D3P8,train
Q9D3P9,train
Q9D3R3,val
Q9D3R5,train
Q9D3R6,train
Q9D3R9,train
Q9D3S3,train
Q9D3S5,test
Q9D3S9,val
Q9D3U0,train
Q9D3V1,train
Q9D3V5,test
Q9D3W1,train
Q9D3W5,train
Q9D3X5,train
Q9D404,train
Q9D411,train
Q9D413,train
Q9D416,train
Q9D417,test
Q9D424,test
Q9D428,val
Q9D439,train
Q9D454,train
Q9D478,train
Q9D479,train
Q9D483,train
Q9D485,train
Q9D486,test
Q9D489,train
Q9D494,test
Q9D495,train
Q9D498,train
Q9D4B2,test
Q9D4C1,train
Q9D4C6,train
Q9D4D4,train
Q9D4D7,train
Q9D4F2,train
Q9D4F8,val
Q9D4G1,train
Q9D4G2,test
Q9D4G9,train
Q9D4H4,val
Q9D4H7,train
Q9D4H9,val
Q9D4I2,train
Q9D4J1,test
Q9D4J3,train
Q9D4K5,train
Q9D4K7,train
Q9D4M9,train
Q9D4P0,test
Q9D4P7,train
Q9D4Q1,val
Q9D4R2,train
Q9D4V0,train
Q9D4V3,train
Q9D4V4,val
Q9D4V6,train
Q9D4W2,train
Q9D4Y8,train
Q9D504,val
Q9D516,train
Q9D518,train
Q9D529,train
Q9D531,train
Q9D534,train
Q9D541,test
Q9D552,train
Q9D554,train
Q9D563,train
Q9D565,test
Q9D572,train
Q9D581,val
Q9D593,train
Q9D5A0,train
Q9D5A9,train
Q9D5B7,test
Q9D5D8,train
Q9D5H4,val
Q9D5I4,train
Q9D5J6,val
Q9D5K1,train
Q9D5K4,train
Q9D5N8,test
Q9D5P4,test
Q9D5Q8,train
Q9D5R2,val
Q9D5S1,train
Q9D5S7,train
Q9D5U0,train
Q9D5U5,train
Q9D5U8,test
Q9D5V6,train
Q9D5W8,train
Q9D5Y0,val
Q9D5Y1,train
Q9D5Z5,train
Q9D5Z7,train
Q9D600,train
Q9D611,test
Q9D620,train
Q9D650,val
Q9D658,train
Q9D659,train
Q9D665,train
Q9D666,train
Q9D668,train
Q9D676,train
Q9D687,train
Q9D695,train
Q9D6A1,train
Q9D6B9,val
Q9D6D0,train
Q9D6D8,train
Q9D6E4,train
Q9D6G5,test
Q9D6G9,train
Q9D6H2,test
Q9D6H5,train
Q9D6I9,train
Q9D6J1,train
Q9D6J3,train
Q9D6J4,train
Q9D6J5,val
Q9D6K5,train
Q9D6K7,train
Q9D6K8,test
Q9D6K9,train
Q9D6L8,val
Q9D6N1,train
Q9D6N5,val
Q9D6R2,train
Q9D6S7,val
Q9D6W7,train
Q9D6X5,val
Q9D6Y7,test
Q9D6Z0,test
Q9D6Z1,train
Q9D6Z6,train
Q9D701,train
Q9D702,train
Q9D706,train
Q9D711,train
Q9D722,train
Q9D727,train
Q9D733,train
Q9D735,train
Q9D738,train
Q9D742,train
Q9D757,train
Q9D771,train
Q9D772,test
Q9D777,train
Q9D780,train
Q9D783,test
Q9D786,train
Q9D7B6,val
Q9D7B7,test
Q9D7C9,val
Q9D7D1,val
Q9D7D2,train
Q9D7D7,train
Q9D7E3,test
Q9D7E4,train
Q9D7F7,train
Q9D7G4,train
Q9D7G9,train
Q9D7H4,train
Q9D7I0,train
Q9D7I8,train
Q9D7I9,val
Q9D7J4,val
Q9D7J6,train
Q9D7J7,train
Q9D7J9,train
Q9D7K2,train
Q9D7K5,train
Q9D7L8,train
Q9D7N2,train
Q9D7N3,train
Q9D7N6,train
Q9D7P0,train
Q9D7P9,train
Q9D7Q0,train
Q9D7Q1,train
Q9D7R2,train
Q9D7R7,train
Q9D7S0,train
Q9D7T1,train
Q9D7U6,test
Q9D7V1,train
Q9D7V2,train
Q9D7W5,train
Q9D7X8,val
Q9D7Y9,train
Q9D7Z3,train
Q9D7Z6,train
Q9D7Z7,val
Q9D805,val
Q9D806,train
Q9D818,val
Q9D820,train
Q9D826,train
Q9D842,train
Q9D844,train
Q9D845,train
Q9D853,train
Q9D855,train
Q9D856,train
Q9D864,train
Q9D869,val
Q9D871,val
Q9D882,train
Q9D8B4,train
Q9D8B6,test
Q9D8B7,val
Q9D8C3,test
Q9D8C4,train
Q9D8C8,train
Q9D8D0,train
Q9D8F1,train
Q9D8F3,train
Q9D8G5,train
Q9D8H7,train
Q9D8I1,val
Q9D8I2,train
Q9D8I3,train
Q9D8L0,test
Q9D8M3,train
Q9D8M4,train
Q9D8N1,train
Q9D8N3,train
Q9D8P7,train
Q9D8Q6,val
Q9D8S3,train
Q9D8S9,train
Q9D8T2,train
Q9D8T4,train
Q9D8T7,test
Q9D8U0,train
Q9D8U2,train
Q9D8U3,test
Q9D8U4,val
Q9D8U6,val
Q9D8U7,train
Q9D8W7,test
Q9D8X0,train
Q9D8X1,train
Q9D8X2,train
Q9D8Y1,train
Q9D8Y8,train
Q9D8Z1,val
Q9D8Z2,train
Q9D903,test
Q9D906,val
Q9D937,test
Q9D945,val
Q9D952,train
Q9D956,train
Q9D958,train
Q9D967,train
Q9D968,train
Q9D975,train
Q9D979,train
Q9D992,train
Q9D994,train
Q9D995,train
Q9D9A7,test
Q9D9B0,val
Q9D9B4,val
Q9D9B7,test
Q9D9C6,val
Q9D9C7,train
Q9D9D3,test
Q9D9D8,train
Q9D9D9,train
Q9D9E0,train
Q9D9F8,train
Q9D9G2,train
Q9D9G3,train
Q9D9H2,train
Q9D9H3,val
Q9D9H8,train
Q9D9I1,train
Q9D9I4,train
Q9D9J2,train
Q9D9J3,train
Q9D9J7,train
Q9D9J8,test
Q9D9K3,test
Q9D9K8,train
Q9D9L5,val
Q9D9M0,train
Q9D9M4,train
Q9D9M5,train
Q9D9N5,train
Q9D9N8,train
Q9D9P2,train
Q9D9P8,train
Q9D9Q0,train
Q9D9Q6,train
Q9D9R0,train
Q9D9R3,val
Q9D9R7,train
Q9D9R9,train
Q9D9S1,test
Q9D9S2,train
Q9D9T0,train
Q9D9T6,val
Q9D9T8,train
Q9D9U4,train
Q9D9U9,train
Q9D9V2,train
Q9D9V7,test
Q9D9W0,train
Q9D9W1,train
Q9D9W6,train
Q9D9X6,train
Q9D9X8,train
Q9D9Z1,train
Q9D9Z7,test
Q9DA01,test
Q9DA04,train
Q9DA11,train
Q9DA15,train
Q9DA16,train
Q9DA17,val
Q9DA19,train
Q9DA21,train
Q9DA32,val
Q9DA39,train
Q9DA42,val
Q9DA44,train
Q9DA47,train
Q9DA48,train
Q9DA57,train
Q9DA60,train
Q9DA64,train
Q9DA69,train
Q9DA75,train
Q9DA77,train
Q9DA80,val
Q9DA97,train
Q9DAA3,train
Q9DAA4,train
Q9DAA6,test
Q9DAA7,val
Q9DAC0,test
Q9DAC7,val
Q9DAC9,train
Q9DAD0,train
Q9DAE2,val
Q9DAE3,train
Q9DAE7,test
Q9DAE8,train
Q9DAF3,train
Q9DAF8,train
Q9DAG4,test
Q9DAG5,train
Q9DAG6,train
Q9DAG9,train
Q9DAH1,val
Q9DAH2,train
Q9DAI2,train
Q9DAI4,test
Q9DAI6,train
Q9DAI9,val
Q9DAJ4,test
Q9DAJ5,train
Q9DAK2,train
Q9DAK3,train
Q9DAK4,train
Q9DAK8,train
Q9DAK9,train
Q9DAL0,test
Q9DAL3,train
Q9DAL7,test
Q9DAL9,train
Q9DAM2,test
Q9DAM3,train
Q9DAN1,train
Q9DAN8,train
Q9DAN9,train
Q9DAQ4,val
Q9DAQ5,val
Q9DAQ9,train
Q9DAR0,train
Q9DAR1,train
Q9DAS1,train
Q9DAS2,train
Q9DAS4,train
Q9DAT2,val
Q9DAT5,train
Q9DAU7,train
Q9DAU9,test
Q9DAY2,test
Q9DAY5,train
Q9DAZ2,test
Q9DAZ5,train
Q9DAZ9,train
Q9DB10,val
Q9DB15,train
Q9DB16,train
Q9DB20,val
Q9DB25,val
Q9DB26,train
Q9DB28,train
Q9DB29,train
Q9DB32,train
Q9DB38,train
Q9DB42,train
Q9DB43,train
Q9DB50,val
Q9DB52,test
Q9DB54,train
Q9DB70,train
Q9DB72,train
Q9DB75,train
Q9DB76,val
Q9DB85,val
Q9DB90,train
Q9DB91,train
Q9DB94,train
Q9DB98,train
Q9DBA6,test
Q9DBA9,train
Q9DBB4,train
Q9DBB5,train
Q9DBB8,train
Q9DBB9,train
Q9DBC0,train
Q9DBD0,train
Q9DBD5,val
Q9DBE0,train
Q9DBE8,train
Q9DBF1,train
Q9DBF7,val
Q9DBG1,val
Q9DBG5,train
Q9DBG9,train
Q9DBH0,test
Q9DBH5,train
Q9DBI0,train
Q9DBI2,test
Q9DBJ3,val
Q9DBK0,train
Q9DBK7,train
Q9DBL1,val
Q9DBL7,val
Q9DBM0,train
Q9DBM1,train
Q9DBM2,train
Q9DBN1,train
Q9DBN4,train
Q9DBN9,test
Q9DBQ7,test
Q9DBQ9,train
Q9DBR0,train
Q9DBR2,train
Q9DBS1,train
Q9DBS4,train
Q9DBS8,train
Q9DBS9,test
Q9DBT3,train
Q9DBT4,val
Q9DBT5,train
Q9DBU5,train
Q9DBV3,train
Q9DBW0,train
Q9DBX2,test
Q9DBX3,test
Q9DBX6,val
Q9DBX7,train
Q9DBY1,train
Q9DBY4,train
Q9DBY5,train
Q9DBY8,train
Q9DBZ5,train
Q9DC04,val
Q9DC07,train
Q9DC16,val
Q9DC22,train
Q9DC26,train
Q9DC33,train
Q9DC37,train
Q9DC40,test
Q9DC48,test
Q9DC50,train
Q9DC58,train
Q9DC61,test
Q9DC69,train
Q9DC70,train
Q9DC71,val
Q9DCA2,train
Q9DCA7,val
Q9DCB1,train
Q9DCB3,train
Q9DCB4,train
Q9DCB8,val
Q9DCC3,train
Q9DCC7,train
Q9DCD0,train
Q9DCD2,val
Q9DCD5,train
Q9DCE5,train
Q9DCE9,train
Q9DCF1,train
Q9DCG6,train
Q9DCG9,train
Q9DCH2,train
Q9DCI9,train
Q9DCJ5,test
Q9DCJ7,train
Q9DCL4,val
Q9DCL9,train
Q9DCM2,train
Q9DCN1,val
Q9DCN7,train
Q9DCQ2,train
Q9DCQ3,train
Q9DCQ7,train
Q9DCR4,train
Q9DCS1,train
Q9DCS2,train
Q9DCS9,train
Q9DCT2,train
Q9DCT5,val
Q9DCT6,val
Q9DCU0,train
Q9DCU2,train
Q9DCU6,train
Q9DCU9,train
Q9DCV4,val
Q9DCV7,train
Q9DCW2,train
Q9DCX1,train
Q9DCX2,train
Q9DCY0,train
Q9DCZ4,train
Q9DD02,train
Q9DD03,train
Q9DD06,val
Q9DD16,test
Q9DD19,train
Q9DD20,train
Q9DD23,train
Q9DD24,train
Q9DD48,train
Q9DD49,train
Q9DD65,train
Q9DD78,val
Q9DDA9,train
Q9DDB0,train
Q9DDD1,val
Q9DDD7,val
Q9DDE3,train
Q9DDK4,train
Q9DDN6,train
Q9DDT2,val
Q9DDT5,val
Q9DDU0,val
Q9DDU2,train
Q9DE07,test
Q9DE09,test
Q9DE13,test
Q9DE24,train
Q9DE25,train
Q9DE46,val
Q9DE49,train
Q9DE65,val
Q9DE66,train
Q9DE67,train
Q9DEA1,train
Q9DEA2,train
Q9DEB4,train
Q9DED4,train
Q9DED5,train
Q9DED6,test
Q9DEF8,train
Q9DEQ4,test
Q9DEQ9,train
Q9DER7,val
Q9DET5,train
Q9DET7,train
Q9DEX1,train
Q9DEX3,val
Q9DEX7,test
Q9DEY9,train
Q9DEZ9,test
Q9DF33,train
Q9DF35,val
Q9DF36,test
Q9DF49,train
Q9DF50,train
Q9DF52,train
Q9DF56,val
Q9DF60,test
Q9DF66,val
Q9DF69,train
Q9DFG8,train
Q9DFJ9,train
Q9DFS4,train
Q9DFS6,train
Q9DFZ3,train
Q9DFZ4,test
Q9DG08,train
Q9DG09,val
Q9DG10,train
Q9DG12,train
Q9DG23,train
Q9DG25,test
Q9DG36,train
Q9DG39,train
Q9DG45,train
Q9DG58,test
Q9DG67,val
Q9DG68,train
Q9DG81,train
Q9DG83,train
Q9DG96,train
Q9DG99,train
Q9DGA2,val
Q9DGB6,train
Q9DGB9,train
Q9DGC8,test
Q9DGC9,train
Q9DGD1,train
Q9DGD4,train
Q9DGE0,test
Q9DGE1,train
Q9DGG6,train
Q9DGH0,train
Q9DGI0,train
Q9DGI3,train
Q9DGI8,test
Q9DGI9,train
Q9DGJ0,train
Q9DGJ1,train
Q9DGJ3,test
Q9DGK4,train
Q9DGK7,train
Q9DGN0,train
Q9DGN1,train
Q9DGP9,train
Q9DGQ7,train
Q9EP51,train
Q9EP53,train
Q9EP64,train
Q9EP66,val
Q9EP72,train
Q9EP73,train
Q9EP75,train
Q9EP78,train
Q9EP80,val
Q9EP82,train
Q9EP86,train
Q9EP89,train
Q9EP93,train
Q9EP95,test
Q9EP96,train
Q9EP97,train
Q9EPA7,train
Q9EPB1,train
Q9EPB4,test
Q9EPB5,train
Q9EPB8,train
Q9EPC2,train
Q9EPC5,train
Q9EPE9,train
Q9EPF2,train
Q9EPH1,train
Q9EPI0,val
Q9EPI2,test
Q9EPI8,test
Q9EPJ0,train
Q9EPJ3,train
Q9EPJ9,train
Q9EPK2,train
Q9EPK5,val
Q9EPK8,test
Q9EPL5,train
Q9EPL6,train
Q9EPL8,test
Q9EPL9,train
Q9EPM5,train
Q9EPQ1,train
Q9EPQ2,val
Q9EPQ7,test
Q9EPR2,train
Q9EPR5,train
Q9EPS2,train
Q9EPT4,train
Q9EPT5,train
Q9EPT8,train
Q9EPU5,train
Q9EPU7,train
Q9EPV9,test
Q9EPW0,train
Q9EPW2,train
Q9EPW4,train
Q9EPW9,train
Q9EPX2,train
Q9EPX4,train
Q9EPY0,train
Q9EPZ8,train
Q9EQ00,train
Q9EQ09,train
Q9EQ10,train
Q9EQ14,train
Q9EQ15,val
Q9EQ16,train
Q9EQ20,train
Q9EQ21,train
Q9EQ25,val
Q9EQ28,val
Q9EQ32,train
Q9EQ44,train
Q9EQ45,train
Q9EQ46,val
Q9EQ47,val
Q9EQ48,train
Q9EQ52,train
Q9EQ76,test
Q9EQB9,val
Q9EQC1,train
Q9EQC7,train
Q9EQD0,train
Q9EQE1,train
Q9EQF2,test
Q9EQF4,val
Q9EQG3,train
Q9EQG5,train
Q9EQG6,train
Q9EQH3,train
Q9EQH7,train
Q9EQK7,train
Q9EQL5,test
Q9EQL9,test
Q9EQN5,test
Q9EQP0,train
Q9EQP6,train
Q9EQQ0,train
Q9EQQ4,train
Q9EQQ9,train
Q9EQR2,test
Q9EQR5,train
Q9EQR6,train
Q9EQS5,val
Q9EQS9,train
Q9EQT1,train
Q9EQU3,test
Q9EQW6,train
Q9EQW7,train
Q9EQX6,test
Q9EQZ5,train
Q9EQZ6,val
Q9EQZ7,val
Q9ER04,train
Q9ER10,train
Q9ER24,test
Q9ER30,train
Q9ER31,val
Q9ER33,train
Q9ER35,train
Q9ER38,train
Q9ER47,train
Q9ER56,test
Q9ER58,val
Q9ER60,train
Q9ER62,train
Q9ER63,train
Q9ER64,train
Q9ER69,train
Q9ER73,train
Q9ER74,test
Q9ER75,val
Q9ER80,train
Q9ER88,train
Q9ER99,train
Q9ERA7,train
Q9ERB5,test
Q9ERC1,train
Q9ERC3,test
Q9ERC5,train
Q9ERD8,train
Q9ERD9,train
Q9ERE0,test
Q9ERE2,train
Q9ERE9,val
Q9ERG0,train
Q9ERH3,train
Q9ERH4,train
Q9ERH6,val
Q9ERH8,val
Q9ERI6,train
Q9ERK0,train
Q9ERK7,test
Q9ERK9,train
Q9ERM2,val
Q9ERN0,train
Q9ERQ3,val
Q9ERQ8,test
Q9ERR8,test
Q9ERS0,train
Q9ERS1,train
Q9ERS2,train
Q9ERS4,train
Q9ERS5,train
Q9ERS7,train
Q9ERS8,train
Q9ERT9,val
Q9ERU3,train
Q9ERV1,train
Q9ERV7,train
Q9ERZ0,val
Q9ERZ3,test
Q9ES00,train
Q9ES02,test
Q9ES07,train
Q9ES08,train
Q9ES14,train
Q9ES17,train
Q9ES18,train
Q9ES19,val
Q9ES21,train
Q9ES30,train
Q9ES38,train
Q9ES39,train
Q9ES43,train
Q9ES44,train
Q9ES45,train
Q9ES56,train
Q9ES57,val
Q9ES58,train
Q9ES63,train
Q9ES64,train
Q9ES67,train
Q9ES71,train
Q9ES72,train
Q9ES75,train
Q9ES81,train
Q9ES82,train
Q9ES88,train
Q9ES89,train
Q9ES90,test
Q9ES97,test
Q9ESB3,train
Q9ESC1,val
Q9ESC8,train
Q9ESD1,val
Q9ESD6,train
Q9ESF4,train
Q9ESG4,train
Q9ESG5,train
Q9ESG6,train
Q9ESG8,train
Q9ESG9,train
Q9ESI7,train
Q9ESJ1,train
Q9ESJ4,test
Q9ESJ7,train
Q9ESK3,test
Q9ESK8,train
Q9ESK9,train
Q9ESM0,test
Q9ESM6,val
Q9ESN0,train
Q9ESN1,val
Q9ESN2,train
Q9ESN3,val
Q9ESN5,train
Q9ESN9,train
Q9ESP5,train
Q9ESQ4,val
Q9ESQ5,train
Q9ESQ7,train
Q9ESQ8,val
Q9ESQ9,train
Q9ESS0,val
Q9ESS2,train
Q9EST1,train
Q9EST2,train
Q9EST3,val
Q9EST4,train
Q9EST6,val
Q9EST8,val
Q9EST9,train
Q9ESV0,test
Q9ESV1,train
Q9ESV6,test
Q9ESW4,train
Q9ESW8,train
Q9ESX2,val
Q9ESX5,train
Q9ESY6,train
Q9ESY9,train
Q9ESZ0,test
Q9ESZ8,val
Q9ET09,test
Q9ET32,test
Q9ET35,val
Q9ET37,train
Q9ET39,train
Q9ET54,test
Q9ET55,train
Q9ET58,train
Q9ET61,train
Q9ET62,train
Q9ET64,train
Q9ET66,train
Q9ET77,train
Q9G0M4,train
Q9G0S9,train
Q9G1R4,train
Q9G210,test
Q9G2W6,train
Q9G2W7,train
Q9G2W8,test
Q9G2W9,train
Q9G2X0,train
Q9G2X1,train
Q9G2X2,train
Q9G385,train
Q9G3N1,train
Q9G3R5,train
Q9G6M4,train
Q9G6M7,train
Q9G9J7,val
Q9GA18,val
Q9GJR3,val
Q9GJR5,train
Q9GJT2,train
Q9GJU1,train
Q9GK11,train
Q9GK12,train
Q9GK16,test
Q9GK37,train
Q9GK77,train
Q9GKA2,train
Q9GKE1,train
Q9GKE2,train
Q9GKE8,train
Q9GKK4,train
Q9GKL7,train
Q9GKL8,train
Q9GKM2,train
Q9GKM4,train
Q9GKN7,train
Q9GKQ1,train
Q9GKQ5,train
Q9GKQ8,val
Q9GKR6,train
Q9GKR7,train
Q9GKT0,train
Q9GKT2,train
Q9GKU1,train
Q9GKV7,train
Q9GKW0,test
Q9GKY1,test
Q9GKY5,train
Q9GKY7,test
Q9GL01,train
Q9GL21,val
Q9GL24,train
Q9GL25,train
Q9GL27,train
Q9GL30,train
Q9GL32,train
Q9GL41,train
Q9GL50,val
Q9GL60,train
Q9GL65,train
Q9GL72,test
Q9GLC0,train
Q9GLC3,train
Q9GLC7,train
Q9GLD3,train
Q9GLE4,train
Q9GLE5,train
Q9GLF3,train
Q9GLF5,val
Q9GLG4,train
Q9GLG7,train
Q9GLJ9,train
Q9GLK4,val
Q9GLL1,val
Q9GLL9,train
Q9GLM3,train
Q9GLP2,val
Q9GLP8,val
Q9GLQ1,train
Q9GLQ2,train
Q9GLQ5,train
Q9GLR2,train
Q9GLV6,train
Q9GLW0,test
Q9GLX0,train
Q9GLX8,train
Q9GLY5,train
Q9GLZ9,val
Q9GM70,train
Q9GM96,test
Q9GMA3,train
Q9GMB3,val
Q9GMC8,train
Q9GMC9,train
Q9GMS5,test
Q9GMS6,test
Q9GMU6,train
Q9GMV6,train
Q9GMY2,train
Q9GMY3,train
Q9GMY4,train
Q9GMY6,train
Q9GMY7,train
Q9GMY8,train
Q9GMZ1,train
Q9GMZ4,train
Q9GN62,test
Q9GN74,train
Q9GN97,train
Q9GNK5,train
Q9GNL2,train
Q9GNL3,test
Q9GNN7,train
Q9GNN8,val
Q9GNQ1,val
Q9GNV2,train
Q9GP13,train
Q9GP16,train
Q9GP32,train
Q9GP33,train
Q9GP34,train
Q9GP38,train
Q9GP40,test
Q9GPH3,val
Q9GPH7,train
Q9GPH8,train
Q9GPJ1,train
Q9GQ00,train
Q9GQ38,train
Q9GQ60,val
Q9GQ63,train
Q9GQF1,train
Q9GQM9,train
Q9GQN0,train
Q9GQN5,train
Q9GQQ0,train
Q9GQV7,val
Q9GQW3,train
Q9GQW4,train
Q9GR61,train
Q9GR88,train
Q9GRC0,train
Q9GRC4,train
Q9GRW0,val
Q9GRW7,train
Q9GRZ3,train
Q9GS00,train
Q9GSA4,train
Q9GSR1,train
Q9GSU7,train
Q9GSX9,test
Q9GT24,train
Q9GT45,val
Q9GT50,train
Q9GTD4,train
Q9GTP7,val
Q9GTX8,val
Q9GU57,train
Q9GU58,val
Q9GU68,train
Q9GU69,train
Q9GUC9,train
Q9GUI1,train
Q9GUI6,train
Q9GUM2,train
Q9GUM7,train
Q9GV16,val
Q9GV27,train
Q9GV28,val
Q9GV36,train
Q9GV45,test
Q9GV46,train
Q9GV72,train
Q9GYF0,train
Q9GYF1,train
Q9GYG4,train
Q9GYH7,test
Q9GYI0,train
Q9GYI4,train
Q9GYK2,val
Q9GYL2,test
Q9GYQ4,train
Q9GYS1,val
Q9GYS9,train
Q9GYU7,train
Q9GYU8,train
Q9GYV5,train
Q9GYV9,train
Q9GYZ0,test
Q9GYZ9,train
Q9GZ14,test
Q9GZ28,train
Q9GZ69,train
Q9GZ71,train
Q9GZC8,train
Q9GZE9,train
Q9GZH2,train
Q9GZH3,test
Q9GZH4,train
Q9GZK3,train
Q9GZK4,train
Q9GZK6,test
Q9GZK7,train
Q9GZL7,train
Q9GZL8,val
Q9GZM3,train
Q9GZM6,train
Q9GZM7,train
Q9GZN0,test
Q9GZN4,train
Q9GZN6,train
Q9GZN7,val
Q9GZN8,test
Q9GZP1,train
Q9GZP4,train
Q9GZP8,val
Q9GZQ3,train
Q9GZQ4,train
Q9GZQ6,test
Q9GZR1,train
Q9GZR2,train
Q9GZS0,val
Q9GZS1,train
Q9GZS3,train
Q9GZS9,train
Q9GZT5,train
Q9GZT6,train
Q9GZT8,train
Q9GZT9,val
Q9GZU0,train
Q9GZU3,train
Q9GZU5,train
Q9GZU7,train
Q9GZV1,train
Q9GZV7,train
Q9GZV8,train
Q9GZV9,train
Q9GZW5,train
Q9GZW8,train
Q9GZX3,train
Q9GZX5,train
Q9GZX6,train
Q9GZX9,test
Q9GZY0,train
Q9GZY1,train
Q9GZY4,train
Q9GZY6,train
Q9GZY8,train
Q9GZZ0,test
Q9GZZ7,test
Q9GZZ8,test
Q9GZZ9,val
Q9H000,test
Q9H013,train
Q9H015,val
Q9H019,train
Q9H040,train
Q9H061,train
Q9H078,train
Q9H079,train
Q9H091,train
Q9H094,test
Q9H0A3,train
Q9H0A9,train
Q9H0B3,test
Q9H0B8,train
Q9H0C1,train
Q9H0C2,train
Q9H0C5,train
Q9H0C8,train
Q9H0D2,train
Q9H0E3,train
Q9H0E9,train
Q9H0F6,test
Q9H0G5,train
Q9H0H0,val
Q9H0H5,test
Q9H0H9,train
Q9H0I2,train
Q9H0I3,train
Q9H0I9,train
Q9H0J4,train
Q9H0J9,test
Q9H0K4,train
Q9H0K6,val
Q9H0L4,val
Q9H0M4,train
Q9H0M5,train
Q9H0N0,train
Q9H0N5,train
Q9H0P7,train
Q9H0R4,val
Q9H0R5,train
Q9H0T7,test
Q9H0U6,train
Q9H0U9,train
Q9H0V1,train
Q9H0V9,train
Q9H0W5,val
Q9H0W7,train
Q9H0X4,test
Q9H0X6,train
Q9H0X9,val
Q9H0Y0,train
Q9H106,test
Q9H112,train
Q9H114,val
Q9H116,train
Q9H156,train
Q9H159,val
Q9H160,test
Q9H169,train
Q9H171,val
Q9H172,test
Q9H173,train
Q9H190,test
Q9H1A4,train
Q9H1B4,train
Q9H1B7,test
Q9H1C0,train
Q9H1C4,val
Q9H1C7,test
Q9H1D0,val
Q9H1D9,train
Q9H1E1,test
Q9H1E5,train
Q9H1F0,test
Q9H1H1,val
Q9H1I8,train
Q9H1J1,train
Q9H1J5,train
Q9H1K0,train
Q9H1K1,train
Q9H1K4,test
Q9H1K6,train
Q9H1L0,train
Q9H1M0,train
Q9H1M3,train
Q9H1P3,val
Q9H1P6,train
Q9H1Q7,val
Q9H1R2,train
Q9H1R3,train
Q9H1U4,train
Q9H1V8,train
Q9H1X1,train
Q9H1Y3,val
Q9H1Z4,val
Q9H1Z8,train
Q9H1Z9,test
Q9H201,val
Q9H205,train
Q9H208,train
Q9H209,train
Q9H210,test
Q9H211,train
Q9H221,val
Q9H222,train
Q9H223,test
Q9H227,train
Q9H228,train
Q9H239,train
Q9H252,train
Q9H257,train
Q9H267,train
Q9H270,train
Q9H293,train
Q9H295,test
Q9H299,train
Q9H2A2,train
Q9H2A3,train
Q9H2A7,test
Q9H2A9,test
Q9H2B2,val
Q9H2B4,train
Q9H2C2,val
Q9H2C5,train
Q9H2C8,train
Q9H2E6,test
Q9H2F3,train
Q9H2F9,train
Q9H2G2,train
Q9H2G4,train
Q9H2G9,val
Q9H2I8,val
Q9H2J1,train
Q9H2K0,train
Q9H2K2,val
Q9H2L5,train
Q9H2M9,val
Q9H2P0,train
Q9H2S9,train
Q9H2U2,train
Q9H2U6,train
Q9H2U9,train
Q9H2W1,train
Q9H2W2,train
Q9H2X0,val
Q9H2X8,train
Q9H2Y7,train
Q9H2Y9,test
Q9H2Z4,train
Q9H306,train
Q9H307,train
Q9H310,train
Q9H324,val
Q9H329,test
Q9H339,train
Q9H340,test
Q9H341,train
Q9H342,train
Q9H343,test
Q9H344,train
Q9H346,train
Q9H347,train
Q9H354,train
Q9H361,train
Q9H379,train
Q9H3E2,train
Q9H3H1,train
Q9H3H9,train
Q9H3J6,train
Q9H3K2,val
Q9H3K6,val
Q9H3M7,train
Q9H3M9,train
Q9H3N8,train
Q9H3P2,train
Q9H3P7,train
Q9H3Q1,test
Q9H3Q3,train
Q9H3R0,test
Q9H3R1,test
Q9H3R2,train
Q9H3R5,test
Q9H3S1,train
Q9H3S3,train
Q9H3S4,train
Q9H3S5,train
Q9H3S7,train
Q9H3T2,val
Q9H3T3,train
Q9H3U5,train
Q9H3U7,train
Q9H3V2,train
Q9H3Y0,val
Q9H3Y6,val
Q9H3Y8,train
Q9H3Z7,val
Q9H400,train
Q9H410,train
Q9H422,train
Q9H425,train
Q9H427,test
Q9H444,test
Q9H477,train
Q9H478,test
Q9H479,train
Q9H489,test
Q9H496,train
Q9H497,val
Q9H4A4,train
Q9H4A6,val
Q9H4A9,train
Q9H4B0,train
Q9H4B6,train
Q9H4B7,train
Q9H4B8,train
Q9H4D0,train
Q9H4D5,test
Q9H4E5,test
Q9H4F1,val
Q9H4F8,train
Q9H4G1,train
Q9H4G8,test
Q9H4H8,test
Q9H4I0,train
Q9H4I2,train
Q9H4I8,test
Q9H4I9,train
Q9H4K1,val
Q9H4L5,train
Q9H4L7,train
Q9H4M7,test
Q9H4Q3,train
Q9H4R4,train
Q9H4T2,train
Q9H4W6,train
Q9H4X1,train
Q9H4Y5,train
Q9H4Z2,train
Q9H4Z3,train
Q9H501,val
Q9H503,train
Q9H511,test
Q9H521,train
Q9H553,train
Q9H560,train
Q9H568,train
Q9H579,val
Q9H582,val
Q9H583,val
Q9H596,train
Q9H5H4,test
Q9H5J0,train
Q9H5J4,train
Q9H5L6,train
Q9H5Q4,test
Q9H5U6,test
Q9H5V8,train
Q9H5Z1,train
Q9H5Z6,train
Q9H606,train
Q9H607,train
Q9H609,train
Q9H611,train
Q9H665,train
Q9H672,test
Q9H693,train
Q9H694,train
Q9H6B1,train
Q9H6B9,test
Q9H6D7,train
Q9H6E5,train
Q9H6I2,train
Q9H6K1,train
Q9H6K4,test
Q9H6K5,train
Q9H6L4,train
Q9H6L5,train
Q9H6N6,train
Q9H6Q3,train
Q9H6R4,val
Q9H6R6,test
Q9H6R7,train
Q9H6S3,train
Q9H6T0,train
Q9H6T3,test
Q9H6U6,val
Q9H6W3,val
Q9H6X5,train
Q9H6Y2,test
Q9H6Y5,train
Q9H6Z9,test
Q9H706,train
Q9H707,train
Q9H714,test
Q9H720,train
Q9H756,test
Q9H765,val
Q9H772,test
Q9H773,train
Q9H788,val
Q9H790,test
Q9H792,train
Q9H7B4,test
Q9H7B7,val
Q9H7C4,train
Q9H7C9,train
Q9H7E2,train
Q9H7H0,train
Q9H7J1,train
Q9H7L2,train
Q9H7L9,train
Q9H7M6,train
Q9H7M9,train
Q9H7N4,train
Q9H7P9,test
Q9H7R0,train
Q9H7S9,train
Q9H7T0,val
Q9H7T3,val
Q9H7T9,train
Q9H7U1,val
Q9H7X2,val
Q9H7X3,train
Q9H7Y0,train
Q9H7Z3,train
Q9H808,train
Q9H814,val
Q9H816,train
Q9H819,train
Q9H825,train
Q9H840,train
Q9H841,train
Q9H845,test
Q9H853,train
Q9H857,train
Q9H867,val
Q9H869,train
Q9H871,train
Q9H892,train
Q9H8G1,train
Q9H8G2,train
Q9H8H2,test
Q9H8H3,train
Q9H8K7,train
Q9H8L6,test
Q9H8M9,test
Q9H8N7,train
Q9H8P0,train
Q9H8Q6,train
Q9H8S5,train
Q9H8V8,train
Q9H8W2,test
Q9H8W4,train
Q9H8W5,train
Q9H8X3,train
Q9H8X9,train
Q9H8Y1,train
Q9H8Y5,train
Q9H8Y8,val
Q9H902,val
Q9H910,test
Q9H930,train
Q9H939,train
Q9H944,val
Q9H963,train
Q9H972,train
Q9H977,val
Q9H981,train
Q9H987,train
Q9H992,train
Q9H9A7,test
Q9H9B1,train
Q9H9B4,train
Q9H9D4,train
Q9H9E3,train
Q9H9F9,train
Q9H9H4,val
Q9H9H5,val
Q9H9J4,train
Q9H9K5,train
Q9H9L3,train
Q9H9L4,train
Q9H9P2,train
Q9H9P5,val
Q9H9P8,train
Q9H9Q2,train
Q9H9Q4,train
Q9H9R9,train
Q9H9V9,test
Q9H9Y2,test
Q9H9Y4,train
Q9H9Y6,train
Q9H9Z2,test
Q9HA64,train
Q9HA65,train
Q9HA72,train
Q9HA77,train
Q9HA82,train
Q9HA90,val
Q9HA92,train
Q9HAA7,train
Q9HAB3,test
Q9HAB8,val
Q9HAC7,train
Q9HAD4,train
Q9HAE3,test
Q9HAH1,train
Q9HAH7,train
Q9HAI6,train
Q9HAN9,train
Q9HAP2,train
Q9HAQ2,val
Q9HAR2,train
Q9HAS3,train
Q9HAT1,train
Q9HAU0,train
Q9HAU4,train
Q9HAU6,train
Q9HAV4,train
Q9HAV5,test
Q9HAW0,train
Q9HAW4,train
Q9HAY2,train
Q9HAY6,train
Q9HAZ1,train
Q9HAZ2,val
Q9HB03,train
Q9HB07,train
Q9HB09,train
Q9HB14,train
Q9HB21,train
Q9HB29,train
Q9HB31,train
Q9HB40,val
Q9HB55,train
Q9HB58,test
Q9HB65,test
Q9HB71,train
Q9HB75,train
Q9HB89,test
Q9HB96,train
Q9HBA9,test
Q9HBB8,test
Q9HBE1,train
Q9HBE4,test
Q9HBE5,test
Q9HBF5,train
Q9HBG4,train
Q9HBG6,test
Q9HBG7,test
Q9HBH1,train
Q9HBH5,train
Q9HBH7,test
Q9HBI0,val
Q9HBI1,train
Q9HBI5,test
Q9HBI6,train
Q9HBJ0,train
Q9HBJ7,test
Q9HBJ8,test
Q9HBK9,train
Q9HBL0,train
Q9HBL6,val
Q9HBL7,train
Q9HBL8,test
Q9HBM1,val
Q9HBQ8,train
Q9HBR0,train
Q9HBT7,train
Q9HBT8,train
Q9HBU1,train
Q9HBU9,train
Q9HBV1,train
Q9HBV2,train
Q9HBW9,test
Q9HBX3,train
Q9HBX8,train
Q9HBY0,train
Q9HC23,train
Q9HC24,train
Q9HC35,train
Q9HC36,train
Q9HC38,train
Q9HC47,train
Q9HC52,val
Q9HC56,val
Q9HC57,train
Q9HC58,val
Q9HC73,train
Q9HC78,train
Q9HC97,train
Q9HCC0,train
Q9HCC6,train
Q9HCC8,train
Q9HCC9,train
Q9HCD6,test
Q9HCE1,train
Q9HCE3,test
Q9HCE5,train
Q9HCE6,train
Q9HCE9,train
Q9HCF6,train
Q9HCG1,train
Q9HCG7,train
Q9HCH0,train
Q9HCH5,test
Q9HCI6,train
Q9HCI7,val
Q9HCJ0,train
Q9HCJ1,val
Q9HCJ2,train
Q9HCJ3,test
Q9HCK0,test
Q9HCK4,val
Q9HCL3,train
Q9HCM1,train
Q9HCM2,train
Q9HCM3,test
Q9HCM4,train
Q9HCM7,test
Q9HCN2,train
Q9HCN3,test
Q9HCN6,train
Q9HCN8,train
Q9HCP0,train
Q9HCQ5,val
Q9HCQ7,train
Q9HCS2,train
Q9HCS5,train
Q9HCT0,train
Q9HCU0,val
Q9HCU5,train
Q9HCU8,train
Q9HCX3,train
Q9HD15,train
Q9HD33,train
Q9HD34,train
Q9HD36,train
Q9HD43,train
Q9HD45,train
Q9HD47,train
Q9HD64,test
Q9HD87,train
Q9HD89,train
Q9HD90,test
Q9HDB5,test
Q9HDB8,train
Q9HDB9,test
Q9HDC5,train
Q9HDC9,train
Q9HDD0,val
Q9I7D3,train
Q9I7F7,train
Q9I7H9,train
Q9I7I0,train
Q9I7I7,train
Q9I7K0,train
Q9I7K6,val
Q9I7M2,train
Q9I7S6,val
Q9I7S8,train
Q9I7T7,train
Q9I7W5,train
Q9I7X6,train
Q9I816,train
Q9I829,val
Q9I830,train
Q9I840,test
Q9I841,train
Q9I845,test
Q9I859,train
Q9I869,train
Q9I8A3,train
Q9I8A9,train
Q9I8B0,train
Q9I8C7,train
Q9I8D1,train
Q9I8D8,train
Q9I8F4,val
Q9I8F8,val
Q9I8F9,train
Q9I8G4,test
Q9I8I2,train
Q9I8J6,train
Q9I8J9,train
Q9I8K3,train
Q9I8K7,train
Q9I8K8,val
Q9I8L5,val
Q9I8M6,test
Q9I8N6,train
Q9I8P2,train
Q9I8P5,train
Q9I8P6,train
Q9I8P7,train
Q9I8Q3,test
Q9I8S2,train
Q9I8S4,train
Q9I8U0,train
Q9I8V0,train
Q9I8V2,train
Q9I8W5,val
Q9I8W6,test
Q9I8W9,train
Q9I8X0,val
Q9I8X1,train
Q9I8X2,train
Q9I8X3,train
Q9I8X5,val
Q9I918,train
Q9I920,val
Q9I923,train
Q9I925,train
Q9I926,train
Q9I927,test
Q9I928,val
Q9I929,train
Q9I930,train
Q9I931,train
Q9I946,train
Q9I954,train
Q9I955,val
Q9I968,train
Q9I969,val
Q9I980,train
Q9I993,train
Q9I9A2,train
Q9I9A3,train
Q9I9A7,train
Q9I9B9,train
Q9I9C3,train
Q9I9D3,train
Q9I9D5,train
Q9I9E1,train
Q9I9H2,train
Q9I9H4,train
Q9I9H8,test
Q9I9J6,train
Q9I9K7,train
Q9I9K9,test
Q9I9L0,train
Q9I9L7,train
Q9I9M4,train
Q9I9M5,train
Q9I9N0,train
Q9I9N1,train
Q9I9N5,test
Q9I9N6,train
Q9I9P7,train
Q9I9R0,test
Q9I9R3,train
Q9IA00,test
Q9IA10,val
Q9IA11,train
Q9IA12,train
Q9IA13,train
Q9IA14,val
Q9IA15,train
Q9IA16,train
Q9IA17,val
Q9IA18,test
Q9IA19,test
Q9IA20,train
Q9IA21,train
Q9IA22,train
Q9IA23,train
Q9IA24,train
Q9IA25,train
Q9IA26,train
Q9IA27,train
Q9IA79,train
Q9IA88,train
Q9IA95,train
Q9IA96,train
Q9IA97,train
Q9IAB2,train
Q9IAJ2,train
Q9IAJ6,train
Q9IAK1,train
Q9IAK8,train
Q9IAL1,train
Q9IAL2,train
Q9IAL7,train
Q9IAL8,train
Q9IAL9,train
Q9IAM1,train
Q9IAM7,val
Q9IAT6,train
Q9IAU2,train
Q9IAV3,val
Q9IAX2,val
Q9IAX9,train
Q9IAY5,val
Q9IB50,train
Q9IB75,train
Q9IB84,val
Q9IB86,train
Q9IB89,train
Q9IBD0,train
Q9IBD1,train
Q9IBD8,train
Q9IBE5,test
Q9IBF7,train
Q9IBG1,train
Q9JHA8,train
Q9JHB2,train
Q9JHB4,train
Q9JHB9,train
Q9JHC6,train
Q9JHC9,train
Q9JHD1,train
Q9JHD2,train
Q9JHE3,train
Q9JHE4,test
Q9JHE5,train
Q9JHE6,train
Q9JHE7,train
Q9JHE8,test
Q9JHF7,train
Q9JHF9,train
Q9JHG2,val
Q9JHG6,train
Q9JHG7,test
Q9JHH2,train
Q9JHH5,train
Q9JHH6,train
Q9JHH9,train
Q9JHI0,train
Q9JHI2,test
Q9JHI3,train
Q9JHI4,val
Q9JHI5,train
Q9JHJ1,train
Q9JHJ7,train
Q9JHJ8,train
Q9JHK0,train
Q9JHK5,train
Q9JHK7,val
Q9JHL0,train
Q9JHL1,test
Q9JHL4,train
Q9JHN8,train
Q9JHP7,val
Q9JHQ0,train
Q9JHQ5,train
Q9JHR9,train
Q9JHS1,train
Q9JHS2,train
Q9JHS3,train
Q9JHU0,val
Q9JHU2,train
Q9JHU5,train
Q9JHU9,train
Q9JHW4,val
Q9JHW9,train
Q9JHX3,train
Q9JHX4,train
Q9JHY1,train
Q9JHY3,train
Q9JHY4,train
Q9JHZ4,train
Q9JHZ9,train
Q9JI02,train
Q9JI10,train
Q9JI13,train
Q9JI20,test
Q9JI24,train
Q9JI35,train
Q9JI38,train
Q9JI39,val
Q9JI48,train
Q9JI57,val
Q9JI59,train
Q9JI61,train
Q9JI67,test
Q9JI69,train
Q9JI70,test
Q9JI71,train
Q9JI75,train
Q9JI76,test
Q9JI81,train
Q9JI83,train
Q9JI85,train
Q9JI97,val
Q9JIA3,train
Q9JIA7,val
Q9JIA9,test
Q9JIB0,test
Q9JIB6,test
Q9JIC3,val
Q9JID6,test
Q9JIE3,test
Q9JIE6,val
Q9JIF3,test
Q9JIF5,train
Q9JIF9,train
Q9JIG4,train
Q9JIH2,train
Q9JIH7,train
Q9JII1,train
Q9JII2,train
Q9JII3,train
Q9JII4,train
Q9JII5,val
Q9JII9,train
Q9JIK1,train
Q9JIK5,train
Q9JIK9,test
Q9JIL2,train
Q9JIL4,val
Q9JIL6,val
Q9JIL8,train
Q9JIL9,val
Q9JIM0,train
Q9JIM1,test
Q9JIM3,train
Q9JIM4,train
Q9JIM5,val
Q9JIP0,test
Q9JIP3,train
Q9JIP4,train
Q9JIP7,val
Q9JIQ3,val
Q9JIQ8,test
Q9JIR1,train
Q9JIR4,train
Q9JIS1,test
Q9JIT1,val
Q9JIT3,val
Q9JIW4,train
Q9JIW5,train
Q9JIX3,train
Q9JIX8,train
Q9JIX9,train
Q9JIY0,test
Q9JIY5,train
Q9JIY6,val
Q9JIY8,train
Q9JIZ0,train
Q9JJ00,train
Q9JJ04,train
Q9JJ06,val
Q9JJ09,train
Q9JJ11,train
Q9JJ16,train
Q9JJ22,test
Q9JJ25,val
Q9JJ26,test
Q9JJ46,train
Q9JJ48,train
Q9JJ54,train
Q9JJ61,test
Q9JJ69,train
Q9JJ73,val
Q9JJ78,train
Q9JJ80,train
Q9JJ89,train
Q9JJ93,train
Q9JJA2,train
Q9JJA7,train
Q9JJA9,train
Q9JJB1,test
Q9JJB9,train
Q9JJE4,train
Q9JJE7,train
Q9JJF2,val
Q9JJF6,train
Q9JJF9,val
Q9JJG0,train
Q9JJG5,test
Q9JJG9,train
Q9JJH1,val
Q9JJH7,train
Q9JJI5,test
Q9JJI6,train
Q9JJJ3,train
Q9JJJ7,test
Q9JJK2,val
Q9JJK5,test
Q9JJL0,train
Q9JJL3,train
Q9JJL8,train
Q9JJM7,train
Q9JJN0,train
Q9JJN1,train
Q9JJN4,test
Q9JJN5,train
Q9JJP2,val
Q9JJP6,train
Q9JJP9,test
Q9JJQ0,test
Q9JJR2,train
Q9JJR5,train
Q9JJR6,train
Q9JJR7,train
Q9JJR8,test
Q9JJR9,train
Q9JJS0,train
Q9JJS5,train
Q9JJS7,train
Q9JJS8,train
Q9JJT2,train
Q9JJT9,train
Q9JJV7,train
Q9JJW0,train
Q9JJW1,train
Q9JJW3,train
Q9JJW5,train
Q9JJW6,train
Q9JJX6,train
Q9JJX7,train
Q9JJX8,train
Q9JJY4,val
Q9JJY8,train
Q9JJZ5,test
Q9JJZ8,test
Q9JJZ9,train
Q9JK15,train
Q9JK23,train
Q9JK24,train
Q9JK25,test
Q9JK30,train
Q9JK37,train
Q9JK39,train
Q9JK42,train
Q9JK54,train
Q9JK68,train
Q9JK71,train
Q9JK72,train
Q9JK79,train
Q9JK81,test
Q9JK83,train
Q9JK84,train
Q9JK88,val
Q9JK95,train
Q9JKA3,train
Q9JKA5,test
Q9JKA7,train
Q9JKA8,train
Q9JKA9,train
Q9JKB3,train
Q9JKB5,train
Q9JKC0,train
Q9JKC8,train
Q9JKC9,test
Q9JKD3,val
Q9JKD8,val
Q9JKD9,train
Q9JKE1,train
Q9JKE2,test
Q9JKE7,val
Q9JKE8,train
Q9JKE9,train
Q9JKF0,train
Q9JKF4,train
Q9JKF6,train
Q9JKF7,test
Q9JKF8,train
Q9JKJ9,test
Q9JKK0,train
Q9JKK7,train
Q9JKL1,train
Q9JKL4,train
Q9JKL5,train
Q9JKL9,train
Q9JKM5,val
Q9JKM7,train
Q9JKN5,train
Q9JKP5,train
Q9JKP7,train
Q9JKP8,train
Q9JKR5,val
Q9JKR6,train
Q9JKS4,train
Q9JKS5,train
Q9JKT2,train
Q9JKT3,test
Q9JKT4,train
Q9JKT5,train
Q9JKT7,train
Q9JKT8,train
Q9JKT9,train
Q9JKU1,test
Q9JKU6,train
Q9JKV2,train
Q9JKV5,train
Q9JKV7,val
Q9JKV9,train
Q9JKX6,train
Q9JKX8,train
Q9JKY3,train
Q9JKY5,train
Q9JL04,train
Q9JL10,train
Q9JL16,train
Q9JL18,train
Q9JL21,train
Q9JL26,train
Q9JL27,train
Q9JL35,train
Q9JL56,val
Q9JL58,test
Q9JL59,val
Q9JL61,train
Q9JL70,train
Q9JL89,train
Q9JL95,val
Q9JL96,test
Q9JL99,train
Q9JLA2,train
Q9JLA3,train
Q9JLB5,train
Q9JLC4,train
Q9JLC6,val
Q9JLD2,train
Q9JLF1,train
Q9JLF6,train
Q9JLF7,val
Q9JLG4,train
Q9JLG8,test
Q9JLG9,train
Q9JLH5,train
Q9JLH6,val
Q9JLH8,train
Q9JLI3,train
Q9JLI6,train
Q9JLI7,train
Q9JLI8,train
Q9JLJ0,train
Q9JLJ5,train
Q9JLK4,train
Q9JLL0,train
Q9JLL3,train
Q9JLM2,train
Q9JLM4,train
Q9JLM9,train
Q9JLN4,train
Q9JLN5,train
Q9JLN6,test
Q9JLQ0,test
Q9JLQ2,train
Q9JLR5,val
Q9JLS0,val
Q9JLT2,train
Q9JLT4,train
Q9JLT6,train
Q9JLT7,train
Q9JLU8,train
Q9JLV1,test
Q9JLV2,val
Q9JLV6,train
Q9JLV9,val
Q9JLY0,train
Q9JLY7,train
Q9JLZ3,train
Q9JLZ6,train
Q9JLZ9,train
Q9JM01,val
Q9JM05,train
Q9JM09,test
Q9JM10,train
Q9JM14,test
Q9JM15,train
Q9JM51,train
Q9JM52,test
Q9JM54,train
Q9JM55,train
Q9JM58,train
Q9JM61,train
Q9JM62,train
Q9JM63,train
Q9JM71,test
Q9JM73,train
Q9JM80,train
Q9JM83,val
Q9JM84,train
Q9JM90,val
Q9JM93,train
Q9JM96,train
Q9JM98,train
Q9JM99,train
Q9JMA2,train
Q9JMA7,train
Q9JMA9,train
Q9JMB1,train
Q9JMB8,test
Q9JMC1,train
Q9JMC2,train
Q9JMC3,train
Q9JMD2,train
Q9JMD7,test
Q9JME5,train
Q9JME9,train
Q9JMG2,test
Q9JMG3,train
Q9JMG4,test
Q9JMG6,train
Q9JMH2,test
Q9JMH3,test
Q9JMH4,val
Q9JMH6,train
Q9JMH7,train
Q9JMI0,train
Q9JMI7,train
Q9JMI9,train
Q9JMJ2,test
Q9JMK0,train
Q9MDB7,train
Q9MDJ1,train
Q9ME31,test
Q9ME79,train
Q9MEI6,train
Q9MES8,train
Q9MET2,train
Q9MEV6,train
Q9MFN9,train
Q9MFP7,train
Q9MGD7,val
Q9MI64,train
Q9MI97,train
Q9MIX8,train
Q9MIX9,train
Q9MIY0,train
Q9MIY1,train
Q9MIY2,val
Q9MIY3,train
Q9MIY5,val
Q9MIY6,train
Q9MIY9,test
Q9MIZ0,train
Q9MJA8,train
Q9MJB2,val
Q9MJC0,test
Q9MLD7,train
Q9MLI6,train
Q9MLI7,train
Q9MLI8,val
Q9MLI9,val
Q9MLJ4,train
Q9MLJ5,train
Q9MLJ6,val
Q9MLJ8,train
Q9MLJ9,train
Q9MLK0,train
Q9MLK2,train
Q9MLK3,train
Q9MLK4,test
Q9MLK5,test
Q9MLK6,train
Q9MLK8,train
Q9MLK9,test
Q9MLL4,train
Q9MLL6,val
Q9MLQ5,train
Q9MP77,test
Q9MQJ9,train
Q9MQK2,val
Q9MYK8,train
Q9MYL0,train
Q9MYM4,val
Q9MYP4,train
Q9MYP6,train
Q9MYS6,train
Q9MYU4,val
Q9MYV1,val
Q9MYV3,train
Q9MYW3,train
Q9MYW6,train
Q9MYX8,train
Q9MYY0,test
Q9MYZ3,train
Q9MYZ9,test
Q9MZ03,train
Q9MZ06,val
Q9MZ08,val
Q9MZ28,train
Q9MZ30,train
Q9MZD1,val
Q9MZE0,test
Q9MZE2,train
Q9MZG3,test
Q9MZJ3,test
Q9MZK6,train
Q9MZL5,train
Q9MZR1,train
Q9MZR8,test
Q9MZS9,train
Q9MZT1,train
Q9MZT2,train
Q9MZU4,train
Q9MZV6,train
Q9MZV7,test
Q9MZY0,train
Q9N012,val
Q9N092,train
Q9N0A4,train
Q9N0B3,train
Q9N0C5,test
Q9N0C7,train
Q9N0C8,train
Q9N0D0,train
Q9N0D3,train
Q9N0E1,train
Q9N0E3,train
Q9N0E7,val
Q9N0F3,test
Q9N0H5,train
Q9N0J3,train
Q9N0K1,train
Q9N0L8,train
Q9N0T2,train
Q9N0V3,train
Q9N0V4,train
Q9N0V5,test
Q9N0V7,val
Q9N0W8,test
Q9N0W9,train
Q9N0Y2,train
Q9N119,train
Q9N121,train
Q9N126,train
Q9N179,val
Q9N181,train
Q9N1E6,train
Q9N1F0,val
Q9N1F2,train
Q9N1F5,train
Q9N1Q8,test
Q9N1Q9,train
Q9N1R0,train
Q9N1R6,train
Q9N1T2,train
Q9N1U3,train
Q9N1X4,train
Q9N234,train
Q9N261,train
Q9N281,train
Q9N287,train
Q9N291,test
Q9N2B0,train
Q9N2C1,train
Q9N2D0,val
Q9N2D1,train
Q9N2D2,train
Q9N2D3,val
Q9N2D4,train
Q9N2G5,train
Q9N2G6,val
Q9N2G9,train
Q9N2H9,train
Q9N2I1,train
Q9N2I2,val
Q9N2I5,train
Q9N2I7,test
Q9N2I8,test
Q9N2J0,train
Q9N2K0,test
Q9N2K7,train
Q9N2L7,train
Q9N2M8,train
Q9N2P6,test
Q9N2U6,train
Q9N2V2,test
Q9N2V6,train
Q9N2V9,val
Q9N2W5,val
Q9N2W7,val
Q9N2Z7,train
Q9N303,train
Q9N337,train
Q9N359,val
Q9N361,train
Q9N363,train
Q9N373,train
Q9N390,train
Q9N392,train
Q9N3B0,train
Q9N3E2,val
Q9N3F0,train
Q9N3F1,train
Q9N3P1,train
Q9N3Q8,test
Q9N3S2,train
Q9N3S4,train
Q9N3T2,val
Q9N3T5,train
Q9N3X2,train
Q9N3Z3,train
Q9N425,train
Q9N428,train
Q9N491,val
Q9N4A7,train
Q9N4B8,train
Q9N4C2,test
Q9N4D6,train
Q9N4D8,train
Q9N4D9,train
Q9N4E9,train
Q9N4F2,train
Q9N4G4,val
Q9N4G7,test
Q9N4G9,train
Q9N4H4,train
Q9N4I0,val
Q9N4I4,train
Q9N4J8,train
Q9N4K0,test
Q9N4K2,train
Q9N4Q7,train
Q9N4U2,test
Q9N4U5,train
Q9N4V0,val
Q9N4V4,train
Q9N4X8,train
Q9N4Y9,train
Q9N4Z0,train
Q9N563,train
Q9N587,train
Q9N589,train
Q9N593,train
Q9N598,train
Q9N599,test
Q9N5A0,train
Q9N5A1,train
Q9N5A8,test
Q9N5D3,train
Q9N5D6,train
Q9N5K2,train
Q9N5K3,train
Q9N5L4,val
Q9N5M2,train
Q9N5M6,train
Q9N5N8,test
Q9N5R0,test
Q9N5R9,train
Q9N5S3,train
Q9N5U5,val
Q9N5X6,val
Q9N5Y2,train
Q9N5Z2,train
Q9N658,train
Q9N9H4,train
Q9NA25,train
Q9NA51,test
Q9NA55,train
Q9NA56,train
Q9NA64,val
Q9NA72,val
Q9NA73,train
Q9NA75,train
Q9NA80,train
Q9NAA5,test
Q9NAA7,train
Q9NAD6,train
Q9NAE2,train
Q9NAG4,train
Q9NAH2,train
Q9NAH4,val
Q9NAH6,train
Q9NAL4,train
Q9NAM7,val
Q9NAN1,train
Q9NAN2,test
Q9NAP9,train
Q9NAQ9,test
Q9NAR7,test
Q9NAS5,test
Q9NAS8,test
Q9NAS9,val
Q9NB04,test
Q9NB21,train
Q9NB32,train
Q9NB33,train
Q9NB51,train
Q9NBD7,train
Q9NBG9,train
Q9NBK4,train
Q9NBL2,test
Q9NBW1,train
Q9NBW2,test
Q9NBW4,train
Q9NBX4,val
Q9NBX5,train
Q9NC65,train
Q9NDA6,train
Q9NDA7,val
Q9NDC9,train
Q9NDE7,train
Q9NDE8,train
Q9NDG8,train
Q9NDH7,train
Q9NDM2,train
Q9NDR5,train
Q9NDS0,test
Q9NDV2,train
Q9NEF6,train
Q9NEN6,train
Q9NEQ0,val
Q9NES8,val
Q9NEU2,train
Q9NEU3,test
Q9NEU5,val
Q9NEW6,train
Q9NEX2,train
Q9NEZ5,train
Q9NEZ7,train
Q9NF14,train
Q9NFH9,train
Q9NFL4,train
Q9NFL5,train
Q9NFL6,train
Q9NFN6,train
Q9NFP1,train
Q9NFP5,train
Q9NFQ4,train
Q9NFT7,train
Q9NFT9,train
Q9NFU0,train
Q9NFZ1,val
Q9NFZ2,train
Q9NFZ5,test
Q9NG98,train
Q9NGC3,train
Q9NGJ7,train
Q9NGP0,train
Q9NGX9,train
Q9NH13,train
Q9NH52,train
Q9NH75,train
Q9NHA8,train
Q9NHB0,test
Q9NHC3,train
Q9NHD5,train
Q9NHE5,train
Q9NHP5,train
Q9NHP7,train
Q9NHV9,train
Q9NHW7,train
Q9NHX0,train
Q9NHZ4,train
Q9NHZ5,train
Q9NHZ6,test
Q9NI63,train
Q9NII1,val
Q9NII7,train
Q9NIP6,train
Q9NIV1,train
Q9NIW4,train
Q9NJ15,test
Q9NJ98,train
Q9NJA9,train
Q9NJB5,val
Q9NJC5,train
Q9NJC6,val
Q9NJC7,val
Q9NJD8,train
Q9NJG9,train
Q9NJH0,train
Q9NJQ2,train
Q9NJS1,train
Q9NK54,train
Q9NK57,train
Q9NKV0,train
Q9NL29,train
Q9NL38,train
Q9NL39,test
Q9NL40,train
Q9NL55,train
Q9NL83,test
Q9NL89,train
Q9NL98,train
Q9NLA1,train
Q9NLA3,train
Q9NLA6,test
Q9NLC2,train
Q9NNW7,val
Q9NNX1,train
Q9NNX9,train
Q9NNZ3,train
Q9NNZ6,train
Q9NP08,test
Q9NP31,train
Q9NP50,train
Q9NP55,train
Q9NP58,train
Q9NP59,train
Q9NP60,train
Q9NP62,train
Q9NP64,train
Q9NP70,train
Q9NP71,train
Q9NP73,train
Q9NP74,train
Q9NP77,test
Q9NP79,train
Q9NP80,test
Q9NP81,train
Q9NP84,train
Q9NP85,train
Q9NP87,train
Q9NP92,test
Q9NP94,train
Q9NPA1,val
Q9NPA2,train
Q9NPA3,train
Q9NPA8,train
Q9NPB0,train
Q9NPB1,train
Q9NPB3,train
Q9NPB9,train
Q9NPC2,val
Q9NPC3,train
Q9NPC6,train
Q9NPC8,train
Q9NPD5,train
Q9NPD8,train
Q9NPE6,train
Q9NPF0,test
Q9NPF2,test
Q9NPF5,train
Q9NPF7,train
Q9NPF8,train
Q9NPG3,train
Q9NPG4,train
Q9NPG8,train
Q9NPH3,test
Q9NPH6,train
Q9NPH9,test
Q9NPI5,val
Q9NPI8,train
Q9NPI9,train
Q9NPJ3,train
Q9NPJ6,train
Q9NPJ8,test
Q9NPL8,test
Q9NPP4,val
Q9NPR2,train
Q9NPR9,train
Q9NPU4,train
Q9NPY3,val
Q9NPZ5,train
Q9NQ03,val
Q9NQ11,train
Q9NQ25,val
Q9NQ30,train
Q9NQ31,test
Q9NQ32,train
Q9NQ33,train
Q9NQ36,train
Q9NQ38,train
Q9NQ39,train
Q9NQ40,train
Q9NQ50,val
Q9NQ60,train
Q9NQ69,test
Q9NQ75,train
Q9NQ76,train
Q9NQ86,test
Q9NQ87,train
Q9NQ88,train
Q9NQ90,train
Q9NQ92,test
Q9NQA5,train
Q9NQB0,train
Q9NQC1,train
Q9NQC3,train
Q9NQC8,train
Q9NQE7,test
Q9NQF3,train
Q9NQG1,train
Q9NQG7,train
Q9NQI0,val
Q9NQL2,val
Q9NQL9,test
Q9NQM4,train
Q9NQN1,train
Q9NQR7,val
Q9NQR8,train
Q9NQR9,train
Q9NQS1,train
Q9NQS3,train
Q9NQS5,test
Q9NQS7,train
Q9NQT4,train
Q9NQT6,train
Q9NQT8,train
Q9NQV5,val
Q9NQV7,train
Q9NQV8,train
Q9NQW1,train
Q9NQW5,test
Q9NQW6,train
Q9NQW7,train
Q9NQW8,train
Q9NQX1,train
Q9NQX4,train
Q9NQX5,train
Q9NQX7,train
Q9NQZ2,val
Q9NQZ3,train
Q9NQZ5,train
Q9NQZ8,test
Q9NR11,train
Q9NR16,val
Q9NR20,train
Q9NR22,train
Q9NR23,train
Q9NR30,train
Q9NR34,train
Q9NR55,train
Q9NR61,train
Q9NR64,train
Q9NR71,train
Q9NR77,train
Q9NR80,val
Q9NR82,train
Q9NR83,train
Q9NR90,train
Q9NR96,train
Q9NR97,val
Q9NRA0,train
Q9NRA1,train
Q9NRA2,train
Q9NRB3,test
Q9NRC8,train
Q9NRC9,train
Q9NRD0,train
Q9NRD1,train
Q9NRD8,test
Q9NRE1,train
Q9NRF2,train
Q9NRG0,train
Q9NRG1,val
Q9NRG4,train
Q9NRG7,train
Q9NRG9,train
Q9NRH1,test
Q9NRH2,train
Q9NRI5,train
Q9NRI6,train
Q9NRI7,train
Q9NRJ1,train
Q9NRJ2,train
Q9NRJ3,train
Q9NRJ4,train
Q9NRJ5,train
Q9NRJ7,train
Q9NRK6,val
Q9NRL2,train
Q9NRL3,train
Q9NRM0,train
Q9NRM1,train
Q9NRM2,train
Q9NRM6,val
Q9NRM7,train
Q9NRN5,test
Q9NRN7,train
Q9NRN9,val
Q9NRP0,train
Q9NRP2,train
Q9NRP4,test
Q9NRP7,test
Q9NRQ2,train
Q9NRQ5,train
Q9NRR1,train
Q9NRR2,train
Q9NRR4,train
Q9NRR6,test
Q9NRR8,train
Q9NRS4,test
Q9NRS6,train
Q9NRU3,test
Q9NRV9,val
Q9NRW4,train
Q9NRX1,train
Q9NRX5,train
Q9NRX6,train
Q9NRY5,test
Q9NRY6,train
Q9NRY7,train
Q9NRZ5,train
Q9NS00,val
Q9NS23,train
Q9NS25,train
Q9NS28,test
Q9NS37,train
Q9NS39,test
Q9NS56,train
Q9NS62,train
Q9NS64,train
Q9NS66,test
Q9NS67,train
Q9NS68,train
Q9NS71,train
Q9NS73,train
Q9NS75,train
Q9NS84,val
Q9NS86,train
Q9NS87,val
Q9NS91,train
Q9NS93,train
Q9NS98,test
Q9NSA0,train
Q9NSA1,val
Q9NSB2,train
Q9NSB4,train
Q9NSC7,test
Q9NSD4,train
Q9NSD5,train
Q9NSD7,train
Q9NSD9,test
Q9NSE4,test
Q9NSG2,train
Q9NSI2,train
Q9NSI5,val
Q9NSI8,train
Q9NSJ1,train
Q9NSK7,train
Q9NSP4,val
Q9NSQ0,test
Q9NST1,train
Q9NSU2,val
Q9NSV4,train
Q9NSY1,test
Q9NT22,train
Q9NTG7,train
Q9NTI5,train
Q9NTI7,train
Q9NTJ3,train
Q9NTJ4,train
Q9NTK5,train
Q9NTN3,train
Q9NTQ9,train
Q9NTU4,train
Q9NTU7,train
Q9NTW7,train
Q9NTX9,train
Q9NU02,train
Q9NU23,val
Q9NU39,test
Q9NU53,train
Q9NU63,train
Q9NUA8,train
Q9NUB1,train
Q9NUB4,train
Q9NUC0,train
Q9NUD5,train
Q9NUD7,train
Q9NUD9,test
Q9NUE0,train
Q9NUG4,train
Q9NUG6,train
Q9NUJ3,train
Q9NUJ7,val
Q9NUK0,test
Q9NUL3,train
Q9NUL5,train
Q9NUL7,train
Q9NUM4,train
Q9NUN5,train
Q9NUN7,test
Q9NUP1,train
Q9NUP7,train
Q9NUQ2,train
Q9NUQ3,val
Q9NUQ6,train
Q9NUR3,test
Q9NUS5,train
Q9NUU6,test
Q9NUV7,train
Q9NUV9,test
Q9NUW8,val
Q9NUY8,test
Q9NUZ1,test
Q9NV12,train
Q9NV23,test
Q9NV29,train
Q9NV35,train
Q9NV39,val
Q9NV58,test
Q9NV72,train
Q9NV88,val
Q9NV92,train
Q9NVA1,val
Q9NVA4,test
Q9NVD3,train
Q9NVD7,train
Q9NVE4,train
Q9NVE5,val
Q9NVF9,train
Q9NVG8,train
Q9NVH0,val
Q9NVH1,train
Q9NVH2,train
Q9NVI1,train
Q9NVL8,test
Q9NVM1,train
Q9NVM4,train
Q9NVM6,train
Q9NVM9,train
Q9NVP1,train
Q9NVP4,train
Q9NVR0,test
Q9NVR2,train
Q9NVR5,train
Q9NVS2,train
Q9NVT9,val
Q9NVU0,val
Q9NVV0,train
Q9NVV2,train
Q9NVV4,val
Q9NVV5,train
Q9NVW2,train
Q9NVX0,train
Q9NVZ3,train
Q9NW07,train
Q9NW13,test
Q9NW38,val
Q9NW61,val
Q9NW75,train
Q9NW81,train
Q9NW97,train
Q9NWA0,test
Q9NWC5,train
Q9NWD8,train
Q9NWF9,val
Q9NWG9,train
Q9NWM0,train
Q9NWM3,val
Q9NWN3,test
Q9NWQ4,test
Q9NWQ8,train
Q9NWQ9,test
Q9NWR8,test
Q9NWS0,train
Q9NWS1,val
Q9NWS9,train
Q9NWT1,train
Q9NWT6,train
Q9NWT8,train
Q9NWU1,train
Q9NWW0,train
Q9NWW5,train
Q9NWW6,val
Q9NWW7,train
Q9NWW9,train
Q9NWX6,test
Q9NWY4,train
Q9NWZ3,train
Q9NWZ8,test
Q9NX02,test
Q9NX04,train
Q9NX07,train
Q9NX08,train
Q9NX24,val
Q9NX36,train
Q9NX45,train
Q9NX46,test
Q9NX52,train
Q9NX55,train
Q9NX57,train
Q9NX58,train
Q9NX61,val
Q9NX63,train
Q9NX65,val
Q9NX74,train
Q9NX77,train
Q9NX78,train
Q9NX94,test
Q9NX95,test
Q9NXB0,test
Q9NXE4,test
Q9NXE8,train
Q9NXF7,train
Q9NXG0,train
Q9NXG2,train
Q9NXG6,train
Q9NXH3,train
Q9NXH8,val
Q9NXH9,test
Q9NXI6,val
Q9NXJ0,train
Q9NXL2,train
Q9NXL6,train
Q9NXL9,test
Q9NXN4,test
Q9NXR1,val
Q9NXR5,train
Q9NXT0,train
Q9NXU5,train
Q9NXV6,train
Q9NXW9,test
Q9NXX6,val
Q9NXZ1,train
Q9NXZ2,train
Q9NY25,train
Q9NY28,train
Q9NY30,train
Q9NY33,train
Q9NY35,train
Q9NY37,test
Q9NY47,val
Q9NY56,train
Q9NY59,train
Q9NY61,train
Q9NY64,val
Q9NY74,train
Q9NY87,train
Q9NY91,test
Q9NY93,test
Q9NY97,train
Q9NY99,train
Q9NYA1,train
Q9NYB0,train
Q9NYB5,test
Q9NYB9,train
Q9NYD6,val
Q9NYF0,train
Q9NYF5,train
Q9NYG5,train
Q9NYG8,train
Q9NYH9,train
Q9NYI0,train
Q9NYJ1,train
Q9NYJ7,val
Q9NYJ8,train
Q9NYK1,train
Q9NYK5,test
Q9NYK6,train
Q9NYL2,train
Q9NYL4,train
Q9NYL5,train
Q9NYL9,train
Q9NYP3,train
Q9NYP8,test
Q9NYQ2,train
Q9NYQ3,train
Q9NYR8,val
Q9NYR9,train
Q9NYS0,train
Q9NYT0,test
Q9NYT6,train
Q9NYU1,train
Q9NYV8,val
Q9NYV9,test
Q9NYW2,train
Q9NYW4,train
Q9NYW5,train
Q9NYW6,val
Q9NYW8,train
Q9NYX4,train
Q9NYY1,train
Q9NYZ3,train
Q9NYZ4,train
Q9NZ08,train
Q9NZ20,train
Q9NZ38,train
Q9NZ43,train
Q9NZ50,train
Q9NZ52,train
Q9NZ53,train
Q9NZ56,train
Q9NZ63,train
Q9NZ71,test
Q9NZ81,train
Q9NZA1,train
Q9NZB8,test
Q9NZC2,train
Q9NZC3,train
Q9NZC9,train
Q9NZD1,train
Q9NZD2,test
Q9NZD4,train
Q9NZD8,test
Q9NZG7,train
Q9NZH0,train
Q9NZH4,val
Q9NZH6,train
Q9NZH7,train
Q9NZH8,train
Q9NZI2,train
Q9NZI7,test
Q9NZJ0,test
Q9NZJ5,train
Q9NZJ6,train
Q9NZK7,val
Q9NZL3,test
Q9NZL9,train
Q9NZM1,val
Q9NZM4,train
Q9NZM5,train
Q9NZM6,train
Q9NZN8,test
Q9NZN9,val
Q9NZP0,train
Q9NZP2,train
Q9NZP5,train
Q9NZP6,test
Q9NZP8,train
Q9NZQ3,train
Q9NZQ7,test
Q9NZQ8,train
Q9NZR4,val
Q9NZT1,train
Q9NZT2,train
Q9NZU1,train
Q9NZU7,train
Q9NZV1,train
Q9NZV5,test
Q9NZV6,train
Q9NZV7,val
Q9NZW4,test
Q9NZW5,train
Q9NZY2,train
Q9P013,test
Q9P015,train
Q9P016,train
Q9P031,train
Q9P035,val
Q9P055,train
Q9P086,train
Q9P0B6,train
Q9P0G3,test
Q9P0I2,val
Q9P0J0,train
Q9P0J6,test
Q9P0K7,val
Q9P0L1,train
Q9P0L9,train
Q9P0M2,test
Q9P0M4,train
Q9P0M6,train
Q9P0M9,val
Q9P0P8,test
Q9P0R6,train
Q9P0S3,train
Q9P0T4,train
Q9P0T7,train
Q9P0U3,test
Q9P0U4,val
Q9P0V8,train
Q9P0V9,test
Q9P0W0,val
Q9P0W2,test
Q9P0W8,val
Q9P0X4,train
Q9P0Z9,val
Q9P104,train
Q9P107,train
Q9P109,train
Q9P126,val
Q9P127,test
Q9P1A2,train
Q9P1A6,val
Q9P1C3,test
Q9P1D8,train
Q9P1F3,train
Q9P1G2,train
Q9P1J3,test
Q9P1P4,test
Q9P1P5,test
Q9P1T7,train
Q9P1U0,train
Q9P1W3,test
Q9P1W8,val
Q9P1W9,train
Q9P1Y5,train
Q9P1Y6,train
Q9P1Z0,train
Q9P1Z9,train
Q9P202,val
Q9P206,train
Q9P209,train
Q9P217,train
Q9P218,train
Q9P219,train
Q9P241,test
Q9P242,train
Q9P243,train
Q9P246,test
Q9P253,train
Q9P255,train
Q9P260,train
Q9P266,train
Q9P267,train
Q9P272,train
Q9P275,test
Q9P278,train
Q9P287,train
Q9P289,train
Q9P290,test
Q9P296,val
Q9P298,train
Q9P299,test
Q9P2A4,train
Q9P2C4,train
Q9P2D0,train
Q9P2D3,val
Q9P2D6,train
Q9P2E2,val
Q9P2E3,train
Q9P2E5,test
Q9P2E7,train
Q9P2E8,train
Q9P2E9,train
Q9P2F6,val
Q9P2G4,train
Q9P2G9,train
Q9P2H0,train
Q9P2H3,val
Q9P2H5,test
Q9P2I0,train
Q9P2J2,train
Q9P2J8,train
Q9P2J9,train
Q9P2K1,val
Q9P2K2,train
Q9P2K3,train
Q9P2K9,test
Q9P2M1,train
Q9P2M7,train
Q9P2N2,train
Q9P2N4,train
Q9P2N5,train
Q9P2N6,train
Q9P2P1,val
Q9P2P5,test
Q9P2R3,test
Q9P2R6,val
Q9P2R7,train
Q9P2S5,val
Q9P2S6,val
Q9P2T0,train
Q9P2V4,train
Q9P2W1,train
Q9P2W3,train
Q9P2W6,test
Q9P2X3,train
Q9P2X7,test
Q9P2X8,train
Q9P2Y4,train
Q9P2Y5,train
Q9P2Z0,train
Q9PRF8,train
Q9PRJ8,train
Q9PRL8,train
Q9PRL9,train
Q9PRP6,test
Q9PRQ9,train
Q9PRS8,train
Q9PRZ1,train
Q9PRZ3,train
Q9PS30,train
Q9PS36,test
Q9PSI9,test
Q9PSM2,train
Q9PSM5,train
Q9PSM6,test
Q9PSM8,train
Q9PSM9,val
Q9PSN0,train
Q9PSN3,train
Q9PSY4,train
Q9PT08,train
Q9PT26,train
Q9PT40,train
Q9PT41,train
Q9PT51,train
Q9PT60,train
Q9PT63,val
Q9PT67,train
Q9PT68,train
Q9PT75,train
Q9PT84,train
Q9PT92,train
Q9PT98,train
Q9PT99,train
Q9PTC3,train
Q9PTD5,val
Q9PTD7,train
Q9PTE6,train
Q9PTF3,train
Q9PTG6,train
Q9PTG8,test
Q9PTH3,test
Q9PTJ3,val
Q9PTJ6,train
Q9PTK2,train
Q9PTL2,train
Q9PTM4,test
Q9PTN2,train
Q9PTP2,train
Q9PTQ2,test
Q9PTQ4,val
Q9PTQ7,val
Q9PTS2,train
Q9PTS8,val
Q9PTT2,val
Q9PTU0,train
Q9PTU1,test
Q9PTU6,train
Q9PTU8,val
Q9PTX2,train
Q9PTY5,test
Q9PU13,train
Q9PU16,train
Q9PU28,train
Q9PU29,train
Q9PU41,train
Q9PU47,train
Q9PU53,val
Q9PU58,train
Q9PU65,train
Q9PU85,test
Q9PUB4,train
Q9PUB7,test
Q9PUB8,train
Q9PUE4,train
Q9PUF6,train
Q9PUG8,val
Q9PUH1,train
Q9PUH6,train
Q9PUH7,train
Q9PUH8,train
Q9PUI0,train
Q9PUI1,val
Q9PUI7,train
Q9PUK5,val
Q9PUN1,train
Q9PUQ1,train
Q9PUQ8,train
Q9PUR0,test
Q9PUR1,train
Q9PUT6,train
Q9PUU6,train
Q9PUU8,train
Q9PV90,val
Q9PVE8,test
Q9PVE9,train
Q9PVF4,train
Q9PVF7,train
Q9PVF8,train
Q9PVK4,train
Q9PVM2,val
Q9PVM3,test
Q9PVM4,train
Q9PVN2,train
Q9PVQ9,train
Q9PVR2,train
Q9PVS4,test
Q9PVU6,train
Q9PVV4,train
Q9PVW7,train
Q9PVW8,train
Q9PVX0,train
Q9PVX8,train
Q9PVY0,val
Q9PVY8,train
Q9PVZ4,train
Q9PVZ9,train
Q9PW05,test
Q9PW19,train
Q9PW28,train
Q9PW56,train
Q9PW68,train
Q9PW70,train
Q9PW71,train
Q9PW72,train
Q9PW73,train
Q9PW80,test
Q9PW88,train
Q9PW99,test
Q9PWA0,train
Q9PWA1,test
Q9PWA3,test
Q9PWB0,train
Q9PWD2,train
Q9PWD3,train
Q9PWD4,val
Q9PWD5,train
Q9PWD6,train
Q9PWE8,train
Q9PWF7,train
Q9PWG4,val
Q9PWH2,train
Q9PWI3,train
Q9PWI4,train
Q9PWL5,train
Q9PWL6,train
Q9PWL7,test
Q9PWM2,train
Q9PWM3,train
Q9PWM5,val
Q9PWM6,train
Q9PWR3,train
Q9PWR4,train
Q9QC07,train
Q9QUG2,test
Q9QUG3,val
Q9QUG9,test
Q9QUH0,test
Q9QUH3,train
Q9QUH6,test
Q9QUI1,train
Q9QUI6,train
Q9QUJ0,train
Q9QUJ1,test
Q9QUJ7,train
Q9QUK3,train
Q9QUK4,train
Q9QUK6,test
Q9QUL0,train
Q9QUL3,val
Q9QUL7,train
Q9QUM0,train
Q9QUM4,train
Q9QUN5,train
Q9QUN7,test
Q9QUN9,train
Q9QUP4,train
Q9QUP5,train
Q9QUR8,train
Q9QUS1,val
Q9QUS6,train
Q9QUT0,train
Q9QUZ8,train
Q9QVC8,train
Q9QVN7,test
Q9QVY8,train
Q9QW07,train
Q9QW08,train
Q9QWE9,train
Q9QWF0,train
Q9QWG7,train
Q9QWH1,train
Q9QWJ9,train
Q9QWK4,test
Q9QWK5,val
Q9QWM1,train
Q9QWT9,test
Q9QWV4,test
Q9QWW1,val
Q9QWY8,train
Q9QX05,train
Q9QX15,train
Q9QX27,train
Q9QX60,train
Q9QX66,val
Q9QX72,train
Q9QX74,val
Q9QX75,val
Q9QX79,val
Q9QX82,train
Q9QX96,train
Q9QX98,test
Q9QXA5,train
Q9QXA6,train
Q9QXC1,train
Q9QXD1,train
Q9QXD6,train
Q9QXE0,train
Q9QXE2,train
Q9QXE4,train
Q9QXE5,train
Q9QXF7,train
Q9QXF8,train
Q9QXG2,train
Q9QXG4,train
Q9QXG9,train
Q9QXH4,train
Q9QXI3,train
Q9QXJ1,train
Q9QXJ4,train
Q9QXK2,test
Q9QXK8,test
Q9QXK9,train
Q9QXL1,train
Q9QXL2,train
Q9QXL8,val
Q9QXM1,val
Q9QXN0,test
Q9QXN1,train
Q9QXN2,test
Q9QXN3,train
Q9QXP4,train
Q9QXP6,train
Q9QXQ1,val
Q9QXQ6,test
Q9QXS4,train
Q9QXS6,train
Q9QXS7,val
Q9QXS8,train
Q9QXT1,train
Q9QXT3,train
Q9QXT4,train
Q9QXT5,val
Q9QXT6,val
Q9QXT9,val
Q9QXU1,val
Q9QXU2,train
Q9QXU7,val
Q9QXV0,train
Q9QXV1,train
Q9QXV3,train
Q9QXV8,train
Q9QXV9,train
Q9QXW0,test
Q9QXW4,train
Q9QXW9,train
Q9QXX0,train
Q9QXX2,val
Q9QXX8,val
Q9QXY1,train
Q9QXY4,train
Q9QXY8,train
Q9QXY9,train
Q9QXZ6,val
Q9QXZ7,train
Q9QY00,val
Q9QY05,train
Q9QY06,val
Q9QY10,test
Q9QY16,train
Q9QY24,train
Q9QY31,train
Q9QY40,test
Q9QY42,train
Q9QY48,train
Q9QY53,train
Q9QY61,train
Q9QY66,train
Q9QYB2,train
Q9QYB8,train
Q9QYC0,test
Q9QYC3,train
Q9QYC7,val
Q9QYE2,train
Q9QYE3,train
Q9QYE7,train
Q9QYF1,test
Q9QYF3,train
Q9QYF9,val
Q9QYG5,train
Q9QYH1,val
Q9QYH6,train
Q9QYH7,test
Q9QYH9,test
Q9QYI5,test
Q9QYI7,val
Q9QYI8,train
Q9QYJ1,train
Q9QYJ4,train
Q9QYJ7,train
Q9QYK4,train
Q9QYK7,train
Q9QYL0,val
Q9QYL7,val
Q9QYL8,val
Q9QYM5,train
Q9QYM7,train
Q9QYM8,train
Q9QYN3,train
Q9QYP1,val
Q9QYP6,train
Q9QYR2,train
Q9QYR7,val
Q9QYT7,train
Q9QYU2,train
Q9QYU4,train
Q9QYV0,val
Q9QYV8,test
Q9QYW0,train
Q9QYW1,train
Q9QYX2,train
Q9QYX3,train
Q9QYY7,train
Q9QYY9,test
Q9QYZ3,train
Q9QYZ4,train
Q9QYZ9,val
Q9QZ04,test
Q9QZ05,train
Q9QZ08,train
Q9QZ09,test
Q9QZ10,train
Q9QZ11,train
Q9QZ15,train
Q9QZ23,train
Q9QZ25,train
Q9QZ26,val
Q9QZ29,test
Q9QZ39,test
Q9QZ41,test
Q9QZ47,val
Q9QZ48,train
Q9QZ49,val
Q9QZ58,train
Q9QZ59,train
Q9QZ67,train
Q9QZ76,train
Q9QZ82,train
Q9QZ85,train
Q9QZA6,train
Q9QZB1,val
Q9QZC7,test
Q9QZC8,train
Q9QZD5,val
Q9QZE2,test
Q9QZE3,train
Q9QZE5,train
Q9QZF2,train
Q9QZH2,val
Q9QZH7,train
Q9QZH8,test
Q9QZI9,train
Q9QZJ6,train
Q9QZK2,train
Q9QZK5,val
Q9QZK8,train
Q9QZK9,train
Q9QZL0,train
Q9QZL1,val
Q9QZL9,train
Q9QZM0,train
Q9QZM2,train
Q9QZM4,test
Q9QZM5,train
Q9QZM6,test
Q9QZM8,test
Q9QZM9,train
Q9QZN0,train
Q9QZN4,train
Q9QZP1,test
Q9QZP2,train
Q9QZQ0,train
Q9QZQ1,train
Q9QZQ3,train
Q9QZQ4,train
Q9QZQ5,train
Q9QZR0,val
Q9QZR6,test
Q9QZR9,train
Q9QZS0,val
Q9QZS3,train
Q9QZS5,train
Q9QZS6,train
Q9QZS8,train
Q9QZT0,train
Q9QZT3,train
Q9QZT4,train
Q9QZU4,train
Q9QZU5,train
Q9QZU7,train
Q9QZU9,train
Q9QZW0,train
Q9QZX8,train
Q9QZX9,train
Q9QZY5,test
Q9QZY6,train
Q9QZY7,train
Q9QZY8,val
Q9QZY9,train
Q9QZZ0,val
Q9QZZ1,test
Q9QZZ2,train
Q9R002,train
Q9R006,train
Q9R007,test
Q9R008,train
Q9R012,test
Q9R013,train
Q9R014,val
Q9R022,train
Q9R044,train
Q9R050,train
Q9R053,test
Q9R062,train
Q9R063,train
Q9R069,train
Q9R080,val
Q9R088,train
Q9R092,train
Q9R095,train
Q9R097,test
Q9R098,train
Q9R099,train
Q9R0A0,train
Q9R0A3,test
Q9R0A5,train
Q9R0A8,train
Q9R0B6,train
Q9R0B7,train
Q9R0B9,test
Q9R0C0,train
Q9R0D6,test
Q9R0D8,train
Q9R0E2,train
Q9R0G6,train
Q9R0G7,test
Q9R0G8,train
Q9R0H0,train
Q9R0H2,val
Q9R0I6,train
Q9R0J8,val
Q9R0K7,train
Q9R0K8,train
Q9R0L1,train
Q9R0L6,train
Q9R0L7,test
Q9R0L9,val
Q9R0M1,train
Q9R0M4,train
Q9R0M5,train
Q9R0N0,train
Q9R0N3,train
Q9R0N5,train
Q9R0N6,val
Q9R0N7,train
Q9R0N9,test
Q9R0P4,train
Q9R0Q2,train
Q9R0Q8,val
Q9R0Q9,train
Q9R0R1,val
Q9R0R4,train
Q9R0S2,test
Q9R0S3,val
Q9R0T7,train
Q9R0T8,val
Q9R0U0,train
Q9R0X2,train
Q9R0X5,test
Q9R0Y1,train
Q9R0Y5,val
Q9R0Z3,val
Q9R0Z7,train
Q9R100,train
Q9R101,train
Q9R103,train
Q9R109,train
Q9R110,val
Q9R112,test
Q9R117,test
Q9R123,train
Q9R144,train
Q9R152,train
Q9R155,test
Q9R157,train
Q9R158,train
Q9R159,train
Q9R160,val
Q9R182,val
Q9R186,train
Q9R190,train
Q9R194,test
Q9R1A3,train
Q9R1A7,train
Q9R1A9,val
Q9R1B1,train
Q9R1B9,train
Q9R1C6,train
Q9R1C7,train
Q9R1D1,test
Q9R1F8,train
Q9R1I1,train
Q9R1J0,train
Q9R1J4,val
Q9R1K5,val
Q9R1K7,train
Q9R1K9,train
Q9R1M3,train
Q9R1M5,test
Q9R1N2,train
Q9R1N9,val
Q9R1P1,train
Q9R1Q6,train
Q9R1Q9,train
Q9R1R2,val
Q9R1S3,train
Q9R1S4,test
Q9R1S7,train
Q9R1S9,train
Q9R1T5,train
Q9R1T7,val
Q9R1T9,test
Q9R1U5,train
Q9R1U7,train
Q9R1V6,train
Q9R1V7,test
Q9R1X4,train
Q9R1X5,train
Q9R1Y5,test
Q9R1Z7,train
Q9R1Z8,train
Q9R207,train
Q9R210,train
Q9R216,val
Q9R224,test
Q9R226,train
Q9R229,train
Q9R233,train
Q9R257,train
Q9R269,train
Q9R283,test
Q9R2B6,train
Q9R2C1,val
Q9T3Q2,train
Q9T4R3,train
Q9T6J0,test
Q9T6R5,train
Q9T7N2,train
Q9T7N5,train
Q9T7P0,train
Q9T7P1,train
Q9T7Q5,train
Q9T7T7,train
Q9T9D5,test
Q9T9I7,train
Q9T9J2,train
Q9T9W0,test
Q9T9X5,test
Q9T9X8,val
Q9T9X9,train
Q9T9Y5,train
Q9TA00,train
Q9TA07,val
Q9TA18,test
Q9TA21,train
Q9TA24,train
Q9TBI5,train
Q9TBI6,train
Q9TBI7,train
Q9TBI8,train
Q9TBJ1,train
Q9TBJ9,test
Q9TDR1,train
Q9TEG7,train
Q9TEU7,test
Q9TEY5,train
Q9TF45,train
Q9THD6,train
Q9TQX4,train
Q9TQX6,train
Q9TQY7,val
Q9TRC7,train
Q9TRM8,train
Q9TRY0,train
Q9TRY9,train
Q9TS44,train
Q9TS45,train
Q9TSJ4,train
Q9TSL6,train
Q9TSM4,train
Q9TSM5,train
Q9TST1,test
Q9TST4,test
Q9TST5,train
Q9TSV4,val
Q9TSW0,train
Q9TSX5,train
Q9TSX8,train
Q9TSY7,val
Q9TSZ0,test
Q9TSZ1,train
Q9TSZ7,train
Q9TT01,test
Q9TT06,train
Q9TT16,test
Q9TT23,train
Q9TT35,val
Q9TT91,val
Q9TT95,val
Q9TT96,train
Q9TTA5,train
Q9TTC5,test
Q9TTD8,test
Q9TTF0,val
Q9TTF3,train
Q9TTI8,train
Q9TTJ7,train
Q9TTK7,train
Q9TTM9,train
Q9TTQ3,train
Q9TTQ4,val
Q9TTQ9,train
Q9TTS6,val
Q9TTT7,test
Q9TTT8,val
Q9TTU2,train
Q9TTW3,train
Q9TTY3,train
Q9TTY4,train
Q9TTY5,train
Q9TTY8,train
Q9TU03,test
Q9TU05,train
Q9TU18,train
Q9TU27,train
Q9TU29,train
Q9TU32,train
Q9TU45,train
Q9TU69,train
Q9TU77,train
Q9TU84,train
Q9TU90,train
Q9TU97,train
Q9TU99,val
Q9TUA7,train
Q9TUB2,train
Q9TUB5,train
Q9TUF8,val
Q9TUF9,test
Q9TUG2,test
Q9TUI7,train
Q9TUI8,test
Q9TUI9,train
Q9TUM0,train
Q9TUM6,val
Q9TUN9,train
Q9TUQ3,train
Q9TUX7,train
Q9TV13,train
Q9TV52,train
Q9TV64,train
Q9TV66,train
Q9TV67,val
Q9TV68,train
Q9TV69,val
Q9TV98,test
Q9TVC8,test
Q9TVD0,train
Q9TVL3,train
Q9TVM2,train
Q9TVP3,train
Q9TVQ5,test
Q9TVX3,train
Q9TVY6,train
Q9TW45,train
Q9TW67,test
Q9TW98,test
Q9TWD3,train
Q9TWD6,train
Q9TWG1,train
Q9TWH3,train
Q9TWL0,train
Q9TWL9,train
Q9TWM7,train
Q9TWR4,train
Q9TWW7,train
Q9TX44,train
Q9TXA7,test
Q9TXD1,train
Q9TXD8,train
Q9TXD9,train
Q9TXH9,train
Q9TXI0,train
Q9TXI7,train
Q9TXJ0,train
Q9TXJ1,test
Q9TXJ8,train
Q9TXP0,train
Q9TXP3,test
Q9TXV7,train
Q9TY03,train
Q9TYK1,train
Q9TYM6,train
Q9TYN3,test
Q9TYP1,val
Q9TYP2,val
Q9TYT0,train
Q9TYT3,train
Q9TYU5,train
Q9TYU9,train
Q9TYV2,train
Q9TYV5,test
Q9TYW1,val
Q9TYY7,train
Q9TZ64,test
Q9TZ70,train
Q9TZ93,train
Q9TZ99,train
Q9TZC4,train
Q9TZD0,train
Q9TZH6,train
Q9TZI1,train
Q9TZI4,train
Q9TZL0,train
Q9TZL8,train
Q9TZM2,train
Q9TZN1,train
Q9TZP5,test
Q9TZQ3,train
Q9TZZ2,train
Q9U0E6,val
Q9U0S4,test
Q9U1G2,val
Q9U1G5,train
Q9U1G6,val
Q9U1H0,val
Q9U1H8,train
Q9U1H9,train
Q9U1I1,train
Q9U1K1,val
Q9U1M2,train
Q9U1N0,train
Q9U1N6,train
Q9U1Q0,train
Q9U1Q4,train
Q9U1R1,train
Q9U1S7,train
Q9U1W1,train
Q9U1W2,train
Q9U1X4,train
Q9U1Y5,train
Q9U213,train
Q9U217,train
Q9U221,val
Q9U226,train
Q9U232,train
Q9U239,val
Q9U256,train
Q9U280,train
Q9U297,train
Q9U298,val
Q9U299,train
Q9U2A8,train
Q9U2B7,train
Q9U2C4,train
Q9U2C9,val
Q9U2D6,train
Q9U2D9,train
Q9U2G0,test
Q9U2G5,train
Q9U2H1,train
Q9U2H9,train
Q9U2I0,train
Q9U2M1,train
Q9U2M4,train
Q9U2M5,val
Q9U2M7,train
Q9U2M8,val
Q9U2R0,train
Q9U2R6,train
Q9U2T3,train
Q9U2X0,train
Q9U2Y2,train
Q9U2Z0,train
Q9U2Z2,val
Q9U308,train
Q9U320,train
Q9U325,train
Q9U332,train
Q9U357,train
Q9U358,train
Q9U389,train
Q9U3A0,train
Q9U3B6,train
Q9U3C8,train
Q9U3D4,train
Q9U3D6,val
Q9U3F4,train
Q9U3G6,train
Q9U3H8,test
Q9U3I4,train
Q9U3K5,train
Q9U3L0,train
Q9U3N4,train
Q9U3N5,test
Q9U3P2,train
Q9U3R0,train
Q9U3S9,train
Q9U3U0,train
Q9U3U2,train
Q9U3V5,train
Q9U3V9,test
Q9U3W6,train
Q9U3Z7,train
Q9U405,val
Q9U408,val
Q9U489,train
Q9U4F3,test
Q9U4G1,test
Q9U4H5,train
Q9U4L6,train
Q9U501,train
Q9U505,val
Q9U516,test
Q9U518,test
Q9U539,train
Q9U568,train
Q9U572,val
Q9U5D2,train
Q9U5L1,train
Q9U5M4,train
Q9U5N0,train
Q9U5N1,train
Q9U5P1,train
Q9U5P7,train
Q9U5V6,val
Q9U5W9,train
Q9U5Y0,val
Q9U616,train
Q9U619,test
Q9U620,val
Q9U637,train
Q9U644,train
Q9U648,train
Q9U650,test
Q9U655,val
Q9U657,train
Q9U659,test
Q9U660,train
Q9U662,val
Q9U6A0,test
Q9U6A1,train
Q9U6B8,train
Q9U6D2,train
Q9U6L4,train
Q9U6L5,train
Q9U6M0,train
Q9U6P6,val
Q9U6R6,val
Q9U6V6,train
Q9U6W0,train
Q9U6Y3,train
Q9U6Y4,train
Q9U6Y5,train
Q9U6Y6,train
Q9U6Y7,train
Q9U6Y8,train
Q9U6Y9,train
Q9U6Z5,train
Q9U6Z6,train
Q9U6Z8,val
Q9U6Z9,train
Q9U700,train
Q9U757,train
Q9U761,test
Q9U7D3,val
Q9U7D5,train
Q9U7E0,test
Q9U8B8,train
Q9U8D2,train
Q9U8F1,train
Q9U8G7,train
Q9U8M0,train
Q9U8R2,train
Q9U8W7,val
Q9U8W8,test
Q9U903,train
Q9U915,train
Q9U968,train
Q9U969,train
Q9U9I5,val
Q9U9K0,train
Q9U9L1,val
Q9U9L2,train
Q9U9P7,val
Q9U9Q4,val
Q9U9Y8,train
Q9UA35,val
Q9UAC8,val
Q9UAC9,train
Q9UAH3,train
Q9UAS2,train
Q9UAS6,train
Q9UAV5,train
Q9UAY4,train
Q9UB00,test
Q9UB30,train
Q9UB31,train
Q9UBB5,train
Q9UBC0,test
Q9UBC1,val
Q9UBC2,train
Q9UBC3,train
Q9UBC5,val
Q9UBC9,train
Q9UBD0,train
Q9UBD3,train
Q9UBD5,train
Q9UBD9,train
Q9UBE0,train
Q9UBF1,train
Q9UBF9,train
Q9UBG0,train
Q9UBG3,train
Q9UBG7,train
Q9UBH0,train
Q9UBH6,train
Q9UBI4,train
Q9UBI6,train
Q9UBI9,train
Q9UBJ2,train
Q9UBK2,train
Q9UBK5,val
Q9UBK7,train
Q9UBK8,train
Q9UBL0,val
Q9UBL6,train
Q9UBL9,train
Q9UBM1,train
Q9UBM4,train
Q9UBM7,train
Q9UBM8,val
Q9UBN6,val
Q9UBN7,train
Q9UBP4,train
Q9UBP5,val
Q9UBP8,val
Q9UBQ6,train
Q9UBQ7,train
Q9UBR2,test
Q9UBR4,train
Q9UBR5,train
Q9UBS0,val
Q9UBS8,val
Q9UBS9,train
Q9UBT3,train
Q9UBT6,train
Q9UBU2,train
Q9UBU3,test
Q9UBU6,train
Q9UBU7,val
Q9UBU8,val
Q9UBU9,val
Q9UBV7,train
Q9UBV8,train
Q9UBW5,train
Q9UBW8,test
Q9UBX0,test
Q9UBX1,train
Q9UBX5,train
Q9UBX7,train
Q9UBY5,test
Q9UBY8,train
Q9UBZ4,test
Q9UC06,train
Q9UC07,val
Q9UD57,train
Q9UDV6,train
Q9UDV7,train
Q9UDW1,train
Q9UDW3,train
Q9UDX3,val
Q9UDX5,val
Q9UDY2,train
Q9UDY4,train
Q9UDY8,train
Q9UEE5,val
Q9UEG4,train
Q9UET6,train
Q9UEW3,train
Q9UEW8,test
Q9UF12,train
Q9UF56,test
Q9UF83,train
Q9UFB7,test
Q9UFC0,train
Q9UFE4,val
Q9UFF9,train
Q9UFG5,train
Q9UFP1,train
Q9UFV1,train
Q9UFV3,train
Q9UG22,train
Q9UGC7,val
Q9UGF5,test
Q9UGF6,train
Q9UGF7,train
Q9UGI0,val
Q9UGI9,train
Q9UGJ0,train
Q9UGK3,train
Q9UGK8,train
Q9UGL9,train
Q9UGM1,train
Q9UGM5,val
Q9UGM6,train
Q9UGN4,train
Q9UGN5,test
Q9UGP4,train
Q9UGQ3,train
Q9UGR2,train
Q9UGT4,train
Q9UGU0,test
Q9UGU5,train
Q9UH17,train
Q9UH36,train
Q9UH62,train
Q9UH64,val
Q9UH90,train
Q9UH92,test
Q9UH99,test
Q9UHA2,test
Q9UHA3,train
Q9UHA7,val
Q9UHB4,val
Q9UHB6,train
Q9UHB9,test
Q9UHC1,test
Q9UHC3,test
Q9UHC6,train
Q9UHC9,test
Q9UHD0,train
Q9UHD1,train
Q9UHD4,test
Q9UHD8,train
Q9UHD9,train
Q9UHE5,val
Q9UHF0,train
Q9UHF1,train
Q9UHF3,train
Q9UHF4,train
Q9UHG0,val
Q9UHG2,train
Q9UHH9,val
Q9UHI6,train
Q9UHI7,train
Q9UHI8,test
Q9UHJ3,train
Q9UHJ6,train
Q9UHK0,train
Q9UHK6,test
Q9UHL3,val
Q9UHL4,train
Q9UHL9,train
Q9UHM6,train
Q9UHN1,train
Q9UHN6,train
Q9UHP3,test
Q9UHP6,val
Q9UHP7,train
Q9UHP9,train
Q9UHQ1,train
Q9UHQ7,train
Q9UHQ9,train
Q9UHR4,train
Q9UHR6,train
Q9UHT4,train
Q9UHU1,train
Q9UHV2,train
Q9UHV7,train
Q9UHV8,train
Q9UHV9,train
Q9UHW5,train
Q9UHW9,train
Q9UHX3,train
Q9UHY1,train
Q9UHY8,train
Q9UI09,val
Q9UI10,train
Q9UI14,train
Q9UI15,train
Q9UI25,train
Q9UI30,train
Q9UI33,test
Q9UI38,train
Q9UI40,train
Q9UI42,val
Q9UI43,train
Q9UI46,train
Q9UI47,train
Q9UI54,val
Q9UI72,test
Q9UIA9,train
Q9UIB8,train
Q9UIC8,train
Q9UID6,train
Q9UIE0,train
Q9UIF7,train
Q9UIF8,val
Q9UIF9,train
Q9UIG8,train
Q9UIH9,train
Q9UII4,train
Q9UII5,train
Q9UII6,val
Q9UIJ7,test
Q9UIK4,train
Q9UIL1,train
Q9UIL4,train
Q9UIL8,test
Q9UIM3,test
Q9UIQ6,train
Q9UIR0,train
Q9UIS9,train
Q9UIV8,test
Q9UIW0,val
Q9UIW2,test
Q9UIX4,val
Q9UIY3,train
Q9UJ04,val
Q9UJ14,val
Q9UJ37,train
Q9UJ41,val
Q9UJ42,train
Q9UJ55,train
Q9UJ68,train
Q9UJ71,train
Q9UJ72,train
Q9UJ83,train
Q9UJ90,train
Q9UJ96,val
Q9UJ98,train
Q9UJA2,test
Q9UJA3,train
Q9UJA9,train
Q9UJC3,train
Q9UJC5,val
Q9UJF2,test
Q9UJH8,val
Q9UJJ7,train
Q9UJJ9,train
Q9UJK0,train
Q9UJL9,train
Q9UJM3,train
Q9UJM8,train
Q9UJN7,val
Q9UJQ4,train
Q9UJQ7,val
Q9UJT0,train
Q9UJT2,val
Q9UJT9,train
Q9UJU3,train
Q9UJU5,train
Q9UJU6,train
Q9UJV8,train
Q9UJV9,train
Q9UJW2,train
Q9UJW3,val
Q9UJW7,train
Q9UJW8,train
Q9UJW9,test
Q9UJX0,train
Q9UJX2,train
Q9UJX6,train
Q9UJY4,train
Q9UJZ1,train
Q9UK00,train
Q9UK05,train
Q9UK10,train
Q9UK11,val
Q9UK12,train
Q9UK13,test
Q9UK22,val
Q9UK23,train
Q9UK28,train
Q9UK32,val
Q9UK41,train
Q9UK45,train
Q9UK53,val
Q9UK58,train
Q9UK59,train
Q9UK61,train
Q9UK80,val
Q9UK85,train
Q9UK97,train
Q9UKA4,val
Q9UKB3,val
Q9UKB5,train
Q9UKC9,test
Q9UKF2,test
Q9UKF5,train
Q9UKF7,train
Q9UKG4,val
Q9UKG9,train
Q9UKH3,train
Q9UKI3,train
Q9UKI8,train
Q9UKJ0,test
Q9UKJ1,train
Q9UKJ3,val
Q9UKJ8,test
Q9UKK3,val
Q9UKK6,train
Q9UKL2,test
Q9UKL3,train
Q9UKL6,val
Q9UKM7,val
Q9UKM9,train
Q9UKP4,test
Q9UKP5,train
Q9UKQ9,val
Q9UKR0,val
Q9UKR3,val
Q9UKR5,test
Q9UKR8,train
Q9UKS6,val
Q9UKS7,train
Q9UKT4,train
Q9UKT6,train
Q9UKT7,train
Q9UKU7,train
Q9UKU9,train
Q9UKV0,train
Q9UKV3,test
Q9UKV5,val
Q9UKW4,train
Q9UKX3,train
Q9UKX5,train
Q9UKX7,train
Q9UKY0,test
Q9UKY3,test
Q9UKY4,test
Q9UKY7,train
Q9UKZ9,train
Q9UL01,train
Q9UL12,test
Q9UL17,val
Q9UL18,val
Q9UL19,train
Q9UL25,train
Q9UL26,train
Q9UL33,train
Q9UL36,train
Q9UL40,train
Q9UL41,train
Q9UL42,train
Q9UL45,train
Q9UL49,train
Q9UL52,train
Q9UL54,train
Q9UL59,val
Q9UL62,train
Q9UL68,val
Q9ULA0,train
Q9ULC3,train
Q9ULC5,test
Q9ULC6,train
Q9ULD0,train
Q9ULD2,train
Q9ULD5,train
Q9ULD6,test
Q9ULD8,train
Q9ULE0,train
Q9ULE3,train
Q9ULE4,train
Q9ULE6,train
Q9ULF5,test
Q9ULG1,train
Q9ULG3,train
Q9ULG6,train
Q9ULH7,train
Q9ULI0,train
Q9ULI3,train
Q9ULI4,train
Q9ULJ1,train
Q9ULJ3,val
Q9ULJ6,test
Q9ULJ7,train
Q9ULK2,val
Q9ULL0,train
Q9ULL1,test
Q9ULL4,test
Q9ULL8,train
Q9ULM0,train
Q9ULM2,train
Q9ULM3,val
Q9ULN7,train
Q9ULQ0,train
Q9ULQ1,train
Q9ULR5,val
Q9ULT0,train
Q9ULT6,train
Q9ULU4,train
Q9ULU8,train
Q9ULV0,train
Q9ULV3,train
Q9ULV8,train
Q9ULW2,train
Q9ULW5,train
Q9ULW6,val
Q9ULW8,train
Q9ULX5,val
Q9ULX7,train
Q9ULY5,train
Q9ULZ0,val
Q9ULZ1,train
Q9ULZ2,train
Q9ULZ3,train
Q9ULZ9,test
Q9UM00,test
Q9UM07,train
Q9UM19,train
Q9UM44,train
Q9UM54,test
Q9UM73,test
Q9UM82,train
Q9UMD9,val
Q9UMF0,train
Q9UMQ3,train
Q9UMQ6,train
Q9UMR7,test
Q9UMS0,val
Q9UMS6,train
Q9UMW8,test
Q9UMX2,test
Q9UMX3,train
Q9UMX6,train
Q9UMX9,train
Q9UMY1,val
Q9UMY4,train
Q9UMZ2,val
Q9UN36,train
Q9UN67,train
Q9UN73,train
Q9UN76,train
Q9UN79,train
Q9UN81,val
Q9UN86,train
Q9UN88,val
Q9UNA0,train
Q9UNA3,val
Q9UNA4,train
Q9UNE0,train
Q9UNE2,train
Q9UNG2,train
Q9UNH5,train
Q9UNH6,train
Q9UNI1,train
Q9UNI6,val
Q9UNK4,train
Q9UNL2,train
Q9UNM6,train
Q9UNN4,train
Q9UNN8,train
Q9UNP9,train
Q9UNQ2,train
Q9UNS1,train
Q9UNU6,train
Q9UNW1,train
Q9UNW8,train
Q9UNW9,val
Q9UNY4,train
Q9UNY5,train
Q9UP38,train
Q9UP52,train
Q9UP65,train
Q9UP79,train
Q9UP83,train
Q9UPC5,train
Q9UPG8,train
Q9UPI3,train
Q9UPM6,test
Q9UPM8,train
Q9UPN4,train
Q9UPN7,test
Q9UPN9,train
Q9UPP2,train
Q9UPQ0,train
Q9UPQ3,train
Q9UPR0,train
Q9UPR3,train
Q9UPR5,train
Q9UPR6,train
Q9UPS6,val
Q9UPS8,train
Q9UPT5,train
Q9UPT8,val
Q9UPU7,train
Q9UPV0,train
Q9UPW0,train
Q9UPW6,val
Q9UPW8,train
Q9UPX6,train
Q9UPX8,train
Q9UPY5,train
Q9UPZ3,train
Q9UPZ9,train
Q9UQ05,train
Q9UQ07,train
Q9UQ13,train
Q9UQ26,train
Q9UQ49,train
Q9UQ52,train
Q9UQ53,val
Q9UQ72,val
Q9UQ80,train
Q9UQ84,val
Q9UQ90,train
Q9UQB3,train
Q9UQB9,train
Q9UQC9,val
Q9UQK1,train
Q9UQP3,val
Q9UQQ1,train
Q9UQQ2,train
Q9UQR0,val
Q9V333,train
Q9V345,test
Q9V359,train
Q9V399,val
Q9V3A4,train
Q9V3A6,val
Q9V3B4,train
Q9V3B6,val
Q9V3C0,val
Q9V3C1,train
Q9V3C5,test
Q9V3D2,test
Q9V3D4,train
Q9V3D5,val
Q9V3D6,train
Q9V3F3,train
Q9V3G1,train
Q9V3G3,train
Q9V3G6,train
Q9V3G7,train
Q9V3H2,train
Q9V3H8,train
Q9V3I2,train
Q9V3I5,train
Q9V3I8,train
Q9V3J1,train
Q9V3J3,train
Q9V3J4,val
Q9V3L1,train
Q9V3L6,test
Q9V3N1,test
Q9V3N2,test
Q9V3N8,train
Q9V3P0,train
Q9V3P6,train
Q9V3Q2,train
Q9V3Q6,test
Q9V3R1,train
Q9V3R6,train
Q9V3R8,train
Q9V3S0,test
Q9V3S9,val
Q9V3T9,train
Q9V3U0,train
Q9V3U9,val
Q9V3V0,train
Q9V3W0,train
Q9V3W6,val
Q9V3X4,train
Q9V3X5,val
Q9V3Y0,train
Q9V3Y2,test
Q9V3Y3,train
Q9V3Z1,train
Q9V3Z2,train
Q9V407,train
Q9V410,train
Q9V411,train
Q9V412,train
Q9V419,train
Q9V422,val
Q9V427,train
Q9V431,train
Q9V438,train
Q9V439,train
Q9V444,train
Q9V447,train
Q9V452,train
Q9V460,test
Q9V463,train
Q9V464,train
Q9V466,test
Q9V468,train
Q9V477,train
Q9V492,test
Q9V498,test
Q9V4A7,train
Q9V4C0,train
Q9V4C8,train
Q9V4F9,train
Q9V4I0,train
Q9V4I1,train
Q9V4K2,train
Q9V4L4,train
Q9V4M2,test
Q9V4N3,test
Q9V4P1,train
Q9V4Q0,train
Q9V4Q8,train
Q9V4S8,val
Q9V4T3,val
Q9V4T5,train
Q9V4U7,train
Q9V4U9,val
Q9V4W1,train
Q9V4Z9,test
Q9V521,train
Q9V535,train
Q9V557,train
Q9V558,train
Q9V559,train
Q9V564,val
Q9V568,train
Q9V574,val
Q9V576,val
Q9V579,train
Q9V589,train
Q9V595,train
Q9V597,train
Q9V5C6,train
Q9V5E1,train
Q9V5L3,test
Q9V5M3,train
Q9V5M6,test
Q9V5P6,train
Q9V5Q4,test
Q9V5Z7,train
Q9V629,test
Q9V637,train
Q9V668,train
Q9V674,test
Q9V675,test
Q9V676,train
Q9V677,train
Q9V6A9,test
Q9V6B9,test
Q9V6D6,train
Q9V6G5,train
Q9V6H1,val
Q9V6H2,train
Q9V6K1,val
Q9V6K3,train
Q9V6L0,test
Q9V6L9,train
Q9V6Q2,train
Q9V6U8,train
Q9V6U9,test
Q9V6X7,train
Q9V6Y3,val
Q9V719,train
Q9V726,train
Q9V727,train
Q9V730,train
Q9V751,train
Q9V769,test
Q9V770,train
Q9V771,train
Q9V773,train
Q9V774,val
Q9V776,train
Q9V778,train
Q9V780,train
Q9V784,test
Q9V785,val
Q9V7A4,train
Q9V7A7,val
Q9V7D2,train
Q9V7G5,train
Q9V7H4,train
Q9V7N5,train
Q9V7P1,train
Q9V7U0,train
Q9V7W1,val
Q9V7Y2,val
Q9V817,val
Q9V818,train
Q9V831,test
Q9V853,val
Q9V877,train
Q9V895,train
Q9V8F3,train
Q9V8F5,val
Q9V8G0,train
Q9V8I2,train
Q9V8K2,train
Q9V8M2,val
Q9V8M5,train
Q9V8P9,val
Q9V8R9,train
Q9V8W3,train
Q9V8Y2,train
Q9V8Y7,train
Q9V8Y9,train
Q9V931,train
Q9V938,train
Q9V968,val
Q9V969,test
Q9V979,test
Q9V998,val
Q9V9A7,train
Q9V9A8,train
Q9V9E3,test
Q9V9I2,train
Q9V9I4,train
Q9V9J3,train
Q9V9K7,train
Q9V9L1,val
Q9V9M8,train
Q9V9N1,val
Q9V9N4,train
Q9V9P3,train
Q9V9S7,train
Q9V9S8,train
Q9V9V9,train
Q9V9W8,train
Q9V9Y4,train
Q9V9Y9,train
Q9V9Z1,train
Q9V9Z9,train
Q9VA00,train
Q9VA02,val
Q9VA12,train
Q9VA27,train
Q9VA37,test
Q9VA38,train
Q9VA73,train
Q9VA83,train
Q9VAB8,test
Q9VAC5,train
Q9VAC8,train
Q9VAD6,val
Q9VAF0,val
Q9VAF5,val
Q9VAF7,train
Q9VAG4,train
Q9VAH9,train
Q9VAI0,val
Q9VAI1,test
Q9VAI6,train
Q9VAJ3,train
Q9VAJ4,train
Q9VAK8,train
Q9VAL0,train
Q9VAM5,train
Q9VAM6,train
Q9VAM9,val
Q9VAN0,val
Q9VAN6,train
Q9VAP2,train
Q9VAP3,val
Q9VAQ1,train
Q9VAQ5,train
Q9VAQ7,test
Q9VAQ8,train
Q9VAS7,train
Q9VAT2,train
Q9VAU9,test
Q9VAW0,train
Q9VAW5,train
Q9VAY3,train
Q9VAZ3,train
Q9VB08,train
Q9VB14,train
Q9VB25,test
Q9VB26,train
Q9VB30,train
Q9VB31,val
Q9VB46,train
Q9VB62,val
Q9VB68,train
Q9VB74,train
Q9VB98,train
Q9VBB3,train
Q9VBC4,train
Q9VBC7,train
Q9VBG6,val
Q9VBL5,val
Q9VBL6,val
Q9VBL7,val
Q9VBN7,val
Q9VBP3,train
Q9VBP9,val
Q9VBQ9,train
Q9VBU8,val
Q9VBV3,train
Q9VBV5,train
Q9VBV8,train
Q9VBW0,train
Q9VBW3,train
Q9VBW6,train
Q9VBW9,test
Q9VBX1,train
Q9VBX2,val
Q9VBY8,train
Q9VBZ5,val
Q9VBZ9,train
Q9VC03,train
Q9VC07,train
Q9VC27,val
Q9VC35,test
Q9VC44,train
Q9VC45,train
Q9VC47,train
Q9VC57,train
Q9VC61,val
Q9VC70,train
Q9VC94,train
Q9VC99,train
Q9VCA2,train
Q9VCA5,test
Q9VCA9,train
Q9VCB1,train
Q9VCC0,test
Q9VCC3,train
Q9VCD0,train
Q9VCE1,train
Q9VCE6,train
Q9VCE8,train
Q9VCE9,train
Q9VCF0,train
Q9VCG2,train
Q9VCG3,train
Q9VCG4,train
Q9VCH5,train
Q9VCI0,val
Q9VCI3,train
Q9VCI5,train
Q9VCJ8,train
Q9VCK1,train
Q9VCK2,test
Q9VCN1,test
Q9VCN9,test
Q9VCP0,val
Q9VCP1,val
Q9VCQ3,test
Q9VCR3,train
Q9VCR6,train
Q9VCR7,test
Q9VCS8,train
Q9VCS9,train
Q9VCT9,val
Q9VCU5,train
Q9VCU7,train
Q9VCW0,test
Q9VCW1,val
Q9VCW3,train
Q9VCX1,train
Q9VCX3,val
Q9VCY3,train
Q9VCY8,train
Q9VCZ3,test
Q9VCZ8,val
Q9VD09,train
Q9VD25,train
Q9VD28,train
Q9VD44,train
Q9VD51,train
Q9VD73,train
Q9VD74,train
Q9VD76,val
Q9VD83,train
Q9VD92,train
Q9VDA0,train
Q9VDC6,test
Q9VDD7,test
Q9VDD9,train
Q9VDE4,train
Q9VDE5,train
Q9VDE6,test
Q9VDE8,train
Q9VDG1,train
Q9VDG2,train
Q9VDG5,train
Q9VDH4,test
Q9VDH6,test
Q9VDL1,test
Q9VDM1,val
Q9VDN2,val
Q9VDQ0,train
Q9VDQ7,train
Q9VDR1,test
Q9VDS5,train
Q9VDS6,val
Q9VDT6,train
Q9VDV3,train
Q9VDW3,train
Q9VDY1,val
Q9VDZ3,val
Q9VDZ4,train
Q9VE00,train
Q9VE01,train
Q9VE04,train
Q9VE09,val
Q9VE11,train
Q9VE17,train
Q9VE46,train
Q9VE50,train
Q9VE51,train
Q9VE61,train
Q9VE86,val
Q9VE87,val
Q9VEA2,train
Q9VEA5,train
Q9VEB3,train
Q9VEB4,train
Q9VEB5,train
Q9VEC1,val
Q9VEC3,train
Q9VED0,train
Q9VEG6,train
Q9VEG9,train
Q9VEI3,train
Q9VEI9,test
Q9VEJ0,train
Q9VEJ2,train
Q9VEN1,val
Q9VEP1,test
Q9VER6,train
Q9VES1,train
Q9VET0,train
Q9VEU0,test
Q9VEU1,train
Q9VEU5,train
Q9VEU6,val
Q9VEV4,val
Q9VEW2,val
Q9VEX0,train
Q9VEX6,test
Q9VEX9,train
Q9VEZ3,train
Q9VEZ5,train
Q9VF08,val
Q9VF14,train
Q9VF27,train
Q9VF30,train
Q9VF36,val
Q9VF59,train
Q9VF71,val
Q9VF78,val
Q9VF81,train
Q9VF89,train
Q9VFB2,train
Q9VFB7,train
Q9VFC2,train
Q9VFC8,train
Q9VFD5,train
Q9VFE4,test
Q9VFE6,val
Q9VFF3,train
Q9VFH6,train
Q9VFJ0,val
Q9VFJ2,train
Q9VFK6,test
Q9VFL5,train
Q9VFM9,train
Q9VFN2,train
Q9VFP1,train
Q9VFP2,train
Q9VFR0,val
Q9VFR1,test
Q9VFS2,train
Q9VFS5,train
Q9VFS6,train
Q9VFS8,train
Q9VFW4,train
Q9VFX1,train
Q9VFX3,train
Q9VG08,test
Q9VG09,train
Q9VG17,train
Q9VG40,test
Q9VG55,train
Q9VG73,test
Q9VG74,train
Q9VG76,val
Q9VG82,train
Q9VG93,train
Q9VG94,train
Q9VG95,train
Q9VG96,test
Q9VG97,train
Q9VG98,train
Q9VGA2,val
Q9VGA4,test
Q9VGB3,train
Q9VGB4,train
Q9VGB5,train
Q9VGC3,test
Q9VGE2,test
Q9VGE3,train
Q9VGE8,train
Q9VGG5,train
Q9VGG6,train
Q9VGG8,train
Q9VGH1,train
Q9VGH7,train
Q9VGI8,val
Q9VGJ5,train
Q9VGK7,train
Q9VGL8,train
Q9VGN7,train
Q9VGN9,test
Q9VGP0,train
Q9VGP1,test
Q9VGP2,val
Q9VGP4,train
Q9VGP6,train
Q9VGQ9,train
Q9VGR2,train
Q9VGR7,train
Q9VGS2,train
Q9VGU5,train
Q9VGU6,train
Q9VGV8,train
Q9VGW1,train
Q9VGW6,test
Q9VGY5,train
Q9VGY6,train
Q9VGZ0,val
Q9VGZ1,train
Q9VGZ5,train
Q9VGZ8,val
Q9VH08,test
Q9VH14,train
Q9VH19,val
Q9VH20,train
Q9VH38,test
Q9VH39,train
Q9VH58,train
Q9VH70,train
Q9VH78,train
Q9VH89,train
Q9VH90,test
Q9VH95,train
Q9VHA0,test
Q9VHB0,train
Q9VHB3,train
Q9VHB6,train
Q9VHB9,test
Q9VHC5,train
Q9VHD2,train
Q9VHD3,test
Q9VHE6,val
Q9VHG1,train
Q9VHG4,train
Q9VHH7,train
Q9VHH9,train
Q9VHI4,test
Q9VHI7,train
Q9VHJ6,train
Q9VHK6,val
Q9VHM2,train
Q9VHM6,val
Q9VHN3,test
Q9VHN5,train
Q9VHN6,train
Q9VHN9,train
Q9VHP0,train
Q9VHP4,train
Q9VHQ2,test
Q9VHQ6,train
Q9VHQ7,train
Q9VHR6,train
Q9VHR8,test
Q9VHS2,test
Q9VHS4,train
Q9VHS7,train
Q9VHS8,train
Q9VHT4,train
Q9VHT9,test
Q9VHU1,val
Q9VHV1,val
Q9VHV5,test
Q9VHX7,train
Q9VHY5,train
Q9VI10,val
Q9VI13,train
Q9VI20,train
Q9VI25,train
Q9VI58,train
Q9VI60,train
Q9VI74,train
Q9VI75,val
Q9VI82,train
Q9VI85,val
Q9VI93,train
Q9VIA5,train
Q9VIE6,val
Q9VIF0,train
Q9VIF1,train
Q9VIF5,train
Q9VIF6,train
Q9VIH3,train
Q9VIH7,train
Q9VIH9,test
Q9VII1,train
Q9VII3,val
Q9VIK2,train
Q9VIK9,train
Q9VIL0,train
Q9VIM5,train
Q9VIP0,train
Q9VIP2,train
Q9VIP7,train
Q9VIP8,test
Q9VIQ0,val
Q9VIQ9,test
Q9VIS1,train
Q9VIT0,val
Q9VIT2,train
Q9VIU7,train
Q9VIV2,test
Q9VIW3,train
Q9VIW7,train
Q9VIZ0,val
Q9VJ07,train
Q9VJ10,train
Q9VJ26,train
Q9VJ29,train
Q9VJ31,test
Q9VJ33,test
Q9VJ34,train
Q9VJ38,train
Q9VJ62,train
Q9VJ71,train
Q9VJ79,train
Q9VJ83,train
Q9VJ87,train
Q9VJ90,train
Q9VJ97,val
Q9VJB6,train
Q9VJC7,train
Q9VJD2,train
Q9VJD3,train
Q9VJE4,val
Q9VJE5,train
Q9VJF2,test
Q9VJG0,test
Q9VJG4,train
Q9VJI9,test
Q9VJJ7,train
Q9VJK8,train
Q9VJL6,val
Q9VJN5,train
Q9VJN9,val
Q9VJQ4,train
Q9VJQ5,train
Q9VJS7,train
Q9VJS8,train
Q9VJV8,val
Q9VJY6,train
Q9VJY8,val
Q9VJY9,train
Q9VJZ7,train
Q9VK07,train
Q9VK13,train
Q9VK33,train
Q9VK34,train
Q9VK50,val
Q9VK68,train
Q9VK71,test
Q9VK89,val
Q9VK91,train
Q9VKA0,train
Q9VKA4,val
Q9VKA5,test
Q9VKB4,val
Q9VKB9,train
Q9VKD3,train
Q9VKD6,test
Q9VKD7,train
Q9VKG9,train
Q9VKH0,train
Q9VKH6,train
Q9VKJ0,test
Q9VKJ1,test
Q9VKJ3,train
Q9VKJ7,test
Q9VKJ8,train
Q9VKJ9,train
Q9VKK1,train
Q9VKK2,val
Q9VKM1,train
Q9VKM6,train
Q9VKN7,test
Q9VKQ6,train
Q9VKQ9,val
Q9VKU7,test
Q9VKV5,train
Q9VKW2,test
Q9VKX4,test
Q9VKX7,train
Q9VKY1,test
Q9VKY2,val
Q9VKY8,train
Q9VL00,val
Q9VL13,train
Q9VL14,train
Q9VL18,val
Q9VL25,val
Q9VL31,val
Q9VL32,train
Q9VL52,val
Q9VL63,train
Q9VL72,train
Q9VL76,train
Q9VL78,train
Q9VL84,train
Q9VL86,train
Q9VL92,train
Q9VLA1,test
Q9VLA2,train
Q9VLC0,train
Q9VLC1,train
Q9VLD6,val
Q9VLE5,val
Q9VLF6,train
Q9VLJ0,val
Q9VLJ6,train
Q9VLJ9,train
Q9VLK2,train
Q9VLK4,train
Q9VLK8,train
Q9VLL0,train
Q9VLL3,train
Q9VLM5,train
Q9VLM6,train
Q9VLM7,train
Q9VLM8,train
Q9VLN1,val
Q9VLP3,train
Q9VLP4,train
Q9VLP7,train
Q9VLP9,train
Q9VLQ1,train
Q9VLR5,val
Q9VLR9,train
Q9VLS1,train
Q9VLS9,val
Q9VLT1,val
Q9VLT8,train
Q9VLU0,train
Q9VLU4,test
Q9VLU5,train
Q9VLU6,val
Q9VLV5,train
Q9VLV7,train
Q9VLW2,train
Q9VLZ7,train
Q9VM08,val
Q9VM09,train
Q9VM17,train
Q9VM21,train
Q9VM35,val
Q9VM46,val
Q9VM51,val
Q9VM60,train
Q9VM65,train
Q9VM71,train
Q9VM75,train
Q9VM90,train
Q9VM91,train
Q9VM92,test
Q9VM95,train
Q9VMA0,test
Q9VMA2,test
Q9VMA3,train
Q9VMA7,train
Q9VMC9,train
Q9VMD0,train
Q9VMD5,train
Q9VMD6,train
Q9VMD9,train
Q9VMG0,train
Q9VMH0,train
Q9VMH7,val
Q9VMJ7,train
Q9VMK1,test
Q9VMK3,val
Q9VML1,train
Q9VML9,train
Q9VMM6,test
Q9VMN5,val
Q9VMP9,train
Q9VMQ5,train
Q9VMQ7,train
Q9VMR8,val
Q9VMS7,train
Q9VMS8,train
Q9VMS9,train
Q9VMT5,train
Q9VMT6,train
Q9VMU4,train
Q9VMU5,train
Q9VMU8,train
Q9VMV6,test
Q9VMW7,train
Q9VMW8,train
Q9VMW9,val
Q9VMX0,test
Q9VMX1,test
Q9VMX6,test
Q9VMY9,train
Q9VN03,test
Q9VN12,train
Q9VN13,val
Q9VN14,train
Q9VN19,test
Q9VN27,train
Q9VN45,train
Q9VN50,test
Q9VN60,train
Q9VN91,train
Q9VN93,test
Q9VN95,val
Q9VN97,test
Q9VNA0,train
Q9VNA4,train
Q9VNA5,train
Q9VNA8,train
Q9VNB3,train
Q9VNB5,train
Q9VND8,train
Q9VNE1,train
Q9VNE2,val
Q9VNE7,val
Q9VNE9,test
Q9VNG0,train
Q9VNG1,train
Q9VNH1,train
Q9VNH6,train
Q9VNI3,val
Q9VNJ5,train
Q9VNK9,train
Q9VNL3,val
Q9VNL4,train
Q9VNM1,test
Q9VNP5,train
Q9VNS0,train
Q9VNT5,train
Q9VNV3,val
Q9VNX1,train
Q9VNX8,train
Q9VNZ8,train
Q9VP04,val
Q9VP05,train
Q9VP22,train
Q9VP47,test
Q9VP48,train
Q9VP61,train
Q9VP65,train
Q9VP76,train
Q9VP95,val
Q9VPB1,val
Q9VPC0,val
Q9VPC1,train
Q9VPD2,test
Q9VPD3,train
Q9VPD5,train
Q9VPF0,train
Q9VPF8,train
Q9VPF9,train
Q9VPH0,train
Q9VPH2,train
Q9VPH7,val
Q9VPH8,val
Q9VPI2,val
Q9VPK7,train
Q9VPL3,train
Q9VPM5,val
Q9VPN2,train
Q9VPP5,train
Q9VPQ2,train
Q9VPQ6,train
Q9VPR4,train
Q9VPR7,train
Q9VPS5,train
Q9VPT1,train
Q9VPT4,train
Q9VPT5,train
Q9VPT7,train
Q9VPT8,train
Q9VPW1,val
Q9VPW8,train
Q9VPY0,test
Q9VPY8,train
Q9VQ26,train
Q9VQ29,train
Q9VQ30,train
Q9VQ36,train
Q9VQ37,test
Q9VQ56,val
Q9VQ57,val
Q9VQ62,train
Q9VQ66,train
Q9VQ79,train
Q9VQ89,train
Q9VQ91,train
Q9VQ93,train
Q9VQB6,train
Q9VQB7,train
Q9VQC4,train
Q9VQD2,test
Q9VQD4,val
Q9VQD6,train
Q9VQE5,val
Q9VQE9,train
Q9VQF7,test
Q9VQF9,val
Q9VQG2,val
Q9VQG4,test
Q9VQG9,train
Q9VQH2,train
Q9VQK4,train
Q9VQK9,train
Q9VQM4,test
Q9VQN8,train
Q9VQP9,train
Q9VQQ0,train
Q9VQQ9,val
Q9VQS5,val
Q9VQS6,train
Q9VQS7,val
Q9VQU9,train
Q9VQX4,train
Q9VQY9,test
Q9VQZ6,train
Q9VR05,val
Q9VR07,train
Q9VR17,train
Q9VR19,train
Q9VR20,train
Q9VR35,train
Q9VR38,test
Q9VR50,test
Q9VR52,test
Q9VR56,train
Q9VR59,test
Q9VR81,train
Q9VR82,train
Q9VR89,val
Q9VR93,train
Q9VR94,train
Q9VR99,train
Q9VRB3,train
Q9VRC9,train
Q9VRH6,train
Q9VRI9,train
Q9VRJ0,train
Q9VRJ1,train
Q9VRJ2,train
Q9VRJ8,train
Q9VRJ9,train
Q9VRK8,train
Q9VRL2,train
Q9VRL3,train
Q9VRM7,train
Q9VRN2,train
Q9VRN3,train
Q9VRN5,train
Q9VRP9,train
Q9VRQ7,val
Q9VRQ9,train
Q9VRR2,train
Q9VRV7,test
Q9VRX1,test
Q9VRX2,train
Q9VRX3,train
Q9VRX6,train
Q9VRZ7,val
Q9VS05,train
Q9VS24,train
Q9VS29,train
Q9VS34,val
Q9VS36,train
Q9VS38,val
Q9VS46,val
Q9VS48,train
Q9VS50,train
Q9VS59,train
Q9VS60,train
Q9VS77,train
Q9VS78,train
Q9VS79,train
Q9VSA3,train
Q9VSA4,train
Q9VSB9,test
Q9VSC1,test
Q9VSD7,train
Q9VSE2,train
Q9VSE7,train
Q9VSF2,train
Q9VSF3,test
Q9VSF4,train
Q9VSH0,train
Q9VSH2,train
Q9VSH3,train
Q9VSH4,train
Q9VSH9,train
Q9VSJ8,train
Q9VSK8,train
Q9VSK9,train
Q9VSL3,train
Q9VSL7,train
Q9VSR3,test
Q9VSS1,test
Q9VSS2,train
Q9VSS7,train
Q9VSU7,train
Q9VSY4,train
Q9VSY6,train
Q9VT04,val
Q9VT08,val
Q9VT20,train
Q9VT41,train
Q9VT50,train
Q9VT51,val
Q9VT52,train
Q9VT53,train
Q9VT57,train
Q9VT65,test
Q9VT67,train
Q9VT70,test
Q9VT90,train
Q9VT92,train
Q9VTC2,train
Q9VTC4,train
Q9VTE0,train
Q9VTE2,val
Q9VTE5,train
Q9VTE6,train
Q9VTE9,train
Q9VTF9,test
Q9VTG7,val
Q9VTH0,train
Q9VTH4,train
Q9VTI8,test
Q9VTJ4,val
Q9VTJ8,test
Q9VTK2,train
Q9VTL1,train
Q9VTM0,train
Q9VTM5,val
Q9VTM6,val
Q9VTN0,val
Q9VTN3,train
Q9VTP4,val
Q9VTT0,train
Q9VTT9,train
Q9VTU0,train
Q9VTU1,test
Q9VTU3,train
Q9VTV1,test
Q9VTW2,train
Q9VTX8,train
Q9VTY4,train
Q9VTY6,train
Q9VTZ2,train
Q9VTZ5,train
Q9VTZ6,train
Q9VU02,train
Q9VU27,train
Q9VU31,train
Q9VU41,train
Q9VU52,train
Q9VU58,train
Q9VU65,train
Q9VU68,val
Q9VU70,train
Q9VU77,train
Q9VU84,train
Q9VU86,val
Q9VU87,train
Q9VU95,train
Q9VUA0,test
Q9VUB4,train
Q9VUC6,test
Q9VUF8,train
Q9VUI3,train
Q9VUJ0,test
Q9VUK5,test
Q9VUK8,train
Q9VUL1,val
Q9VUL9,train
Q9VUM0,train
Q9VUN0,val
Q9VUN3,train
Q9VUQ5,train
Q9VUQ8,train
Q9VUR0,train
Q9VUR3,train
Q9VUR7,train
Q9VUT6,test
Q9VUT8,val
Q9VUV9,test
Q9VUW9,train
Q9VUX2,train
Q9VUX3,train
Q9VUY0,train
Q9VUY8,val
Q9VUY9,train
Q9VUZ1,train
Q9VV36,val
Q9VV41,train
Q9VV43,train
Q9VV72,train
Q9VV73,test
Q9VV74,val
Q9VV87,train
Q9VVA0,test
Q9VVA6,train
Q9VVA8,test
Q9VVD9,train
Q9VVE2,test
Q9VVE5,train
Q9VVF3,train
Q9VVF7,val
Q9VVG4,train
Q9VVH3,test
Q9VVH9,test
Q9VVI1,val
Q9VVI2,train
Q9VVI3,train
Q9VVI9,train
Q9VVK8,train
Q9VVL6,train
Q9VVN2,val
Q9VVN4,train
Q9VVN6,train
Q9VVR0,train
Q9VVR1,train
Q9VVR2,val
Q9VVR4,val
Q9VVR9,train
Q9VVS4,train
Q9VVT2,test
Q9VVT5,test
Q9VVT9,train
Q9VVU5,train
Q9VVV2,train
Q9VVV9,test
Q9VVW1,train
Q9VVW3,train
Q9VVW5,train
Q9VVW8,train
Q9VVX0,train
Q9VVX3,test
Q9VVX5,train
Q9VVY3,test
Q9VW09,train
Q9VW12,val
Q9VW14,train
Q9VW15,train
Q9VW26,val
Q9VW27,train
Q9VW43,train
Q9VW51,train
Q9VW56,test
Q9VW60,train
Q9VW78,train
Q9VW87,train
Q9VW97,train
Q9VWA1,train
Q9VWA2,train
Q9VWA8,train
Q9VWB0,val
Q9VWB1,train
Q9VWB9,train
Q9VWC6,train
Q9VWD4,test
Q9VWD6,test
Q9VWE0,train
Q9VWE6,train
Q9VWF2,val
Q9VWF4,train
Q9VWG0,train
Q9VWG3,train
Q9VWH4,val
Q9VWH8,train
Q9VWI0,test
Q9VWI4,train
Q9VWK6,train
Q9VWL5,train
Q9VWN4,test
Q9VWN5,train
Q9VWN9,val
Q9VWP4,train
Q9VWQ2,train
Q9VWR2,train
Q9VWR5,train
Q9VWR8,train
Q9VWS0,train
Q9VWS2,test
Q9VWS4,train
Q9VWU1,train
Q9VWV8,train
Q9VWV9,train
Q9VWW0,train
Q9VWX8,train
Q9VWY6,test
Q9VX09,train
Q9VX10,val
Q9VX12,train
Q9VX31,test
Q9VX32,train
Q9VX39,val
Q9VX88,test
Q9VX91,test
Q9VX98,train
Q9VXA0,train
Q9VXA8,train
Q9VXB0,train
Q9VXB5,train
Q9VXD1,train
Q9VXD6,train
Q9VXD9,train
Q9VXE0,train
Q9VXE5,train
Q9VXE6,test
Q9VXF1,train
Q9VXG1,train
Q9VXG4,test
Q9VXH6,train
Q9VXH9,train
Q9VXJ0,test
Q9VXK0,train
Q9VXK6,test
Q9VXL0,train
Q9VXM0,val
Q9VXN0,train
Q9VXN2,train
Q9VXN4,train
Q9VXN9,test
Q9VXP4,val
Q9VXT2,train
Q9VXT5,val
Q9VXT7,val
Q9VXX8,train
Q9VXY0,val
Q9VXY2,train
Q9VXY4,test
Q9VXY7,test
Q9VY01,train
Q9VY28,train
Q9VY77,train
Q9VY78,val
Q9VY86,train
Q9VY99,train
Q9VYA0,train
Q9VYA7,val
Q9VYA8,train
Q9VYB0,train
Q9VYB7,train
Q9VYD7,test
Q9VYF2,test
Q9VYF8,train
Q9VYG1,train
Q9VYG2,test
Q9VYH3,train
Q9VYI3,train
Q9VYM3,train
Q9VYQ0,train
Q9VYQ5,test
Q9VYQ7,val
Q9VYQ8,test
Q9VYR0,test
Q9VYS3,train
Q9VYS4,train
Q9VYS5,train
Q9VYT8,train
Q9VYV3,train
Q9VYV5,train
Q9VYV9,train
Q9VYX1,test
Q9VYX7,test
Q9VYY2,train
Q9VYY4,train
Q9VYY9,train
Q9VYZ1,val
Q9VYZ2,train
Q9VZ08,val
Q9VZ09,train
Q9VZ21,train
Q9VZ23,test
Q9VZ35,train
Q9VZ40,train
Q9VZ49,train
Q9VZ64,test
Q9VZA4,val
Q9VZD2,val
Q9VZD5,train
Q9VZD8,train
Q9VZE6,train
Q9VZE7,test
Q9VZF4,train
Q9VZH1,train
Q9VZH2,train
Q9VZI2,train
Q9VZI3,val
Q9VZJ6,val
Q9VZJ9,train
Q9VZL5,train
Q9VZL6,train
Q9VZL7,train
Q9VZM5,val
Q9VZM7,train
Q9VZN4,train
Q9VZQ1,train
Q9VZS5,train
Q9VZS6,test
Q9VZU2,test
Q9VZU4,test
Q9VZV5,train
Q9VZW5,test
Q9VZW8,train
Q9VZX1,train
Q9VZX9,val
Q9VZZ4,train
Q9VZZ9,train
Q9W011,train
Q9W020,train
Q9W021,train
Q9W032,test
Q9W040,train
Q9W056,train
Q9W058,train
Q9W062,train
Q9W074,train
Q9W088,train
Q9W092,train
Q9W0A0,train
Q9W0C1,train
Q9W0C7,test
Q9W0E3,val
Q9W0E8,test
Q9W0G1,train
Q9W0G6,test
Q9W0G7,test
Q9W0H3,train
Q9W0I5,val
Q9W0I6,train
Q9W0K0,train
Q9W0K4,train
Q9W0K7,train
Q9W0M1,val
Q9W0M2,test
Q9W0M3,test
Q9W0M7,train
Q9W0P2,train
Q9W0P3,test
Q9W0P5,train
Q9W0R6,train
Q9W0S3,val
Q9W0S7,train
Q9W0S8,train
Q9W0S9,train
Q9W0T5,train
Q9W0V1,val
Q9W0V7,val
Q9W0W6,train
Q9W0Y1,train
Q9W0Y2,train
Q9W0Y6,train
Q9W107,test
Q9W123,train
Q9W130,train
Q9W133,train
Q9W138,train
Q9W141,train
Q9W145,train
Q9W148,train
Q9W157,train
Q9W192,train
Q9W197,train
Q9W1A2,train
Q9W1A4,train
Q9W1B0,test
Q9W1C5,train
Q9W1C9,val
Q9W1F4,train
Q9W1G0,val
Q9W1H4,train
Q9W1H9,val
Q9W1I2,train
Q9W1I9,val
Q9W1J3,test
Q9W1K0,train
Q9W1K5,train
Q9W1L5,test
Q9W1M8,train
Q9W1N5,test
Q9W1N6,test
Q9W1P7,train
Q9W1P8,train
Q9W1R4,val
Q9W1R5,test
Q9W1U4,train
Q9W1U5,test
Q9W1U6,train
Q9W1V3,val
Q9W1V6,test
Q9W1V7,train
Q9W1W9,train
Q9W1X4,train
Q9W1X7,train
Q9W1X8,train
Q9W1X9,train
Q9W1Y1,val
Q9W223,train
Q9W237,train
Q9W252,train
Q9W256,train
Q9W261,train
Q9W265,train
Q9W266,test
Q9W278,train
Q9W2B1,train
Q9W2B2,train
Q9W2C3,train
Q9W2D6,test
Q9W2D9,test
Q9W2E1,train
Q9W2E7,train
Q9W2F2,train
Q9W2H1,train
Q9W2H9,val
Q9W2I4,train
Q9W2M2,train
Q9W2N0,train
Q9W2P0,train
Q9W2Q1,train
Q9W2Q5,val
Q9W2Q7,train
Q9W2R3,train
Q9W2S3,val
Q9W2U4,train
Q9W2U9,train
Q9W2W5,train
Q9W2X7,test
Q9W303,train
Q9W328,train
Q9W334,train
Q9W345,val
Q9W349,train
Q9W351,train
Q9W352,train
Q9W354,train
Q9W358,train
Q9W365,val
Q9W367,test
Q9W369,train
Q9W376,train
Q9W379,train
Q9W380,train
Q9W385,train
Q9W391,train
Q9W3C0,val
Q9W3C1,val
Q9W3C2,test
Q9W3C7,train
Q9W3D3,test
Q9W3E1,train
Q9W3E2,train
Q9W3F7,train
Q9W3I5,train
Q9W3J5,val
Q9W3J8,train
Q9W3K5,test
Q9W3L5,train
Q9W3M2,train
Q9W3M3,train
Q9W3M9,train
Q9W3N6,train
Q9W3R7,train
Q9W3T5,train
Q9W3T7,train
Q9W3U1,train
Q9W3V8,val
Q9W3W5,train
Q9W3W8,train
Q9W3Y0,train
Q9W3Y1,train
Q9W3Y4,val
Q9W3Y5,test
Q9W3Z3,val
Q9W401,train
Q9W413,train
Q9W420,val
Q9W422,val
Q9W429,val
Q9W436,train
Q9W440,train
Q9W445,train
Q9W462,train
Q9W485,test
Q9W495,train
Q9W497,train
Q9W4C3,train
Q9W4D2,train
Q9W4I5,val
Q9W4J5,train
Q9W4J9,train
Q9W4K2,train
Q9W4L1,test
Q9W4M8,train
Q9W4M9,train
Q9W4N2,test
Q9W4Q9,val
Q9W4S1,val
Q9W4S7,train
Q9W4S9,test
Q9W4T4,val
Q9W4V8,train
Q9W4X9,test
Q9W4Y2,test
Q9W4Z4,test
Q9W517,test
Q9W534,train
Q9W539,train
Q9W549,train
Q9W552,train
Q9W568,val
Q9W589,train
Q9W590,train
Q9W594,train
Q9W5A5,train
Q9W5B6,train
Q9W5B9,train
Q9W5D0,train
Q9W5D4,train
Q9W5E0,train
Q9W5E1,train
Q9W5E4,test
Q9W5G6,test
Q9W5N0,train
Q9W5N2,train
Q9W5P1,train
Q9W5R8,val
Q9W5X9,train
Q9W5Y0,train
Q9W5Z2,train
Q9W5Z3,train
Q9W5Z5,train
Q9W602,train
Q9W603,train
Q9W625,train
Q9W638,train
Q9W644,train
Q9W669,train
Q9W676,train
Q9W678,train
Q9W679,val
Q9W683,train
Q9W686,train
Q9W689,train
Q9W698,train
Q9W6A6,train
Q9W6A8,train
Q9W6A9,test
Q9W6B3,train
Q9W6B4,train
Q9W6C5,train
Q9W6C7,train
Q9W6C8,val
Q9W6F8,train
Q9W6F9,train
Q9W6G6,train
Q9W6G7,train
Q9W6I0,train
Q9W6J7,train
Q9W6K1,train
Q9W6K2,train
Q9W6M2,test
Q9W6M5,val
Q9W6M9,train
Q9W6R1,train
Q9W6R5,train
Q9W6S3,val
Q9W6S8,train
Q9W6T7,val
Q9W6U8,train
Q9W6V2,val
Q9W6V5,val
Q9W6X3,train
Q9W6X9,train
Q9W6Y0,test
Q9W6Y1,train
Q9W701,val
Q9W705,train
Q9W707,train
Q9W716,train
Q9W717,train
Q9W725,train
Q9W727,train
Q9W729,train
Q9W734,train
Q9W735,test
Q9W739,train
Q9W740,train
Q9W741,train
Q9W742,test
Q9W747,train
Q9W751,val
Q9W757,val
Q9W758,train
Q9W762,train
Q9W769,train
Q9W770,val
Q9W7C5,val
Q9W7E7,train
Q9W7E8,train
Q9W7E9,train
Q9W7F0,test
Q9W7J1,test
Q9W7J3,train
Q9W7J4,test
Q9W7J5,train
Q9W7J6,val
Q9W7J7,train
Q9W7J9,train
Q9W7K1,train
Q9W7K5,train
Q9W7M6,train
Q9W7M8,test
Q9W7R2,test
Q9W7S2,test
Q9WTI7,train
Q9WTJ4,train
Q9WTJ5,train
Q9WTJ8,train
Q9WTK0,test
Q9WTK3,train
Q9WTK5,train
Q9WTK7,train
Q9WTK8,train
Q9WTL0,train
Q9WTM3,val
Q9WTM4,train
Q9WTN5,train
Q9WTN6,train
Q9WTP3,val
Q9WTP5,train
Q9WTQ2,train
Q9WTQ5,train
Q9WTQ6,train
Q9WTQ7,train
Q9WTR1,train
Q9WTR2,train
Q9WTR6,train
Q9WTS8,train
Q9WTT2,val
Q9WTT5,train
Q9WTU0,train
Q9WTV1,test
Q9WTV6,train
Q9WTV7,train
Q9WTV9,train
Q9WTW1,train
Q9WTW3,train
Q9WTW4,train
Q9WTW5,train
Q9WTW8,train
Q9WTX4,train
Q9WTY0,train
Q9WTY1,val
Q9WTY8,train
Q9WTZ0,train
Q9WTZ1,train
Q9WTZ8,test
Q9WTZ9,train
Q9WU00,test
Q9WU02,train
Q9WU03,val
Q9WU06,train
Q9WU08,test
Q9WU11,val
Q9WU19,test
Q9WU20,train
Q9WU22,train
Q9WU38,train
Q9WU40,test
Q9WU47,test
Q9WU49,train
Q9WU56,train
Q9WU61,train
Q9WU62,test
Q9WU63,train
Q9WU65,train
Q9WU67,test
Q9WU68,train
Q9WU72,train
Q9WU74,val
Q9WU79,train
Q9WU81,val
Q9WUA3,train
Q9WUA5,train
Q9WUB0,val
Q9WUB6,train
Q9WUB7,train
Q9WUB9,test
Q9WUC3,test
Q9WUC4,val
Q9WUD6,test
Q9WUD8,val
Q9WUE3,train
Q9WUF1,train
Q9WUF2,train
Q9WUF3,train
Q9WUF4,test
Q9WUG6,train
Q9WUH1,train
Q9WUH4,val
Q9WUH5,val
Q9WUH7,test
Q9WUI0,train
Q9WUI1,train
Q9WUJ8,train
Q9WUK5,train
Q9WUK7,val
Q9WUL5,train
Q9WUL6,train
Q9WUL8,train
Q9WUM4,train
Q9WUM7,test
Q9WUN2,test
Q9WUN8,train
Q9WUP0,train
Q9WUP4,test
Q9WUQ1,test
Q9WUQ2,train
Q9WUQ5,train
Q9WUQ7,train
Q9WUR2,train
Q9WUR3,train
Q9WUR6,train
Q9WUS0,train
Q9WUS1,train
Q9WUS2,train
Q9WUS3,train
Q9WUS4,train
Q9WUT3,test
Q9WUT7,train
Q9WUU6,train
Q9WUU7,test
Q9WUU8,train
Q9WUU9,train
Q9WUV0,train
Q9WUV2,train
Q9WUV3,train
Q9WUV4,val
Q9WUV5,val
Q9WUW3,test
Q9WUW8,train
Q9WUX4,train
Q9WUX5,test
Q9WUX6,train
Q9WUZ6,train
Q9WUZ7,train
Q9WUZ9,val
Q9WV03,train
Q9WV04,val
Q9WV06,train
Q9WV07,test
Q9WV08,train
Q9WV24,train
Q9WV30,train
Q9WV31,val
Q9WV34,test
Q9WV38,train
Q9WV41,train
Q9WV54,train
Q9WV56,train
Q9WV59,val
Q9WV70,test
Q9WV72,test
Q9WV75,train
Q9WV76,train
Q9WV78,train
Q9WV82,train
Q9WV84,train
Q9WV85,train
Q9WV87,train
Q9WV89,train
Q9WV91,train
Q9WV92,train
Q9WV93,train
Q9WVA8,test
Q9WVA9,test
Q9WVB2,train
Q9WVB3,train
Q9WVB4,test
Q9WVB7,test
Q9WVC5,test
Q9WVC8,train
Q9WVD5,train
Q9WVE8,test
Q9WVE9,train
Q9WVF6,train
Q9WVF8,test
Q9WVF9,train
Q9WVG1,train
Q9WVG7,test
Q9WVG9,test
Q9WVH3,train
Q9WVH4,train
Q9WVH6,train
Q9WVI4,val
Q9WVI9,train
Q9WVJ3,train
Q9WVJ5,train
Q9WVJ6,test
Q9WVK3,train
Q9WVK5,train
Q9WVK7,train
Q9WVL0,train
Q9WVL2,train
Q9WVL4,train
Q9WVL5,train
Q9WVL6,train
Q9WVL7,train
Q9WVM1,train
Q9WVM3,train
Q9WVM6,test
Q9WVM7,train
Q9WVM8,val
Q9WVP6,test
Q9WVP9,train
Q9WVQ0,test
Q9WVR4,test
Q9WVR7,train
Q9WVS0,train
Q9WVS4,train
Q9WVS6,train
Q9WVS7,val
Q9WVT6,train
Q9XK70,test
Q9XKK2,test
Q9XKZ5,val
Q9XL66,train
Q9XMI9,train
Q9XMJ3,test
Q9XMN9,train
Q9XNN0,val
Q9XNN1,train
Q9XNU2,train
Q9XNU4,test
Q9XNU5,train
Q9XNU6,train
Q9XNU9,train
Q9XNW4,train
Q9XNW5,test
Q9XNX4,train
Q9XP73,val
Q9XP89,test
Q9XPI2,train
Q9XRX5,train
Q9XS47,train
Q9XS49,test
Q9XS58,train
Q9XS59,test
Q9XS63,train
Q9XS65,train
Q9XS72,val
Q9XS77,train
Q9XS78,train
Q9XSB8,train
Q9XSC2,test
Q9XSC5,train
Q9XSC9,train
Q9XSD3,train
Q9XSD4,test
Q9XSD7,train
Q9XSE2,val
Q9XSE4,train
Q9XSI1,test
Q9XSJ0,val
Q9XSJ9,val
Q9XSK2,test
Q9XSL6,train
Q9XSM0,train
Q9XSM2,train
Q9XSM3,train
Q9XSM7,val
Q9XSN5,train
Q9XSP1,train
Q9XSQ5,train
Q9XSQ6,train
Q9XSQ7,train
Q9XSR0,test
Q9XSR1,train
Q9XSV5,train
Q9XSV9,train
Q9XSW2,val
Q9XSW3,train
Q9XSW9,train
Q9XSX5,train
Q9XSX7,train
Q9XSY9,train
Q9XSZ5,train
Q9XT00,train
Q9XT06,train
Q9XT26,train
Q9XT27,test
Q9XT35,train
Q9XT47,test
Q9XT48,test
Q9XT50,train
Q9XT55,train
Q9XT56,train
Q9XT60,val
Q9XT62,train
Q9XT74,val
Q9XT77,val
Q9XT80,train
Q9XT82,train
Q9XT84,train
Q9XT91,train
Q9XT96,val
Q9XTA0,train
Q9XTA3,train
Q9XTA8,train
Q9XTB2,test
Q9XTB5,train
Q9XTC6,train
Q9XTD6,train
Q9XTG1,train
Q9XTG7,train
Q9XTI0,train
Q9XTJ4,train
Q9XTL9,train
Q9XTM1,train
Q9XTN0,test
Q9XTQ5,train
Q9XTQ6,test
Q9XTQ7,train
Q9XTR1,test
Q9XTR8,test
Q9XTT4,train
Q9XTT8,train
Q9XTT9,train
Q9XTU6,train
Q9XTW2,val
Q9XTY1,train
Q9XTY6,train
Q9XU42,train
Q9XU63,train
Q9XU75,train
Q9XU84,train
Q9XU98,train
Q9XUB2,train
Q9XUB3,test
Q9XUB9,train
Q9XUC2,train
Q9XUC4,val
Q9XUE6,train
Q9XUE7,val
Q9XUJ7,train
Q9XUK2,val
Q9XUK7,train
Q9XUM6,val
Q9XUN9,train
Q9XUP3,val
Q9XUS2,test
Q9XUS7,train
Q9XUU9,train
Q9XUV0,train
Q9XV46,train
Q9XV51,train
Q9XVA4,test
Q9XVD5,train
Q9XVE5,train
Q9XVF7,test
Q9XVH6,val
Q9XVI2,train
Q9XVI6,test
Q9XVI9,train
Q9XVJ2,train
Q9XVK5,test
Q9XVM9,train
Q9XVN3,train
Q9XVP0,train
Q9XVQ9,val
Q9XVR6,train
Q9XVR8,train
Q9XVS1,test
Q9XVS3,train
Q9XVS4,train
Q9XVS7,train
Q9XVS8,train
Q9XVV3,train
Q9XVV5,train
Q9XVW1,train
Q9XVX1,train
Q9XVZ8,test
Q9XW12,train
Q9XW13,train
Q9XW15,train
Q9XW16,train
Q9XW17,test
Q9XW26,val
Q9XW42,train
Q9XW70,val
Q9XW71,val
Q9XW78,val
Q9XW87,train
Q9XW88,val
Q9XWB9,train
Q9XWC2,train
Q9XWC3,train
Q9XWD6,train
Q9XWE6,train
Q9XWE9,train
Q9XWF0,val
Q9XWF4,train
Q9XWF6,train
Q9XWG3,train
Q9XWH0,train
Q9XWH8,train
Q9XWI6,train
Q9XWJ1,train
Q9XWL9,train
Q9XWN6,train
Q9XWN7,train
Q9XWN9,train
Q9XWP6,train
Q9XWQ1,train
Q9XWQ6,val
Q9XWR1,train
Q9XWR6,train
Q9XWS0,val
Q9XWS2,test
Q9XWU2,train
Q9XWU8,train
Q9XWV0,train
Q9XWV2,train
Q9XWV3,val
Q9XWV5,train
Q9XWV7,train
Q9XWW1,test
Q9XWZ2,train
Q9XX00,train
Q9XX11,train
Q9XX14,test
Q9XX15,train
Q9XX47,train
Q9XX85,train
Q9XXA7,val
Q9XXC8,test
Q9XXD1,train
Q9XXD2,train
Q9XXD4,train
Q9XXD7,train
Q9XXH8,val
Q9XXJ0,train
Q9XXK1,val
Q9XXL3,train
Q9XXM8,train
Q9XXN2,val
Q9XXN3,train
Q9XXQ9,test
Q9XXR3,train
Q9XXS1,val
Q9XXU9,val
Q9XXV0,val
Q9XY07,train
Q9XY35,train
Q9XYB7,train
Q9XYC2,train
Q9XYD3,train
Q9XYF4,train
Q9XYM0,train
Q9XYN0,val
Q9XYN1,train
Q9XYN7,train
Q9XYP7,test
Q9XYP8,train
Q9XYQ2,val
Q9XYR5,val
Q9XYT4,val
Q9XYU0,train
Q9XYU1,train
Q9XYZ0,train
Q9XYZ1,train
Q9XYZ5,train
Q9XZ06,train
Q9XZ08,train
Q9XZ14,train
Q9XZ16,train
Q9XZ25,val
Q9XZ34,train
Q9XZ43,train
Q9XZ48,train
Q9XZ51,val
Q9XZ56,val
Q9XZ58,train
Q9XZ63,val
Q9XZ71,test
Q9XZC8,val
Q9XZF0,train
Q9XZH6,val
Q9XZI6,val
Q9XZJ4,test
Q9XZK2,train
Q9XZK4,test
Q9XZK5,train
Q9XZK6,train
Q9XZK7,train
Q9XZL1,train
Q9XZL2,train
Q9XZL3,train
Q9XZL8,train
Q9XZS3,train
Q9XZS8,train
Q9XZT1,train
Q9XZT6,test
Q9XZT7,train
Q9XZU1,train
Q9XZV3,train
Q9XZV4,train
Q9XZV5,train
Q9Y041,val
Q9Y048,test
Q9Y091,train
Q9Y0A7,train
Q9Y0H3,train
Q9Y0H4,test
Q9Y0I1,test
Q9Y0V2,train
Q9Y0V3,train
Q9Y0X5,train
Q9Y0Y0,test
Q9Y0Y6,train
Q9Y0Y7,test
Q9Y103,val
Q9Y105,train
Q9Y113,train
Q9Y115,val
Q9Y117,train
Q9Y118,train
Q9Y123,train
Q9Y140,train
Q9Y149,train
Q9Y169,train
Q9Y193,train
Q9Y194,test
Q9Y1A3,test
Q9Y1B2,train
Q9Y1I2,train
Q9Y1J3,train
Q9Y1U3,train
Q9Y1U9,val
Q9Y219,train
Q9Y221,train
Q9Y224,train
Q9Y226,val
Q9Y228,train
Q9Y232,train
Q9Y233,val
Q9Y234,train
Q9Y235,train
Q9Y236,train
Q9Y238,train
Q9Y239,train
Q9Y240,train
Q9Y242,train
Q9Y243,train
Q9Y244,train
Q9Y250,train
Q9Y251,train
Q9Y252,val
Q9Y253,train
Q9Y255,train
Q9Y257,train
Q9Y258,val
Q9Y259,train
Q9Y264,test
Q9Y266,train
Q9Y267,train
Q9Y271,train
Q9Y274,val
Q9Y275,train
Q9Y279,train
Q9Y281,train
Q9Y283,train
Q9Y286,train
Q9Y289,train
Q9Y291,train
Q9Y297,train
Q9Y2A4,test
Q9Y2A9,train
Q9Y2B0,train
Q9Y2B1,train
Q9Y2B2,train
Q9Y2B4,train
Q9Y2B5,train
Q9Y2C2,test
Q9Y2C3,val
Q9Y2C4,test
Q9Y2C5,train
Q9Y2C9,train
Q9Y2D0,train
Q9Y2D1,val
Q9Y2D2,train
Q9Y2D5,train
Q9Y2D8,train
Q9Y2D9,train
Q9Y2E4,train
Q9Y2G1,train
Q9Y2G2,val
Q9Y2G4,train
Q9Y2G7,val
Q9Y2G9,train
Q9Y2H0,train
Q9Y2H1,val
Q9Y2H2,train
Q9Y2H5,train
Q9Y2H8,train
Q9Y2H9,train
Q9Y2I1,train
Q9Y2I2,val
Q9Y2I6,train
Q9Y2I7,train
Q9Y2I9,train
Q9Y2J0,val
Q9Y2J2,train
Q9Y2J4,val
Q9Y2J8,train
Q9Y2K1,train
Q9Y2K2,val
Q9Y2K3,train
Q9Y2K5,train
Q9Y2K6,test
Q9Y2L1,test
Q9Y2L5,train
Q9Y2L6,train
Q9Y2L8,test
Q9Y2L9,train
Q9Y2M0,train
Q9Y2M2,val
Q9Y2M5,train
Q9Y2N7,train
Q9Y2P0,train
Q9Y2P4,train
Q9Y2P5,train
Q9Y2P7,train
Q9Y2Q1,train
Q9Y2Q3,test
Q9Y2Q9,test
Q9Y2R2,train
Q9Y2R5,val
Q9Y2R9,train
Q9Y2S6,test
Q9Y2T3,train
Q9Y2T4,train
Q9Y2T6,train
Q9Y2T7,train
Q9Y2U2,test
Q9Y2U5,train
Q9Y2U8,train
Q9Y2V3,val
Q9Y2W3,val
Q9Y2W7,train
Q9Y2X3,train
Q9Y2X7,train
Q9Y2Y8,train
Q9Y2Y9,train
Q9Y2Z0,val
Q9Y2Z2,train
Q9Y2Z4,train
Q9Y2Z9,train
Q9Y303,test
Q9Y305,train
Q9Y312,train
Q9Y315,train
Q9Y316,train
Q9Y324,val
Q9Y330,train
Q9Y334,train
Q9Y336,train
Q9Y337,train
Q9Y365,test
Q9Y375,test
Q9Y376,train
Q9Y383,train
Q9Y385,train
Q9Y388,test
Q9Y394,train
Q9Y399,test
Q9Y3A0,train
Q9Y3A2,train
Q9Y3A6,train
Q9Y3B9,train
Q9Y3C0,train
Q9Y3C4,train
Q9Y3C8,train
Q9Y3D2,train
Q9Y3D3,train
Q9Y3D5,test
Q9Y3D8,train
Q9Y3D9,train
Q9Y3E0,val
Q9Y3E5,val
Q9Y3F1,train
Q9Y3I1,train
Q9Y3L3,val
Q9Y3M2,train
Q9Y3M8,val
Q9Y3M9,val
Q9Y3N9,train
Q9Y3P4,train
Q9Y3P8,train
Q9Y3P9,train
Q9Y3Q0,train
Q9Y3Q7,test
Q9Y3Q8,train
Q9Y3R4,train
Q9Y3T6,train
Q9Y3T9,val
Q9Y3X0,train
Q9Y3Y2,test
Q9Y3Y4,val
Q9Y3Z3,train
Q9Y421,test
Q9Y426,train
Q9Y442,train
Q9Y448,train
Q9Y458,val
Q9Y468,train
Q9Y473,train
Q9Y478,train
Q9Y496,train
Q9Y4A8,train
Q9Y4B4,train
Q9Y4B5,train
Q9Y4C0,train
Q9Y4C5,train
Q9Y4C8,train
Q9Y4D2,train
Q9Y4E5,val
Q9Y4E8,train
Q9Y4F4,test
Q9Y4F5,test
Q9Y4F9,train
Q9Y4G2,test
Q9Y4G8,test
Q9Y4H2,train
Q9Y4H4,train
Q9Y4I5,train
Q9Y4J8,train
Q9Y4K0,train
Q9Y4K1,test
Q9Y4K4,train
Q9Y4L5,val
Q9Y4M8,train
Q9Y4P1,train
Q9Y4P3,train
Q9Y4R7,train
Q9Y4R8,train
Q9Y4U1,train
Q9Y4W2,train
Q9Y4W6,train
Q9Y4X3,train
Q9Y4X4,test
Q9Y4X5,train
Q9Y4Y9,val
Q9Y4Z2,train
Q9Y512,train
Q9Y519,train
Q9Y534,train
Q9Y543,train
Q9Y546,val
Q9Y547,test
Q9Y566,train
Q9Y570,train
Q9Y572,train
Q9Y574,train
Q9Y575,val
Q9Y576,train
Q9Y577,train
Q9Y580,train
Q9Y581,train
Q9Y585,train
Q9Y587,val
Q9Y592,train
Q9Y597,test
Q9Y5A6,train
Q9Y5A7,train
Q9Y5A9,val
Q9Y5B0,train
Q9Y5B6,train
Q9Y5B8,train
Q9Y5B9,train
Q9Y5C1,train
Q9Y5G1,val
Q9Y5I7,train
Q9Y5J1,train
Q9Y5J9,train
Q9Y5K1,train
Q9Y5K2,test
Q9Y5K6,train
Q9Y5K8,train
Q9Y5L2,train
Q9Y5L3,train
Q9Y5L5,train
Q9Y5M1,train
Q9Y5N5,val
Q9Y5N6,train
Q9Y5P0,train
Q9Y5P1,train
Q9Y5P2,train
Q9Y5P3,val
Q9Y5P6,train
Q9Y5P8,train
Q9Y5Q0,train
Q9Y5Q5,train
Q9Y5Q8,train
Q9Y5Q9,val
Q9Y5R4,train
Q9Y5R5,test
Q9Y5R6,train
Q9Y5R8,train
Q9Y5S1,test
Q9Y5S2,val
Q9Y5S8,test
Q9Y5U2,train
Q9Y5U5,train
Q9Y5V3,val
Q9Y5W3,train
Q9Y5W5,train
Q9Y5X1,val
Q9Y5X2,train
Q9Y5X4,train
Q9Y5X5,test
Q9Y5X9,test
Q9Y5Y0,train
Q9Y5Y2,test
Q9Y5Y3,train
Q9Y5Y4,test
Q9Y5Y6,train
Q9Y5Y7,train
Q9Y5Y9,train
Q9Y5Z0,val
Q9Y5Z4,train
Q9Y5Z7,train
Q9Y600,train
Q9Y603,train
Q9Y606,val
Q9Y608,val
Q9Y613,train
Q9Y616,test
Q9Y620,train
Q9Y624,train
Q9Y625,train
Q9Y644,train
Q9Y651,train
Q9Y661,val
Q9Y662,train
Q9Y663,train
Q9Y664,test
Q9Y680,train
Q9Y689,val
Q9Y694,train
Q9Y6A1,train
Q9Y6A2,val
Q9Y6A5,train
Q9Y6B2,train
Q9Y6C2,train
Q9Y6C5,val
Q9Y6C7,test
Q9Y6C9,train
Q9Y6D5,train
Q9Y6D9,train
Q9Y6E2,train
Q9Y6E7,train
Q9Y6F1,train
Q9Y6F6,train
Q9Y6F8,train
Q9Y6F9,train
Q9Y6G5,test
Q9Y6G9,val
Q9Y6H3,test
Q9Y6H5,val
Q9Y6H6,train
Q9Y6H8,train
Q9Y6I4,train
Q9Y6I8,test
Q9Y6I9,test
Q9Y6J0,train
Q9Y6J3,train
Q9Y6J6,train
Q9Y6J8,test
Q9Y6K0,test
Q9Y6K5,test
Q9Y6K9,val
Q9Y6L6,test
Q9Y6M0,val
Q9Y6M4,train
Q9Y6M7,train
Q9Y6M9,train
Q9Y6N5,train
Q9Y6N6,val
Q9Y6N7,test
Q9Y6N8,train
Q9Y6Q2,train
Q9Y6Q3,test
Q9Y6Q5,val
Q9Y6Q6,test
Q9Y6Q9,train
Q9Y6R4,train
Q9Y6R6,train
Q9Y6R9,train
Q9Y6U3,train
Q9Y6U7,train
Q9Y6W3,train
Q9Y6W5,train
Q9Y6W8,val
Q9Y6X0,train
Q9Y6X4,train
Q9Y6X6,test
Q9Y6Y0,train
Q9Y6Y1,train
Q9Y6Y8,test
Q9Y6Y9,train
Q9Y6Z4,train
Q9Y6Z7,test
Q9YGB9,train
Q9YGC1,train
Q9YGC3,test
Q9YGD3,train
Q9YGG9,train
Q9YGH0,train
Q9YGH2,test
Q9YGH3,train
Q9YGH4,train
Q9YGH5,train
Q9YGI0,train
Q9YGI1,test
Q9YGI4,train
Q9YGI5,train
Q9YGI8,train
Q9YGJ0,train
Q9YGJ7,train
Q9YGJ8,train
Q9YGJ9,train
Q9YGK2,train
Q9YGK3,train
Q9YGK5,train
Q9YGK7,train
Q9YGL1,train
Q9YGL2,train
Q9YGL3,val
Q9YGL6,train
Q9YGL7,train
Q9YGL9,train
Q9YGM4,train
Q9YGM8,train
Q9YGM9,train
Q9YGN1,val
Q9YGN4,val
Q9YGN5,test
Q9YGN6,train
Q9YGP1,train
Q9YGP5,train
Q9YGP6,val
Q9YGS0,train
Q9YGS6,train
Q9YGT0,test
Q9YGT4,test
Q9YGT5,train
Q9YGT6,test
Q9YGV6,train
Q9YGW1,train
Q9YGW2,train
Q9YGW7,train
Q9YGY0,train
Q9YGY4,train
Q9YGZ0,test
Q9YH12,train
Q9YH16,train
Q9YH32,train
Q9YH58,train
Q9YH64,train
Q9YH71,test
Q9YH85,train
Q9YH90,train
Q9YH91,train
Q9YH92,train
Q9YH95,test
Q9YHB3,train
Q9YHB5,test
Q9YHC5,test
Q9YHD3,train
Q9YHE8,train
Q9YHT1,train
Q9YHT2,val
Q9YHT4,train
Q9YHT8,train
Q9YHV3,train
Q9YHV4,train
Q9YHX4,train
Q9YHY6,val
Q9YHY9,val
Q9YHZ5,train
Q9YHZ6,train
Q9YHZ7,train
Q9YI05,test
Q9YI19,train
Q9YI25,train
Q9YI66,train
Q9YI92,train
Q9YI97,val
Q9YI98,train
Q9YIB4,train
Q9YIB7,val
Q9YIB9,test
Q9YIC0,train
Q9YIC2,test
Q9Z0D9,train
Q9Z0E1,test
Q9Z0E2,train
Q9Z0E3,train
Q9Z0E6,train
Q9Z0E8,train
Q9Z0F3,train
Q9Z0F5,test
Q9Z0F6,train
Q9Z0F7,train
Q9Z0G2,train
Q9Z0G4,train
Q9Z0G7,val
Q9Z0G8,train
Q9Z0H0,val
Q9Z0H1,val
Q9Z0H5,train
Q9Z0H6,val
Q9Z0H7,train
Q9Z0H8,val
Q9Z0I6,test
Q9Z0I7,train
Q9Z0J0,train
Q9Z0J1,val
Q9Z0J7,train
Q9Z0K5,test
Q9Z0K6,test
Q9Z0K7,train
Q9Z0K8,test
Q9Z0K9,train
Q9Z0L0,train
Q9Z0L1,train
Q9Z0L3,train
Q9Z0L4,train
Q9Z0L5,train
Q9Z0L6,train
Q9Z0L8,test
Q9Z0M1,train
Q9Z0M3,test
Q9Z0M4,train
Q9Z0M5,val
Q9Z0M6,train
Q9Z0M9,val
Q9Z0P4,test
Q9Z0P5,train
Q9Z0P7,val
Q9Z0R0,train
Q9Z0R6,train
Q9Z0R8,train
Q9Z0S2,train
Q9Z0S3,test
Q9Z0S4,train
Q9Z0S5,train
Q9Z0S7,train
Q9Z0T6,train
Q9Z0U1,val
Q9Z0U4,train
Q9Z0U5,val
Q9Z0U9,test
Q9Z0V6,train
Q9Z0V8,train
Q9Z0W0,train
Q9Z0W1,test
Q9Z0W3,train
Q9Z0X0,train
Q9Z0X1,val
Q9Z0X2,val
Q9Z0X4,test
Q9Z0Y2,train
Q9Z0Y7,train
Q9Z0Y9,train
Q9Z0Z3,train
Q9Z0Z5,test
Q9Z0Z7,train
Q9Z100,test
Q9Z108,test
Q9Z109,train
Q9Z118,train
Q9Z120,train
Q9Z121,train
Q9Z122,val
Q9Z125,train
Q9Z126,test
Q9Z129,train
Q9Z132,train
Q9Z137,train
Q9Z139,train
Q9Z142,train
Q9Z144,train
Q9Z158,test
Q9Z160,train
Q9Z172,test
Q9Z175,train
Q9Z176,train
Q9Z179,train
Q9Z180,train
Q9Z183,train
Q9Z185,train
Q9Z186,train
Q9Z188,train
Q9Z191,train
Q9Z1A9,train
Q9Z1B5,train
Q9Z1B8,test
Q9Z1C8,test
Q9Z1D1,train
Q9Z1D7,train
Q9Z1D8,test
Q9Z1D9,train
Q9Z1E4,val
Q9Z1F1,train
Q9Z1F9,val
Q9Z1I6,train
Q9Z1I7,train
Q9Z1J1,test
Q9Z1J2,train
Q9Z1J8,train
Q9Z1K6,train
Q9Z1K8,train
Q9Z1L0,train
Q9Z1L1,train
Q9Z1L2,train
Q9Z1L4,train
Q9Z1M0,val
Q9Z1M5,train
Q9Z1M7,val
Q9Z1N0,train
Q9Z1N2,test
Q9Z1N7,train
Q9Z1P3,test
Q9Z1P5,val
Q9Z1P7,train
Q9Z1Q4,test
Q9Z1Q9,test
Q9Z1R3,test
Q9Z1R4,test
Q9Z1S0,train
Q9Z1S3,train
Q9Z1S7,train
Q9Z1S8,train
Q9Z1S9,train
Q9Z1T1,train
Q9Z1T4,train
Q9Z1T5,train
Q9Z1V0,test
Q9Z1W6,train
Q9Z1W8,train
Q9Z1X0,train
Q9Z1X1,train
Q9Z1X9,train
Q9Z1Y0,test
Q9Z1Y4,val
Q9Z1Y5,train
Q9Z1Y9,train
Q9Z1Z0,val
Q9Z1Z1,train
Q9Z1Z2,test
Q9Z1Z3,val
Q9Z1Z9,train
Q9Z200,train
Q9Z205,test
Q9Z206,val
Q9Z207,train
Q9Z209,test
Q9Z211,train
Q9Z213,train
Q9Z217,test
Q9Z221,train
Q9Z222,train
Q9Z223,train
Q9Z224,val
Q9Z239,val
Q9Z244,train
Q9Z254,train
Q9Z258,train
Q9Z260,test
Q9Z262,train
Q9Z265,train
Q9Z266,train
Q9Z268,train
Q9Z269,val
Q9Z273,val
Q9Z277,train
Q9Z282,val
Q9Z286,train
Q9Z287,train
Q9Z288,val
Q9Z2A5,train
Q9Z2A6,train
Q9Z2A7,test
Q9Z2A9,train
Q9Z2B1,train
Q9Z2B2,train
Q9Z2B3,test
Q9Z2C6,train
Q9Z2C8,train
Q9Z2D0,train
Q9Z2D3,train
Q9Z2D7,train
Q9Z2D8,train
Q9Z2E2,train
Q9Z2E3,test
Q9Z2E4,train
Q9Z2E5,test
Q9Z2F2,val
Q9Z2F5,train
Q9Z2F6,train
Q9Z2G7,test
Q9Z2G8,train
Q9Z2H1,train
Q9Z2H2,test
Q9Z2H4,test
Q9Z2H5,train
Q9Z2H6,train
Q9Z2I0,train
Q9Z2I3,train
Q9Z2I4,train
Q9Z2I6,train
Q9Z2J5,train
Q9Z2J6,train
Q9Z2K0,train
Q9Z2K1,train
Q9Z2K3,test
Q9Z2L4,test
Q9Z2L7,test
Q9Z2L9,train
Q9Z2M2,train
Q9Z2M4,test
Q9Z2N5,test
Q9Z2N6,train
Q9Z2P3,test
Q9Z2P4,train
Q9Z2P5,train
Q9Z2P6,test
Q9Z2P8,test
Q9Z2Q2,test
Q9Z2Q3,train
Q9Z2Q5,train
Q9Z2R5,train
Q9Z2R9,train
Q9Z2T1,val
Q9Z2T6,train
Q9Z2U4,test
Q9Z2V2,train
Q9Z2V5,train
Q9Z2V9,train
Q9Z2W0,train
Q9Z2X5,val
Q9Z2Y0,test
Q9Z2Y2,train
Q9Z2Y8,val
Q9Z2Y9,train
Q9Z2Z8,train
Q9Z302,train
Q9Z304,test
Q9Z306,train
Q9Z311,val
Q9Z320,val
Q9Z321,train
Q9Z324,train
Q9Z330,train
Q9Z339,val
Q9Z351,train
Q9ZXX5,val
Q9ZXX6,train
Q9ZXX7,train
Q9ZXX8,train
Q9ZXX9,test
Q9ZXY0,test
Q9ZXY3,train
Q9ZXY4,train
Q9ZY49,train
Q9ZYM7,val
Q9ZZ43,train
Q9ZZ44,train
Q9ZZ45,val
Q9ZZ46,train
Q9ZZ47,train
Q9ZZ49,val
Q9ZZ50,test
Q9ZZ53,train
Q9ZZ54,train
Q9ZZ56,train
Q9ZZ57,val
Q9ZZ58,train
Q9ZZ60,train
Q9ZZ63,train
Q9ZZ65,test
Q9ZZE4,test
Q9ZZM2,train
Q9ZZM3,val
Q9ZZM4,train
Q9ZZY0,train
Q9ZZY1,train
Q9ZZY6,train
Q9ZZY7,val
Q9ZZZ0,val
Q9ZZZ1,train
R4GER2,train
R4GUQ1,test
R4GUQ3,test
R4J7Z9,val
R4JJN6,val
R4JNJ5,train
R4JQZ0,train
R4NNL0,train
R4ZCU1,train
R9UC00,train
R9UC04,val
R9UC06,train
R9UC10,test
R9UCX1,train
R9UE59,val
R9UE63,train
R9UE65,train
R9UE68,train
R9UFE0,train
R9UFE4,train
R9UFJ8,train
S0F1M4,train
S0F1M6,val
S0F1N7,train
S0F1P1,train
S0F215,train
S4R2K0,val
S4R3P1,train
S4R3Y5,train
S4S2C7,train
S4S3F6,train
S4S3G3,test
S4UJV1,train
S4UJW3,test
S4UKA9,train
S4X0Q8,test
S5S833,train
S5UH55,train
S6CWV8,val
S6F527,train
T1NXB5,train
T1PQV6,train
T1PRE3,train
T1SFR8,val
T1SH39,train
T2HG31,train
T2MBC4,train
U3EPL2,train
U3EQ60,val
U3JA75,train
U3JAG9,train
U3KPV4,test
U3KRG1,test
U3NEE3,test
U3U715,train
U4PAZ9,train
U4PCM1,train
U4PLN7,train
U4PR86,test
U5KJM6,val
U5KJT7,train
U5KJZ2,train
U5PZ28,train
U6A492,test
U6BLN5,train
V5GZ08,test
V5H924,train
V5HBW0,val
V5JFY4,train
V5K5P3,train
V5K5U3,train
V5N6J4,val
V5NAL9,train
V5TBK6,train
V5V893,test
V5V9Y7,train
V6CIV8,val
V6CJ04,train
V6CLJ5,test
V9GWY9,train
V9GXG1,train
V9GXK1,train
V9GZ92,train
V9LFM0,train
V9QEI7,val
V9QER4,train
V9QF69,test
V9QFG7,train
V9QFG9,train
V9QFH5,train
V9QFH8,train
V9Z7R6,train
W0HFN9,train
W0LYS5,train
W1I921,train
W4VRV2,train
W4VRV3,train
W4VRV4,val
W4VRV7,train
W4VRW1,val
W4VRW6,test
W4VRX0,train
W4VRX3,val
W4VRX8,train
W4VRY7,train
W4VRY9,train
W4VS08,train
W4VS16,val
W4VS20,train
W4VS23,train
W4VS46,test
W4VS49,train
W4VS53,test
W4VS70,train
W4VS99,test
W4VSA0,train
W4VSA5,val
W4VSA7,test
W4VSB2,test
W4VSB6,train
W4VSB7,test
W4VSB9,train
W4VSC0,test
W4VSC2,val
W4VSE7,train
W4VSF6,train
W4VSG7,train
W4VSH9,train
W4VSI5,train
W4VSI6,train
W4VSI7,train
W4VSI8,train
W4VSI9,train
W4VSJ0,train
W4VSM1,train
W5P3P0,train
W5PLZ6,train
W5PSH7,train
W5U5X5,train
W5XCJ6,train
W5XKT8,train
W6CW81,val
W6HZ31,train
W8DXL4,train
W8GNV3,train
W8W138,train
X1WB75,train
X1WBB5,train
X1WBN4,val
X1WE18,train
X1WEM4,train
X1WER2,train
X1WGV5,train
X1WGX5,train
X1WHY6,train
X2JAU8,train
X2JCV5,train
X2JDY8,train
X4Y2L4,train
X5I9Y2,train
X5I9Z2,train
X5ICI2,val
X5IFY8,train
X5IFZ1,train
X5IWS1,train
X5IWT5,train
X5IXY8,train
X5IY26,test
X5LX76,val
X5M5N0,val
X5M8U1,test
X6R8D5,train
X6R8R1,train
