{
    "chi2_statistic": 78.98714568164681,
    "p_value": 3.000526280565808e-07,
    "degrees_of_freedom": 26,
    "expected": [
        [
            9.417224880382776,
            34.77129186602871,
            22.45645933014354,
            145.6047846889952,
            29.700478468899522,
            10.866028708133971,
            124.59712918660287,
            182.54928229665072,
            8.692822966507178,
            56.503349282296654,
            48.53492822966507,
            46.361722488038275,
            27.527272727272727,
            9.417224880382776
        ],
        [
            2.0401913875598088,
            7.533014354066986,
            4.865071770334929,
            31.5444976076555,
            6.43444976076555,
            2.354066985645933,
            26.9933014354067,
            39.54832535885168,
            1.8832535885167465,
            12.241148325358852,
            10.514832535885168,
            10.044019138755981,
            5.963636363636364,
            2.0401913875598088
        ],
        [
            1.5425837320574163,
            5.695693779904306,
            3.678468899521531,
            23.850717703349282,
            4.865071770334929,
            1.7799043062200957,
            20.40956937799043,
            29.902392344497606,
            1.4239234449760765,
            9.255502392344498,
            7.950239234449761,
            7.594258373205742,
            4.509090909090909,
            1.5425837320574163
        ]
    ]
}