{
    "absolute": {
        "train": 36469,
        "val": 7813,
        "test": 7815,
        "total": 52097
    },
    "relative": {
        "train": 0.7000211144595658,
        "val": 0.14997024780697546,
        "test": 0.15000863773345874
    }
}