{
    "chi2_statistic": 1.8195907814280137,
    "p_value": 1.0,
    "degrees_of_freedom": 58,
    "expected": [
        [
            7.700232259055224,
            14.700443403650882,
            33.60101349405916,
            527.8159203025126,
            16.100485632570013,
            8.40025337351479,
            8.40025337351479,
            24.500739006084803,
            9.100274487974355,
            9.800295602433922,
            23.800717891625236,
            131.60396951839837,
            16.80050674702958,
            42.70128798203351,
            48.30145689771004,
            280.00844578382635,
            21.000633433786973,
            7.000211144595658,
            60.901836957982226,
            119.70361057258576,
            84.70255484960747,
            119.00358945812619,
            64.40194253028005,
            11.200337831353053,
            168.00506747029578,
            7.000211144595658,
            33.60101349405916,
            86.1025970785266,
            34336.735685356165,
            146.30441292204927
        ],
        [
            1.6496727258767299,
            3.1493752039464846,
            7.198571894734822,
            113.07756684645949,
            3.4493156995604353,
            1.7996429736837054,
            1.7996429736837054,
            5.2489586732441404,
            1.949613221490681,
            2.0995834692976563,
            5.098988425437165,
            28.194406587711384,
            3.599285947367411,
            9.148185116225502,
            10.347947098681306,
            59.98809912279018,
            4.499107434209264,
            1.4997024780697545,
            13.047411559206864,
            25.644912374992803,
            18.14639998464403,
            25.494942127185826,
            13.797262798241741,
            2.3995239649116074,
            35.99285947367411,
            1.4997024780697545,
            7.198571894734822,
            18.44634048025798,
            7356.190625179953,
            31.343781791657868
        ],
        [
            1.6500950150680462,
            3.1501813924026334,
            7.200414611206019,
            113.10651285102789,
            3.450198667869551,
            1.8001036528015049,
            1.8001036528015049,
            5.2503023206710555,
            1.9501122905349637,
            2.1001209282684226,
            5.100293682937597,
            28.201623893890243,
            3.6002073056030097,
            9.150526901740983,
            10.350596003608652,
            60.003455093383494,
            4.500259132003762,
            1.5000863773345874,
            13.050751482810911,
            25.651477052421445,
            18.151045165748506,
            25.501468414687984,
            13.800794671478204,
            2.40013820373534,
            36.0020730560301,
            1.5000863773345874,
            7.200414611206019,
            18.451062441215424,
            7358.073689463885,
            31.351805286292876
        ]
    ]
}