{
    "chi2_statistic": 117.02071604926817,
    "p_value": 1.7669184719984544e-09,
    "degrees_of_freedom": 40,
    "expected": [
        [
            11.590430622009569,
            7.244019138755981,
            27.527272727272727,
            14.488038277511961,
            10.141626794258373,
            28.976076555023923,
            7.968421052631579,
            10.141626794258373,
            28.976076555023923,
            24.629665071770336,
            9.417224880382776,
            8.692822966507178,
            8.692822966507178,
            16.661244019138756,
            13.039234449760766,
            23.905263157894737,
            8.692822966507178,
            15.936842105263159,
            7.244019138755981,
            9.417224880382776,
            463.61722488038276
        ],
        [
            2.5110047846889954,
            1.569377990430622,
            5.963636363636364,
            3.138755980861244,
            2.197129186602871,
            6.277511961722488,
            1.7263157894736842,
            2.197129186602871,
            6.277511961722488,
            5.335885167464115,
            2.0401913875598088,
            1.8832535885167465,
            1.8832535885167465,
            3.6095693779904305,
            2.8248803827751194,
            5.178947368421053,
            1.8832535885167465,
            3.4526315789473685,
            1.569377990430622,
            2.0401913875598088,
            100.4401913875598
        ],
        [
            1.8985645933014355,
            1.186602870813397,
            4.509090909090909,
            2.373205741626794,
            1.661244019138756,
            4.746411483253588,
            1.305263157894737,
            1.661244019138756,
            4.746411483253588,
            4.0344497607655505,
            1.5425837320574163,
            1.4239234449760765,
            1.4239234449760765,
            2.7291866028708136,
            2.135885167464115,
            3.9157894736842107,
            1.4239234449760765,
            2.610526315789474,
            1.186602870813397,
            1.5425837320574163,
            75.94258373205741
        ]
    ]
}