{
    "absolute": {
        "train": 757,
        "val": 164,
        "test": 124,
        "total": 1045
    },
    "relative": {
        "train": 0.724401913875598,
        "val": 0.1569377990430622,
        "test": 0.11866028708133972
    },
    "missing_info": {
        "missing_from_train": [],
        "missing_from_val": [
            "A0A3S9V8K6",
            "B3EWN2",
            "O76963",
            "P0DQX1",
            "U6BLN5"
        ],
        "missing_from_test": []
    }
}