{
    "absolute": {
        "train": 39759,
        "val": 8521,
        "test": 8523,
        "total": 56803
    },
    "relative": {
        "train": 0.6999454254176716,
        "val": 0.1500096825871873,
        "test": 0.1500448919951411
    }
}