query,target,evalue,query_label,target_label
P01502,P59261,4.791e-10,other,other
P84808,Q8JI38,6.068e-140,CRISP family,CRISP family
Q962V9,P0DPU0,4.125e-10,CRISP family,nontox
C1IBY3,F8QQG5,2.0250000000000002e-132,CRISP family,CRISP family
C8YJ99,C8YJA2,1.733e-65,CRISP family,CRISP family
Q92031,B7U492,9.335e-228,Venom metalloproteinase (M12B) family,Venom metalloproteinase (M12B) family
B5AJT3,B5AJT4,7.76e-136,Venom metalloproteinase (M12B) family,Venom metalloproteinase (M12B) family
P0C6A5,P0C6A6,3.184e-43,Venom metalloproteinase (M12B) family,Disintegrin family
P21859,P18619,7.685e-46,Venom metalloproteinase (M12B) family,Venom metalloproteinase (M12B) family
P82466,P83044,9.904e-31,Venom metalloproteinase (M12B) family,Disintegrin family
Q7LZT4,P0C7X7,2.03e-41,Venom metalloproteinase (M12B) family,Venom metalloproteinase (M12B) family
Q8JJ51,Q90391,2.0119999999999998e-227,Venom metalloproteinase (M12B) family,Venom metalloproteinase (M12B) family
V9Z7R6,V9ZAY0,8.21e-148,Venom metalloproteinase (M12B) family,Venom metalloproteinase (M12B) family
Q4JCS1,P0C6B6,1.201e-39,Venom metalloproteinase (M12B) family,Venom metalloproteinase (M12B) family
A0A0B4U9L8,Q4VM08,6.779e-291,Venom metalloproteinase (M12B) family,Venom metalloproteinase (M12B) family
B8K1W0,Q2UXQ5,2.761e-313,Venom metalloproteinase (M12B) family,Venom metalloproteinase (M12B) family
D3TTC2,A8QL49,0.0,Venom metalloproteinase (M12B) family,Venom metalloproteinase (M12B) family
D6PXE8,D5LMJ3,1.854e-300,Venom metalloproteinase (M12B) family,Venom metalloproteinase (M12B) family
P28891,B7U492,1.127e-97,Venom metalloproteinase (M12B) family,Venom metalloproteinase (M12B) family
P85314,Q072L5,2.4939999999999998e-111,Venom metalloproteinase (M12B) family,Venom metalloproteinase (M12B) family
Q92032,Q8QG89,1.147e-231,Venom metalloproteinase (M12B) family,Venom metalloproteinase (M12B) family
Q98995,Q14FJ4,6.55e-235,Venom metalloproteinase (M12B) family,Venom metalloproteinase (M12B) family
C9E1S0,Q4VM08,8.647e-297,Venom metalloproteinase (M12B) family,Venom metalloproteinase (M12B) family
F8RKV9,Q10749,2.815e-315,Venom metalloproteinase (M12B) family,Venom metalloproteinase (M12B) family
Q7ZZM2,P83469,7.434999999999999e-23,Disintegrin family,Disintegrin family
P0C6B5,P83658,7.001e-38,Disintegrin family,Disintegrin family
P82465,Q6T6T2,1.055e-56,Disintegrin family,Disintegrin family
Q3BK17,P83469,4.8139999999999995e-23,Disintegrin family,Disintegrin family
Q330K6,P67862,1.05e-71,PDGF/VEGF growth factor family,PDGF/VEGF growth factor family
P0DQA7,P0DQA8,1.81e-34,Scoloptoxin family,Scoloptoxin family
P0DQB0,I6S390,1.756e-19,Scoloptoxin family,Scoloptoxin family
P0DQB7,P0DPV6,0.002785,Scoloptoxin family,Scoloptoxin family
P0DQE4,P0DQE5,6.766e-18,Scoloptoxin family,Scoloptoxin family
P0DQE9,D2X5W3,0.002401,Scoloptoxin family,other
P0DQF7,P0DQF8,0.3217,Scoloptoxin family,Scoloptoxin family
P0DQG0,P0DQF9,5.858e-13,Scoloptoxin family,Scoloptoxin family
P0DRC9,P0DPW9,7.059e-07,Scoloptoxin family,Scoloptoxin family
I6R1R5,P0DPX9,8.05e-27,Scoloptoxin family,Scoloptoxin family
P0DPT5,P0DQH1,0.0002127,Scoloptoxin family,Scoloptoxin family
P0DPV4,P0DPW9,6.293e-14,Scoloptoxin family,Scoloptoxin family
P0DQA4,P0DQA2,4.098e-22,Scoloptoxin family,Scoloptoxin family
A0A023W0V6,A0A023W140,0.003657,Scoloptoxin family,Scoloptoxin family
P0DPW3,P0DPW4,1.421e-08,Scoloptoxin family,Scoloptoxin family
P0DPW7,P0DPW8,3.936e-13,Scoloptoxin family,Scoloptoxin family
P0DPX7,P0DPY1,1.441e-11,Scoloptoxin family,Scoloptoxin family
P0DPY0,P0DPX9,2.5059999999999997e-22,Scoloptoxin family,Scoloptoxin family
P0DPZ6,P0DQA1,9.244e-43,Scoloptoxin family,Scoloptoxin family
A8YPR6,P68515,7.783999999999999e-44,"Natriuretic, Bradykinin potentiating peptide family","Natriuretic, Bradykinin potentiating peptide family"
P0C7J7,P0C7S5,29.9,"Natriuretic, Bradykinin potentiating peptide family","Natriuretic, Bradykinin potentiating peptide family"
P0DJK5,P0DJK3,50.99,"Natriuretic, Bradykinin potentiating peptide family","Natriuretic, Bradykinin potentiating peptide family"
P0DKY6,B3EWY2,1.867e-09,"Natriuretic, Bradykinin potentiating peptide family","Natriuretic, Bradykinin potentiating peptide family"
P0DL02,P85038,441.7,"Natriuretic, Bradykinin potentiating peptide family","Natriuretic, Bradykinin potentiating peptide family"
P0DL04,Q8BX80,263.9,"Natriuretic, Bradykinin potentiating peptide family",nontox
P0DL05,P0DJK6,1.265,"Natriuretic, Bradykinin potentiating peptide family","Natriuretic, Bradykinin potentiating peptide family"
P30426,P85163,1880.0,"Natriuretic, Bradykinin potentiating peptide family","Natriuretic, Bradykinin potentiating peptide family"
P31351,P0DJK3,7.776,"Natriuretic, Bradykinin potentiating peptide family","Natriuretic, Bradykinin potentiating peptide family"
P0DV81,P0DJK3,1.602,"Natriuretic, Bradykinin potentiating peptide family","Natriuretic, Bradykinin potentiating peptide family"
Q09GJ8,Q09GK0,3.903e-45,Snaclec family,Snaclec family
Q71RP9,Q8AV98,1.335e-67,Snaclec family,Snaclec family
Q71RQ0,Q8AV98,8.955000000000001e-74,Snaclec family,Snaclec family
Q4PRD2,P81115,5.123e-46,Snaclec family,Snaclec family
Q6TPH0,P0DM38,1.6710000000000002e-78,Snaclec family,Snaclec family
I7JUQ0,B4XSY8,2.037e-64,Snaclec family,Snaclec family
P0DM39,O93427,1.28e-70,Snaclec family,Snaclec family
P22030,P0C930,8.063e-59,Snaclec family,Snaclec family
Q7T247,P81996,1.069e-76,Snaclec family,Snaclec family
Q9DEA1,B0VXV0,9.634e-62,Snaclec family,Snaclec family
Q9DEA2,D1MGU0,7.16e-61,Snaclec family,Snaclec family
Q9PSM9,Q9DG39,5.147e-51,Snaclec family,Snaclec family
B4XSZ0,W5XCJ6,9.212e-77,Snaclec family,nontox
B4XT00,Q9PSM8,1.5260000000000001e-65,Snaclec family,Snaclec family
Q6T6S7,A0A1I9KNP0,2.315e-145,Peptidase S1 family,Peptidase S1 family
Q71QI3,Q8AY81,6.27e-147,Peptidase S1 family,Peptidase S1 family
Q802F0,O13063,5.155e-128,Peptidase S1 family,Peptidase S1 family
Q8UUJ1,Q9PT51,3.135e-146,Peptidase S1 family,Peptidase S1 family
Q9DF66,P0DJF5,1.0489999999999999e-141,Peptidase S1 family,Peptidase S1 family
Q9I8W9,O73800,2.0109999999999998e-114,Peptidase S1 family,Peptidase S1 family
P33589,A7LAC6,1.429e-127,Peptidase S1 family,Peptidase S1 family
Q072L6,Q91516,3.295e-136,Peptidase S1 family,Peptidase S1 family
Q58L95,Q1L659,3.511e-257,Peptidase S1 family,nontox
Q9I8X1,Q7SZE2,4.933e-144,Peptidase S1 family,Peptidase S1 family
A6MFK8,A6MFK7,6.474000000000001e-271,Peptidase S1 family,Peptidase S1 family
P47797,P26324,4.683e-127,Peptidase S1 family,Peptidase S1 family
E5AJX2,Q71QI1,1.215e-120,Peptidase S1 family,Peptidase S1 family
J3S832,Q91511,3.7900000000000004e-122,Peptidase S1 family,Peptidase S1 family
A0A096MK47,Q5FW52,0.0,nontox,nontox
A0A0A1I6E7,P0DQT1,4.177e-15,nontox,nontox
A0A0B4K692,Q495T6,3.447e-154,nontox,nontox
A0A0B4KGY6,Q2PFW9,4.666e-91,nontox,nontox
A0A0G2KQY6,Q5RAB7,1.214e-186,nontox,nontox
A0A0K2S4Q6,Q7TSN2,1.53e-34,nontox,nontox
A0A0K3AUE4,Q96RN5,0.5384,nontox,nontox
A0A0K3AV08,P80192,4.023e-55,nontox,nontox
A0A0K3AWM6,O57328,6.261e-118,nontox,nontox
A0A0R4IXF6,Q9JHD2,0.0,nontox,nontox
A0A140LI88,Q8N7Z5,0.0,nontox,nontox
A0A140LIF8,Q9DCE9,1.011e-108,nontox,nontox
A0A163UT06,Q96EQ9,7.433e-36,nontox,nontox
A0A1D5NS60,Q7TNU6,5.086e-43,nontox,nontox
A0A1D5NY17,Q6ZP80,1.5470000000000002e-109,nontox,nontox
A0A1L8FDW4,Q1RMV0,1.799e-264,nontox,nontox
A0A1L8GSA2,A0JP82,0.0,nontox,nontox
A0A1L8GXM0,A0A1L8GVF0,0.0,nontox,nontox
A0A1S3PBB7,P01042,3.662e-32,nontox,nontox
A0A1S4GMJ4,Q9VWU1,9.16e-35,nontox,nontox
A0A291NUI4,Q2KI99,3.188e-191,nontox,nontox
A0A2R8QCI3,A6NC98,2.306e-91,nontox,nontox
A0A4X1UM84,Q8HYZ4,0.0,nontox,nontox
A0A571BEE2,Q28092,1.7550000000000002e-65,nontox,nontox
A0A8I5ZN27,E1AZ71,0.0,nontox,nontox
A0A8M9PFP2,Q99JH7,0.0,nontox,nontox
A0A8M9PQ61,Q92817,6.935000000000001e-46,nontox,nontox
A0AV02,Q8VI23,0.0,nontox,nontox
A0JNM1,Q86UW2,1.0479999999999999e-41,nontox,nontox
A1E960,Q3HS83,1.999e-139,nontox,nontox
A1L2G3,D3ZHS6,7.9849999999999995e-286,nontox,nontox
A1L390,Q4VAC9,0.0,nontox,nontox
A1L4K1,H0UZ81,0.0,nontox,nontox
A1XSY8,P51774,6.141e-273,nontox,nontox
A1Z7T0,A7MBL8,1.777e-273,nontox,nontox
A1Z9E2,Q571G4,6.919e-54,nontox,nontox
A1Z9P3,Q09JY9,1.1380000000000001e-20,nontox,nontox
A1ZA55,A8DYP7,1.84e-67,nontox,nontox
A1ZAC4,P61407,8.078e-05,nontox,nontox
A1ZAG4,Q7TMM8,7.181e-07,nontox,nontox
A2AI08,Q7TSH6,1.28,nontox,nontox
A2AIW0,Q96C92,1.49e-216,nontox,nontox
A2AJX4,Q5VYJ5,0.0,nontox,nontox
A2ALU4,Q13796,0.0,nontox,nontox
A2ANU3,Q08DM6,7.562000000000001e-143,nontox,nontox
A2ASQ1,O00468,0.0,nontox,nontox
A2AU37,O93310,7.792e-123,nontox,nontox
A2AUU0,Q9H825,8.402999999999999e-130,nontox,nontox
A2AWP0,Q96CA5,3.537e-113,nontox,nontox
A2BIE7,Q5ZLG8,6.435e-268,nontox,nontox
A2RU30,Q3U132,1.3190000000000001e-192,nontox,nontox
A2VBC4,Q9U6W0,5.436e-171,nontox,nontox
A2VDZ4,Q5R9Z7,0.0,nontox,nontox
A3KG59,Q8IYS1,6.929e-232,nontox,nontox
A3KQ86,P47987,1.04e-38,nontox,nontox
A4IG62,Q5ZJT0,0.0,nontox,nontox
A4IHS0,Q7L0Y3,2.079e-110,nontox,nontox
A4IIN5,P47974,3.842e-140,nontox,nontox
A4K436,Q9NZ71,0.0,nontox,nontox
A4PES0,P0C1S8,1.144e-258,nontox,nontox
A4QPC6,Q5R7W8,1.059e-208,nontox,nontox
A5D8V7,Q8BSN3,9.321999999999999e-229,nontox,nontox
A5JYX8,Q969V3,1.795e-60,nontox,nontox
A5PK42,Q96NG3,1.664e-316,nontox,nontox
A6NGG8,Q96JM3,0.06559,nontox,nontox
A6NHX0,Q6TDU7,3.232,nontox,nontox
A6NK89,Q8BL43,1.743e-266,nontox,nontox
A6P3B2,P10552,4.655e-53,nontox,nontox
A6QQJ8,Q5D1E8,0.0,nontox,nontox
A6YFB5,F1N152,1.168e-196,nontox,nontox
A7E320,Q96T88,0.0,nontox,nontox
A7LCJ3,Q9BZZ2,0.0,nontox,nontox
A7MBS7,Q9UPZ6,0.0,nontox,nontox
A7MD48,P0CB65,7.707e-59,nontox,nontox
A8CVX7,A6NNM8,1.131e-208,nontox,nontox
A8JQX3,Q5BJ41,3.901e-19,nontox,nontox
A8JUV0,A3KN83,0.0,nontox,nontox
A8K8P3,Q3UZY0,0.0,nontox,nontox
A8KBF3,Q8CDG1,0.0,nontox,nontox
A8MTJ3,P19087,6.294000000000001e-193,nontox,nontox
A8T677,Q9V6K1,0.1584,nontox,nontox
A9JTS5,Q4KMD7,2.509e-142,nontox,nontox
A9QM74,C1JZ66,4.9180000000000004e-244,nontox,nontox
A9UHW6,Q28H63,6.374e-106,nontox,nontox
B0FPE9,A6QLE5,0.0,nontox,nontox
B0V1P1,P41968,4.234e-119,nontox,nontox
B1AS29,P42260,0.0,nontox,nontox
B1AY15,Q70EK9,0.0,nontox,nontox
B1H234,Q70AK3,0.0,nontox,nontox
B2D6K9,Q6NRF1,1.577e-17,nontox,nontox
B2DD29,Q69Z98,0.0,nontox,nontox
B2GUB3,A4Q9E5,2.089e-226,nontox,nontox
B2GUY1,O00444,0.0,nontox,nontox
B2KF05,B2RRD7,0.0,nontox,nontox
B2RU80,P23467,0.0,nontox,nontox
B2RUR8,Q8R554,5.366e-273,nontox,nontox
B2RUZ4,P0C8K7,1.874e-36,nontox,nontox
B2RY50,Q5T2S8,0.0,nontox,nontox
B3DK56,Q6YI48,0.0,nontox,nontox
B5A5T4,Q9VZ21,0.000221,nontox,nontox
B5DEI4,Q969T4,3.7689999999999997e-22,nontox,nontox
B5LUQ9,B5LUR0,4.657e-29,nontox,nontox
B6CJY4,P70196,1.6e-322,nontox,nontox
B7SBD2,O94900,1.39e-100,nontox,nontox
B7TB45,P48607,3.893e-10,nontox,nontox
B7XDF1,B1H3B4,6.227e-98,nontox,nontox
B7ZNG0,Q2M1P5,0.0,nontox,nontox
B7ZSG3,P19544,4.826e-233,nontox,nontox
B8JLQ9,Q8IVL8,3.9909999999999997e-113,nontox,nontox
B8K1W2,O95342,0.0,nontox,nontox
B8XX90,Q2KI99,3.628e-218,nontox,nontox
B8XY56,C0HKG5,4.367e-67,nontox,nontox
C0HK25,P34942,0.9806,nontox,nontox
C0HK99,O75594,2.649e-45,nontox,nontox
C0HKQ7,P83403,1.736e-16,nontox,nontox
C0HLX7,C0HM20,6.714e-25,nontox,nontox
C1L7Y4,C4QH88,3.108e-76,nontox,nontox
C6KRL6,Q5RBV9,7.276e-10,nontox,nontox
C9JE40,A2ARM1,2.422e-204,nontox,nontox
C9K4X8,P11953,0.7127,nontox,nontox
D0QMC3,Q8CGE8,1.473e-157,nontox,nontox
D3Z902,Q93794,4.699999999999999e-146,nontox,nontox
D3ZEN0,Q3TN34,0.0,nontox,nontox
D3ZUI5,Q5NBX1,0.0,nontox,nontox
D4A1F2,O94851,0.0,nontox,nontox
D4A1X2,Q01780,0.0,nontox,nontox
D4A6Z8,O54982,0.0,nontox,nontox
D5LGE0,Q3V0C3,8.596,nontox,nontox
D6C652,P46937,3.306e-234,nontox,nontox
D6RGH6,Q3UZ45,5.718e-181,nontox,nontox
D7EZN2,A5PK46,2.2289999999999998e-261,nontox,nontox
E1BKH1,Q5JVL4,0.0,nontox,nontox
E1C8P7,F1NY98,0.0,nontox,nontox
E2QYC9,Q8NI35,0.0,nontox,nontox
E7EZ53,P11242,5.308e-30,nontox,nontox
E7F3I6,Q7K284,1.773e-142,nontox,nontox
E7F568,Q5NBX1,3.816e-87,nontox,nontox
E7FBF7,O14526,1.43e-266,nontox,nontox
E7FCP8,Q8N159,4.17e-142,nontox,nontox
E7FEL0,A0A4W3GG95,2.7749999999999998e-157,nontox,nontox
E9PY46,Q96RY7,0.0,nontox,nontox
E9PZZ1,Q9H4Q3,0.0,nontox,nontox
E9Q2Z1,Q9BXF3,0.0,nontox,nontox
E9Q5R7,A6QLE5,4.022e-256,nontox,nontox
E9Q7E2,Q09441,5.404999999999999e-60,nontox,nontox
E9Q9D5,Q5R573,1.358e-119,nontox,nontox
E9QAG8,Q3KP31,1.621e-198,nontox,nontox
F0JAI6,Q09525,4.666,nontox,nontox
F1M5M3,Q7M6U3,0.0,nontox,nontox
F1M7L9,Q9CQ73,0.0,nontox,nontox
F1ND48,Q8NFZ0,1.549e-313,nontox,nontox
F1NQJ3,P54279,0.0,nontox,nontox
F1NWE3,Q13332,0.0,nontox,nontox
F1PAA9,P12830,0.0,nontox,nontox
F1QF89,Q8R2R1,0.0,nontox,nontox
F1QR43,Q9EPS3,3.564e-307,nontox,nontox
F1R237,P61407,2.871e-269,nontox,nontox
F1R4C4,Q8N2W9,4.4349999999999995e-171,nontox,nontox
F1R5H6,O60885,0.0,nontox,nontox
F2YMG0,Q7Z410,4.687e-52,nontox,nontox
F3YDF1,O88967,4.903e-174,nontox,nontox
F7E540,Q6ZT98,0.0,nontox,nontox
F8W3X3,O14917,6.3e-291,nontox,nontox
G1TZ76,Q9TXP0,4.878e-40,nontox,nontox
G3C7W6,Q86WA9,7.02e-321,nontox,nontox
G3M4F8,Q9VCZ3,8.314e-113,nontox,nontox
G3QY98,P0DMC1,3.1659999999999996e-135,nontox,nontox
G3V8H4,P22682,4.057e-127,nontox,nontox
G3X943,Q6QQT1,8.823999999999999e-51,nontox,nontox
G4VJD5,Q5ZLN1,1.072e-91,nontox,nontox
G5EBL2,P34892,5.743e-07,nontox,nontox
G5EBR3,P91730,2.174e-110,nontox,nontox
G5EBX9,O35655,1.472e-161,nontox,nontox
G5EC23,Q9Y5Z7,9.246e-162,nontox,nontox
G5ECH7,P51166,5.579e-153,nontox,nontox
G5ECL2,O43426,2.839e-262,nontox,nontox
G5ECN9,Q9VBC7,2.276e-277,nontox,nontox
G5ECZ4,Q3UGF1,5.361e-312,nontox,nontox
G5EDT6,Q21307,8.451000000000001e-69,nontox,nontox
G5EDW7,A1L1F6,3.021,nontox,nontox
G5EDY0,O00750,2.675e-148,nontox,nontox
G5EE86,A2PZF9,2.8500000000000003e-42,nontox,nontox
G5EEG7,Q7ZVA0,4.185e-217,nontox,nontox
G5EEL0,O42252,3.862e-38,nontox,nontox
G5EEM0,Q21878,6.969999999999999e-67,nontox,nontox
G5EEM6,Q8CF89,6.069e-15,nontox,nontox
G5EET5,G5EDE2,5.109e-40,nontox,nontox
G5EF15,P47980,8.502e-19,nontox,nontox
G5EF76,Q3ZBG4,9.629e-13,nontox,nontox
G5EFF4,Q9UJQ4,1.538e-40,nontox,nontox
G5EFF5,Q24143,4.509e-37,nontox,nontox
G5EFQ5,P22814,2.895e-33,nontox,nontox
G5EGB2,Q9VI93,9.164e-85,nontox,nontox
G5EGD2,Q0PGG7,5.541e-42,nontox,nontox
G5EGS7,Q5I0C5,12.85,nontox,nontox
G8JYC6,Q6NSQ7,2.359,nontox,nontox
H0VCJ6,Q02083,3.441e-181,nontox,nontox
H2KYS3,P00181,1.277e-62,nontox,nontox
H2KYS8,Q8JZW4,5.809999999999999e-22,nontox,nontox
H2KZB2,Q86XL3,1.042e-45,nontox,nontox
H2KZU7,Q2QLE0,1.126e-53,nontox,nontox
H2L0N8,Q640N2,1.484e-24,nontox,nontox
H2N0D4,P00687,8.784e-271,nontox,nontox
I7HJS4,Q8IZ20,4.553e-154,nontox,nontox
K7EJ46,Q15053,0.2416,nontox,nontox
K7SGN7,A0A1L8HTT5,3.8e-92,nontox,nontox
K9JHZ4,A0JP82,0.0,nontox,nontox
L7N1X6,Q6X9E4,3.159e-92,nontox,nontox
M0RC99,Q98932,2.6510000000000002e-120,nontox,nontox
O00154,Q91V12,5.57e-215,nontox,nontox
O00232,Q68FS2,1.737e-14,nontox,nontox
O00238,P36895,2.874e-248,nontox,nontox
O00258,Q6DRM0,2.8680000000000002e-71,nontox,nontox
O00273,Q5XI33,1.164e-10,nontox,nontox
O00422,Q9VEX9,6.5479999999999995e-53,nontox,nontox
O00451,O13157,1.361e-245,nontox,nontox
O00635,Q58DK8,6.658e-232,nontox,nontox
O00764,Q0II59,1.213e-183,nontox,nontox
O01367,G5EFF1,2.86e-86,nontox,nontox
O01382,P89116,6.663999999999999e-118,nontox,nontox
O01479,P49813,1.041e-59,nontox,nontox
O01501,Q8MUK3,1.497e-192,nontox,nontox
O01811,P27170,6.793000000000001e-20,nontox,nontox
O01887,Q14B25,6.477e-14,nontox,nontox
O01965,Q94981,7.967000000000001e-166,nontox,nontox
O02002,P89116,5.204e-113,nontox,nontox
O02100,O12977,1.096e-49,nontox,nontox
O02194,Q9XT97,3.679e-128,nontox,nontox
O02365,Q21065,7.088e-313,nontox,nontox
O08557,Q6MG60,3.978e-80,nontox,nontox
O08565,Q07FZ4,5.455000000000001e-165,nontox,nontox
O08573,O00182,1.109e-163,nontox,nontox
O08586,Q9PUT6,7.918999999999999e-240,nontox,nontox
O08807,P0CB50,3.737e-90,nontox,nontox
O08808,O60879,1.235e-312,nontox,nontox
O08838,P49418,0.0,nontox,nontox
O08841,O00391,1.053e-293,nontox,nontox
O08983,Q7Z406,0.3947,nontox,nontox
O09032,Q7SZT7,1.127e-235,nontox,nontox
O09102,O75603,2.195e-235,nontox,nontox
O09112,Q13202,0.0,nontox,nontox
O09185,Q95330,3.619e-195,nontox,nontox
O09232,O93348,1.2390000000000002e-72,nontox,nontox
O12990,P23458,0.0,nontox,nontox
O13010,Q6GL14,6.424000000000001e-176,nontox,nontox
O13033,P15918,0.0,nontox,nontox
O13097,O73612,1.027e-160,nontox,nontox
O13154,Q9QY17,5.63e-254,nontox,nontox
O13164,P56251,4.4199999999999998e-75,nontox,nontox
O14490,Q8BJ42,1.3589999999999999e-274,nontox,nontox
O14497,Q8NFD5,0.0,nontox,nontox
O14543,Q9NSE2,9.042e-24,nontox,nontox
O14576,Q13409,1.32e-321,nontox,nontox
O14613,Q8JZX9,6.126e-118,nontox,nontox
O14657,Q68F68,2.0229999999999997e-90,nontox,nontox
O14669,Q8R182,4.8999999999999997e-88,nontox,nontox
O14734,Q8NBF6,0.2478,nontox,nontox
O14782,Q61771,1.505e-279,nontox,nontox
O14815,O35920,0.0,nontox,nontox
O14832,O18778,3.3280000000000003e-194,nontox,nontox
O14965,A0A8I3S724,7.498e-233,nontox,nontox
O14976,O75061,3.8540000000000003e-230,nontox,nontox
O15040,Q6NLL1,8.174e-47,nontox,nontox
O15067,Q5SUR0,0.0,nontox,nontox
O15068,Q64096,0.0,nontox,nontox
O15156,Q8VCZ7,3.085e-92,nontox,nontox
O15209,Q9Z0G7,0.0,nontox,nontox
O15258,Q5RBL1,10.9,nontox,nontox
O15266,O42567,9.074e-21,nontox,nontox
O15304,O54926,1.548e-74,nontox,nontox
O15347,P63158,3.537e-84,nontox,nontox
O15350,Q9H3D4,1.2960000000000002e-209,nontox,nontox
O15379,P56517,7.1580000000000005e-180,nontox,nontox
O15400,Q5RBW6,7.183e-74,nontox,nontox
O15439,E9Q236,0.0,nontox,nontox
O15446,Q76KJ5,4.742999999999999e-103,nontox,nontox
O15503,A0JNC3,1.353e-152,nontox,nontox
O15511,Q6DE18,1.731e-60,nontox,nontox
O16000,Q24547,1.164e-115,nontox,nontox
O16259,Q4R8N7,5.664e-112,nontox,nontox
O16785,Q9ERD8,5.024e-54,nontox,nontox
O17389,P62326,0.1957,nontox,nontox
O17736,Q15386,1.257e-95,nontox,nontox
O18158,P81436,0.0,nontox,nontox
O18330,A0A7M6W5F9,2.4170000000000002e-182,nontox,nontox
O18333,P61106,1.751e-74,nontox,nontox
O18404,O02691,3.704e-111,nontox,nontox
O18497,P28494,2.4e-186,nontox,nontox
O18696,Q63421,2.2539999999999997e-149,nontox,nontox
O18733,P14780,0.0,nontox,nontox
O19002,P39689,8.209e-77,nontox,nontox
O19179,P55203,0.0,nontox,nontox
O35099,A2AQW0,0.0,nontox,nontox
O35136,P31836,9.847e-219,nontox,nontox
O35152,Q9NYM9,1.221e-56,nontox,nontox
O35188,O55145,7.532e-192,nontox,nontox
O35227,Q63180,0.0,nontox,nontox
O35251,O43915,1.907e-181,nontox,nontox
O35305,P25942,1.2779999999999999e-37,nontox,nontox
O35385,O14830,0.0,nontox,nontox
O35440,Q63344,7.923e-241,nontox,nontox
O35458,P34579,1e-94,nontox,nontox
O35507,P37232,4.148e-239,nontox,nontox
O35593,Q9XZ58,2.663e-37,nontox,nontox
O35615,Q8IX07,0.0,nontox,nontox
O35929,P55041,7.868e-73,nontox,nontox
O42131,Q02880,0.0,nontox,nontox
O42182,P23142,2.3169999999999998e-269,nontox,nontox
O42410,Q13422,7.109e-307,nontox,nontox
O42477,Q9IAL1,7.723e-140,nontox,nontox
O43186,Q28EM7,8.682e-85,nontox,nontox
O43290,Q95JR0,3.158,nontox,nontox
O43320,Q2HXK8,1.927e-104,nontox,nontox
O43353,Q3SZJ2,9.791e-316,nontox,nontox
O43395,Q8IYB3,0.04173,nontox,nontox
O43432,Q80XI3,0.0,nontox,nontox
O43464,Q9JIY5,4.617e-241,nontox,nontox
O43488,Q8CG76,5.573e-212,nontox,nontox
O43566,P97492,2.2620000000000003e-302,nontox,nontox
O43583,Q6DH65,1.303e-91,nontox,nontox
O43663,Q99K43,6.922e-311,nontox,nontox
O43687,Q9P0M2,2.673e-33,nontox,nontox
O43688,O88956,1.506e-100,nontox,nontox
O43745,Q3SYS6,1.5920000000000001e-71,nontox,nontox
O43809,Q9W0M1,0.1906,nontox,nontox
O43813,Q90ZL2,2.21e-181,nontox,nontox
O43819,Q5SUC9,3.067e-61,nontox,nontox
O43823,Q9DBR0,0.0,nontox,nontox
O43900,Q80VL3,0.0,nontox,nontox
O44081,Q9ESX5,7.382e-208,nontox,nontox
O44514,Q17446,2.831e-84,nontox,nontox
O44857,Q495T6,1.973e-155,nontox,nontox
O45100,Q6PH17,1.603e-26,nontox,nontox
O45717,Q9ES39,1.9e-05,nontox,nontox
O45923,Q9BRI3,8.023e-75,nontox,nontox
O45947,Q86SR1,6.16e-167,nontox,nontox
O46102,Q9D0D3,5.9380000000000004e-74,nontox,nontox
O46567,Q9N1U3,0.0,nontox,nontox
O46631,P78324,1.514e-228,nontox,nontox
O54728,Q3TTY0,0.0,nontox,nontox
O54767,P20239,0.0,nontox,nontox
O54786,O70302,8.735e-11,nontox,nontox
O54824,Q14005,0.0,nontox,nontox
O54851,Q80XF7,2.811e-64,nontox,nontox
O54853,Q9H252,0.0,nontox,nontox
O54907,O43508,2.2479999999999998e-138,nontox,nontox
O54942,Q9Z0S7,5.173e-70,nontox,nontox
O54950,Q8BGM7,1.0199999999999999e-125,nontox,nontox
O55092,Q9H2G2,0.0,nontox,nontox
O55144,O93367,1.129e-150,nontox,nontox
Q16651,Q9ESD1,2.225e-167,nontox,nontox
Q16740,Q2KHU4,7.205e-153,nontox,nontox
Q16763,Q4V908,2.058e-91,nontox,nontox
Q16790,Q8VHB5,1.033e-179,nontox,nontox
Q16795,P34943,9.713999999999999e-206,nontox,nontox
Q16EI9,Q9VHQ7,1.51e-23,nontox,nontox
Q17307,Q9NIW4,0.0,nontox,nontox
Q17391,B5DF89,6.685e-224,nontox,nontox
Q17607,Q6NY98,1.013e-134,nontox,nontox
Q17667,Q6PFM4,2.849e-21,nontox,nontox
Q17850,P35465,7.651e-174,nontox,nontox
Q17941,Q9XTG7,2.5859999999999998e-233,nontox,nontox
Q15067,Q99424,3.004e-174,nontox,nontox
Q15113,Q8R4W6,1.447e-118,nontox,nontox
Q15121,Q9JHX4,3.155e-07,nontox,nontox
Q1XA76,Q6NXK8,0.0,nontox,nontox
Q1XG89,Q9VNP5,1.0800000000000001e-34,nontox,nontox
Q1XG90,B3A003,3.352e-50,nontox,nontox
Q1XHL7,B6CZ17,6.923e-200,nontox,nontox
Q20065,Q10576,1.772e-188,nontox,nontox
Q20745,O94901,1.096e-43,nontox,nontox
Q21054,G5EC84,4.5660000000000003e-184,nontox,nontox
Q21126,Q21127,5.062e-88,nontox,nontox
Q21305,P48430,2.0949999999999999e-44,nontox,nontox
Q21361,Q68EL6,5.313e-08,nontox,nontox
Q21412,Q90ZA1,1.349e-30,nontox,nontox
Q21415,P39087,7.341e-140,nontox,nontox
Q21446,Q8IZ40,4.574,nontox,nontox
Q21776,O08901,3.07e-39,nontox,nontox
Q21898,Q26250,3.878e-50,nontox,nontox
P48181,Q27218,1.0650000000000001e-191,nontox,nontox
P48410,Q9UBJ2,1.3879999999999999e-298,nontox,nontox
P48456,P48453,8.258e-244,nontox,nontox
P48543,P48548,1.797e-169,nontox,nontox
P48547,Q63734,3.5150000000000003e-246,nontox,nontox
P48788,P68246,2e-90,nontox,nontox
P48830,P42098,4.309e-226,nontox,nontox
P48974,P47901,7.058999999999999e-219,nontox,nontox
P48987,P48985,3.37e-16,nontox,nontox
P48996,P50532,7.809999999999999e-133,nontox,nontox
Q96KJ9,Q91W29,3.5290000000000005e-78,nontox,nontox
Q96KM6,Q69Z99,7.425e-101,nontox,nontox
Q96KN7,Q9GLM3,0.0,nontox,nontox
Q95T12,D4A9I3,3.511e-17,nontox,nontox
Q95T64,Q9VXN9,5.069e-23,nontox,nontox
Q95TS5,Q6DFF4,7.168e-221,nontox,nontox
Q95X01,Q02401,1.884e-126,nontox,nontox
Q95XP9,Q0IJ01,3.979e-09,nontox,nontox
Q95XZ6,Q6ZP29,2.833e-44,nontox,nontox
Q95YF3,P23128,6.682e-213,nontox,nontox
Q95YI5,A2VE55,1.802e-107,nontox,nontox
Q95ZJ1,Q8MRC9,3.82e-226,nontox,nontox
Q965Q8,Q5QQ52,0.0,nontox,nontox
Q966L8,P13360,2.002e-50,nontox,nontox
Q967D7,D3ZB51,1.6280000000000002e-124,nontox,nontox
Q968Y9,Q9PVZ4,6.986e-181,nontox,nontox
Q969E3,Q1RMJ9,1.316e-43,nontox,nontox
Q969F2,Q8VE28,1.417e-207,nontox,nontox
Q969G9,Q99MH6,6.733e-268,nontox,nontox
Q969H4,Q6P9H4,1.346e-43,nontox,nontox
Q969H6,Q9DB28,1.6349999999999998e-94,nontox,nontox
Q969J2,Q9BRR0,1.085e-301,nontox,nontox
Q969Q5,Q98932,1.823e-38,nontox,nontox
Q9V9K7,Q99MR6,8.844e-182,nontox,nontox
Q9VA73,Q5RBC8,2.723e-252,nontox,nontox
Q9VAW5,Q6ZQ58,8.776e-128,nontox,nontox
Q9VB08,Q803I4,1.5670000000000001e-85,nontox,nontox
Q9VBW6,Q499M4,1.018e-08,nontox,nontox
Q9VBW9,Q499M4,6.433e-10,nontox,nontox
Q9VCR6,Q9H4B6,2.852e-44,nontox,nontox
Q9VD44,Q503I9,2.2780000000000003e-58,nontox,nontox
Q9VD83,A2VB89,8.069e-68,nontox,nontox
Q9VEA5,Q1JQ91,7.538000000000001e-58,nontox,nontox
Q9VEU6,Q9VEU5,0.0,nontox,nontox
Q9VF26,Q3MHU3,1.8330000000000001e-180,nontox,nontox
Q9VF87,Q5SQX6,0.0,nontox,nontox
Q9VFI9,O77746,1.1420000000000001e-194,nontox,nontox
Q9VG09,Q9VG08,5.884000000000001e-209,nontox,nontox
Q9VGH1,Q07217,2.4880000000000002e-46,nontox,nontox
Q9VGH7,P51789,8.303000000000001e-209,nontox,nontox
Q9VGY6,Q9VUY0,0.0009868,nontox,nontox
Q9VH90,A0JMQ9,6.051e-185,nontox,nontox
Q9VHS7,Q499N4,3.594e-121,nontox,nontox
P23018,P83625,2.386e-83,nontox,nontox
P23336,Q3L7M0,1.619e-228,nontox,nontox
P22058,Q922P9,25.31,nontox,nontox
P22269,P28678,2.331e-220,nontox,nontox
P22325,O54761,4.179e-167,nontox,nontox
P22439,O00330,4.639e-285,nontox,nontox
P22456,P09479,9.296999999999999e-245,nontox,nontox
P22793,Q07283,8.076e-205,nontox,nontox
Q640N3,Q7Z6I6,0.0,nontox,nontox
Q64118,P97277,3.46e-190,nontox,nontox
Q64298,P49901,2.656e-05,nontox,nontox
Q64417,P51538,1.6019999999999998e-248,nontox,nontox
Q645J3,Q5ZL84,3.4570000000000004e-109,nontox,nontox
Q64726,Q63678,1.3199999999999999e-170,nontox,nontox
Q64HY3,Q6NW96,1.815e-220,nontox,nontox
Q64JA4,Q96PQ1,1.6640000000000002e-143,nontox,nontox
Q658L1,Q8BQB6,1.864e-234,nontox,nontox
Q658N2,Q80XH4,0.0,nontox,nontox
Q66H17,Q8C5V0,4.215e-147,nontox,nontox
Q9W4V8,Q9W0S3,1.594e-132,nontox,nontox
Q9W5D4,F1Q8R9,7.819999999999999e-241,nontox,nontox
Q9W5E1,Q9NHX0,5.414e-46,nontox,nontox
Q9W6A8,P32310,7.487e-198,nontox,nontox
Q9W6T7,O12976,5.905000000000001e-194,nontox,nontox
Q9W739,P51958,6.149e-172,nontox,nontox
Q9WTM5,P83571,1.939e-265,nontox,nontox
Q9WTN5,Q9ULQ1,0.0,nontox,nontox
Q9WTQ5,Q02952,0.0,nontox,nontox
Q9WTV7,Q07G42,2.389e-211,nontox,nontox
Q9WU03,O43291,2.354e-105,nontox,nontox
Q9WU47,Q9P2W7,2.0780000000000002e-76,nontox,nontox
Q9WU72,Q9Y275,5.477e-107,nontox,nontox
Q9WU74,Q86X29,8.162e-300,nontox,nontox
Q9WUB0,A9JTG5,1.0150000000000001e-156,nontox,nontox
Q9WUM7,Q9H422,0.0,nontox,nontox
Q9WUQ2,Q9HCU5,1.796e-244,nontox,nontox
Q9WUR2,Q5XIC0,5.912999999999999e-233,nontox,nontox
Q08DR9,Q3KR99,1.9879999999999998e-229,nontox,nontox
Q08DZ2,Q9V3D5,3.423e-47,nontox,nontox
Q08E57,Q6AXK4,3.5380000000000003e-124,nontox,nontox
Q09178,P23458,0.0,nontox,nontox
Q09272,Q8HYW0,0.03631,nontox,nontox
Q09322,Q86WC4,2.053e-11,nontox,nontox
Q09457,Q20754,7.614e-31,nontox,nontox
Q09573,Q9Y666,2.648e-216,nontox,nontox
Q09637,A8X8D0,1.159e-126,nontox,nontox
Q0E8C8,P05120,4.6640000000000006e-36,nontox,nontox
Q0E961,P27922,2.015e-17,nontox,nontox
Q0E9G3,Q0VC73,3.6160000000000003e-69,nontox,nontox
Q0IHP2,Q32N93,0.0,nontox,nontox
Q0II71,Q6QHC5,3.273e-201,nontox,nontox
Q0IIR9,Q1HGK7,1.735e-276,nontox,nontox
Q0KHT7,Q9GM70,3.1360000000000002e-74,nontox,nontox
Q0P4J9,Q8AVI9,5.3699999999999995e-171,nontox,nontox
Q0P5W1,Q9VRX2,3.618e-178,nontox,nontox
Q0PV50,Q99MB1,0.0,nontox,nontox
Q0V8B7,Q561P5,0.0,nontox,nontox
Q0V8T5,Q0V8T8,0.0,nontox,nontox
Q0V9E9,Q498E6,1.6160000000000002e-194,nontox,nontox
Q7TQP0,Q7Z602,5.256000000000001e-156,nontox,nontox
Q7TQP2,Q8IZ08,2.56e-226,nontox,nontox
Q7TST0,P18892,2.2720000000000004e-78,nontox,nontox
Q7YR73,Q9R1T7,6.601e-75,nontox,nontox
Q7YRQ8,P48307,1.72e-107,nontox,nontox
Q7Z1M0,Q868N5,5e-324,nontox,nontox
Q7Z269,Q8MQS8,1.822e-68,nontox,nontox
Q7Z309,Q6NZE7,1.372e-124,nontox,nontox
Q7Z3E2,Q13439,6.44e-06,nontox,nontox
Q7Z572,Q4R736,1.03e-259,nontox,nontox
Q7Z5Y7,Q03719,0.0004474,nontox,nontox
Q7Z7B8,Q95LI0,3.281e-05,nontox,nontox
Q7ZUK7,Q9BTA9,4.108e-203,nontox,nontox
Q7ZUW2,Q63617,0.0,nontox,nontox
P10082,P10631,5.1759999999999996e-27,nontox,nontox
P10092,P01256,3.117e-43,nontox,nontox
P10176,P80433,3.769e-27,nontox,nontox
P10354,P26339,1.205e-213,nontox,nontox
P10383,Q9NP73,1.478e-44,nontox,nontox
P10412,P02253,2.588e-85,nontox,nontox
P10536,Q05974,3.7689999999999996e-114,nontox,nontox
P10612,P00189,3.474e-302,nontox,nontox
P10764,P23695,9.091e-86,nontox,nontox
P10810,P08571,8.501e-141,nontox,nontox
P10937,P11086,4.3499999999999997e-157,nontox,nontox
P11032,P12544,8.181e-116,nontox,nontox
P11247,P11678,0.0,nontox,nontox
P11346,P28028,2.653e-177,nontox,nontox
P11442,P53675,0.0,nontox,nontox
P11584,P05556,9.746999999999999e-195,nontox,nontox
P11762,P09382,5.46e-84,nontox,nontox
P11799,Q15746,0.0,nontox,nontox
P12074,P10818,1.059e-59,nontox,nontox
P12252,P14270,1.1209999999999999e-231,nontox,nontox
P12271,E1C1U1,9.574e-163,nontox,nontox
P12314,P26151,7.649e-145,nontox,nontox
P12336,P11168,7.59e-274,nontox,nontox
P12387,P01026,0.0,nontox,nontox
P12607,P07228,0.0,nontox,nontox
P12822,P12821,0.0,nontox,nontox
P12938,P24456,7.086999999999999e-277,nontox,nontox
P12939,P24456,9.799000000000001e-288,nontox,nontox
P13055,P17671,0.0,nontox,nontox
P13097,Q01070,2.132e-43,nontox,nontox
P13183,P24311,5.497e-40,nontox,nontox
P13196,P07997,0.0,nontox,nontox
P13439,P11172,7.664e-277,nontox,nontox
P13498,Q95MN4,5.3430000000000004e-104,nontox,nontox
P13500,P28292,3.703e-34,nontox,nontox
P13501,P50229,5.714e-21,nontox,nontox
P13528,P24350,6.765e-71,nontox,nontox
P13607,P24798,0.0,nontox,nontox
P13645,P02535,4.297e-220,nontox,nontox
P13667,P38659,0.0,nontox,nontox
P13682,Q6ZN57,2.787e-144,nontox,nontox
P13709,P25440,8.352e-133,nontox,nontox
P13725,P53347,5.82e-49,nontox,nontox
P13752,P13753,5.387e-192,nontox,nontox
P13805,P09739,1.051e-76,nontox,nontox
P13926,P15107,6.852e-85,nontox,nontox
P13995,Q9H903,3.309e-150,nontox,nontox
P14003,P29303,1.981e-157,nontox,nontox
P14094,P30715,2.9130000000000003e-128,nontox,nontox
P14095,P12850,1.7949999999999999e-40,nontox,nontox
P14131,Q9W237,1.8069999999999998e-80,nontox,nontox
P14137,Q9QZ82,3e-323,nontox,nontox
P14199,Q804S5,3.127e-07,nontox,nontox
P14555,P14423,3.264e-60,nontox,nontox
P14734,Q17241,1.043e-91,nontox,nontox
P14769,Q8HY56,6.991e-223,nontox,nontox
P14859,P09086,8.758999999999999e-91,nontox,nontox
P14901,P09601,4.004e-151,nontox,nontox
P14902,Q9ERD9,6.470000000000001e-168,nontox,nontox
P14927,P00129,2.4009999999999998e-60,nontox,nontox
P14943,O00748,3.247e-261,nontox,nontox
P14956,P83403,5.355e-14,nontox,nontox
P15127,Q9PVZ4,0.0,nontox,nontox
P15149,P11711,1.9949999999999998e-287,nontox,nontox
P15259,Q5ZLN1,2.635e-141,nontox,nontox
P15260,P15261,6.592e-126,nontox,nontox
P15379,P16070,4.366e-294,nontox,nontox
P15505,Q8CHN6,0.001384,nontox,nontox
P15626,P30116,3.273e-134,nontox,nontox
P15684,P97449,0.0,nontox,nontox
P15690,Q94511,5.6249999999999996e-294,nontox,nontox
P15692,Q00731,9.817e-201,nontox,nontox
P15919,P15918,0.0,nontox,nontox
P16067,P55202,0.0,nontox,nontox
P16109,P98109,0.0,nontox,nontox
P16311,P25780,3.595e-179,nontox,nontox
P16386,Q68J42,0.0,nontox,nontox
P16402,P16403,3.5959999999999997e-81,nontox,nontox
P16435,Q6PFP6,7.066000000000001e-87,nontox,nontox
P16501,P16545,1.5720000000000002e-55,nontox,nontox
P16549,Q01740,0.0,nontox,nontox
P16671,P26201,3.104e-272,nontox,nontox
P16905,P31319,6.613e-177,nontox,nontox
P17022,Q642B9,4.973999999999999e-286,nontox,nontox
P17040,B2KFW1,0.0,nontox,nontox
P17152,Q8IQ56,2.008e-37,nontox,nontox
P17153,Q4R4H7,4.048e-162,nontox,nontox
P17213,P17453,1.753e-194,nontox,nontox
P17256,Q9R008,7.267e-230,nontox,nontox
P17276,P04176,1.3249999999999998e-181,nontox,nontox
P17540,P11009,5.773e-255,nontox,nontox
P17544,P15336,3.11e-138,nontox,nontox
P17707,P79888,2.165e-185,nontox,nontox
P17777,P15018,1.875e-97,nontox,nontox
P17785,Q6TEQ7,5.1419999999999996e-198,nontox,nontox
P17917,O01377,1.353e-134,nontox,nontox
P17971,Q63881,4.5029999999999994e-238,nontox,nontox
P18031,P20417,8.149e-251,nontox,nontox
P18170,P18169,0.0,nontox,nontox
P18206,O46037,3.303e-225,nontox,nontox
P18297,P35270,1.634e-122,nontox,nontox
P18434,P33704,4.387e-171,nontox,nontox
P18460,Q91287,0.0,nontox,nontox
P18491,Q6PBD7,2.199e-11,nontox,nontox
P18507,Q99928,2.629e-212,nontox,nontox
P18597,P50992,1.153e-173,nontox,nontox
P19091,O97952,0.0,nontox,nontox
P19246,P16884,0.0,nontox,nontox
P19313,O19092,3.5530000000000003e-28,nontox,nontox
P19334,P48994,8.588999999999999e-253,nontox,nontox
P19351,Q9XZ71,1.399e-134,nontox,nontox
P19382,O43623,1.8149999999999999e-118,nontox,nontox
P19427,Q01528,1.078e-13,nontox,nontox
P19801,Q9TRC7,0.0,nontox,nontox
P19876,P09341,2.1859999999999997e-37,nontox,nontox
P19973,P33241,2.706e-116,nontox,nontox
P20060,P29416,7.841000000000001e-194,nontox,nontox
P20061,P17630,5.850000000000001e-96,nontox,nontox
P20068,P01156,9.034e-73,nontox,nontox
P20109,P42203,1.848e-49,nontox,nontox
P20151,P07288,2.0169999999999998e-136,nontox,nontox
P20153,O76202,1.255e-124,nontox,nontox
P20228,Q5IS68,2.612e-194,nontox,nontox
P20482,Q61985,2.716e-36,nontox,nontox
P20489,P12371,2.24e-97,nontox,nontox
P20814,P56657,1.178e-273,nontox,nontox
P21283,Q5XIY6,3.898e-204,nontox,nontox
P21452,P79218,1.168e-226,nontox,nontox
P21574,P45441,7.6610000000000005e-168,nontox,nontox
P21583,Q95MD2,4.6849999999999996e-133,nontox,nontox
P21810,Q9IB75,2.0250000000000002e-192,nontox,nontox
P21910,P21619,7.021e-230,nontox,nontox
P21917,Q6TLJ0,3.611e-174,nontox,nontox
P22087,P22232,4.943e-148,nontox,nontox
P22314,P31254,0.0,nontox,nontox
P22449,Q91766,4.724e-253,nontox,nontox
P22457,P98139,1.976e-203,nontox,nontox
P22458,P04004,4.444e-232,nontox,nontox
P22460,P79197,0.0,nontox,nontox
P22464,P20072,1.4319999999999998e-94,nontox,nontox
P22466,P11242,3.5459999999999997e-45,nontox,nontox
P22570,P08165,1.831e-293,nontox,nontox
P22717,O02298,6.402e-130,nontox,nontox
P22724,P49338,7.75e-203,nontox,nontox
P22745,Q5TCS8,8.267,nontox,nontox
P22748,Q95323,4.972e-132,nontox,nontox
P22777,P05121,1.6630000000000002e-199,nontox,nontox
P22808,Q90481,1.619e-37,nontox,nontox
P22897,Q61830,0.0,nontox,nontox
P23257,Q32KM1,3.498e-240,nontox,nontox
P23275,O95371,3.518e-168,nontox,nontox
P23284,Q08E11,7.3989999999999995e-90,nontox,nontox
P23378,Q8CHN6,0.0006168,nontox,nontox
P23415,O93430,9.547999999999999e-249,nontox,nontox
P23471,Q98936,3.281e-297,nontox,nontox
P23475,P12956,0.0,nontox,nontox
P23492,P85973,4.612e-172,nontox,nontox
P23497,Q13342,5.39e-83,nontox,nontox
P23512,Q8AWH1,1.605e-177,nontox,nontox
P23574,Q99928,2.7289999999999998e-204,nontox,nontox
P23640,O00194,1.175e-102,nontox,nontox
P23949,P47974,9.132e-271,nontox,nontox
P23953,P10959,5.262000000000001e-302,nontox,nontox
P24071,P0C191,8.949999999999999e-33,nontox,nontox
P24158,Q61096,3.388e-105,nontox,nontox
P24292,P02029,3.667e-74,nontox,nontox
P24408,Q5R4W9,2.001e-104,nontox,nontox
P24551,P07150,1.954e-188,nontox,nontox
P24592,P24593,8.868000000000001e-32,nontox,nontox
P24781,P79777,3.632e-225,nontox,nontox
P24807,Q07490,2.913e-20,nontox,nontox
P24815,O35469,1.32e-210,nontox,nontox
P24855,Q767J3,1.252e-143,nontox,nontox
P25008,Q4KLA0,7.599e-129,nontox,nontox
P25021,P17124,1.016e-201,nontox,nontox
P25025,P35344,5.824e-183,nontox,nontox
P25063,Q07490,3.454e-06,nontox,nontox
P25089,P25090,4.465e-158,nontox,nontox
P25095,P32303,3.7329999999999997e-141,nontox,nontox
P25140,P51445,8.356e-46,nontox,nontox
P25158,Q24741,1.971e-175,nontox,nontox
P25159,Q3L1C9,7.549e-76,nontox,nontox
P25398,P49196,2.8389999999999996e-44,nontox,nontox
P25815,P50114,5.407e-24,nontox,nontox
P25916,Q8JIR0,1.9880000000000003e-163,nontox,nontox
P26007,P23229,0.0,nontox,nontox
P26369,Q24562,3.192e-183,nontox,nontox
P26373,Q90Z10,2.568e-115,nontox,nontox
P26436,Q06990,3.2639999999999997e-133,nontox,nontox
P26644,Q01339,5.185000000000001e-172,nontox,nontox
P26686,Q13247,2.413e-83,nontox,nontox
P26717,P26715,1.0039999999999999e-112,nontox,nontox
P26896,Q38J84,3.05e-177,nontox,nontox
P26928,P26927,0.0,nontox,nontox
P26952,P26951,7.954e-32,nontox,nontox
P27049,P34743,5.216e-65,nontox,nontox
P27088,P23025,3.163e-120,nontox,nontox
P27169,P52430,4.501e-202,nontox,nontox
P27352,P52787,4.99e-211,nontox,nontox
P27393,P02463,0.0,nontox,nontox
P27463,P24549,9.151e-285,nontox,nontox
P27798,Q7Z1E6,2.6229999999999998e-141,nontox,nontox
P27814,P27811,2.914e-127,nontox,nontox
P27815,P14270,2.0980000000000002e-302,nontox,nontox
P28033,P17676,3.408e-130,nontox,nontox
P28238,P56402,7.378999999999999e-80,nontox,nontox
P28301,P28300,2.365e-237,nontox,nontox
P28324,P19419,8.856e-53,nontox,nontox
P28548,P28021,5.422e-115,nontox,nontox
P28668,Q7SIA2,0.0,nontox,nontox
P28750,Q9WV04,4.503,nontox,nontox
P28827,Q99M80,0.0,nontox,nontox
P28906,Q64314,3.5039999999999997e-127,nontox,nontox
P29172,P57786,1.236e-245,nontox,nontox
P29376,P08923,0.0,nontox,nontox
P29400,Q7SIB2,0.0,nontox,nontox
P29477,Q27995,0.0,nontox,nontox
P29553,P51742,2.692e-134,nontox,nontox
P29595,Q9VJ33,2.8129999999999998e-39,nontox,nontox
P29597,Q9R117,0.0,nontox,nontox
P29625,P80044,9.189e-80,nontox,nontox
P29674,Q90476,2.246e-240,nontox,nontox
P29844,G3I8R9,0.0,nontox,nontox
P30046,A6NHG4,3.211e-56,nontox,nontox
P30052,P48984,4.4719999999999995e-146,nontox,nontox
P30099,P15393,1.2319999999999998e-277,nontox,nontox
P30189,P11387,1.0299999999999999e-249,nontox,nontox
P30203,Q4A3R3,1.133e-59,nontox,nontox
P30348,P10889,1.017e-38,nontox,nontox
P30367,Q04745,5.1899999999999995e-51,nontox,nontox
P30378,P30375,1.32e-209,nontox,nontox
P30515,P16209,2.662e-200,nontox,nontox
P30728,P24628,4.71e-118,nontox,nontox
P30825,P52569,9.044e-236,nontox,nontox
P30882,P50229,7.85e-21,nontox,nontox
P30937,P35346,1.4410000000000001e-98,nontox,nontox
P30974,P30098,7.494e-75,nontox,nontox
P30975,O97512,5.544e-92,nontox,nontox
P30989,P20789,6.784000000000001e-225,nontox,nontox
P31025,P41244,2.0349999999999998e-54,nontox,nontox
P31228,A3KCL7,1.993e-210,nontox,nontox
P31240,P01127,1.455e-124,nontox,nontox
P31249,A1L2P5,6.406999999999999e-171,nontox,nontox
P31258,P31311,3.0030000000000003e-154,nontox,nontox
P31315,P31316,2.751e-56,nontox,nontox
P31324,P00515,4.9069999999999996e-169,nontox,nontox
P31346,Q71MJ0,6.994000000000001e-55,nontox,nontox
P31369,Q9VK71,2.47e-280,nontox,nontox
P31390,P30546,1.016e-229,nontox,nontox
P31637,A8I1B9,1.675e-196,nontox,nontox
P31645,P51905,8.249e-211,nontox,nontox
P31695,Q99466,0.0,nontox,nontox
P31720,P98086,3.113e-131,nontox,nontox
P31725,P50116,4.3480000000000005e-55,nontox,nontox
P31941,Q694B6,6.529e-81,nontox,nontox
P31955,P24338,2.476e-106,nontox,nontox
P31994,P31995,1.3889999999999999e-137,nontox,nontox
P31997,P40199,1.89e-157,nontox,nontox
P32020,P22307,0.0,nontox,nontox
P32089,Q6PGY3,7.283e-163,nontox,nontox
P32120,Q4R562,3.497e-211,nontox,nontox
P32215,P70205,1.3e-322,nontox,nontox
P32233,P32234,9.697e-201,nontox,nontox
P32239,P30796,2.05e-257,nontox,nontox
P32245,P41968,3.313e-111,nontox,nontox
P32246,P56482,1.749e-202,nontox,nontox
P32506,P32507,1.232e-103,nontox,nontox
P32577,P42679,2.3830000000000002e-154,nontox,nontox
P32736,Q98892,2.223e-173,nontox,nontox
P32742,Q6DFJ6,2.481e-18,nontox,nontox
P32744,Q99JD4,2.1400000000000003e-65,nontox,nontox
P32926,Q7YRU7,0.0,nontox,nontox
P33032,P41968,1.1650000000000001e-116,nontox,nontox
P33151,Q6URK6,0.0,nontox,nontox
P33244,P49867,2.46e-189,nontox,nontox
P33573,P14448,5.557e-98,nontox,nontox
P33681,P42070,3.624e-92,nontox,nontox
P34131,P24727,1.397e-57,nontox,nontox
P34183,Q2KI84,1.9310000000000003e-160,nontox,nontox
P34299,Q10914,7.208e-229,nontox,nontox
P34326,P52730,5.799e-34,nontox,nontox
P34540,P17210,3.658e-225,nontox,nontox
P34545,Q95Y80,5.047e-13,nontox,nontox
P34556,P51958,1.324e-133,nontox,nontox
P34560,Q9DCV4,1.8920000000000002e-26,nontox,nontox
P34663,P18488,8.871e-12,nontox,nontox
P34711,O17444,4.98e-156,nontox,nontox
P34713,P06795,1.697e-283,nontox,nontox
P34722,P28867,2.2670000000000003e-212,nontox,nontox
P34808,O61577,4.666e-86,nontox,nontox
P34900,P34741,1.847e-82,nontox,nontox
P34904,Q99928,4.4179999999999997e-203,nontox,nontox
P34927,P02706,6.071e-174,nontox,nontox
P35001,Q6S9D9,1.87e-70,nontox,nontox
P35244,Q9CQ71,5.83e-61,nontox,nontox
P35318,P53366,7.139e-89,nontox,nontox
P35364,P31387,5.418e-155,nontox,nontox
P35368,P25100,3.174e-142,nontox,nontox
P35452,Q90471,1.66e-54,nontox,nontox
P35456,Q9GK78,4.485e-126,nontox,nontox
P35495,P80720,1.193e-32,nontox,nontox
P35569,P35568,0.0,nontox,nontox
P35573,Q1HAQ0,0.7139,nontox,nontox
P35658,Q80U93,0.0,nontox,nontox
P35790,Q01134,1.1619999999999999e-269,nontox,nontox
P35832,Q98936,3.333e-166,nontox,nontox
P35951,P35952,0.0,nontox,nontox
P36188,P05547,2.556e-67,nontox,nontox
P36225,P27816,0.0,nontox,nontox
P36269,Q9QWE9,1.133e-283,nontox,nontox
P36394,Q05738,9.419e-76,nontox,nontox
P36551,Q3B7D0,1.978e-247,nontox,nontox
P36633,Q9TRC7,0.0,nontox,nontox
P36836,P46059,0.0,nontox,nontox
P36888,Q28317,4.742e-140,nontox,nontox
P37089,P37088,0.0,nontox,nontox
P37091,P51170,0.0,nontox,nontox
P37153,P51909,1.197e-105,nontox,nontox
P37217,Q9UHP7,5.86e-30,nontox,nontox
P37235,P61601,1.827e-117,nontox,nontox
P37268,P53798,8.962999999999999e-254,nontox,nontox
P38405,P63091,1.799e-203,nontox,nontox
P38433,Q869C3,1.4360000000000003e-162,nontox,nontox
P38529,Q00613,1.233e-235,nontox,nontox
P38567,P38568,3.229e-316,nontox,nontox
P38570,Q60677,0.0,nontox,nontox
P38649,Q8CFC4,1.8410000000000002e-194,nontox,nontox
P39039,P19999,3.211e-129,nontox,nontox
P39059,O35206,0.0,nontox,nontox
P39060,O35206,7.117e-170,nontox,nontox
P39428,Q13077,2.86e-230,nontox,nontox
P39880,P53564,0.0,nontox,nontox
P39900,P79227,1.926e-234,nontox,nontox
P40148,Q1EG28,1.354e-29,nontox,nontox
P40205,P60330,4.488,nontox,nontox
P40238,Q08351,0.0,nontox,nontox
P40301,Q4R7D9,7.547e-46,nontox,nontox
P40417,P26696,1.111e-194,nontox,nontox
P41043,P46437,1.23e-135,nontox,nontox
P41073,Q9ULV3,0.0003055,nontox,nontox
P41182,Q5ZM39,0.0,nontox,nontox
P41209,Q2TBN3,1.039e-88,nontox,nontox
P41223,P34313,3.4670000000000002e-71,nontox,nontox
P41227,Q9BSU3,3.416e-113,nontox,nontox
P41251,P49279,7.656e-313,nontox,nontox
P41317,P11226,6.479999999999999e-88,nontox,nontox
P41383,Q9JJZ2,7.125e-277,nontox,nontox
P41731,P08962,7.689000000000001e-120,nontox,nontox
P41732,Q32KU6,2.3469999999999998e-93,nontox,nontox
P41738,P35869,0.0,nontox,nontox
P41855,P42565,1.826e-20,nontox,nontox
P41876,P10552,2.3870000000000003e-99,nontox,nontox
P41894,Q15784,8.153e-07,nontox,nontox
P41932,Q20655,2.1679999999999998e-125,nontox,nontox
P42003,Q9I962,4.393e-226,nontox,nontox
P42082,P42081,4.602000000000001e-78,nontox,nontox
P42125,Q64428,6.134e-15,nontox,nontox
P42126,Q64428,7.025e-16,nontox,nontox
P42160,A4PIZ9,9.234e-84,nontox,nontox
P42212,Q9U6Y3,1.156e-20,nontox,nontox
P42568,Q9CR11,6.394e-10,nontox,nontox
P42575,P55215,3.12e-275,nontox,nontox
P42681,P42680,4.341e-198,nontox,nontox
P42702,Q5XNR9,0.0,nontox,nontox
P42830,P82535,5.025e-37,nontox,nontox
P43021,Q96S42,3.8350000000000003e-178,nontox,nontox
P43116,Q9XT82,5.824e-200,nontox,nontox
P43138,A0MTA1,1.54e-138,nontox,nontox
P43246,P54276,7.559e-62,nontox,nontox
P43300,Q05159,1.543e-112,nontox,nontox
P43356,P43365,1.539e-178,nontox,nontox
P43489,P47741,1.089e-98,nontox,nontox
P43631,P43629,1.021e-156,nontox,nontox
P43883,Q4PLW0,1.848e-215,nontox,nontox
P43897,P43896,4.251e-180,nontox,nontox
P45380,P50443,4.699e-202,nontox,nontox
P45895,Q8IZ52,3.949e-54,nontox,nontox
P45953,P49748,0.0,nontox,nontox
P46065,P79880,1.81e-101,nontox,nontox
P46153,P43693,1.646e-166,nontox,nontox
P46158,P80392,3.899e-25,nontox,nontox
P46198,Q91YJ5,0.0,nontox,nontox
P46199,Q91YJ5,0.0,nontox,nontox
Q13515,Q28177,6.919e-217,nontox,nontox
Q13542,O60516,2.053e-29,nontox,nontox
Q13554,Q6DGS3,8.708e-281,nontox,nontox
Q13585,Q28558,3.314e-277,nontox,nontox
Q13591,Q9P283,0.0,nontox,nontox
Q13620,Q3TCH7,0.0,nontox,nontox
Q13683,Q61738,0.0,nontox,nontox
Q13685,Q8N136,2.562e-31,nontox,nontox
Q13686,P0CB42,7.311e-220,nontox,nontox
Q13889,A0PJT0,2.952,nontox,nontox
Q13905,O77086,2.753e-122,nontox,nontox
Q6ZXA0,Q92185,4.253e-158,nontox,nontox
Q6ZXC8,P61646,9.179000000000001e-222,nontox,nontox
Q704S8,P52826,0.0,nontox,nontox
Q70JA7,Q86X52,0.0,nontox,nontox
Q70KY4,A8MYZ6,6.521e-300,nontox,nontox
Q70Z53,Q5FVF1,7.789e-178,nontox,nontox
Q96GN5,Q922M5,1.739e-214,nontox,nontox
Q96GS4,Q3SX20,1.438e-167,nontox,nontox
Q96GX5,B1WAR9,1.926e-261,nontox,nontox
Q96GX9,Q5ZLP2,4.299e-135,nontox,nontox
Q96H96,Q2KIQ4,4.782000000000001e-208,nontox,nontox
Q96HA8,Q1LWX3,2.458e-91,nontox,nontox
Q96HR9,Q32LG5,1.6719999999999998e-94,nontox,nontox
Q96I15,A2VDS1,1.072e-229,nontox,nontox
Q969T9,Q6ICG8,1.9410000000000002e-32,nontox,nontox
Q969U7,Q9EST4,3.4880000000000003e-155,nontox,nontox
Q969V4,Q32KZ9,1.378e-228,nontox,nontox
Q969V5,Q8VCM5,5.013e-211,nontox,nontox
Q96A09,Q5VWP2,8.383e-149,nontox,nontox
Q96A56,Q9QXE4,2.779e-138,nontox,nontox
Q96A83,Q91VF6,5.137999999999999e-240,nontox,nontox
Q96AH8,Q08DE8,3.655e-118,nontox,nontox
Q96B21,Q8VCZ2,8.384e-149,nontox,nontox
Q96NZ8,Q8R0S6,0.0,nontox,nontox
Q96P48,Q8BZ05,4.693e-264,nontox,nontox
Q96P70,Q9VGP4,1.865e-195,nontox,nontox
Q96PG8,Q3U515,0.7497,nontox,nontox
Q96PJ5,Q96P31,2.7759999999999996e-94,nontox,nontox
Q96PN6,Q866F4,0.0,nontox,nontox
Q96PP8,Q5D1D6,1.163e-243,nontox,nontox
Q96PQ0,Q9EPR5,0.0,nontox,nontox
Q96PV4,Q5DTT8,2.429e-146,nontox,nontox
Q96PV7,A7MB40,0.0,nontox,nontox
Q96Q06,Q00G26,7.369e-24,nontox,nontox
Q96Q11,F6NXI9,4.6639999999999996e-195,nontox,nontox
Q96Q35,Q6AY08,3.265e-150,nontox,nontox
Q96QD8,A2VE31,1.0530000000000001e-290,nontox,nontox
Q96RP7,Q9H3Q3,1.71e-75,nontox,nontox
Q96RU2,D3ZJ96,0.0,nontox,nontox
Q96S15,Q5ZMV9,0.0,nontox,nontox
Q96S16,Q6AY40,1.069e-144,nontox,nontox
Q96S53,Q924U5,0.0,nontox,nontox
Q96SB8,Q802R8,5.994e-274,nontox,nontox
Q96ST8,Q9CZX2,7.452e-307,nontox,nontox
Q98SJ5,P81133,0.0,nontox,nontox
Q99323,Q61879,0.0,nontox,nontox
Q99376,Q07891,0.0,nontox,nontox
Q99437,G5EDB8,1.144e-70,nontox,nontox
Q99456,Q64291,9.063e-216,nontox,nontox
Q99469,P97306,9.473e-223,nontox,nontox
Q99471,Q9VCZ8,9.633e-27,nontox,nontox
Q99547,O16207,0.00104,nontox,nontox
Q9VQH2,O61213,0.0,nontox,nontox
Q9VQQ0,Q28717,2.359e-92,nontox,nontox
Q9VR17,Q8SYK5,6.038e-27,nontox,nontox
Q9VRP9,Q5ZLS3,4.851e-206,nontox,nontox
Q9VRQ7,P56282,3.95e-123,nontox,nontox
Q9VRQ9,B7QK46,8.559e-81,nontox,nontox
Q9VS24,Q14D04,1.243e-110,nontox,nontox
Q9VSH2,Q9VM09,1.985e-11,nontox,nontox
Q9VT00,Q5F363,2.073e-111,nontox,nontox
Q9VT41,Q8JGR7,9.839e-159,nontox,nontox
Q9VTM0,Q8TBY8,1.073,nontox,nontox
Q9VTY6,P56616,7.061e-62,nontox,nontox
Q9VU41,F1QN74,9.907000000000001e-71,nontox,nontox
Q9VU77,P0C870,3.211e-81,nontox,nontox
P98199,Q8TF62,0.0,nontox,nontox
P99025,P52019,0.3432,nontox,nontox
Q00888,Q13046,3.1239999999999997e-239,nontox,nontox
Q01966,P51537,3.4699999999999995e-224,nontox,nontox
Q02225,P49140,0.0,nontox,nontox
Q02367,Q29259,2.028e-70,nontox,nontox
Q02589,Q32KR8,1.325e-212,nontox,nontox
Q03044,Q5RCW5,2.793e-144,nontox,nontox
Q03169,Q2M3D2,7.272e-40,nontox,nontox
Q03413,Q14814,2.93e-228,nontox,nontox
Q03601,E7FAM5,8.987e-57,nontox,nontox
Q04451,Q9VUK8,5.512e-313,nontox,nontox
Q04899,Q5RD01,5.594e-275,nontox,nontox
Q04913,P51666,2.2240000000000003e-247,nontox,nontox
Q05090,P46825,3.7609999999999995e-232,nontox,nontox
Q05337,O16118,3.942e-80,nontox,nontox
Q05394,P21462,1.321e-178,nontox,nontox
Q05547,P11612,1.056e-125,nontox,nontox
Q05585,P21757,2.127e-235,nontox,nontox
Q05733,P19113,1.87e-201,nontox,nontox
F6NSX9,A0A0R4IYX6,9.082e-249,nontox,nontox
F7B645,A7MB75,9.001e-139,nontox,nontox
F8J2F5,B5KL41,3.224e-35,nontox,nontox
G3LU44,M5B4R7,6.284e-87,nontox,nontox
G5CTG3,O77750,6.919e-22,nontox,nontox
H2A0L0,H2A0L1,3.2609999999999996e-73,nontox,nontox
H2A0L8,P16621,3.955e-27,nontox,nontox
H2A0N2,H2A0N3,4.845e-41,nontox,nontox
H2A0N7,P86968,1.185e-30,nontox,nontox
I1YAP6,Q9BSJ1,2.981e-107,nontox,nontox
M1E1F1,M1E1F0,4.829e-06,nontox,nontox
M1NRH7,M1MR49,5.967e-83,nontox,nontox
O01454,O16406,5.021e-66,nontox,nontox
O01692,A5PK63,1.322e-47,nontox,nontox
O02639,Q6P5L3,5.982e-74,nontox,nontox
Q6V915,P49894,3.727e-149,nontox,nontox
Q6VY05,Q8IYX4,8.301000000000001e-200,nontox,nontox
Q6W0C5,Q8QZY3,7.187e-14,nontox,nontox
Q96KR4,Q8BMN4,0.0,nontox,nontox
Q96KR6,Q9D8B6,4.7589999999999995e-81,nontox,nontox
Q96KR7,Q6GLU8,5.402e-87,nontox,nontox
Q96LA6,Q96LA5,3.7299999999999996e-137,nontox,nontox
Q96LB4,Q0VCV6,6.951999999999999e-33,nontox,nontox
Q96LB9,A1A547,6.088e-168,nontox,nontox
Q96LI6,Q4G112,9.252e-16,nontox,nontox
Q96LJ7,Q2TPA8,2.832e-14,nontox,nontox
Q96LM6,A5PJD8,3.425e-90,nontox,nontox
Q96LT4,Q9VS60,1.3819999999999999e-118,nontox,nontox
Q96M27,Q5F3I0,4.518e-193,nontox,nontox
Q96MM3,P22227,3.145e-89,nontox,nontox
Q96MT7,E9Q5M6,0.0,nontox,nontox
Q96BN8,O95373,0.6607,nontox,nontox
Q96BR1,Q9HBY8,2.457e-163,nontox,nontox
Q96CD2,Q8BZB2,3.374e-118,nontox,nontox
Q96D15,Q15293,2.236e-111,nontox,nontox
Q96DH6,O43347,3.143e-153,nontox,nontox
Q96DN0,P09102,8.28e-32,nontox,nontox
Q96DP5,Q5I0C5,7.198e-207,nontox,nontox
Q96DR7,Q5VV41,5.23e-152,nontox,nontox
Q96DT7,Q9WTY8,0.0,nontox,nontox
Q96DU3,Q9ET39,5.849999999999999e-60,nontox,nontox
Q96DZ1,Q8K2C7,1.071e-18,nontox,nontox
Q96ED9,Q7TMK6,0.0,nontox,nontox
Q96EG1,P15289,4.011e-77,nontox,nontox
Q96EG3,Q6ZNH5,1.24e-114,nontox,nontox
Q96EY4,Q3T071,6.033e-108,nontox,nontox
Q96F45,Q05AQ8,9.24e-206,nontox,nontox
Q96F46,Q9NRM6,1.072e-35,nontox,nontox
Q96FF9,Q563C3,3.0979999999999995e-22,nontox,nontox
Q95168,Q9UDY2,0.0,nontox,nontox
Q95241,Q06335,2.913e-182,nontox,nontox
Q95328,Q9GMC8,1.702e-278,nontox,nontox
Q95333,O43895,0.0,nontox,nontox
Q95JC7,O19105,2.061e-288,nontox,nontox
Q95JC9,Q16378,52.94,nontox,nontox
Q95JH5,Q95JH6,7.113e-183,nontox,nontox
Q95KV1,Q5ZJB4,0.0,nontox,nontox
Q95L14,A0SYQ0,1.244e-86,nontox,nontox
Q95L74,Q9HBY0,9.173e-227,nontox,nontox
Q95M17,Q9BZP6,1.165e-259,nontox,nontox
Q95QC4,O15075,3.831e-130,nontox,nontox
Q95QZ9,Q8TAT6,2.2030000000000002e-144,nontox,nontox
Q92738,Q80XC3,0.0,nontox,nontox
Q92805,Q9CW79,0.0,nontox,nontox
Q92876,Q9UKR3,1.788e-74,nontox,nontox
Q92886,P70595,1.583e-127,nontox,nontox
Q92917,Q56A08,2.643e-221,nontox,nontox
Q92935,Q9JKV7,0.0,nontox,nontox
Q92956,Q80WM9,5.189e-62,nontox,nontox
Q9UNE0,Q9JLL3,9.528e-12,nontox,nontox
Q9UNE2,Q58D79,1.8500000000000002e-160,nontox,nontox
Q9UNG2,Q9I8D8,0.0001278,nontox,nontox
Q9UNM6,B4P6M6,8.232e-08,nontox,nontox
Q9UNP9,Q9V3G3,9.737e-132,nontox,nontox
Q9UP65,Q50L41,1.064e-60,nontox,nontox
Q9UPR5,P57103,0.0,nontox,nontox
Q9UPW8,Q9Z1N9,0.0,nontox,nontox
Q9UPX8,Q9QX74,0.0,nontox,nontox
Q9UPZ3,P59438,0.0,nontox,nontox
Q9UQ90,Q9Y4W6,9.311e-161,nontox,nontox
Q9V3H2,Q9XZ58,1.559e-38,nontox,nontox
Q9V3I2,Q58DS9,1.931e-95,nontox,nontox
Q9V3P0,P0CB50,1.6839999999999998e-89,nontox,nontox
Q9V3R8,E7FB98,1.107e-96,nontox,nontox
Q9V3T9,P82861,2.234e-124,nontox,nontox
Q9V3Z2,F5HKX0,3.19e-104,nontox,nontox
Q9V463,Q99P88,5.757000000000001e-230,nontox,nontox
Q9V464,Q9CQE6,1.556e-77,nontox,nontox
Q9V466,P57740,1.4729999999999999e-140,nontox,nontox
Q9V4K2,Q9VM08,1.109e-08,nontox,nontox
Q9V4P1,Q8K298,2.6449999999999997e-68,nontox,nontox
Q9V4X2,Q765P3,9.345999999999999e-45,nontox,nontox
Q9V5M3,P42284,1.132e-265,nontox,nontox
Q9V5M6,Q867Z4,2.524e-265,nontox,nontox
Q9V637,Q8BHL8,1.47e-17,nontox,nontox
Q9V674,Q9V675,1.019e-153,nontox,nontox
Q9UBU8,A5A6J5,8.331e-126,nontox,nontox
Q9UBW5,Q68FR2,2.853e-182,nontox,nontox
Q9UBX2,O43812,3.984e-78,nontox,nontox
Q9UEF7,O35082,0.0,nontox,nontox
Q9UEG4,Q6A085,0.0,nontox,nontox
Q9UGK8,Q80YD6,4.476e-228,nontox,nontox
Q9UGM5,Q9QXC1,1.973e-145,nontox,nontox
Q9UH17,Q96AK3,3.505e-143,nontox,nontox
P34631,Q8VCH8,1.272e-25,nontox,nontox
P34751,P14173,2.253e-106,nontox,nontox
P35037,P35035,1.519e-132,nontox,nontox
P35040,P35039,4.0470000000000004e-131,nontox,nontox
P35496,P26776,5.5680000000000005e-28,nontox,nontox
P35720,Q99643,3.47e-99,nontox,nontox
P36200,P53412,1.44e-236,nontox,nontox
P36366,P17635,3.028e-316,nontox,nontox
P36958,P36954,2.311e-64,nontox,nontox
P37709,Q07283,2.157e-242,nontox,nontox
P40304,Q9IB83,1.1460000000000001e-76,nontox,nontox
P41094,Q962R1,2.6859999999999996e-88,nontox,nontox
P19000,Q9I837,9.748000000000002e-72,nontox,nontox
P19014,B3EWC9,7.529e-77,nontox,nontox
P19034,P18658,1.5249999999999999e-33,nontox,nontox
P19035,P02656,1.904e-24,nontox,nontox
P19223,P15086,9.935e-218,nontox,nontox
P19225,P00182,2.94e-232,nontox,nontox
P19644,Q8SPN4,2.244e-78,nontox,nontox
P19708,P35541,9.738e-58,nontox,nontox
P19782,P19757,1.199e-29,nontox,nontox
P19789,P01989,2.142e-81,nontox,nontox
P19802,P41870,1.391e-51,nontox,nontox
P19831,P08260,1.35e-76,nontox,nontox
P20028,O54888,3.914e-298,nontox,nontox
P20247,P56692,3.367e-41,nontox,nontox
Q66H89,P14105,1.397e-05,nontox,nontox
Q66I61,Q6P338,1.3429999999999998e-125,nontox,nontox
Q66I75,C1BJB1,1.196e-132,nontox,nontox
Q66IH9,Q6DCD7,5.447999999999999e-306,nontox,nontox
Q66IJ4,Q5F380,7.245e-147,nontox,nontox
Q66IW8,A4QNR3,9.645000000000001e-194,nontox,nontox
Q66IZ5,Q5EAE2,6.571000000000001e-247,nontox,nontox
Q66JF1,P40650,3.3519999999999997e-202,nontox,nontox
Q66JF2,Q6PFS5,2.764e-111,nontox,nontox
Q66JG2,Q5HZ92,3.423e-126,nontox,nontox
Q66JL0,Q5ZMC9,9.858e-130,nontox,nontox
Q66K94,A6QLK2,3.164e-88,nontox,nontox
Q66KB9,Q9CWG9,1.152e-61,nontox,nontox
Q66KE8,A2IDD5,3.929e-28,nontox,nontox
Q66KL4,P09534,3.446e-126,nontox,nontox
Q66KT3,Q5ZIP3,1.152e-135,nontox,nontox
Q67ET0,Q9JKT3,1.329e-165,nontox,nontox
Q689Z7,Q9GMY3,2.0169999999999998e-175,nontox,nontox
Q68A91,Q9JIL2,3.186e-35,nontox,nontox
Q9U518,Q86U10,2.001e-134,nontox,nontox
Q9U8B8,P00377,6.512000000000001e-42,nontox,nontox
Q9UC06,Q8TAQ5,4.6540000000000003e-147,nontox,nontox
Q9UKQ9,Q9UBX7,6.362e-92,nontox,nontox
Q9ULL1,Q4VAC9,1.6179999999999999e-133,nontox,nontox
Q9V3D2,P36552,3.96e-147,nontox,nontox
Q9V3J3,Q80YG3,0.2934,nontox,nontox
Q9V557,Q9V559,2.9979999999999997e-228,nontox,nontox
Q9V5L3,Q9V6D6,1e-139,nontox,nontox
Q9V726,Q9XYZ5,7.543e-10,nontox,nontox
Q9V769,Q9VB31,4.582e-153,nontox,nontox
Q9V831,Q9UM13,1.2560000000000001e-69,nontox,nontox
P49221,Q99041,5.346e-239,nontox,nontox
P49328,Q9EQ76,1.612e-311,nontox,nontox
P49336,Q9BWU1,1.058e-252,nontox,nontox
P49429,Q5EA20,3.923e-244,nontox,nontox
P49455,P06754,1.5369999999999999e-139,nontox,nontox
P49639,Q98SI1,6.409e-101,nontox,nontox
P49641,Q8BRK9,0.0,nontox,nontox
P49654,F8W463,2.5129999999999998e-107,nontox,nontox
P49708,Q9YGB9,3.1840000000000003e-55,nontox,nontox
P49717,Q26454,0.0,nontox,nontox
P49773,Q8SQ21,1.204e-48,nontox,nontox
P49789,Q1KZG4,2.197e-85,nontox,nontox
P49796,P49797,0.0,nontox,nontox
P49842,Q4R3D6,2.231,nontox,nontox
P49858,Q5BIN6,2.068e-62,nontox,nontox
P49898,P49899,4.2249999999999996e-135,nontox,nontox
P49914,Q9D110,2.342e-108,nontox,nontox
P49919,P49918,6.671e-82,nontox,nontox
P49961,O18956,1.289e-249,nontox,nontox
P50053,P97328,9.359999999999999e-175,nontox,nontox
P50170,O54909,2.733e-176,nontox,nontox
P50221,P32442,6.501e-127,nontox,nontox
P50247,P51893,2.2999999999999998e-262,nontox,nontox
P50280,Q10738,8.868e-150,nontox,nontox
P50282,P41245,0.0,nontox,nontox
P50309,P06745,0.0,nontox,nontox
P50441,Q9I9K9,1.483e-265,nontox,nontox
P50574,Q98876,7.505e-105,nontox,nontox
P50596,P50595,5.028e-74,nontox,nontox
P50637,E2RDM9,2.305e-35,nontox,nontox
P50747,Q9UBU7,1.235,nontox,nontox
P50748,Q20849,3.146e-23,nontox,nontox
P50750,Q6GLD8,4.937999999999999e-224,nontox,nontox
P51030,P28026,8.969e-192,nontox,nontox
P51126,Q90966,1.1479999999999999e-262,nontox,nontox
P51156,Q29RR0,1.089e-143,nontox,nontox
P51168,O97742,0.0,nontox,nontox
P51176,P21980,0.0,nontox,nontox
P51398,O75448,1.03,nontox,nontox
P51435,O35734,1.2870000000000001e-123,nontox,nontox
P51460,O97937,8.125e-63,nontox,nontox
P51475,P51476,6.9679999999999994e-189,nontox,nontox
P51485,P29066,8.275e-133,nontox,nontox
P51553,Q8BPC6,2.039e-164,nontox,nontox
P51557,O46689,1.1190000000000001e-163,nontox,nontox
P51661,P80365,6.235e-223,nontox,nontox
P51664,Q8SPZ3,3.433e-222,nontox,nontox
P51671,P80075,5.2440000000000005e-28,nontox,nontox
P51675,P56482,3.7340000000000003e-168,nontox,nontox
P51682,Q2HJ17,2.8159999999999997e-188,nontox,nontox
P51795,P51790,0.0,nontox,nontox
P51827,P51816,3.553e-178,nontox,nontox
P51828,Q29450,0.0,nontox,nontox
P51865,Q9I8Q3,9.367e-30,nontox,nontox
P51908,Q9EQP0,6.448999999999999e-139,nontox,nontox
P51911,Q3SYU6,2.0730000000000003e-115,nontox,nontox
P51954,Q96PY6,0.0,nontox,nontox
P51960,P52550,0.0,nontox,nontox
P51972,A0A411EZW9,2.187e-70,nontox,Phospholipase family
P52187,F1NHE9,1.244e-242,nontox,nontox
P52194,E2RA18,0.0,nontox,nontox
P52482,Q969T4,2.757e-98,nontox,nontox
P52597,P31943,7.78e-215,nontox,nontox
P52624,Q16831,5.859e-164,nontox,nontox
P52758,P52760,1.889e-68,nontox,nontox
P52815,Q7YR75,1.1160000000000001e-96,nontox,nontox
P52824,D3ZEY4,0.0,nontox,nontox
P52954,Q0P4H6,2.3899999999999998e-114,nontox,nontox
P53034,P53033,3.5270000000000005e-156,nontox,nontox
P53784,P48433,6.224e-127,nontox,nontox
P53791,P13866,0.0,nontox,nontox
P54108,P16562,5.29e-112,nontox,nontox
P54136,Q5ZM11,0.0,nontox,nontox
P54191,Q8SY61,2.93e-08,nontox,nontox
P54252,O35815,1.212e-189,nontox,nontox
P54290,Q9NY47,0.0,nontox,nontox
P54296,Q02173,0.0,nontox,nontox
P54311,Q9HAV0,2.5439999999999998e-213,nontox,nontox
P54315,P06857,6.496e-277,nontox,nontox
P54317,P54318,1.0019999999999999e-257,nontox,nontox
P54367,P67962,1.212e-168,nontox,nontox
P54631,P27091,5.483e-58,nontox,nontox
P54688,P24288,1.263e-123,nontox,nontox
P54748,Q08499,2.4490000000000004e-302,nontox,nontox
P54756,O42422,0.0,nontox,nontox
P54761,O73878,0.0,nontox,nontox
P54777,Q13608,0.0,nontox,nontox
P54851,Q2NKU9,2.194e-85,nontox,nontox
P54869,P54868,2.693e-305,nontox,nontox
P54922,Q32KR8,1.027e-215,nontox,nontox
P55009,P55008,8.376e-79,nontox,nontox
P55013,P55011,0.0,nontox,nontox
P55058,P17453,7.74e-49,nontox,nontox
P55060,Q6GMY9,0.0,nontox,nontox
P55065,A0A481NSZ4,6.791e-45,nontox,nontox
P55107,P55108,1.3649999999999999e-257,nontox,nontox
P55146,Q06418,0.0,nontox,nontox
P55194,Q6ZT62,1.4349999999999999e-279,nontox,nontox
P55291,P33146,0.0,nontox,nontox
P55314,Q8BH35,0.0,nontox,nontox
P55957,Q4JHS0,1.677e-72,nontox,nontox
P56199,P17301,1.99e-260,nontox,nontox
P56224,P79746,3.9000000000000004e-122,nontox,nontox
P56279,P56278,7.691e-22,nontox,nontox
P56280,Q60945,1.0029999999999999e-23,nontox,nontox
P56378,P14790,4.081e-27,nontox,nontox
P56385,P12633,2.5640000000000003e-30,nontox,nontox
P56405,P34080,7.5710000000000005e-28,nontox,nontox
P56477,Q13568,1.4459999999999998e-291,nontox,nontox
P56634,O97396,2.1759999999999998e-215,nontox,nontox
P56645,Q8CJE2,0.0,nontox,nontox
P56704,Q2LMP1,7.284e-217,nontox,nontox
P56716,P56715,0.0,nontox,nontox
P56880,O95471,3.21e-37,nontox,nontox
P57054,Q92834,7.468,nontox,nontox
P57057,Q8R070,2.65e-306,nontox,nontox
P57094,O42400,0.0,nontox,nontox
P57104,Q14CH1,3.855,nontox,nontox
P57735,O01803,7.502e-76,nontox,nontox
P58355,Q4LE88,1.702e-287,nontox,nontox
P58428,Q9DBM0,0.0,nontox,nontox
P58959,P58958,1.404e-91,nontox,nontox
P59017,Q6AYK4,8.834e-05,nontox,nontox
P59047,Q647I9,0.0,nontox,nontox
P59693,P23563,4.773000000000001e-124,nontox,nontox
P59901,Q6PI73,7.141e-209,nontox,nontox
P59990,P60328,9.875e-45,nontox,nontox
P60059,Q19967,7.459e-32,nontox,nontox
P60335,Q15366,6.522e-186,nontox,nontox
P60409,P60371,1.8539999999999999e-202,nontox,nontox
P60411,P60370,1.041e-139,nontox,nontox
P60924,Q6IND7,1.861e-11,nontox,nontox
P61020,P35278,6.394e-116,nontox,nontox
P61158,P32392,9.272e-241,nontox,nontox
P61292,P11612,3.1110000000000003e-128,nontox,nontox
P61970,O42242,3.823e-74,nontox,nontox
P61981,P68509,1.738e-133,nontox,nontox
P62024,Q6GLU8,4.8999999999999996e-232,nontox,nontox
P62256,P52478,2.493e-22,nontox,nontox
P62333,O17071,3.3380000000000004e-212,nontox,nontox
P62490,O01803,3.887e-107,nontox,nontox
P62631,Q9YIC0,9.36e-265,nontox,nontox
P62745,P01122,2.888e-107,nontox,nontox
P62760,Q8BGZ1,2.936e-113,nontox,nontox
P62875,O94988,1.711,nontox,nontox
P63161,Q9XSP1,1.074e-05,nontox,nontox
P63173,O17570,6.976e-30,nontox,nontox
P63272,A3KGB4,3.924,nontox,nontox
P63279,Q95017,2.162e-86,nontox,nontox
P63292,P09916,2.4979999999999998e-23,nontox,nontox
P63320,P48555,4.833e-91,nontox,nontox
P67936,Q63610,3.966e-102,nontox,nontox
P70057,Q9TTJ7,4.565e-296,nontox,nontox
P70083,P13585,0.0,nontox,nontox
P70120,Q9Y543,1.257e-13,nontox,nontox
P70191,O00463,7.978e-312,nontox,nontox
P70193,Q6UXM1,0.0,nontox,nontox
P70208,B0S5N4,0.0,nontox,nontox
P70218,Q92918,0.0,nontox,nontox
P70248,O00160,0.0,nontox,nontox
P70277,Q92184,2.9969999999999997e-136,nontox,nontox
P70324,Q9IBC8,1.9909999999999998e-198,nontox,nontox
P70348,Q9Z288,2.249e-276,nontox,nontox
P70390,Q06453,2.049e-19,nontox,nontox
P70412,Q86UP6,3.962e-291,nontox,nontox
P70553,P49279,2.715e-280,nontox,nontox
P70581,Q9VDV3,1.603e-31,nontox,nontox
P70628,Q80XH2,0.0,nontox,nontox
P70701,O00744,2.7850000000000003e-162,nontox,nontox
P78330,Q9VSY6,7.18e-64,nontox,nontox
P78345,Q32LC1,2.416e-126,nontox,nontox
P78358,O75638,1.8530000000000002e-57,nontox,nontox
P78383,Q8AWB6,6.633e-186,nontox,nontox
P78552,Q95LF0,1.358e-24,nontox,nontox
P78556,O89093,5.0110000000000006e-26,nontox,nontox
P79134,P51901,0.0,nontox,nontox
P79143,P79171,0.0,nontox,nontox
P79274,P51174,1.388e-261,nontox,nontox
P79345,O97763,5.042000000000001e-72,nontox,nontox
P79483,P13762,1.813e-135,nontox,nontox
P79621,P33076,0.0,nontox,nontox
P79745,P79746,2.123e-129,nontox,nontox
P79762,P42098,2.515e-117,nontox,nontox
P80098,P28292,1.0040000000000001e-26,nontox,nontox
P80219,P80931,2.4459999999999998e-133,nontox,nontox
P80221,P22952,7.15e-38,nontox,nontox
P80299,P34913,1.601e-285,nontox,nontox
P80310,P79105,1.285e-42,nontox,nontox
P80325,P48298,2.41e-23,nontox,nontox
P80370,O70534,8.026e-225,nontox,nontox
P80457,P47989,0.0,nontox,nontox
P80508,Q5REQ0,3.878e-180,nontox,nontox
P80748,A0A075B6K5,1.222e-53,nontox,nontox
P80888,P04254,0.0,nontox,nontox
P81018,Q02988,6.087000000000001e-31,nontox,nontox
P81277,Q8WN12,6.008e-28,nontox,nontox
P81299,Q9UNH5,8.499000000000001e-106,nontox,nontox
P81910,P81909,2.937e-207,nontox,nontox
P82094,B9EKI3,0.0,nontox,nontox
P82987,Q8N6G6,0.0,nontox,nontox
P83369,Q8BUV6,1.134e-192,nontox,nontox
P83623,K7N5M5,3.329e-75,nontox,nontox
P83731,Q8JGR4,6.885e-82,nontox,nontox
P83953,O35345,1.642e-283,nontox,nontox
P84996,Q6R0H6,2.375e-135,nontox,nontox
P85083,P83270,2.1159999999999998e-73,nontox,nontox
P85120,A6NC98,6.385e-84,nontox,nontox
P86100,W0HFN9,4.3729999999999995e-186,nontox,nontox
P86313,P02821,4.1090000000000003e-25,nontox,nontox
P86383,Q8IU26,1.097e-56,nontox,nontox
P87355,O00746,7.62e-68,nontox,nontox
P90897,Q3MSQ8,1.847e-55,nontox,nontox
P90925,P04176,3.9270000000000003e-162,nontox,nontox
P90947,P35220,9.742e-194,nontox,nontox
P91349,Q86V48,1.577e-05,nontox,nontox
P91859,Q8C052,0.002703,nontox,nontox
P91870,P35220,7.468,nontox,nontox
P91926,P17427,0.0,nontox,nontox
P91953,P22757,1.052e-255,nontox,nontox
P92186,P91599,1.2760000000000001e-123,nontox,nontox
P92189,Q5FWE3,12.69,nontox,nontox
P97321,P22411,1.126e-274,nontox,nontox
P97334,Q90788,4.443e-61,nontox,nontox
P97358,Q4R657,4.119e-299,nontox,nontox
P97489,Q3SZJ5,5.187e-200,nontox,nontox
P97536,O75155,0.0,nontox,nontox
P97546,P17790,2.847e-91,nontox,nontox
P97571,P00789,0.0,nontox,nontox
P97679,P40692,0.0,nontox,nontox
P97691,Q08050,0.0,nontox,nontox
P97694,O43739,4.203e-223,nontox,nontox
P97714,P23944,2.904e-300,nontox,nontox
P97794,Q14654,1.4409999999999997e-169,nontox,nontox
P97846,Q9UHC6,0.0,nontox,nontox
P97875,P48755,3.205e-14,nontox,nontox
P97931,P13051,5.803e-176,nontox,nontox
P98072,P98073,0.0,nontox,nontox
P98074,P98073,0.0,nontox,nontox
P98078,P97318,9.467e-65,nontox,nontox
P98107,Q95LG1,1.6829999999999998e-220,nontox,nontox
P98149,P15330,1.422e-79,nontox,nontox
P98152,Q04206,3.559e-155,nontox,nontox
P99028,Q5BKJ4,2.669,nontox,nontox
Q00589,P31650,3.266e-248,nontox,nontox
Q00805,P0DQA2,0.119,nontox,Scoloptoxin family
Q00973,Q10468,1.031e-306,nontox,nontox
Q00994,Q9WTZ9,2.512e-64,nontox,nontox
Q01107,Q08554,0.0,nontox,nontox
Q01151,Q9Y279,0.4151,nontox,nontox
Q01604,Q6RI85,2.131e-183,nontox,nontox
Q01721,P54826,3.945e-166,nontox,nontox
Q01795,Q92020,1.1250000000000001e-108,nontox,nontox
Q01826,Q8VI24,3.055e-262,nontox,nontox
Q01842,Q9Y603,5.9500000000000004e-21,nontox,nontox
Q02067,Q90259,3.388e-92,nontox,nontox
Q02241,E9Q5G3,0.0,nontox,nontox
Q02242,Q15116,2.0359999999999998e-103,nontox,nontox
Q02297,Q6DR98,0.0,nontox,nontox
Q02318,P17177,1.256e-293,nontox,nontox
Q02330,Q9I962,1.788e-134,nontox,nontox
Q02337,Q02338,2.3360000000000002e-194,nontox,nontox
Q02427,P84103,2.373e-33,nontox,nontox
Q02539,P43275,4.4559999999999996e-73,nontox,nontox
Q02643,P34999,2.063e-253,nontox,nontox
Q02734,Q9UNP4,6.298e-68,nontox,nontox
Q02759,Q5RBE8,0.0,nontox,nontox
Q03157,P51693,0.0,nontox,nontox
Q03351,Q91044,0.0,nontox,nontox
Q03412,O61715,3.195e-99,nontox,nontox
Q03427,P08928,6.341e-169,nontox,nontox
Q03468,P0DP91,3.46e-272,nontox,nontox
Q03563,O54781,8.988e-150,nontox,nontox
Q04519,Q0VD19,0.0,nontox,nontox
Q04652,Q70JS2,0.0,nontox,nontox
Q04671,Q8MIQ9,0.0,nontox,nontox
Q04692,Q5FWR0,0.0,nontox,nontox
Q04743,Q6GLB9,9.256e-96,nontox,nontox
Q04861,P19838,0.0,nontox,nontox
Q04863,Q01201,0.0,nontox,nontox
Q04890,P40650,6.715e-55,nontox,nontox
Q05017,Q6P1J6,0.0,nontox,nontox
Q05062,Q03206,2.757e-89,nontox,nontox
Q05063,P33072,4.571e-191,nontox,nontox
Q05078,P14745,9.812e-182,nontox,nontox
Q05511,P05981,5.973e-260,nontox,nontox
Q05516,Q802Y8,0.0,nontox,nontox
Q05707,P32018,0.0,nontox,nontox
Q05823,Q05921,2.9029999999999998e-297,nontox,nontox
Q05917,P19622,1.841e-111,nontox,nontox
Q05927,P21588,0.0,nontox,nontox
Q059U7,Q9VPH0,2.695e-32,nontox,nontox
Q059Y8,Q5T197,0.0,nontox,nontox
Q05A80,Q14444,1.853e-68,nontox,nontox
Q05BQ5,Q6DIN3,0.0,nontox,nontox
Q06154,P40967,3.6e-322,nontox,nontox
Q06481,Q06335,0.0,nontox,nontox
Q06495,Q06496,0.0,nontox,nontox
Q06725,Q90733,1.4519999999999999e-235,nontox,nontox
Q06945,Q06831,1.241e-205,nontox,nontox
Q07231,Q1LZ87,1.294e-115,nontox,nontox
Q07292,P34908,1.7629999999999997e-133,nontox,nontox
Q07343,Q01063,0.0,nontox,nontox
Q07998,P79777,5.3719999999999996e-170,nontox,nontox
Q08169,P49371,8.358e-121,nontox,nontox
Q08334,Q61190,2.517e-148,nontox,nontox
Q08379,Q62839,0.0,nontox,nontox
Q08431,P79385,7.155e-161,nontox,nontox
Q08477,Q9HBI6,1.709e-298,nontox,nontox
Q08495,O14639,2.9519999999999997e-81,nontox,nontox
Q08708,Q9UGN4,5.228e-67,nontox,nontox
Q08874,Q64092,1.321e-124,nontox,nontox
Q08879,P23142,0.0,nontox,nontox
Q08AE8,Q1LYM3,3.5119999999999996e-266,nontox,nontox
Q08DQ0,Q9CQ73,6.206e-80,nontox,nontox
Q08ET2,Q9NYZ4,1.73e-104,nontox,nontox
Q09013,P54265,0.0,nontox,nontox
Q09024,G5ECB1,2.675e-17,nontox,nontox
Q09103,Q13574,2.057e-198,nontox,nontox
Q09143,P52569,8.302e-232,nontox,nontox
Q09232,Q9U6B8,3.065e-35,nontox,nontox
Q09306,P50586,1.834e-97,nontox,nontox
Q09324,Q02742,2.297e-251,nontox,nontox
Q09332,Q6P5E4,0.0,nontox,nontox
Q09373,Q12834,1.251e-41,nontox,nontox
Q09437,P24788,3.53e-135,nontox,nontox
Q09488,P36894,2.051e-76,nontox,nontox
Q09591,P50533,3.9789999999999995e-164,nontox,nontox
Q09601,Q6P6X9,1.375e-14,nontox,nontox
Q0E671,Q90WG6,1.911e-191,nontox,nontox
Q0E9H9,Q9VS29,0.0,nontox,nontox
Q0G819,P20651,1.8739999999999998e-248,nontox,nontox
Q0GC71,Q6T752,0.0,nontox,nontox
Q0KHU5,Q3TFD2,4.392e-101,nontox,nontox
Q0VCL3,Q6GQE7,7.087e-184,nontox,nontox
Q0VD50,Q9HAN9,9.994e-161,nontox,nontox
Q0ZGT2,Q9Z2J4,0.0,nontox,nontox
Q10038,Q13202,1.953e-64,nontox,nontox
Q10570,Q9XYZ5,6.51e-14,nontox,nontox
Q10574,Q92858,5.068e-16,nontox,nontox
Q10651,Q06BR2,4.082e-61,nontox,nontox
Q10658,Q90Z08,5.849e-74,nontox,nontox
Q10991,P25975,1.949e-139,nontox,nontox
Q11002,Q9VT65,0.0,nontox,nontox
Q11176,Q5RKI0,1.117e-141,nontox,nontox
Q11193,Q9UHJ3,0.0003596,nontox,nontox
Q12768,Q6DIP9,0.0,nontox,nontox
Q12794,Q6RHW4,3.308e-242,nontox,nontox
Q12815,B7ZNG4,3.339e-212,nontox,nontox
Q12864,Q9R100,0.0,nontox,nontox
Q12872,D3ZTQ1,0.0,nontox,nontox
Q12884,P22411,1.636e-272,nontox,nontox
Q12918,Q5NKN4,3.828e-64,nontox,nontox
Q12947,Q61080,1.0410000000000001e-108,nontox,nontox
Q12951,Q7ZYQ0,9.265e-170,nontox,nontox
Q9UJX0,Q8VC10,1.172e-263,nontox,nontox
Q9UK53,Q9QXV3,1.879e-127,nontox,nontox
Q9UKA4,Q62924,0.0,nontox,nontox
P31407,P21281,2.023e-287,nontox,nontox
P31533,P09015,5.68e-103,nontox,nontox
P31670,P30112,3.3740000000000005e-131,nontox,nontox
P32027,Q9DE24,5.5190000000000004e-64,nontox,nontox
P32261,P32262,6.149000000000001e-250,nontox,nontox
P32847,Q5RD44,4.888e-278,nontox,nontox
P33270,Q27593,1.8070000000000001e-183,nontox,nontox
P34060,P12979,5.212e-89,nontox,nontox
P34207,P21702,3.126e-105,nontox,nontox
P34418,O75132,0.1057,nontox,nontox
Q6P1V8,Q28CM3,0.0,nontox,nontox
Q6P268,Q8BVF2,1.593e-113,nontox,nontox
Q6P3A8,O44451,1.1069999999999999e-51,nontox,nontox
Q6P3Z3,Q8WY91,8.254e-301,nontox,nontox
Q6P4D5,Q6NZE7,2.355e-12,nontox,nontox
Q6P582,A5PJV8,3.893e-72,nontox,nontox
Q6P6I6,P0CAP2,3.649e-144,nontox,nontox
Q6P7N4,Q6IND6,3.275e-205,nontox,nontox
Q6P9G4,Q8C4Q9,2.125e-54,nontox,nontox
Q6P9Q4,Q2V2M9,1.3e-276,nontox,nontox
Q6PAJ3,Q75VX8,0.0,nontox,nontox
Q6PAL7,Q32N93,0.3268,nontox,nontox
Q9VVE5,O43347,5.896000000000001e-102,nontox,nontox
Q9VVH3,Q5NC83,0.9503,nontox,nontox
Q9VVI1,Q9NQ29,5.266e-100,nontox,nontox
Q9VW27,Q91YA2,0.07687,nontox,nontox
Q9VWB1,Q8CCA0,2.2889999999999997e-90,nontox,nontox
Q9VWD6,Q32LQ3,6.428e-89,nontox,nontox
Q9VX12,Q9CZV5,0.05469,nontox,nontox
Q9VXG4,P20072,1.024e-93,nontox,nontox
Q9VYQ7,P29981,2.373e-63,nontox,nontox
Q9VZ08,Q6PAR5,9.566000000000001e-79,nontox,nontox
Q9W1N6,Q9W1N5,9.234e-08,nontox,nontox
Q9W1X8,G5EER4,1.797e-122,nontox,nontox
Q9W2W5,P21520,0.6063,nontox,nontox
Q9W4J9,G5EEV9,3.228,nontox,nontox
Q9W5R8,Q1HQU2,1.249e-157,nontox,nontox
Q9W644,Q6B6N4,2.489e-160,nontox,nontox
Q9W676,Q6NVL6,1.1660000000000002e-184,nontox,nontox
Q9W683,O42430,4.345e-307,nontox,nontox
Q9W6K2,Q9UQ84,3.5579999999999997e-228,nontox,nontox
Q23529,Q9UJC3,8.42e-14,nontox,nontox
Q23533,Q5ZLL7,2.182e-22,nontox,nontox
Q23794,Q9NTI5,261.8,nontox,nontox
Q23978,Q17R14,0.0,nontox,nontox
Q24025,O57472,7.262e-100,nontox,nontox
Q24049,Q8QGQ8,2.224,nontox,nontox
Q24119,Q8IXF0,3.9700000000000003e-116,nontox,nontox
Q24151,P52633,4.382e-77,nontox,nontox
Q24157,Q6ZMB0,3.5240000000000004e-36,nontox,nontox
Q24207,Q20870,6.528e-19,nontox,nontox
Q24251,P13620,3.307e-35,nontox,nontox
Q24255,P22544,1.327e-216,nontox,nontox
Q24256,P22544,4.124e-60,nontox,nontox
Q24323,Q9XZC8,1e-323,nontox,nontox
Q24324,Q05116,1.4180000000000002e-156,nontox,nontox
Q24368,Q91ZW3,0.0,nontox,nontox
Q24434,P24462,1.724,nontox,nontox
Q24472,Q64701,6.958e-105,nontox,nontox
Q24533,Q9Y651,7.438999999999999e-39,nontox,nontox
Q24546,Q64332,4.29e-100,nontox,nontox
Q24563,P25100,1.3e-67,nontox,nontox
Q26609,P05708,2.002e-117,nontox,nontox
Q27355,Q6A085,0.0002435,nontox,nontox
Q27487,P90682,1.839e-235,nontox,nontox
Q27591,P18084,1.117e-117,nontox,nontox
Q27601,Q8CIH9,5.153e-204,nontox,nontox
Q27607,P54098,1.664e-291,nontox,nontox
Q27756,Q04552,9.241e-303,nontox,nontox
Q27873,Q92047,1.167e-71,nontox,nontox
Q27886,P28047,2.609e-45,nontox,nontox
Q27889,P48453,3.274e-260,nontox,nontox
Q28181,E1AZ71,0.0,nontox,nontox
Q28279,Q90980,6.4e-323,nontox,nontox
Q283N4,A5PJD0,2.848e-79,nontox,nontox
Q28488,Q14894,9.695999999999999e-171,nontox,nontox
Q28727,Q12908,1.7359999999999997e-196,nontox,nontox
Q28CH2,Q7TN99,0.0,nontox,nontox
Q29471,Q99JG3,2.424e-172,nontox,nontox
Q29482,P25473,4.498e-229,nontox,nontox
Q29548,P29416,4.1279999999999996e-175,nontox,nontox
Q29980,Q8HWE7,3.7590000000000005e-42,nontox,nontox
Q29983,P01900,1.4549999999999999e-40,nontox,nontox
Q2EEY0,Q5I2M3,0.0,nontox,nontox
Q2EG98,Q7Z443,0.0,nontox,nontox
Q2KIY2,P56746,2.09e-121,nontox,nontox
Q2KJ15,P20033,3.5539999999999996e-105,nontox,nontox
Q2KJJ9,P09467,1.273e-174,nontox,nontox
Q2KMM4,O75342,0.0,nontox,nontox
Q2L7C5,B2GM84,1.497e-46,nontox,nontox
Q2LL38,Q9MYP4,1.09e-269,nontox,nontox
Q2M1Z3,A6X8Z5,0.0,nontox,nontox
Q2M2I5,A1L317,3.2399999999999995e-196,nontox,nontox
Q2M2Z5,Q5ZK13,3.418e-46,nontox,nontox
Q2M3M2,Q8VDT1,0.0,nontox,nontox
Q2M3R5,Q8TBE7,1.955e-09,nontox,nontox
Q2NKX8,A6QQR4,0.0,nontox,nontox
Q2NL68,Q7TSA6,7.322000000000001e-85,nontox,nontox
Q2Q0I9,Q4ZHG4,0.0,nontox,nontox
Q2Q426,Q9UHX3,0.0,nontox,nontox
Q2TA49,P50551,1.6829999999999999e-195,nontox,nontox
Q2TAC2,P05661,0.02574,nontox,nontox
Q2TAE3,Q9V3D5,1.918e-77,nontox,nontox
Q2TAZ0,Q6P4T0,0.0,nontox,nontox
Q2TB02,Q9EST8,4.933e-59,nontox,nontox
Q2VPA4,P17927,5.905e-290,nontox,nontox
Q2VPQ9,Q6AZD3,2.593e-95,nontox,nontox
Q2WF71,A8WGA3,2.868e-220,nontox,nontox
Q2YD98,F7AEX0,1.478e-212,nontox,nontox
Q32LQ6,Q1JQC1,9.100999999999999e-218,nontox,nontox
Q33DR2,Q5T2R2,2.2180000000000003e-221,nontox,nontox
Q3B8J8,A5PL98,2.2209999999999997e-158,nontox,nontox
Q3BCU4,Q8NE79,6.960999999999999e-206,nontox,nontox
Q3KNS6,Q8N9K5,1.369e-159,nontox,nontox
Q3KNT9,A0A3Q1LRJ2,1.2090000000000002e-72,nontox,nontox
Q3KP22,Q9D992,1.196e-51,nontox,nontox
Q3KQ35,Q90ZH9,2.2850000000000002e-222,nontox,nontox
Q3KQU3,A2AJI0,0.0,nontox,nontox
Q3KR16,Q8R0J1,0.0,nontox,nontox
Q3KTM2,Q8WTR4,1.9909999999999998e-286,nontox,nontox
Q3LI64,Q02957,2.208e-27,nontox,nontox
Q3LI66,Q02957,1.634e-21,nontox,nontox
Q3LRV9,Q6UXN2,4.673e-47,nontox,nontox
Q3MHJ9,P15791,3.8790000000000003e-293,nontox,nontox
Q3MHW7,Q4R8A8,8.046e-91,nontox,nontox
Q3MJ16,Q50L42,0.0,nontox,nontox
Q3SWU0,Q6GPZ1,5.229e-148,nontox,nontox
Q3SXZ7,Q564U4,7.474e-105,nontox,nontox
Q3SY46,Q8IUC0,1.738e-70,nontox,nontox
Q3SZ79,P11150,5.4109999999999997e-253,nontox,nontox
Q3SZL0,Q96RI1,2.352e-303,nontox,nontox
Q3SZM7,P22412,2.4469999999999998e-229,nontox,nontox
Q3T001,O14756,1.1379999999999999e-167,nontox,nontox
Q3T0D7,Q3T0T7,2.4640000000000003e-121,nontox,nontox
Q3T0Q4,P15532,3.549e-91,nontox,nontox
Q3T0T0,Q9NZC3,2.468e-204,nontox,nontox
Q3TBL6,Q6DFE2,1.886e-92,nontox,nontox
Q3TYX3,Q6GMV2,7.592e-256,nontox,nontox
Q3U2K5,Q6B0I6,5.861e-239,nontox,nontox
Q3U2S8,Q96D96,1.45e-124,nontox,nontox
Q3U481,Q6NUT3,6.586e-265,nontox,nontox
Q3U492,Q6ZWJ8,0.0,nontox,nontox
Q3U4G3,Q5XPT3,8.362e-19,nontox,nontox
Q3UBG2,Q8N2R8,1.209e-05,nontox,nontox
Q3UGX3,A4IGD2,4.365000000000001e-109,nontox,nontox
Q3UH60,Q6NVJ5,0.0,nontox,nontox
Q3UHC7,Q9UJF2,0.0,nontox,nontox
Q3UIL6,B6RSP1,1.271e-308,nontox,nontox
Q3UJU9,Q96TC7,3.2919999999999996e-248,nontox,nontox
Q3UL53,P56916,4.038e-05,nontox,nontox
Q3ULW8,E1BSI0,9.45e-197,nontox,nontox
Q3ULZ2,Q9C0D6,0.0,nontox,nontox
Q3UMR0,Q02357,4.711e-39,nontox,nontox
Q3UN02,Q5F3X0,7.203000000000001e-197,nontox,nontox
Q3UN04,A4QNN3,1.336e-209,nontox,nontox
Q3USJ8,X2JAU8,3.04e-96,nontox,nontox
Q3UUQ7,Q66J01,3.678e-311,nontox,nontox
Q3UVU3,Q60738,1.789e-70,nontox,nontox
Q3UW53,Q9ESN0,0.0,nontox,nontox
Q3UWA6,P55204,0.0,nontox,nontox
Q3V079,Q4R7Y8,1.26e-248,nontox,nontox
Q3V0J1,Q96Q45,1.351e-192,nontox,nontox
Q3V129,Q5R4M2,0.0,nontox,nontox
Q3V1D5,Q8N8W4,1.289e-188,nontox,nontox
Q3V3R4,P61622,3.1950000000000003e-256,nontox,nontox
Q3V6R6,P47896,4.5599999999999996e-151,nontox,nontox
Q3ZBF8,Q8IU89,8.534999999999999e-125,nontox,nontox
Q3ZBU2,Q91WS0,2.159e-58,nontox,nontox
Q3ZBY7,O15121,1.24e-204,nontox,nontox
Q3ZC01,Q9UFF9,2.492e-148,nontox,nontox
Q3ZC64,P97553,6.701e-97,nontox,nontox
Q3ZMH1,Q7SYH5,2.407e-225,nontox,nontox
Q45EK2,P41779,7.247000000000001e-20,nontox,nontox
Q45KJ6,Q6ZN17,4.664e-140,nontox,nontox
Q494R4,Q5FVL4,1.235e-75,nontox,nontox
Q495A1,P86176,1.413e-77,nontox,nontox
Q496F6,A2A7V7,1.5399999999999998e-39,nontox,nontox
Q49A17,Q86SR1,1.769e-309,nontox,nontox
Q49HM9,B6CZ17,2.495e-217,nontox,nontox
Q4G050,Q9BUB5,2.4890000000000003e-246,nontox,nontox
Q4G0W2,Q8BTR5,1.382e-79,nontox,nontox
Q4JK59,O43151,2.808e-153,nontox,nontox
Q4KL25,Q7ZZL8,1.982e-115,nontox,nontox
Q4KMP7,Q9BXI6,2.806e-175,nontox,nontox
Q4LDR2,O88282,7.353,nontox,nontox
Q4QR83,Q0V8E7,1.949e-317,nontox,nontox
Q4R6G4,Q3SZK8,4.7899999999999996e-198,nontox,nontox
Q4R6K2,Q62720,9.466999999999999e-284,nontox,nontox
Q4R707,Q1LYM3,4.746e-227,nontox,nontox
Q4VSN1,Q4VSN3,0.0,nontox,nontox
Q4VUI0,Q95M75,3.193e-266,nontox,nontox
Q50H32,Q9VNL4,1.591e-40,nontox,nontox
Q52LW3,A7YY57,0.0,nontox,nontox
Q53TN4,Q5RKJ2,3.152e-137,nontox,nontox
Q53TS8,A0A5F8MPU3,0.0,nontox,nontox
Q562E7,Q5ND34,0.0,nontox,nontox
Q569K4,Q9H6B1,1.876e-132,nontox,nontox
Q56JZ2,P14423,6.092e-46,nontox,nontox
Q575S8,Q575S9,1.537e-82,nontox,nontox
Q58A65,E9PSK7,0.0,nontox,nontox
Q59A32,P22102,0.0,nontox,nontox
Q59E55,Q62722,1.363e-46,nontox,nontox
Q5BJH7,Q9CX30,5.428000000000001e-178,nontox,nontox
Q5BJI7,Q9NRG4,1.0689999999999998e-224,nontox,nontox
Q5BKX5,A6QQD2,1.28e-191,nontox,nontox
Q5BQE6,P58710,1.348e-10,nontox,nontox
Q5CZR5,Q66S13,1.004e-10,nontox,other
Q5D1E7,Q5D1E8,5e-324,nontox,nontox
Q5DTM8,Q5ZLS3,0.0,nontox,nontox
Q5DU05,Q9ULE0,0.003623,nontox,nontox
Q5E9C1,P49662,7.101999999999999e-190,nontox,nontox
Q5E9R3,Q9EQP2,3.075e-269,nontox,nontox
Q5E9U1,Q99571,1.042e-236,nontox,nontox
Q5E9V1,A4IHK8,2.041e-150,nontox,nontox
Q5F1R6,E9Q8D0,2.359e-274,nontox,nontox
Q5FVJ6,Q96G97,1.132e-213,nontox,nontox
Q5FWI3,Q9UHN6,0.0,nontox,nontox
Q5FWU3,Q6EBV9,1.5290000000000002e-194,nontox,nontox
Q5G5D5,Q8BI41,1.0590000000000002e-270,nontox,nontox
Q5GFL6,Q6DCQ6,5.766e-274,nontox,nontox
Q5H879,P21964,1.765e-139,nontox,nontox
Q5H8A4,Q9JJI6,1.526e-54,nontox,nontox
Q5H9L4,Q4R5A5,1.34e-107,nontox,nontox
Q5H9N3,P17926,1.467e-57,nontox,nontox
Q5HYA8,Q8BR76,0.0,nontox,nontox
Q5I012,Q5RC98,0.0,nontox,nontox
Q5IBH7,Q9PU13,2.937e-68,nontox,nontox
Q5ISE2,P47974,4.48e-45,nontox,nontox
Q5J8M3,Q6P011,4.065e-87,nontox,nontox
Q5JRA6,Q0VC16,0.0,nontox,nontox
Q5JW98,Q8CE93,3.578e-164,nontox,nontox
Q5JZY3,O42422,0.0,nontox,nontox
Q5K4L6,O14975,7.106e-158,nontox,nontox
Q5M7Q1,Q14AI0,1.645,nontox,nontox
Q5M8T2,A2VE55,7.22e-13,nontox,nontox
Q5MJ10,F8W3R9,528.7,nontox,nontox
Q5MJS3,Q8IXL6,0.0,nontox,nontox
Q5MNZ6,Q9Y484,9.267e-101,nontox,nontox
Q5MYT7,E9Q9A9,3.005e-182,nontox,nontox
Q5NCP0,Q68DV7,0.0,nontox,nontox
Q5ND04,Q4G112,0.0,nontox,nontox
Q5NUA6,Q16236,0.0,nontox,nontox
Q5PQ50,A8MXV4,4.294e-84,nontox,nontox
Q5PQK4,Q5U5Q9,0.0,nontox,nontox
Q5PQX1,Q921T2,5.481e-319,nontox,nontox
Q5PU49,P28867,0.0,nontox,nontox
Q5QGS0,O17386,11.01,nontox,nontox
Q5QGT7,Q80ZI2,9.064000000000001e-128,nontox,nontox
Q5QP82,A2AKB9,3e-323,nontox,nontox
Q5R3F8,Q8C8T7,1.193e-210,nontox,nontox
Q5R411,Q4V920,1.502e-217,nontox,nontox
Q5R4A0,Q7ZVX6,2.98e-279,nontox,nontox
Q5R4K3,Q5F3L1,0.0,nontox,nontox
Q5R4R1,Q80U04,0.0,nontox,nontox
Q5R5C5,Q9HBY0,1.25e-106,nontox,nontox
Q5R8X7,Q1HKZ5,0.0,nontox,nontox
Q5R9K4,Q68EQ9,4.088e-219,nontox,nontox
Q5R9Y9,Q91637,0.0,nontox,nontox
Q5RA03,A0MZ66,1.048e-262,nontox,nontox
Q5RAK8,Q6YGZ4,0.0,nontox,nontox
Q5RBF1,Q8VDQ8,1.29e-210,nontox,nontox
Q5RCV3,Q9JIL9,0.0,nontox,nontox
Q5RCY2,Q6AY63,3.462e-119,nontox,nontox
Q5RES5,Q3T0R7,1.299e-234,nontox,nontox
Q5RF63,Q9Z129,0.0,nontox,nontox
Q5RHD1,P0CF52,2.364e-287,nontox,nontox
Q5RHI5,Q6GPU3,2.5039999999999998e-188,nontox,nontox
Q5RI56,Q90Z16,7.654e-95,nontox,nontox
Q5RJ80,Q5M9G3,1.332e-47,nontox,nontox
Q5RJI4,Q91820,6.094e-05,nontox,nontox
Q5S248,Q9UL52,5.524e-227,nontox,nontox
Q5SDA5,P51841,0.0,nontox,nontox
Q5SGE0,P42704,0.0,nontox,nontox
Q5SQN1,A6QP11,1.464e-211,nontox,nontox
Q5SSG4,D3ZUE1,0.0,nontox,nontox
Q5STT6,Q66H38,1.444e-261,nontox,nontox
Q5SW46,Q8R481,0.0,nontox,nontox
Q5SW96,Q8C142,2.4730000000000002e-176,nontox,nontox
Q5SXH7,Q8BW88,1.242e-142,nontox,nontox
Q5SZL2,Q6P2H3,1.4400000000000002e-85,nontox,nontox
Q5T0N1,D3YVL2,0.0,nontox,nontox
Q5T200,E9Q784,0.0,nontox,nontox
Q5T7M4,Q8R2Z0,1.091e-119,nontox,nontox
Q5T7V8,A5PKK7,1.914e-174,nontox,nontox
Q5T890,A3KMX0,0.0,nontox,nontox
Q5T9C2,P19493,3.966,nontox,nontox
Q5T9G4,Q80X86,5.352e-185,nontox,nontox
Q5T9L3,Q5ZLR1,0.0,nontox,nontox
Q5TA78,Q5T7P3,5.013e-32,nontox,nontox
Q5TAP6,Q3T0Q8,0.0,nontox,nontox
Q5TCM9,Q5TA82,5.528999999999999e-41,nontox,nontox
Q5TGU0,E2RDM9,1.687e-74,nontox,nontox
Q5THR3,Q9GKR6,2.264e-06,nontox,nontox
Q5TYW6,Q2KIU7,6.098e-103,nontox,nontox
Q5TZ51,Q66GV0,2.4669999999999998e-88,nontox,nontox
Q5U117,B1WC61,4.029e-59,nontox,nontox
Q5U3H2,Q4FZB7,2.9449999999999997e-245,nontox,nontox
Q5U3U7,Q6DEJ6,2.034e-216,nontox,nontox
Q5U4D8,Q9Y289,0.0,nontox,nontox
Q5U4E2,Q0VCC5,0.0,nontox,nontox
Q5U4F6,Q96EX3,7.953e-293,nontox,nontox
Q5VSE6,Q9HB14,2.485e-164,nontox,nontox
Q5VY43,Q8VIK5,0.0,nontox,nontox
Q5VYS8,Q5BLK4,0.0,nontox,nontox
Q5VZV1,A6QP81,2.0209999999999997e-133,nontox,nontox
Q5XK83,Q26454,0.0,nontox,nontox
Q5XKE5,Q148H7,2.735e-280,nontox,nontox
Q5Y5T5,A2CEX1,1.297e-240,nontox,nontox
Q5ZIU3,Q4V8A3,4.432e-220,nontox,nontox
Q5ZIZ4,Q86YG4,5.91e-167,nontox,nontox
Q5ZJF4,O77834,1.578e-130,nontox,nontox
Q5ZJL9,Q6INN8,3.4239999999999996e-254,nontox,nontox
Q5ZLR5,P13272,3.2850000000000005e-131,nontox,nontox
Q5ZPR3,Q7TPB4,6.341e-174,nontox,nontox
Q60401,Q61476,2.72e-93,nontox,nontox
Q60411,Q99965,4.193e-288,nontox,nontox
Q60414,Q12908,3.5679999999999995e-190,nontox,nontox
Q60430,P79765,3.118e-163,nontox,nontox
Q60553,Q01279,0.0,nontox,nontox
Q60559,Q64240,9.153e-205,nontox,nontox
Q60629,O42422,0.0,nontox,nontox
Q60636,O75626,0.0,nontox,nontox
Q60692,Q3SZC2,5.508e-81,nontox,nontox
Q60714,Q6P1M0,6.358000000000001e-268,nontox,nontox
Q60751,O73798,0.0,nontox,nontox
Q60755,P30988,1.505e-246,nontox,nontox
Q60795,Q16236,6.640000000000001e-302,nontox,nontox
Q60806,P70032,1.608e-138,nontox,nontox
Q60823,P31750,8.623000000000001e-275,nontox,nontox
Q60855,Q13546,1.517e-302,nontox,nontox
Q60935,Q03515,1.089e-150,nontox,nontox
Q60949,Q86TI0,0.0,nontox,nontox
Q60992,Q9R0C8,1.2219999999999999e-298,nontox,nontox
Q60HE6,Q9IAM7,0.0,nontox,nontox
Q60HH4,Q17QB3,4.374e-238,nontox,nontox
Q60I27,A6QP75,0.0,nontox,nontox
Q61009,Q60417,8.478e-313,nontox,nontox
Q61026,B5DE09,0.0,nontox,nontox
Q61079,Q61045,1.09e-214,nontox,nontox
Q61089,Q5RCN4,0.0,nontox,nontox
Q61097,Q3UVC0,2.581e-249,nontox,nontox
Q61098,Q63621,5.246e-50,nontox,nontox
Q61160,Q14790,1.721e-06,nontox,nontox
Q61168,Q5REZ0,1.68e-126,nontox,nontox
Q61176,P05089,6.7819999999999995e-189,nontox,nontox
Q61263,O77760,2.426e-321,nontox,nontox
Q61321,Q8N196,1.2959999999999999e-80,nontox,nontox
Q61327,P27922,0.0,nontox,nontox
Q61361,Q96GW7,0.0,nontox,nontox
Q61457,P24864,3.332e-216,nontox,nontox
Q61527,Q01279,0.0,nontox,nontox
Q61532,Q6P5G0,5.558000000000001e-184,nontox,nontox
Q61545,Q28009,2.887e-99,nontox,nontox
Q61576,Q66H94,2.0709999999999998e-227,nontox,nontox
Q61606,P47871,6.609e-251,nontox,nontox
Q61624,A0MS83,1.88e-269,nontox,nontox
Q61672,Q14542,4.861e-252,nontox,nontox
Q61768,O60282,0.0,nontox,nontox
Q61790,Q5BK54,5.214e-278,nontox,nontox
Q61817,O43889,8.097e-127,nontox,nontox
Q61818,Q7Z5J4,0.0,nontox,nontox
Q61955,Q9UBX7,2.755e-83,nontox,nontox
Q62005,O54766,0.0,nontox,nontox
Q62011,Q64294,2.3980000000000002e-64,nontox,nontox
Q62028,Q13018,0.0,nontox,nontox
Q62141,O75182,0.0,nontox,nontox
Q62187,Q15361,2.378e-223,nontox,nontox
Q62190,Q04912,0.0,nontox,nontox
Q62210,Q13489,4.892999999999999e-283,nontox,nontox
Q62240,Q30DN6,0.0,nontox,nontox
Q62296,P48984,2.682e-237,nontox,nontox
Q62406,P51617,0.0,nontox,nontox
Q62470,P26006,0.0,nontox,nontox
Q62522,Q29108,1.488e-188,nontox,nontox
Q62611,P14719,5.648e-320,nontox,nontox
Q62622,O60516,5.567e-24,nontox,nontox
Q62627,O35460,0.3476,nontox,nontox
Q62633,Q12908,1.285e-186,nontox,nontox
Q62666,Q08C75,3.196e-209,nontox,nontox
Q62711,Q9BRC7,0.0,nontox,nontox
Q62736,Q05682,2.143e-220,nontox,nontox
Q62773,Q9MZT2,0.0,nontox,nontox
Q62799,Q01279,6.146e-311,nontox,nontox
Q62826,Q9P2K5,7.794000000000001e-144,nontox,nontox
Q62866,P41438,4.79e-293,nontox,nontox
Q62867,Q92820,1.524e-136,nontox,nontox
Q62910,O43426,0.0,nontox,nontox
Q62941,Q9BRI3,5.0450000000000003e-182,nontox,nontox
Q63035,Q91WS2,0.0,nontox,nontox
Q63089,O77504,4.362e-310,nontox,nontox
Q63132,P08941,0.0,nontox,nontox
Q63147,P22557,0.0,nontox,nontox
Q63273,Q5IS46,0.0,nontox,nontox
Q63345,Q5R960,5.426e-136,nontox,nontox
Q63374,D0PRN3,0.0,nontox,nontox
Q63434,P49763,7.323e-44,nontox,nontox
Q63481,Q9CZE3,5.007e-63,nontox,nontox
Q63528,Q13156,4.244e-54,nontox,nontox
Q63652,P51490,3.2009999999999996e-206,nontox,nontox
Q63679,Q5ZIX8,0.0,nontox,nontox
Q63686,Q00537,2.928e-232,nontox,nontox
Q63691,P08571,5.443e-134,nontox,nontox
Q63739,Q6P9X4,2.45e-100,nontox,nontox
Q63912,P23515,2.2219999999999998e-237,nontox,nontox
Q63942,P62823,9.224e-108,nontox,nontox
Q63ZW7,Q8NI35,0.0,nontox,nontox
Q64060,Q61496,0.0,nontox,nontox
Q640Z6,P49791,1.305e-282,nontox,nontox
Q64194,Q9Z0M5,1.276e-230,nontox,nontox
Q64267,P23025,1.4059999999999999e-145,nontox,nontox
Q64282,Q5T764,2.977e-169,nontox,nontox
Q64329,Q60682,2.945e-149,nontox,nontox
Q64343,Q9H172,1.286e-293,nontox,nontox
Q64392,P54707,0.0,nontox,nontox
Q64408,P19099,4.7160000000000005e-207,nontox,nontox
Q64430,Q04656,0.0,nontox,nontox
Q64437,P80338,9.74e-185,nontox,nontox
Q64438,P97802,2.37e-65,nontox,nontox
Q64471,P30711,1.173e-129,nontox,nontox
Q64535,P35670,0.0,nontox,nontox
Q64562,P03940,4.867e-286,nontox,nontox
Q645M6,Q9JHX4,3.316e-06,nontox,nontox
Q64637,P20720,6.967e-290,nontox,nontox
Q64658,P97720,1.306e-279,nontox,nontox
Q64GA5,Q50L41,5.258000000000001e-57,nontox,nontox
Q659C4,Q6ZQ58,1.155e-312,nontox,nontox
Q65Z14,O70458,0.0,nontox,nontox
Q66H76,Q8VI36,0.0,nontox,nontox
Q66HE5,O60285,9.859e-201,nontox,nontox
Q66HG0,Q9VI20,2.66e-55,nontox,nontox
Q66HT8,Q9NX46,2.715e-115,nontox,nontox
Q66I42,P26041,5.647e-299,nontox,nontox
Q66K89,Q4V8R6,1.7010000000000001e-183,nontox,nontox
Q674R7,Q6EBV9,0.0,nontox,nontox
Q67FY2,O00512,2.077e-159,nontox,nontox
Q68CI2,Q9XTA0,4.285e-312,nontox,nontox
Q68CK6,Q9BEA2,2.1029999999999998e-219,nontox,nontox
Q68CZ1,Q8CG73,0.0,nontox,nontox
Q68DD2,Q50L41,0.0,nontox,nontox
Q68DK7,A9JRX0,3.8849999999999997e-73,nontox,nontox
Q68F37,Q53EU6,3.7599999999999996e-219,nontox,nontox
Q68FH0,Q9UQB3,0.0,nontox,nontox
Q68J44,P0C591,9.481e-121,nontox,nontox
Q68SN8,Q96LA5,9.057000000000001e-109,nontox,nontox
Q69Z28,Q8TE60,0.0,nontox,nontox
Q69Z37,Q8ML92,0.1065,nontox,nontox
Q69Z66,Q5VVJ2,0.0,nontox,nontox
Q69ZN6,Q3T906,0.0,nontox,nontox
Q69ZP3,O35952,1.228e-55,nontox,nontox
Q69ZW3,Q8NDI1,0.0,nontox,nontox
Q6A009,Q7TPV2,0.01028,nontox,nontox
Q6A070,Q9Y4F4,0.0,nontox,nontox
Q6A162,A7YWM2,1.3750000000000002e-222,nontox,nontox
Q6AI14,Q8BUE1,0.0,nontox,nontox
Q6AW06,Q8INR6,3.2120000000000003e-34,nontox,nontox
Q6AWN0,Q6DIY2,1.516e-62,nontox,nontox
Q6AXR4,P06865,7.365e-193,nontox,nontox
Q6AYC2,Q60766,4.1329999999999996e-220,nontox,nontox
Q6AYU4,Q91UZ4,4.107e-94,nontox,nontox
Q6AYX5,Q2T9U2,0.0,nontox,nontox
Q6DBR6,Q8BZ71,4.106e-134,nontox,nontox
Q6DFX2,P58335,3.048e-245,nontox,nontox
Q6DG38,Q8C0N2,2.93e-212,nontox,nontox
Q6DGB6,Q8IW40,5.596e-56,nontox,nontox
Q6DH13,Q9W6I1,6.448e-114,nontox,nontox
Q6DHV7,Q80SY6,6.953e-200,nontox,nontox
Q6DN72,A1YIY0,1.173e-50,nontox,nontox
Q6DNF4,P92006,4.9989999999999997e-281,nontox,nontox
Q6DNG6,Q6ZXD2,7.46e-170,nontox,nontox
Q6DRD3,O57383,1.771e-182,nontox,nontox
Q6E213,Q6E1M8,1.1049999999999999e-198,nontox,nontox
Q6EV70,Q9V6X7,1.4459999999999999e-97,nontox,nontox
Q6GLW8,B5FXE5,5.93e-161,nontox,nontox
Q6GMI9,Q5R885,1.081e-248,nontox,nontox
Q6GMK0,Q812F8,3.4319999999999996e-299,nontox,nontox
Q6GN29,Q60HD2,5.029e-243,nontox,nontox
Q6H8Q1,O14639,1.323e-210,nontox,nontox
Q6HA08,Q1LW01,5.272000000000001e-56,nontox,nontox
Q6IC98,A2RV80,2.005e-308,nontox,nontox
Q6IMN6,Q14444,2.524e-75,nontox,nontox
Q6IRU7,Q5JTW2,0.0,nontox,nontox
Q6JHU7,Q8IVL5,0.0,nontox,nontox
Q6JHU8,Q8IVL5,1.569e-209,nontox,nontox
Q6L8H1,Q6L8H4,3.986e-91,nontox,nontox
Q6N069,Q9BXJ9,0.0,nontox,nontox
Q6NT55,Q9HBI6,3.628e-219,nontox,nontox
Q6NTJ3,B1WAR9,0.0,nontox,nontox
Q6NUJ5,E9Q9M8,2.5059999999999996e-286,nontox,nontox
Q6NUN9,Q9UDV7,1.594e-91,nontox,nontox
Q6NUQ1,A6QLE1,0.1501,nontox,nontox
Q6NVG1,Q28C60,1.136e-154,nontox,nontox
Q6NVG5,Q8N565,5.75e-122,nontox,nontox
Q6NVH7,Q8VCI7,1.389e-87,nontox,nontox
Q6NW59,Q9ES19,5.8349999999999996e-33,nontox,nontox
Q9UID6,A7Y7X5,7.378e-40,nontox,nontox
Q9UIF9,Q91YE5,0.0,nontox,nontox
P28781,P24660,2.9209999999999998e-92,nontox,nontox
P29006,P82286,2.9430000000000003e-58,nontox,nontox
P29240,P21588,3.141e-228,nontox,nontox
P30035,P30034,7.253e-33,nontox,nontox
P30438,P02779,0.0001305,nontox,nontox
P30805,P80190,2.69e-36,nontox,nontox
P30954,Q62007,1.79e-135,nontox,nontox
P31043,Q28071,1.103e-60,nontox,nontox
P31161,P41977,2.1300000000000002e-128,nontox,nontox
P20855,P08535,2.094e-85,nontox,nontox
P21259,Q01133,8.788e-17,nontox,nontox
P21614,P02774,2.867e-248,nontox,nontox
Q9VZQ1,Q96MU7,6.679999999999999e-53,nontox,nontox
Q9VZU2,Q5VTY9,1.355e-34,nontox,nontox
Q9W056,Q9VT04,1.205e-91,nontox,nontox
Q9W0E3,P61460,5.923999999999999e-267,nontox,nontox
Q9W0K4,Q9W0K7,3.5460000000000003e-131,nontox,nontox
Q9W0M3,Q1JP61,2.159e-77,nontox,nontox
Q9W0P2,Q5R4N7,1.62e-135,nontox,nontox
Q9W0P8,O76090,0.04645,nontox,nontox
Q9W0V1,O15530,1.684e-126,nontox,nontox
Q9W157,Q5SSI6,0.3288,nontox,nontox
Q9W1C5,Q6P4S8,3.291e-292,nontox,nontox
Q9W1F4,Q8BKT7,1.452e-52,nontox,nontox
Q9W3F7,Q1JPG0,1.189e-75,nontox,nontox
Q9W3M3,Q6ZT12,1.2489999999999998e-296,nontox,nontox
Q9W3R7,Q3MQ24,3.088e-84,nontox,nontox
Q9W415,P57081,1.188e-31,nontox,nontox
Q9W436,P0DPE2,2.3500000000000002e-182,nontox,nontox
Q9W4D2,B3DJT0,8.521e-17,nontox,nontox
Q05831,Q86QH9,8.226e-75,nontox,nontox
Q06019,P56402,7.099e-98,nontox,nontox
Q06443,Q5NVK2,1.54e-213,nontox,nontox
Q07892,P11919,5.312e-21,nontox,nontox
Q08264,P43647,3.3110000000000003e-115,nontox,nontox
Q08423,P04155,2.4920000000000003e-25,nontox,nontox
Q08CF3,Q5ZJ07,8.127e-64,nontox,nontox
Q08CW1,Q86UE8,0.0,nontox,nontox
Q08DD1,P15289,4.548e-300,nontox,nontox
Q08DH8,O43542,2.567e-161,nontox,nontox
Q7T0Z7,A0PJX4,3.256e-100,nontox,nontox
Q7T292,Q96A46,2.003e-165,nontox,nontox
Q7T2D4,Q96RQ1,4.148e-201,nontox,nontox
Q7T339,Q5RBR3,7.328e-115,nontox,nontox
Q7T3P8,Q6P9Z4,5.4479999999999995e-297,nontox,nontox
Q7TNU7,Q28DA8,1.956e-132,nontox,nontox
Q7TNV7,Q70KL2,8.203e-14,nontox,nontox
Q7TPN3,Q5KR61,6.41e-292,nontox,nontox
Q7TPZ8,P15085,6.296e-228,nontox,nontox
Q7TQ95,Q6DFJ8,6.815e-138,nontox,nontox
Q7TQD2,Q27957,1.381e-115,nontox,nontox
Q7TQH7,Q7Z4F1,0.0,nontox,nontox
Q7TQQ0,Q8NH41,1.4919999999999998e-107,nontox,nontox
Q7TS55,Q9I8D8,3.199e-06,nontox,nontox
Q7TSD4,Q32KL8,1.455e-118,nontox,nontox
Q7TSE9,O00165,5.93e-144,nontox,nontox
Q7TT15,Q6P9A2,1.134e-193,nontox,nontox
Q7TT79,Q5IFK1,2.029e-265,nontox,nontox
Q7YRC6,O70126,1.2730000000000001e-191,nontox,nontox
Q7YU24,Q8R4Z9,5.393e-203,nontox,nontox
Q7Z2K6,Q6UPR8,0.0,nontox,nontox
Q7Z3D4,Q99LE3,1.5950000000000001e-153,nontox,nontox
Q7Z3H4,Q8C8Y5,1.9350000000000002e-178,nontox,nontox
Q7Z3I7,Q9XSR1,1.278e-159,nontox,nontox
Q7Z3Z4,Q8CGT6,0.0,nontox,nontox
Q7Z4N2,Q2TV84,0.0,nontox,nontox
Q7Z5G4,Q2TAP0,1.045e-65,nontox,nontox
Q7Z5H3,Q8BL80,0.0,nontox,nontox
Q7Z5K2,Q9W517,2.7480000000000002e-86,nontox,nontox
Q7Z5P4,Q5M875,9.324e-161,nontox,nontox
Q7Z5Q5,Q7TQ07,0.0,nontox,nontox
Q7Z6A9,Q7TSA3,3.8760000000000003e-78,nontox,nontox
Q7Z6J4,Q96M96,3.431e-188,nontox,nontox
Q7Z7C8,Q7ZYA2,1.041e-150,nontox,nontox
Q7Z7E8,Q8K2Z8,5.037e-176,nontox,nontox
Q7Z7N9,Q7T392,4.073e-37,nontox,nontox
Q7ZU92,O95453,5.578e-267,nontox,nontox
Q7ZXQ9,Q6GM14,3.8329999999999997e-203,nontox,nontox
Q801X7,Q9CQW5,4.114e-17,nontox,nontox
Q804H7,Q28ER3,8.469e-91,nontox,nontox
Q80UE6,Q96J92,0.0,nontox,nontox
Q80US4,Q9H9F9,0.0,nontox,nontox
Q80UW3,Q8TB24,4.1430000000000003e-32,nontox,nontox
Q80VJ6,Q8NAM6,8.834e-87,nontox,nontox
Q80W00,Q6MG07,1.626e-12,nontox,nontox
Q80W65,Q9V6K1,0.2104,nontox,nontox
Q80W99,Q86XQ3,4.777e-156,nontox,nontox
Q80WC9,Q9VLL0,6.458000000000001e-76,nontox,nontox
Q80WM3,Q8R1B5,5.404e-51,nontox,nontox
Q80WP8,Q6ZQY3,3.535e-317,nontox,nontox
Q80WQ9,O75132,0.0,nontox,nontox
Q80XE1,Q5ZL77,3.174e-142,nontox,nontox
Q80XJ2,B2RYR0,1.5429999999999998e-286,nontox,nontox
Q80XL1,P22682,1.564e-130,nontox,nontox
Q80Y75,P59910,1.171e-197,nontox,nontox
Q80Y98,Q9Y6Y8,1.8709999999999998e-241,nontox,nontox
Q80YE7,O44997,2.9119999999999997e-237,nontox,nontox
Q80Z70,Q5XI05,1.297e-200,nontox,nontox
Q80ZG1,Q5E9J8,6.167e-300,nontox,nontox
Q810U3,O42414,0.0,nontox,nontox
Q811P8,A7KAX9,0.0,nontox,nontox
Q863H3,Q9MZ41,6.49e-72,nontox,nontox
Q864U1,Q9GKK8,0.0,nontox,nontox
Q865P3,Q5T2W1,2.5399999999999998e-287,nontox,nontox
Q866Y3,Q96PD5,1.009e-259,nontox,nontox
Q86B79,Q8BL48,7.383e-153,nontox,nontox
Q86MD3,D3ZLB7,0.3515,nontox,nontox
Q86NH1,Q9V9S7,7.724e-80,nontox,nontox
Q86SQ0,Q8K1N2,0.0,nontox,nontox
Q86T03,Q32PR0,7.735000000000001e-131,nontox,nontox
Q86T90,Q9CRB9,4.96,nontox,nontox
Q86TM3,Q9NXZ2,2.044e-242,nontox,nontox
Q86TS9,Q7JWG9,4.767e-13,nontox,nontox
Q86UN3,Q86UN2,1.165e-105,nontox,nontox
Q86V20,Q5RCM2,0.0,nontox,nontox
Q86VI4,Q5ZML7,2.293e-53,nontox,nontox
Q86VQ0,Q5U2Y9,2.985e-267,nontox,nontox
Q86VW0,Q64096,1.332e-21,nontox,nontox
Q86W10,Q8K4D6,1.732e-183,nontox,nontox
Q86WV6,Q2KI99,2.1229999999999999e-196,nontox,nontox
Q86X51,B1B0V2,0.003083,nontox,nontox
Q86X95,Q5U2T8,5.746e-187,nontox,nontox
Q86XA0,A2AA28,1.271e-118,nontox,nontox
Q86XE5,Q9DCU9,8.779e-193,nontox,nontox
Q86XF0,Q920D2,1.5669999999999999e-105,nontox,nontox
Q86XN8,Q3UE17,1.2419999999999999e-296,nontox,nontox
Q86XR7,Q2LGB7,1.174e-115,nontox,nontox
Q86Y37,Q5XI53,1.9229999999999998e-190,nontox,nontox
Q86Y97,P0C2N6,6.386e-252,nontox,nontox
Q86YB8,B6CVD7,2.995e-200,nontox,nontox
Q86YC2,Q3U0P1,0.0,nontox,nontox
Q8AXY6,O15146,0.0,nontox,nontox
Q8AYG3,P35761,3.341e-166,nontox,nontox
Q8BFW3,Q5SWA1,1.73e-292,nontox,nontox
Q8BFY0,P0C851,1.632e-64,nontox,nontox
Q8BG36,Q9Y5R5,2.513e-299,nontox,nontox
Q8BG87,O43151,0.0,nontox,nontox
Q8BHA3,Q68EL2,5.115e-70,nontox,nontox
Q8BHC1,Q14964,1.545e-112,nontox,nontox
Q8BHE4,A6QLF8,1.386e-234,nontox,nontox
Q8BIF0,Q8R1R5,1.547e-96,nontox,nontox
Q8BJQ2,O94782,0.0,nontox,nontox
Q8BJU2,Q6GMK6,4.062e-126,nontox,nontox
Q8BKC5,O60518,0.0,nontox,nontox
Q8BL03,Q8N8R3,1.201e-176,nontox,nontox
Q8BMK4,Q07065,3.524e-271,nontox,nontox
Q8BMN3,Q05901,5.036e-257,nontox,nontox
Q8BMP4,Q99527,4.989e-213,nontox,nontox
Q8BN21,Q86Y07,1.7609999999999998e-227,nontox,nontox
Q8BP22,Q6GN09,6.816e-116,nontox,nontox
Q8BP27,Q6TXG9,2.1789999999999998e-88,nontox,nontox
Q8BRB7,Q8WYB5,0.0,nontox,nontox
Q8BSM7,O75387,1.435e-311,nontox,nontox
Q8BTQ0,Q1JPS1,4.412e-62,nontox,nontox
Q8BUI3,Q9UFC0,0.0,nontox,nontox
Q8BVZ5,Q66H70,7.066e-145,nontox,nontox
Q8BWY9,Q8TCG1,0.0,nontox,nontox
Q8BX02,Q1LZH7,0.0,nontox,nontox
Q8BX43,Q969Z4,4.931e-231,nontox,nontox
Q8BY35,O88387,1.962e-183,nontox,nontox
Q8BYI6,Q9D5U0,3.459e-204,nontox,nontox
Q8BZM1,Q92990,0.0,nontox,nontox
Q8BZQ2,Q9H0B8,1.765e-269,nontox,nontox
Q8BZT5,Q9H756,1.1840000000000001e-155,nontox,nontox
Q8C0G2,Q3URD3,6.0549999999999996e-24,nontox,nontox
Q8C0L9,Q9JL56,1.352e-05,nontox,nontox
Q8C0Q2,Q8R515,4.854e-132,nontox,nontox
Q8C0R0,Q9BXU7,1.479e-161,nontox,nontox
Q8C0T5,Q9P2F8,0.0,nontox,nontox
Q8C0X2,Q86UD5,1.628e-171,nontox,nontox
Q8C115,Q8IVE3,0.0,nontox,nontox
Q8C167,Q32N48,2.531e-181,nontox,nontox
Q8C263,B2GUZ2,3.134e-214,nontox,nontox
Q8C267,Q96T68,1.972e-311,nontox,nontox
Q8C3K6,P13866,0.0,nontox,nontox
Q8C551,Q96B01,8.557e-97,nontox,nontox
Q8C784,Q0D289,1.344e-100,nontox,nontox
Q8C7N7,Q96BI3,5.656e-92,nontox,nontox
Q8C7R7,Q8HWS3,0.0,nontox,nontox
Q8CBC7,Q9VEP1,1.14e-83,nontox,nontox
Q8CC35,Q91YE8,3.535e-29,nontox,nontox
Q8CD15,Q8IUF8,6.224e-244,nontox,nontox
Q8CDJ3,O70196,1.35,nontox,nontox
Q8CE90,Q4KSH7,1.1150000000000001e-271,nontox,nontox
Q8CFF0,Q9H0J9,6.214000000000001e-65,nontox,nontox
Q8CFP6,Q6IMK3,1.096e-155,nontox,nontox
Q8CG14,Q6P6T1,0.0,nontox,nontox
Q8CG64,Q60HG0,2.014e-05,nontox,nontox
Q8CG79,Q96KQ4,2.8060000000000003e-272,nontox,nontox
Q8CI15,Q9NYA1,7.91e-208,nontox,nontox
Q8CI52,Q8IYS0,0.0,nontox,nontox
Q8CI75,Q0V9R3,0.0,nontox,nontox
Q8CID0,Q5T6S3,2.352e-09,nontox,nontox
Q8CIN4,P35465,1.211e-261,nontox,nontox
Q8CIR4,Q96QT4,0.0,nontox,nontox
Q8CIW5,Q96RR1,0.0,nontox,nontox
Q8CJ12,Q8IZP9,0.0,nontox,nontox
Q8CJ19,Q7RTP6,0.0,nontox,nontox
Q8CJ78,Q5EBL2,0.0,nontox,nontox
Q8CJC7,Q80ZC8,1.138e-119,nontox,nontox
Q8HWE5,A0A0G2K7V7,2.332e-135,nontox,nontox
Q8HXK9,Q9EPB4,1.6510000000000002e-85,nontox,nontox
Q8HXQ5,O35379,0.0,nontox,nontox
Q8I4B0,Q16322,1.164e-112,nontox,nontox
Q8I4N4,Q9GYQ4,3.608e-110,nontox,nontox
Q8I6K0,O97366,3.3239999999999997e-90,nontox,nontox
Q8IN81,P17789,1.174e-35,nontox,nontox
Q8INK6,Q70PY2,6.687e-44,nontox,nontox
Q8IPW2,P16333,2.871e-101,nontox,nontox
Q8IQG1,Q70IA6,2.547e-52,nontox,nontox
Q8IQG9,P12115,9.595e-56,nontox,nontox
Q8IU80,Q9DBI0,0.0,nontox,nontox
Q8IU99,Q86XJ0,1.673e-93,nontox,nontox
Q8IUN9,P02706,3.2280000000000003e-102,nontox,nontox
Q8IUW5,Q08DP3,1.442e-149,nontox,nontox
Q8IUX4,Q96AK3,5.242e-208,nontox,nontox
Q8IV04,Q8C9V1,1.001e-263,nontox,nontox
Q8IV31,Q5U263,1.724,nontox,nontox
Q8IVF7,Q6NXC0,0.0,nontox,nontox
Q8IVG5,Q8C0S4,0.5622,nontox,nontox
Q8IVQ6,B1H1H3,7.438e-120,nontox,nontox
Q8IVT5,Q3UVC0,1.2660000000000001e-256,nontox,nontox
Q8IW35,Q9CZ62,0.0,nontox,nontox
Q8IW41,P49137,2.5289999999999997e-81,nontox,nontox
Q8IWU2,Q3TYD6,0.0,nontox,nontox
Q8IWU4,Q8BGG0,4.482e-189,nontox,nontox
Q8IWV1,Q58CT8,1.795e-136,nontox,nontox
Q8IWV7,Q8IWV8,0.0,nontox,nontox
Q8IX90,A8PUI7,4.729e-186,nontox,nontox
Q8IXH8,P59862,8.352e-318,nontox,nontox
Q8IXI1,Q8JZN7,0.0,nontox,nontox
Q8IXM3,Q9CQN7,1.241e-60,nontox,nontox
Q8IY18,Q8CG46,0.0,nontox,nontox
Q8IY63,Q9D4H4,0.0,nontox,nontox
Q8IYB7,Q0V9R3,0.0,nontox,nontox
Q8IYG6,Q8K375,5.892e-213,nontox,nontox
Q8IYL9,Q61038,8.955e-182,nontox,nontox
Q8IZC7,Q8TBZ8,4.661e-142,nontox,nontox
Q8IZD2,Q3UG20,0.0,nontox,nontox
Q8IZF5,Q58Y75,0.0,nontox,nontox
Q8IZK6,Q8K595,6.319e-306,nontox,nontox
Q8JHF4,Q8N3R9,0.0,nontox,nontox
Q8JIR8,Q17R60,4.456e-193,nontox,nontox
Q8JZR0,Q9ULC5,0.0,nontox,nontox
Q8K0L3,Q9BEA2,1.0330000000000001e-216,nontox,nontox
Q8K182,P98136,2.091e-285,nontox,nontox
Q8K1N1,Q9NP80,0.0,nontox,nontox
Q8K1S6,Q8WWL2,0.0,nontox,nontox
Q8K202,Q9GZS1,1.606e-201,nontox,nontox
Q8K389,Q9JLH5,0.0,nontox,nontox
Q8K3I4,Q8NFW9,0.0,nontox,nontox
Q8K3K8,Q8R5M4,2.72e-321,nontox,nontox
Q8K3V4,Q6TGC4,1.6e-322,nontox,nontox
Q8K3W3,Q5CZI8,1.365e-221,nontox,nontox
Q8K3Z0,Q9HC29,0.0,nontox,nontox
Q8K448,O94911,0.0,nontox,nontox
Q8K485,Q8WVF5,3.354e-18,nontox,nontox
Q8K4C0,P49326,1.529e-310,nontox,nontox
Q8K4F0,Q15762,2.2859999999999997e-93,nontox,nontox
Q8K4T5,Q8WTR2,2.284e-116,nontox,nontox
Q8MLZ5,Q8T498,8.752000000000001e-128,nontox,nontox
Q8MLZ7,Q23997,1.594e-151,nontox,nontox
Q8MM24,Q2PQN0,2.882e-178,nontox,nontox
Q8MQX9,Q7TP65,2.4059999999999997e-41,nontox,nontox
Q8MS59,Q66H50,7.654e-95,nontox,nontox
Q8N0V5,P97402,2.1450000000000002e-192,nontox,nontox
Q8N0W3,Q7TMC8,0.0,nontox,nontox
Q8N122,Q96DI7,3.2e-08,nontox,nontox
Q8N131,Q5HZB0,2.665e-31,nontox,nontox
Q8N139,Q8WWZ4,0.0,nontox,nontox
Q8N1G0,Q9D2D7,0.0,nontox,nontox
Q8N1G2,Q803R5,0.0,nontox,nontox
Q8N1L9,Q8R1H8,2.0320000000000001e-84,nontox,nontox
Q8N1N4,P19013,3.474e-140,nontox,nontox
Q8N1Q8,Q9CQJ0,4.717e-127,nontox,nontox
Q8N2N9,Q5JPF3,0.0,nontox,nontox
Q8N2S1,Q28019,0.0,nontox,nontox
Q8N3U4,O70576,0.0,nontox,nontox
Q8N4C6,G9G127,2.187e-107,nontox,nontox
Q8N4F0,Q8C1E1,4.767e-181,nontox,nontox
Q8N4Y2,B0BNK9,6.643e-170,nontox,nontox
Q8N554,Q8CE64,2e-323,nontox,nontox
Q8N5D0,Q5R9B8,2.5530000000000003e-34,nontox,nontox
Q8N5K1,Q5I027,1.336e-79,nontox,nontox
Q8N5Z5,Q8VC57,3.704e-92,nontox,nontox
Q8N609,Q01685,1.1659999999999999e-169,nontox,nontox
Q8N6C5,Q7TQA1,0.0,nontox,nontox
Q8N6L0,Q80VJ8,4.265e-229,nontox,nontox
Q8N6L1,Q8INQ7,7.213000000000001e-25,nontox,nontox
Q8N6T3,Q9EPJ9,3.8469999999999996e-228,nontox,nontox
Q8N726,O77618,1.1e-17,nontox,nontox
Q8N729,Q8K1M5,1.685e-31,nontox,nontox
Q8N7B6,A5PK71,1.075e-13,nontox,nontox
Q8N7C3,Q8N9V2,7.559000000000001e-70,nontox,nontox
Q8N7J2,A4IGN8,6.922e-117,nontox,nontox
Q8N8Q8,Q8VC74,2.654e-165,nontox,nontox
Q8N8U9,Q6ZWJ8,1.979e-116,nontox,nontox
Q8N8V2,Q96PP9,4.483e-305,nontox,nontox
Q8N9A8,Q8T0B1,5.074e-40,nontox,nontox
Q8N9I0,P24506,3.7820000000000005e-225,nontox,nontox
Q8NA82,Q5XI50,4.3320000000000005e-42,nontox,nontox
Q8NB90,Q3UMC0,0.0,nontox,nontox
Q8NBB4,P10073,2.952e-48,nontox,nontox
Q8NBI5,Q1JPD8,1.083e-240,nontox,nontox
Q8NBJ4,Q91XA2,4.714e-132,nontox,nontox
Q8NC44,Q0P4Z1,2.21e-57,nontox,nontox
Q8NCU7,A6NLJ0,6.2109999999999996e-170,nontox,nontox
Q8NDH3,P34629,3.078e-111,nontox,nontox
Q8NDH6,Q3TY65,9.287000000000001e-209,nontox,nontox
Q8NDV1,Q9R2B6,1.2320000000000001e-85,nontox,nontox
Q8NDW8,Q8C0S4,0.0,nontox,nontox
Q8NEQ6,Q3ULG3,1.015e-30,nontox,nontox
Q8NET8,Q704Y3,6.906e-160,nontox,nontox
Q8NEX9,A4IFM3,2.896e-185,nontox,nontox
Q8NFA2,Q8VCM2,5.028999999999999e-146,nontox,nontox
Q8NFN8,Q6PCP7,0.0,nontox,nontox
Q8NG31,Q66JQ7,0.0,nontox,nontox
Q8NGI8,Q8VFV4,1.8499999999999998e-133,nontox,nontox
Q8NHE4,Q9GL77,2.846,nontox,nontox
Q8NHY3,D3ZUE1,0.0,nontox,nontox
Q8NI60,Q29RI0,0.0,nontox,nontox
Q8R007,Q5FWR8,1.143e-148,nontox,nontox
Q8R066,P60827,1.927e-19,nontox,nontox
Q8R0H9,Q9UJY4,8.82e-151,nontox,nontox
Q8R0K2,Q9BZY9,2.025e-102,nontox,nontox
Q8R123,Q8NFF5,2.2859999999999998e-298,nontox,nontox
Q8R151,Q92900,6.074000000000001e-31,nontox,nontox
Q8R183,Q5FVR0,2.629e-120,nontox,nontox
Q8R1W8,Q17R60,3.573e-302,nontox,nontox
Q8R1X6,Q8N0X7,0.0,nontox,nontox
Q8R2F2,Q6QHC5,1.7e-204,nontox,nontox
Q8R2V3,Q99676,3.206e-105,nontox,nontox
Q8R491,Q9H223,2.8670000000000004e-271,nontox,nontox
Q8R4C5,Q9WUP0,2.739e-50,nontox,nontox
Q8R4N0,Q8N0X4,1.0109999999999999e-185,nontox,nontox
Q8R4P5,F1QFU0,1.0710000000000001e-302,nontox,nontox
Q8R500,Q811U4,5.61e-321,nontox,nontox
Q8STF6,Q9D3A8,1.775e-75,nontox,nontox
Q8SWX0,Q3SZU0,1.554e-10,nontox,nontox
Q8SX81,Q9H270,4.567e-32,nontox,nontox
Q8T045,Q5E9Q1,2.038e-134,nontox,nontox
Q8T062,Q8IS64,4.107e-160,nontox,nontox
Q8T0S6,Q9JI10,2.079e-152,nontox,nontox
Q8T3G2,P58466,2.542e-79,nontox,nontox
Q8T8R1,Q5R5R5,7.003e-32,nontox,nontox
Q8TAK6,Q9WUQ3,9.578999999999999e-136,nontox,nontox
Q8TB37,Q9V9M8,1.8060000000000002e-69,nontox,nontox
Q8TBC5,A6QPT6,1.7630000000000002e-31,nontox,nontox
Q8TBG4,Q5E9S4,7.207e-300,nontox,nontox
Q8TBZ2,Q69CM7,0.0,nontox,nontox
Q8TBZ6,Q3MHI8,1.219e-180,nontox,nontox
Q8TCT7,Q3TD49,1.362e-287,nontox,nontox
Q8TCX1,Q32KV4,8.987000000000001e-211,nontox,nontox
Q8TD08,Q80Y86,2.6379999999999997e-235,nontox,nontox
Q8TD43,Q9NZQ8,2.668e-287,nontox,nontox
Q8TDB6,Q3UIR3,1.9649999999999998e-255,nontox,nontox
Q8TDC0,Q8R4E4,1.357e-109,nontox,nontox
Q8TDR0,Q5XIN3,2.065e-281,nontox,nontox
Q8TE57,Q8TE60,0.0,nontox,nontox
Q8TE68,Q8R5F8,0.0,nontox,nontox
Q8TE77,Q5XIS1,0.0,nontox,nontox
Q8TE99,Q66H78,5.109999999999999e-299,nontox,nontox
Q8TEA8,F1QGC8,1.387e-93,nontox,nontox
Q8TEK3,Q8INR6,3.518e-106,nontox,nontox
Q8TER0,Q5ZQU0,0.0,nontox,nontox
Q8TF65,Q498D9,4.552e-166,nontox,nontox
Q8TF71,Q3U9N9,1.2449999999999999e-278,nontox,nontox
Q8UVK2,Q7KZ85,0.0,nontox,nontox
Q8UVQ4,Q86T24,2.9039999999999998e-204,nontox,nontox
Q8VBT0,Q0Z7W6,2.246e-130,nontox,nontox
Q8VBX1,Q9Y5X9,1.279e-263,nontox,nontox
Q8VC69,Q9TSY7,8.136e-315,nontox,nontox
Q8VCA5,Q9NRS4,6.692999999999999e-233,nontox,nontox
Q8VCH2,Q6SJQ5,3.036e-81,nontox,nontox
Q8VCM7,P02679,1.1819999999999998e-249,nontox,nontox
Q8VD53,Q568I2,2.353e-64,nontox,nontox
Q8VDD9,A2AHJ4,0.0,nontox,nontox
Q8VDW0,Q27268,4.653e-233,nontox,nontox
Q8VEI3,O43820,1.886e-225,nontox,nontox
Q8VHG2,Q9D4H4,8.822000000000001e-209,nontox,nontox
Q8VHY0,Q684R7,1.269e-58,nontox,nontox
Q8VI64,Q8TDB4,2.597e-51,nontox,nontox
Q8VIB5,Q9BZE3,2.993e-85,nontox,nontox
Q8VID6,O76074,1.3760000000000002e-184,nontox,nontox
Q8VIG6,Q9BWF2,1.141e-231,nontox,nontox
Q8VIM0,P0C0K5,2.0419999999999998e-135,nontox,nontox
Q8VIM4,Q8R2H3,4.435e-176,nontox,nontox
Q8WML4,P15941,6.594e-125,nontox,nontox
Q8WNV7,Q9BTZ2,2.9279999999999998e-146,nontox,nontox
Q8WP19,Q6ZZY0,0.0,nontox,nontox
Q8WQL7,Q9V3D5,9.125e-76,nontox,nontox
Q8WTQ1,Q8NET1,0.01201,nontox,nontox
Q8WU67,Q96SE0,4.151e-113,nontox,nontox
Q8WUI4,Q8C2B3,0.0,nontox,nontox
Q8WV16,Q58DC2,3.444e-272,nontox,nontox
Q8WV28,Q9YGC1,1.952e-135,nontox,nontox
Q8WVD5,Q6IV56,5.619e-114,nontox,nontox
Q8WVJ2,Q503C8,1.423e-07,nontox,nontox
Q8WVP5,A5PK29,7.978e-96,nontox,nontox
Q8WVV5,Q7KYR7,1.302e-264,nontox,nontox
Q8WVV9,Q00438,2.266e-45,nontox,nontox
Q8WWV3,Q7T3C7,7.641999999999999e-179,nontox,nontox
Q8WXE1,Q9P246,0.7847,nontox,nontox
Q8WXF3,Q8HY17,1.036e-58,nontox,nontox
Q8WXH4,Q9D1A4,4.278e-108,nontox,nontox
Q8WXS3,Q8WNE9,6.331e-77,nontox,nontox
Q8WXS8,O15072,0.0,nontox,nontox
Q8WYR4,Q1JPG1,2.5569999999999996e-22,nontox,nontox
Q8WZA9,Q6NXR0,1.091e-07,nontox,nontox
Q90935,Q99574,1.286e-216,nontox,nontox
Q90WJ8,Q02988,4.899e-25,nontox,nontox
Q90WR8,Q01714,4.0830000000000005e-122,nontox,nontox
Q90XE6,Q60793,6.3560000000000004e-49,nontox,nontox
Q90Z72,Q16649,1.008e-232,nontox,nontox
Q91147,P18461,0.0,nontox,nontox
Q91428,P23773,2.362e-199,nontox,nontox
Q91604,Q0GGW5,7.85e-236,nontox,nontox
Q91618,Q99640,2.839e-137,nontox,nontox
Q91713,O57472,0.0,nontox,nontox
Q91743,Q91288,0.0,nontox,nontox
Q91783,P52732,0.0,nontox,nontox
Q91813,Q28EM7,3.1979999999999996e-133,nontox,nontox
Q91V10,Q9NZR4,7.0580000000000005e-155,nontox,nontox
Q91V26,Q9NYA1,3.3519999999999997e-202,nontox,nontox
Q91VA3,A6NHC0,0.0,nontox,nontox
Q91VT1,Q32KY9,4.063e-132,nontox,nontox
Q91VZ6,Q8IYB5,1.7429999999999998e-249,nontox,nontox
Q91WA1,Q6DBR4,1.753e-66,nontox,nontox
Q91WA6,Q9H0F6,3.4529999999999997e-175,nontox,nontox
Q91WD7,Q5ZLK6,7.842e-143,nontox,nontox
Q91WU6,Q6DHI1,2.468e-163,nontox,nontox
Q91WW7,Q2KI18,9.446e-102,nontox,nontox
Q91XA9,Q9BZP6,2.425e-266,nontox,nontox
Q91XF4,Q9VI20,1.779e-46,nontox,nontox
Q91XS1,Q7ZXF1,0.0,nontox,nontox
Q91Y13,Q9UN72,0.0,nontox,nontox
Q91YE3,Q9H6Z9,7.481e-96,nontox,nontox
Q91YE9,Q96P26,1.02e-238,nontox,nontox
Q91Z79,Q13136,0.0,nontox,nontox
Q91ZF0,Q6P3W2,2.625e-83,nontox,nontox
Q91ZP3,Q14693,0.0,nontox,nontox
Q91ZQ5,Q8AXN9,0.0,nontox,nontox
Q91ZR2,Q96RF0,6.74e-304,nontox,nontox
Q91ZS3,Q9BRK5,1.536e-195,nontox,nontox
Q91ZV0,Q96RT6,1.2889999999999998e-284,nontox,nontox
Q91ZV4,Q70VZ7,5.53e-178,nontox,nontox
Q91ZV8,E7FBY6,0.0,nontox,nontox
Q92008,Q90419,3.923e-194,nontox,nontox
Q92036,P54707,0.0,nontox,nontox
Q92050,P33945,1.901e-212,nontox,nontox
Q92058,P83456,4.553e-236,nontox,nontox
Q920A0,Q9UBM4,1.8e-140,nontox,nontox
Q920C1,Q90ZD5,2.2539999999999997e-249,nontox,nontox
Q920N2,Q76L83,0.1347,nontox,nontox
Q92187,O35696,3.8149999999999996e-135,nontox,nontox
Q921I1,P12346,0.0,nontox,nontox
Q922K7,P46087,0.0,nontox,nontox
Q922R0,P51817,5.65e-185,nontox,nontox
Q922S8,Q99661,0.0,nontox,nontox
Q923B6,Q687X5,5.302e-256,nontox,nontox
Q923E4,Q9VK34,9.027000000000001e-124,nontox,nontox
Q924A4,Q1RMJ9,9.114000000000001e-42,nontox,nontox
Q924B5,Q9JMI7,2.472e-121,nontox,nontox
Q9Y2C2,O93336,2.418e-38,nontox,nontox
Q9Y2C5,Q5NCM1,3.2599999999999997e-261,nontox,nontox
Q9Y2C9,Q704V6,0.0,nontox,nontox
Q9Y2D2,O16658,2.768e-106,nontox,nontox
Q9Y2G2,Q5RAV7,7.068e-254,nontox,nontox
Q9Y2I6,G9G127,1.608e-176,nontox,nontox
Q9Y2J0,P47708,0.0,nontox,nontox
Q9Y2J2,Q9WV92,0.0,nontox,nontox
Q9Y2K2,Q6P4S6,0.0,nontox,nontox
Q9Y2L1,Q17632,1.413e-235,nontox,nontox
Q9Y2P5,O35488,1.089e-177,nontox,nontox
Q9Y2R0,Q9D2R6,2.278e-48,nontox,nontox
Q9Y2T7,Q9Z2C8,9.005e-192,nontox,nontox
Q9Y2U8,Q9WU40,0.0,nontox,nontox
Q9Y2X7,Q14161,4.006e-307,nontox,nontox
Q9Y315,G1T469,0.3266,nontox,nontox
Q9VJ79,O76074,5.2e-208,nontox,nontox
Q9VJJ7,P48994,3.9530000000000003e-280,nontox,nontox
Q9VKA5,Q9VM08,8.848e-07,nontox,nontox
Q9VKJ3,Q12769,6.393e-152,nontox,nontox
Q9VKJ9,Q5T0F9,1.48e-113,nontox,nontox
Q9VKK2,Q6PJI9,3.754e-161,nontox,nontox
Q9VKU7,Q9UGJ1,2.2860000000000002e-64,nontox,nontox
Q9VM64,Q9BWV1,1.7990000000000002e-26,nontox,nontox
Q9VMG0,Q9I8W5,0.007308,nontox,nontox
Q9VMW9,Q8K0C9,4.973e-172,nontox,nontox
Q9VN25,Q6PCR7,8.978999999999999e-243,nontox,nontox
Q9VN45,A0JNJ3,2.1210000000000002e-31,nontox,nontox
Q9VNH1,Q8K3A9,1.6640000000000002e-58,nontox,nontox
Q9VNJ5,Q6R5J2,1.827e-158,nontox,nontox
Q9VPF0,P12024,2.262e-58,nontox,nontox
P82809,Q8VC28,2.2250000000000001e-178,nontox,nontox
P82922,P01027,0.777,nontox,nontox
P83102,Q4V8A3,7.697999999999999e-175,nontox,nontox
P83487,P81558,1.365e-101,nontox,nontox
P83704,E2RAK7,6.979000000000001e-34,nontox,nontox
P83706,E7EAU8,11.79,nontox,nontox
P84217,P56692,4.6719999999999996e-45,nontox,nontox
P84337,Q49GP3,3.316,nontox,nontox
P85056,P82871,0.0001433,nontox,nontox
P85082,P84652,4.887e-80,nontox,nontox
Q99NH8,Q9NZC2,1.426e-90,nontox,nontox
Q99NI4,Q8NFU5,9.659e-226,nontox,nontox
Q99P21,Q8R5G2,4.522e-307,nontox,nontox
Q99P72,Q9NQC3,0.0,nontox,nontox
Q99PD2,Q9CQE0,6.446000000000001e-129,nontox,nontox
Q99PG0,Q9QZH8,1.0359999999999999e-228,nontox,nontox
Q99PN0,Q92911,0.0,nontox,nontox
Q9BE52,Q19UN5,0.0,nontox,nontox
Q9BQD7,Q501J2,3.327e-116,nontox,nontox
Q9BQI3,P33279,0.0,nontox,nontox
Q9BR61,A2VDR2,5.678e-171,nontox,nontox
Q9BRJ2,Q9D0Q7,2.671e-168,nontox,nontox
Q9BRJ9,P97309,1.613e-75,nontox,nontox
Q9BRT2,Q6PBU7,8.777e-49,nontox,nontox
Q9BRV8,Q7T338,1.139e-47,nontox,nontox
Q9BRX8,Q6AXX6,3.405e-129,nontox,nontox
Q9BSE2,Q9D709,1.1e-208,nontox,nontox
Q9BSH5,Q9CYW4,3.3230000000000003e-128,nontox,nontox
Q9BSY9,Q5PQ09,7.9279999999999995e-112,nontox,nontox
Q9BT04,Q3B756,5.0429999999999996e-238,nontox,nontox
Q9BT56,D3Z752,1.95e-37,nontox,nontox
Q9BTE1,Q502J7,0.0002524,nontox,nontox
Q9BTT0,Q5F4A3,2.78e-115,nontox,nontox
Q9BTW9,C3KJE6,0.02638,nontox,nontox
Q9BUD6,Q9WV75,5.0109999999999995e-188,nontox,nontox
Q9BV36,Q91V27,1.944e-215,nontox,nontox
Q9BVC6,Q3UBX0,1.4519999999999999e-93,nontox,nontox
Q9BVW5,Q6DBR4,9.767000000000001e-65,nontox,nontox
Q9BW19,Q9QWT9,0.0,nontox,nontox
Q9BWD1,Q8CAY6,5.8150000000000005e-230,nontox,nontox
Q9BWE0,Q0VCC5,0.0,nontox,nontox
Q9BWV3,Q8BMD5,4.404e-304,nontox,nontox
Q9BWX5,Q3SZJ5,6.669e-193,nontox,nontox
Q9BX95,Q99P55,1.709e-226,nontox,nontox
Q9BXK5,Q6AYK4,0.0001041,nontox,nontox
Q9BXR6,P08603,3.576e-169,nontox,nontox
Q9BXU0,Q9CR81,1.321e-61,nontox,nontox
Q9BXW4,Q2HJ23,3.16e-38,nontox,nontox
Q9BXY4,Q5R328,3.867e-72,nontox,nontox
Q9BY78,Q7ZUL9,7.605e-07,nontox,nontox
Q9BY79,Q8K480,1.618e-274,nontox,nontox
Q9BY84,Q13202,4.417e-144,nontox,nontox
Q9BYE0,Q9HCC6,1.46e-14,nontox,nontox
Q9BYE9,E9Q7P9,0.0,nontox,nontox
Q9BYP7,Q80XP9,0.0,nontox,nontox
Q9BYQ7,Q9BQ66,6.92e-57,nontox,nontox
Q9BYR2,Q9BQ66,8.38e-99,nontox,nontox
Q9BYR5,Q9BQ66,1.402e-79,nontox,nontox
Q9BYS1,Q07627,2.0049999999999997e-94,nontox,nontox
Q9BYT1,Q8VCL5,9.059e-242,nontox,nontox
Q9BYU1,P41778,4.507e-152,nontox,nontox
Q9BYW3,Q9BEE3,6.87e-29,nontox,nontox
Q9BZ72,Q6ZPQ6,0.0,nontox,nontox
Q9BZ95,Q8BVE8,0.0,nontox,nontox
Q9BZE4,Q9V411,8.989000000000001e-225,nontox,nontox
Q9BZF2,Q9BZF3,1.294e-265,nontox,nontox
Q9BZF9,Q9GL21,0.0,nontox,nontox
Q9BZQ2,Q6GPE9,1.728e-58,nontox,nontox
Q9BZR8,Q6AYK4,3.339e-135,nontox,nontox
Q9BZW8,Q07763,2.116e-97,nontox,nontox
Q9C093,Q9R095,0.0,nontox,nontox
Q9C098,Q8BWQ5,2.594e-286,nontox,nontox
Q9C0B1,Q8BGW1,5.36e-307,nontox,nontox
Q9C0B2,Q3UY96,0.0,nontox,nontox
Q9C0E2,Q802D3,0.0,nontox,nontox
Q9C0I4,Q9UPZ6,0.0,nontox,nontox
Q9CQ26,O95630,1.7410000000000002e-234,nontox,nontox
Q9CQ37,Q32LD2,1.886e-92,nontox,nontox
Q9CQ70,Q5M8Q2,3.837e-37,nontox,nontox
Q9CRB3,Q06S87,6.637e-36,nontox,nontox
Q9CWE6,Q06VW1,3.815e-39,nontox,nontox
Q9CWF6,Q98SP7,0.0,nontox,nontox
Q9CWL2,Q86V15,0.0,nontox,nontox
Q9CWU5,Q587J8,9.793e-23,nontox,nontox
Q9CX80,Q575S9,1.89e-69,nontox,nontox
Q9CYN9,Q9VHG4,1.223e-25,nontox,nontox
Q9CZ16,Q5XGU1,3.387e-152,nontox,nontox
Q9CZK6,Q9ULJ7,4.0609999999999997e-23,nontox,nontox
Q9CZN7,P07511,7.029000000000001e-200,nontox,nontox
Q9CZR2,Q9Y3Q0,0.0,nontox,nontox
Q9CZT5,Q6EMK4,0.0,nontox,nontox
Q9D0F1,Q4R630,0.0,nontox,nontox
Q9D0L8,Q4R7K1,5.542e-227,nontox,nontox
Q9D1E8,Q9NUQ2,2.457e-204,nontox,nontox
Q9D244,P81649,1.148e-58,nontox,nontox
Q9D275,Q9NR55,1.0859999999999999e-51,nontox,nontox
Q9D2N8,Q8N3T1,0.0,nontox,nontox
Q9D2Z1,Q6UY09,1.16e-163,nontox,nontox
Q9D312,P25030,3.7619999999999996e-229,nontox,nontox
Q9D3U0,Q3MIT2,9.726e-306,nontox,nontox
Q9D4G2,O75031,3.644e-182,nontox,nontox
Q9D4I2,Q5TIA1,0.0,nontox,nontox
Q9D5A0,A0JPP4,5.3260000000000004e-160,nontox,nontox
Q9D5J6,Q9UHJ6,8.187e-280,nontox,nontox
Q9D659,Q9H7M9,1.041e-140,nontox,nontox
Q9D687,Q695T7,0.0,nontox,nontox
Q9D7Z6,Q6PT52,0.0,nontox,nontox
Q9D856,Q6ZMH5,2.844e-275,nontox,nontox
Q9D8C3,Q9NP73,0.0,nontox,nontox
Q9DAG9,Q7L622,7.071e-80,nontox,nontox
Q9DAH2,Q9VI20,4.609e-12,nontox,nontox
Q9DAM2,P62184,0.02321,nontox,nontox
Q9DAZ9,Q9VB70,6.303e-07,nontox,nontox
Q9DB50,Q9Y587,6.427e-30,nontox,nontox
Q9DBA6,Q2T9J0,1.382e-293,nontox,nontox
Q9DBD0,Q29545,0.0,nontox,nontox
Q9DBG9,Q4QQV1,5.5819999999999996e-52,nontox,nontox
Q9DBS1,Q9VSB9,3.756e-49,nontox,nontox
Q9DC33,Q5ZKF4,1.4079999999999998e-175,nontox,nontox
Q9DC60,Q5ZKS8,9.708e-164,nontox,nontox
Q9DCN1,Q4R7L8,8.536e-287,nontox,nontox
Q9DCR4,Q8N6I1,0.0001107,nontox,nontox
Q9DD03,P51153,5.953000000000001e-115,nontox,nontox
Q9DDA9,Q9WVE8,9.358e-249,nontox,nontox
Q9DDD7,Q68FA4,1.8419999999999998e-73,nontox,nontox
Q9DDT2,Q6ZUJ8,0.0,nontox,nontox
Q9DE25,Q32NP8,3.7169999999999997e-237,nontox,nontox
Q9DG12,Q9HBZ2,0.0,nontox,nontox
Q9EP64,Q9PUU8,2.727e-57,nontox,nontox
Q9EPC2,Q5MK86,2.3350000000000003e-25,nontox,nontox
Q9EPF2,P50895,3.757e-60,nontox,nontox
Q9EPI2,Q9JJT2,5.588e-136,nontox,nontox
Q9EPK8,A0A1D5PXA5,0.0,nontox,nontox
Q9EPQ1,Q9EPW9,0.0,nontox,nontox
Q9EPU5,O75509,0.0,nontox,nontox
Q9EPV5,O14727,0.0,nontox,nontox
Q9EQC1,Q9H2F3,2.125e-220,nontox,nontox
Q9EQF4,F1M928,1.9429999999999998e-135,nontox,nontox
Q9EQG6,Q7T163,0.0,nontox,nontox
Q9EQL9,Q9H0F6,1.77e-171,nontox,nontox
Q9EQR2,Q9V778,1.6280000000000001e-211,nontox,nontox
Q9EQW6,Q90XB3,1.242e-130,nontox,nontox
Q9EQW7,Q12756,1.254e-174,nontox,nontox
Q9ER35,Q9H479,4.976e-186,nontox,nontox
Q9ER60,Q28371,0.0,nontox,nontox
Q9ERC5,Q2WGJ9,0.0,nontox,nontox
Q9ERE9,Q13387,0.0,nontox,nontox
Q9ERQ3,Q9NR83,1.204e-66,nontox,nontox
Q9ERS2,Q4R6H1,2.253e-80,nontox,nontox
Q9ES00,Q09349,2.1e-102,nontox,nontox
Q9ES38,O35488,6.336e-168,nontox,nontox
Q9ES57,Q9ES58,1.931e-143,nontox,nontox
Q9ES72,P19336,2.397e-202,nontox,nontox
Q9ES88,Q13183,3.419e-294,nontox,nontox
Q9ESN3,Q9HCN3,0.0,nontox,nontox
Q9ESQ4,Q9GZQ4,1.295e-206,nontox,nontox
Q9ESQ5,Q9NZQ8,6.662999999999999e-276,nontox,nontox
Q9ESV1,Q86V48,0.0,nontox,nontox
Q9ESX2,Q64HY5,2.482e-70,nontox,nontox
Q9GJU1,O73810,1.065e-214,nontox,nontox
Q9GKL7,O97952,0.0,nontox,nontox
Q9GL24,Q28944,1.679e-204,nontox,nontox
Q9GLE5,Q90611,0.0,nontox,nontox
Q9GYI4,Q9VD28,1.761e-126,nontox,nontox
Q9GZN4,Q9ER10,1.016e-155,nontox,nontox
Q9GZR1,A7MBJ2,3.099e-79,nontox,nontox
Q9GZT3,Q14103,1.121e-10,nontox,nontox
Q9GZT8,Q9NQ76,0.07758,nontox,nontox
Q9GZU5,P83503,1.018e-248,nontox,nontox
Q9GZV1,Q9TU71,3.187e-77,nontox,nontox
Q9GZW8,Q99N07,9.254000000000001e-35,nontox,nontox
Q9GZZ7,Q9JJT2,1.489e-82,nontox,nontox
Q9GZZ8,Q5BKF8,7.489,nontox,nontox
Q9H040,G3X912,3.468e-218,nontox,nontox
Q9H0C8,O62829,3.5229999999999995e-29,nontox,nontox
Q9H0H5,P40809,7.537e-49,nontox,nontox
Q9H0L4,Q8C7E9,0.0,nontox,nontox
Q9H0M4,Q6IR42,1.8750000000000001e-205,nontox,nontox
Q9H0T7,P35292,1.926e-95,nontox,nontox
Q9H1D9,P51123,1.745,nontox,nontox
Q9H1K0,Q80Y56,0.0,nontox,nontox
Q9H1M4,Q95LI0,3.037e-06,nontox,nontox
Q9H222,Q9DBM0,1.255e-67,nontox,nontox
Q9H228,Q9JKM5,4.21e-207,nontox,nontox
Q9H257,Q9EPY0,2.549e-282,nontox,nontox
Q9H2S1,Q9QYW1,4.473e-99,nontox,nontox
Q9H2S5,Q920M2,5.836e-194,nontox,nontox
Q9H2Y7,O88466,0.0,nontox,nontox
Q9H3M9,Q9CVD2,1.13e-134,nontox,nontox
Q9H3N8,Q91ZY1,2.954e-169,nontox,nontox
Q9H3P2,E9PVD1,2.563,nontox,nontox
Q9H3S1,Q62178,0.0,nontox,nontox
Q9H427,Q8R5I0,1.435e-141,nontox,nontox
Q9H477,P55262,5.984e-09,nontox,nontox
Q9H4B7,P09207,7.861000000000001e-256,nontox,nontox
Q9H4H8,A3KN19,9.548e-289,nontox,nontox
Q9H4I2,Q9UKY1,8.0009999999999995e-140,nontox,nontox
Q9H4W6,Q07802,0.0,nontox,nontox
Q9H5V8,Q8CHN8,0.007374,nontox,nontox
Q9H6E5,Q4KMD7,3.125e-133,nontox,nontox
Q9H6I2,Q61473,1.426e-227,nontox,nontox
Q9H6L4,Q3UJZ3,1.231e-107,nontox,nontox
Q9H790,A2VDX7,3.769e-195,nontox,nontox
Q9H7B4,Q5RGL7,2.598e-62,nontox,nontox
Q9H7P9,Q6KAU7,0.0,nontox,nontox
Q9H7X3,Q9XSR1,3.845e-102,nontox,nontox
Q9H869,Q535K8,4.079e-320,nontox,nontox
Q9H8Y5,Q66H85,0.0,nontox,nontox
Q9H992,Q5XI50,0.0,nontox,nontox
Q9H9Q4,Q6AYI4,6.119e-141,nontox,nontox
Q9H9Y6,O54888,0.0,nontox,nontox
Q9HAU0,B6RSP1,5.611e-120,nontox,nontox
Q9HAU4,Q9V853,7.2260000000000006e-270,nontox,nontox
Q9HB55,P24462,5.178e-244,nontox,nontox
Q9HB71,Q2KIK0,7.398e-07,nontox,nontox
Q9HBG7,Q9UIB8,1.176e-32,nontox,nontox
Q9HBJ7,Q9BXU7,2.503e-217,nontox,nontox
Q9HC78,Q96K62,1.48e-83,nontox,nontox
Q9HCC0,Q3ULD5,0.0,nontox,nontox
Q9HCE1,Q5ZKD7,1.343e-268,nontox,nontox
Q9HCE6,O15013,6.821999999999999e-291,nontox,nontox
Q9HCE9,Q4V8U5,1.614e-75,nontox,nontox
Q9HCM2,Q6BEA0,0.0,nontox,nontox
Q9HCN6,P0C191,6.883e-130,nontox,nontox
Q9HD34,Q8K215,8.455e-46,nontox,nontox
Q9HD89,Q99P86,2.477e-25,nontox,nontox
Q9I8X5,O43255,1.741e-183,nontox,nontox
Q9IA88,Q60670,1.6e-322,nontox,nontox
Q9IAL8,O60721,1.726e-216,nontox,nontox
Q9IBD0,Q5F3T7,2.011e-267,nontox,nontox
Q9JHG7,P42336,2.7659999999999998e-164,nontox,nontox
Q9JHI9,Q9I9R3,4.312e-238,nontox,nontox
Q9JHQ5,Q5RBR4,2.466e-164,nontox,nontox
Q9JHS2,Q9Y2N7,0.0,nontox,nontox
Q9JI03,P13942,0.0,nontox,nontox
Q9JI39,B2GUP8,1.278e-133,nontox,nontox
Q9JI57,Q9UHL9,0.0,nontox,nontox
Q9JI59,P57087,5.772e-141,nontox,nontox
Q9JI61,O95237,3.562e-99,nontox,nontox
Q9JI70,Q9NPJ1,2.219e-300,nontox,nontox
Q9JII1,Q9VTW2,1.093e-92,nontox,nontox
Q9JIK1,Q8VHF2,0.0,nontox,nontox
Q9JIM0,Q9IAM7,4.998e-320,nontox,nontox
Q9JIP3,Q9NRM6,7.748e-248,nontox,nontox
Q9JIP4,Q96RD7,5.737e-242,nontox,nontox
Q9JIS1,Q9UQ26,0.0,nontox,nontox
Q9JIW5,O15198,3.2879999999999996e-286,nontox,nontox
Q9JIX3,Q1KZG4,5.228e-86,nontox,nontox
Q9JIX9,Q14296,3.0299999999999996e-308,nontox,nontox
Q9JJ61,Q96FL9,1.778e-201,nontox,nontox
Q9JJF2,Q9DA32,4.083e-62,nontox,nontox
Q9JJG0,O75410,3.842e-74,nontox,nontox
Q9JJS0,Q5G872,0.0,nontox,nontox
Q9JJW5,Q5R6I2,1.0880000000000001e-156,nontox,nontox
Q9JJX6,Q99571,5.148e-233,nontox,nontox
Q9JJY4,Q9UHI6,0.0,nontox,nontox
Q9JK24,Q6DJ05,2.008e-254,nontox,nontox
Q9JK25,Q922J3,0.0,nontox,nontox
Q9JKA9,Q9TV66,0.0,nontox,nontox
Q9JKC8,P53677,5.882000000000001e-246,nontox,nontox
Q9JKD9,Q9Y2Y4,4.9909999999999995e-204,nontox,nontox
Q9JKE1,Q9JKE2,4.001e-21,nontox,nontox
Q9JL26,Q6NXC0,0.0,nontox,nontox
Q9JL35,P82970,9.433e-34,nontox,nontox
Q9JL99,Q9P126,2.493e-93,nontox,nontox
Q9JLI7,C1JZ66,6.095e-17,nontox,nontox
Q9JLI8,Q5REG1,0.0,nontox,nontox
Q9JLV1,O95817,4.228e-297,nontox,nontox
Q9JLV6,Q96T60,2.262e-284,nontox,nontox
Q9JM52,P83510,0.0,nontox,nontox
Q9JM54,Q13794,1.994e-12,nontox,nontox
Q9JM73,Q24535,3.864e-50,nontox,nontox
Q9MYV3,P16612,5.262e-114,nontox,nontox
Q9N2I1,Q9TV13,3.369e-202,nontox,nontox
Q9N2I7,P27487,0.0,nontox,nontox
Q9N2L7,P34331,1.6100000000000001e-282,nontox,nontox
Q9N2Z7,Q9Y0H4,3.6109999999999996e-278,nontox,nontox
Q9N3B0,P14635,6.841,nontox,nontox
Q9N3Z3,Q6DE87,3.01e-89,nontox,nontox
Q9N491,Q96L58,8.98e-74,nontox,nontox
Q9N4H4,P09874,2.021e-143,nontox,nontox
Q9N4X8,P46426,4.9769999999999995e-51,nontox,nontox
Q9N589,A6QLT4,2.129e-154,nontox,nontox
Q9N5M6,Q20757,1.628e-95,nontox,nontox
Q9N5S3,Q6P5C7,1.7850000000000003e-20,nontox,nontox
Q9NDH7,Q765H6,1.979e-102,nontox,nontox
Q9NFT7,P17710,2.01e-119,nontox,nontox
Q9NHC3,Q9XYM0,1.174e-38,nontox,nontox
Q9NJ98,Q9NL89,3.035e-204,nontox,nontox
Q9NLA1,Q86ME2,4.0700000000000005e-26,nontox,nontox
Q9NLA3,P91753,2.7100000000000002e-64,nontox,nontox
Q9NNX1,P27628,2.311e-211,nontox,nontox
Q9NP87,Q9JIW4,8.061e-243,nontox,nontox
Q9NP94,Q6QQT1,4.183e-50,nontox,nontox
Q9NPA3,Q6P7D5,4.436e-108,nontox,nontox
Q9NPB3,Q9JLK4,4.587e-120,nontox,nontox
Q9NPC4,Q9JI93,1.002e-194,nontox,nontox
Q9NPD8,Q32LD2,4.8520000000000005e-102,nontox,nontox
Q9NPF2,Q8NET6,6.752e-95,nontox,nontox
Q9NPR9,Q8BUV8,1.925e-155,nontox,nontox
Q9NQ36,Q5G872,0.0,nontox,nontox
Q9NQC1,Q6ZQF7,0.0,nontox,nontox
Q9NQV5,Q96EQ9,1.524e-43,nontox,nontox
Q9NR00,Q9D7H4,0.0006911,nontox,nontox
Q9NR23,Q07104,9.524e-167,nontox,nontox
Q9NR30,Q9JIK5,0.0,nontox,nontox
Q9NR33,P70353,8.881e-12,nontox,nontox
Q9NRA1,Q8CI19,1.984e-205,nontox,nontox
Q9NRB3,Q9H2A9,2.988e-49,nontox,nontox
Q9NRE1,P79227,1.152e-60,nontox,nontox
Q9NRF2,Q9Z200,9.116000000000001e-102,nontox,nontox
Q9NRG0,Q9JKP8,1.529e-55,nontox,nontox
Q9NRG1,P09383,5.346e-58,nontox,nontox
Q9NRG9,Q9W351,7.627e-52,nontox,nontox
Q9NRH2,Q8VDU5,0.0,nontox,nontox
Q9NRJ3,Q9JIL2,2.659e-38,nontox,nontox
Q9NRJ4,Q9P2L0,6.244e-37,nontox,nontox
Q9NRK6,B2GUP8,1.516e-131,nontox,nontox
Q9NRQ2,P58196,2.72e-180,nontox,nontox
Q9NRR8,O08816,0.01645,nontox,nontox
Q9NRW4,Q566R7,7.258e-76,nontox,nontox
Q9NS84,Q9EP78,7.165e-274,nontox,nontox
Q9NSB2,Q99M73,2.781e-292,nontox,nontox
Q9NSE4,P41252,2.542e-79,nontox,nontox
Q9NST1,Q2KI18,1.2339999999999998e-103,nontox,nontox
Q9NUD5,Q3T0Q6,2.185e-07,nontox,nontox
Q9NUH8,Q9P0S9,3.646e-49,nontox,nontox
Q9NUK0,F2Z3T4,1.722e-148,nontox,nontox
Q9NUN5,Q5ZI05,6.225e-286,nontox,nontox
Q9NUQ3,Q8BHN1,2.24e-278,nontox,nontox
Q9NV12,Q5M826,1.427e-75,nontox,nontox
Q9NV92,Q9BT67,2.1360000000000002e-65,nontox,nontox
Q9NVE5,Q8BWR4,0.0,nontox,nontox
Q9NVH1,Q0III6,1.783e-16,nontox,nontox
Q9NVL8,Q56TT9,26.43,nontox,Long (4 C-C) scorpion toxin superfamily
Q9NVW2,Q07G42,8.023e-216,nontox,nontox
Q9NW13,Q8R3C6,1.388e-16,nontox,nontox
Q9NW97,P23348,2.218,nontox,nontox
Q9NWF9,P58283,0.0,nontox,nontox
Q9NWN3,Q80XI1,0.0,nontox,nontox
Q9NWR8,Q810S1,3.688e-151,nontox,nontox
Q9NWT1,Q5EA99,9.644999999999999e-215,nontox,nontox
Q9NWT8,E9PY61,8.389,nontox,nontox
Q9NWZ3,Q8R4K2,3.429e-253,nontox,nontox
Q9NX55,O15069,0.002717,nontox,nontox
Q9NX65,Q8IWY8,8.758e-153,nontox,nontox
Q9NX94,Q8BGW2,7.174e-200,nontox,nontox
Q9NXE8,Q9DBF7,1.516e-213,nontox,nontox
Q9NXI6,Q9D241,2.902e-89,nontox,nontox
Q9NXV6,Q5U2X0,6.501e-278,nontox,nontox
Q9NY33,Q1JQC5,0.1047,nontox,nontox
Q9NY61,Q9JKX4,3.231e-258,nontox,nontox
Q9NYK5,Q9VUJ0,2.473e-63,nontox,nontox
Q9NYL2,D3ZG83,2.576e-59,nontox,nontox
Q9NYP9,A5D7N9,4.273e-113,nontox,nontox
Q9NYW0,Q9JKT9,2.482e-97,nontox,nontox
Q9NYW5,Q9JKT3,9.869999999999999e-114,nontox,nontox
Q9NYX4,P58821,3.6980000000000003e-106,nontox,nontox
Q9NZ08,Q9EQH2,0.0,nontox,nontox
Q9NZ42,Q86BE9,1.016e-38,nontox,nontox
Q9NZ43,Q9CQ56,1.065e-132,nontox,nontox
Q9NZD2,Q63ZQ3,1.9209999999999999e-103,nontox,nontox
Q9NZJ5,Q9Z1Z1,0.0,nontox,nontox
Q9NZN9,Q9JLG9,4.4409999999999995e-198,nontox,nontox
Q9NZP8,Q3UZ09,1.2719999999999999e-233,nontox,nontox
Q9NZV5,Q01H84,3.567e-240,nontox,nontox
Q9NZW4,P97399,1.032e-114,nontox,nontox
Q9P0L0,A2VDZ9,3.616e-91,nontox,nontox
Q9P0P8,Q9CQF4,2.074e-112,nontox,nontox
Q9P0S2,Q9I8S4,4.189,nontox,nontox
Q9P0U4,Q9W352,1.475e-107,nontox,nontox
Q9P1A6,P97837,0.0,nontox,nontox
Q9P1T7,Q8BX65,9.564e-125,nontox,nontox
Q9P1U0,Q1RMP0,6.253e-73,nontox,nontox
Q9P202,Q80VW5,0.0,nontox,nontox
Q9P206,Q8CAF4,0.0008263,nontox,nontox
Q9P219,Q4QRL3,3.122e-100,nontox,nontox
Q9P278,Q80TD3,0.0,nontox,nontox
Q9P2D0,Q6ZPR6,0.0,nontox,nontox
Q9P2E3,Q92900,9.537e-30,nontox,nontox
Q9P2E5,Q8IZ52,1.271e-265,nontox,nontox
Q9P2E7,O14917,6.64e-244,nontox,nontox
Q9P2G4,Q8BJS7,3.571e-202,nontox,nontox
Q9P2G9,G5ED84,6.909e-151,nontox,nontox
Q9P2M1,Q6IND7,9.217e-124,nontox,nontox
Q9P2W1,O35047,7.718e-117,nontox,nontox
Q9P2Y4,Q6IQX8,0.0,nontox,nontox
Q9P2Y5,Q8K245,0.0,nontox,nontox
Q9PTF3,A2VD68,1.655e-81,nontox,nontox
Q9PUF6,P16234,0.0,nontox,nontox
Q9QUG3,Q9GK16,6.866e-84,nontox,nontox
Q9QUJ7,Q5R668,4.1e-319,nontox,nontox
Q9QUK3,Q9UBY8,3.468e-163,nontox,nontox
Q9QUS1,Q8MIM3,4.9179999999999994e-179,nontox,nontox
Q9QWH1,Q8IXK0,0.0,nontox,nontox
Q9QX15,Q2TU62,3.845e-295,nontox,nontox
Q9QXA6,P82251,3.4839999999999997e-279,nontox,nontox
Q9QXH4,P20702,0.0,nontox,nontox
Q9QXJ1,Q92870,6.873e-181,nontox,nontox
Q9QXL1,G5EGS3,1.7259999999999998e-228,nontox,nontox
Q9QXU7,Q863H5,2.557e-55,nontox,nontox
Q9QXX8,Q9WV48,0.03573,nontox,nontox
Q9QYM8,Q9H3R5,1.4349999999999998e-82,nontox,nontox
Q9QZ59,Q9Y5R6,6.321e-187,nontox,nontox
Q9QZR6,Q9UHD8,8.298e-316,nontox,nontox
Q9QZT3,P0DP54,3.108e-44,nontox,Phospholipase family
Q9R0G6,Q06441,0.0,nontox,nontox
Q9R0G8,Q7Z2Y5,0.0,nontox,nontox
Q9R0H0,Q99424,2.036e-173,nontox,nontox
Q9R0K8,Q9N0T1,1.034e-34,nontox,nontox
Q9R0L1,Q5CZP2,4.431e-100,nontox,nontox
Q9R0M5,Q9H3S4,4.874e-149,nontox,nontox
Q9R0Q8,Q67EQ1,1.635e-132,nontox,nontox
Q9R1J8,Q8IVL5,4.7839999999999996e-213,nontox,nontox
Q9R1K5,Q5H7C0,5.914e-97,nontox,nontox
Q9R1P1,Q9XYN7,1.63e-90,nontox,nontox
Q9R1Q9,P40682,1.12e-240,nontox,nontox
Q9R1S9,P21741,1.096e-72,nontox,nontox
Q9R1V6,O75078,8.684e-271,nontox,nontox
Q9R207,Q9JIL9,0.0,nontox,nontox
Q9R226,Q920F3,2.66e-137,nontox,nontox
Q9TUI9,Q9R0R3,4.78e-23,nontox,nontox
Q9TV52,Q9Z1W8,0.0,nontox,nontox
Q9TV98,P50241,8.091e-161,nontox,nontox
Q9TVM2,Q6P5F9,0.0,nontox,nontox
Q9TW67,Q9JI78,6.3490000000000005e-87,nontox,nontox
Q9TYT3,P98083,7.255999999999999e-22,nontox,nontox
Q9TZ70,Q9UH92,4.626e-11,nontox,nontox
Q9TZP5,G5ECW5,4.643e-69,nontox,nontox
Q9U1S7,Q4GZT3,2.681e-120,nontox,nontox
Q9U298,P48180,1.84e-110,nontox,nontox
Q9U2H1,Q6AXJ9,1.603e-129,nontox,nontox
Q9U2Q9,Q91757,1.04e-171,nontox,nontox
Q9U2X0,Q99873,1.755e-154,nontox,nontox
Q9U2Z2,Q95JD5,3.8910000000000003e-35,nontox,nontox
Q9U308,Q9UQB3,3.7939999999999997e-94,nontox,nontox
Q9U325,A4UTP7,7.444e-49,nontox,nontox
Q9U4H5,Q6DE06,3.3520000000000003e-56,nontox,nontox
Q9U6Y9,O14744,1.2710000000000001e-132,nontox,nontox
Q9U8W8,Q9U8W7,1.0940000000000001e-74,nontox,nontox
Q9UBD0,Q4G112,3.333e-14,nontox,nontox
Q9UBD5,Q5DJU3,0.0,nontox,nontox
Q9UBD9,P83714,1.6e-15,nontox,nontox
Q9UBH0,Q866R8,2.2070000000000003e-34,nontox,nontox
Q9UBK2,Q6NZN1,2.634e-46,nontox,nontox
Q9UBK5,Q9GJR5,8.8e-26,nontox,nontox
Q9UBK8,Q4JIJ2,0.0,nontox,nontox
P25931,G4WMX4,6.859e-99,nontox,nontox
P26186,P24528,9.989e-117,nontox,nontox
P26730,C0HKS4,2.814e-17,nontox,nontox
P26932,Q08093,5.865e-115,nontox,nontox
P27425,P09571,0.0,nontox,nontox
P27471,A4KWA1,3.227e-105,nontox,nontox
P27790,Q17RP2,1.011e-49,nontox,nontox
P27917,P02656,1.628e-28,nontox,nontox
P28173,Q06203,7.576e-289,nontox,nontox
P28317,P86867,3.328e-21,nontox,nontox
P28517,P15425,3.879e-124,nontox,nontox
P28518,P27089,7.901e-62,nontox,nontox
P28679,P28678,1.3500000000000002e-162,nontox,nontox
P28680,O61303,1.601e-157,nontox,nontox
P28774,P13637,0.0,nontox,nontox
Q6NTA4,Q63486,2.101e-195,nontox,nontox
Q6NV04,A1L0T0,2.105e-277,nontox,nontox
Q6NY74,Q01588,1.4839999999999999e-276,nontox,nontox
Q6NY82,Q9XVK5,9.722000000000001e-46,nontox,nontox
Q6NY88,Q58CS7,2.865e-108,nontox,nontox
Q6NYX6,Q5XGG5,2.9780000000000004e-244,nontox,nontox
Q6NZQ2,Q9H8H2,0.0,nontox,nontox
Q6P026,O75531,1.3169999999999998e-47,nontox,nontox
Q9PS30,P63152,2.096e-05,nontox,nontox
Q9PS36,Q9BDJ0,7.743e-47,nontox,nontox
Q9PSI9,Q1LWL8,7.117e-94,nontox,nontox
Q9PT26,P28065,8.752e-92,nontox,nontox
Q9PTU0,A5PKG8,1.403e-116,nontox,nontox
Q9PTU3,Q6GMY9,0.0,nontox,nontox
Q9PUI7,P56971,3.003e-268,nontox,nontox
Q9PUR1,Q91971,3.2469999999999996e-29,nontox,nontox
Q9PVX0,O42567,8.636e-130,nontox,nontox
Q9PWA1,O70521,4.003e-77,nontox,nontox
Q9QUL0,Q9QUN5,7.513e-74,nontox,nontox
Q9QXS4,Q9JIY8,6.383e-113,nontox,nontox
Q9QXT4,Q9QXT3,1.294e-103,nontox,nontox
Q9QXX2,Q7TSP4,3.5370000000000005e-58,nontox,nontox
Q9QXY9,Q5U405,2.879,nontox,nontox
P86722,,,nontox,
P86921,P84956,1.163,nontox,nontox
P87378,Q63768,6.708000000000001e-166,nontox,nontox
P91302,Q9EPV8,5.653e-37,nontox,nontox
P97347,Q07283,2.126e-20,nontox,nontox
P97376,O73747,3.024e-114,nontox,nontox
P97527,Q90W79,0.0,nontox,nontox
P97592,P21812,6.115000000000001e-106,nontox,nontox
P97707,Q06432,6.383000000000001e-122,nontox,nontox
P97762,Q9DA19,0.00397,nontox,nontox
P97805,Q96BQ1,1.007e-106,nontox,nontox
P98121,P98119,6.987000000000001e-258,nontox,nontox
P98140,O97507,0.0,nontox,nontox
P98154,O75197,1.052e-10,nontox,nontox
Q9Y5I7,Q3B7N4,4.167e-17,nontox,nontox
Q9Y5J1,Q5SSI6,1.3169999999999999e-279,nontox,nontox
Q9Y5L2,Q9JLS0,3.531e-26,nontox,nontox
Q9Y5N5,Q6SKR2,3.814e-121,nontox,nontox
Q9Y5P3,A7XYH5,1.653e-24,nontox,nontox
Q9Y5P6,Q68EQ1,2.201e-202,nontox,nontox
Q9Y5Q0,Q9JJE7,3.338e-279,nontox,nontox
Q9Y5W3,Q60843,1.4069999999999999e-203,nontox,nontox
Q9Y5X1,Q8WV41,2.942e-99,nontox,nontox
Q9Y5Y0,Q9N1F2,8.789999999999999e-308,nontox,nontox
Q9Y613,Q2V2M9,7.342e-282,nontox,nontox
Q9Y6B2,Q8N6I1,1.871e-05,nontox,nontox
Q9Y6D5,D4A631,0.0,nontox,nontox
Q9Y6F1,E1BSI0,9.464e-191,nontox,nontox
Q9Y6G5,Q8JZY2,4.619000000000001e-109,nontox,nontox
Q9Y6I4,Q9H0E7,2.525e-61,nontox,nontox
Q9Y6K0,Q28H54,2.451e-238,nontox,nontox
Q9Y6K5,E9Q9A9,1.283e-180,nontox,nontox
Q9Y6R9,Q5ZJ07,2.8810000000000003e-69,nontox,nontox
Q9Y6U3,O93510,5.588e-305,nontox,nontox
Q9YGK2,Q04617,2.818e-70,nontox,nontox
Q9YGK5,Q04617,8.539999999999999e-73,nontox,nontox
Q9YGL9,O77696,0.0,nontox,nontox
Q9YGP1,D2YVI2,5.483999999999999e-60,nontox,nontox
Q9YH92,Q3B7N4,1.5040000000000002e-78,nontox,nontox
Q9YHE8,Q800Q5,2.126e-282,nontox,nontox
Q9Z0E1,Q8TC57,2.053e-239,nontox,nontox
Q9Z0E6,Q63663,0.0,nontox,nontox
Q9Z0F3,Q99M66,4.014e-83,nontox,nontox
Q9Z0H8,O42184,1.9330000000000002e-222,nontox,nontox
Q9Z0K8,Q9TSX8,3.22e-255,nontox,nontox
Q9Z0P5,Q6GMH3,1.109e-168,nontox,nontox
Q9Z0T6,Q9NTG1,0.0,nontox,nontox
Q9Z0Y8,O57483,3.681e-150,nontox,nontox
Q9Z0Z5,Q8WWT9,0.0,nontox,nontox
Q9Z126,P06765,1.0130000000000001e-36,nontox,nontox
Q9Z132,Q2MKA7,1.289e-144,nontox,nontox
Q9Z176,Q9Y5P8,2.217e-182,nontox,nontox
Q9Z186,Q9NQR9,3.902e-207,nontox,nontox
Q9Z1J2,P51957,0.0,nontox,nontox
Q9Z1K7,Q21227,1.41e-28,nontox,nontox
Q9Z1S0,O08901,3.399e-32,nontox,nontox
Q9Z1T4,Q6P9H4,4.754e-175,nontox,nontox
Q9Z1Y0,P62998,2.627e-62,nontox,nontox
Q9Z213,Q6R0H6,1.704e-237,nontox,nontox
Q9Z254,Q1JQD4,7.664999999999999e-125,nontox,nontox
Q9Z265,O61267,8.544e-91,nontox,nontox
Q9Z2A9,Q9QWE9,0.0,nontox,nontox
Q9Z2F2,Q5MYT9,4.765e-263,nontox,nontox
Q9Z2F5,P56545,1.514e-233,nontox,nontox
Q9Z2F6,P20749,1.092e-231,nontox,nontox
Q9Z2I0,O95202,0.0,nontox,nontox
Q9Z2I4,Q96MS0,0.0,nontox,nontox
Q9Z2P3,P23510,1.923e-43,nontox,nontox
Q9Z2Q3,Q12891,1.38e-263,nontox,nontox
Q9Z2R9,P33279,7.76e-322,nontox,nontox
Q9Z302,P18894,1.7480000000000002e-216,nontox,nontox
S6F527,Q9VYY9,1.6190000000000002e-162,nontox,nontox
U3JAG9,Q62036,6.849000000000001e-271,nontox,nontox
V6CIV8,Q16829,3.0249999999999996e-45,nontox,nontox
V6CJ04,P16568,1.296e-69,nontox,nontox
V9GXK1,H3BRN8,1.371e-48,nontox,nontox
W5PSH7,P25874,1.015e-165,nontox,nontox
X5M5N0,Q9JIH7,1.5790000000000002e-131,nontox,nontox
A0A078BQP2,E7EAU8,4.6510000000000005e-163,nontox,nontox
A0A0A6YY25,B2RXH4,0.0,nontox,nontox
A0A0K0IP23,P22085,5.456e-56,nontox,nontox
A0A0K0MJ13,Q01469,2.512e-52,nontox,nontox
A0A0M3U1B0,Q90WN7,8.972e-100,nontox,nontox
A0A0R4IQZ2,Q8IUH5,4.742e-186,nontox,nontox
A0A1B0GTB2,A2AHJ4,1.925,nontox,nontox
A0A1L8ER70,Q96M11,1.308e-24,nontox,nontox
A0A1L8F8I9,Q9HA92,7.159,nontox,nontox
A0A1L8FZ84,Q8BG31,0.04226,nontox,nontox
A0A1L8HYT7,A0A286YEC0,9.856999999999999e-135,nontox,nontox
A0A1S4GMU2,Q9UJU2,1.51,nontox,nontox
A0A219CMY0,P82286,8.582e-55,nontox,nontox
A0A2R8QHQ6,Q9D9J7,3.185e-22,nontox,nontox
A0A3Q1LFK7,H3BRN8,1.201e-65,nontox,nontox
A0A646QV53,Q5F371,0.09639,nontox,nontox
A0A678XMK4,Q5QNP2,1.798e-58,nontox,nontox
A0A8I6GJ95,Q9MYP6,5.369e-137,nontox,nontox
A0A8M1N5Y4,Q96JJ7,1.907e-140,nontox,nontox
A0JLY1,Q0VFZ6,5.587e-238,nontox,nontox
A0JMK6,C0HM54,1.006e-43,nontox,nontox
A0P8Z4,Q9PU65,1.416e-226,nontox,nontox
A0PC02,P25874,1.996e-165,nontox,nontox
A0PJZ3,Q810K9,3.897e-259,nontox,nontox
A0PK05,Q8C3K5,3.952e-151,nontox,nontox
A1A5V7,Q5FVN2,3.098e-129,nontox,nontox
A1BQQ5,O19010,2.545e-28,nontox,nontox
A1E2I5,Q9N0Y2,0.0,nontox,nontox
A1EGX6,Q4V7A4,6.14e-269,nontox,nontox
A1IKL2,P36991,3.887e-26,nontox,nontox
A1L1K7,Q5FVE4,0.0,nontox,nontox
A1XQY0,A1XQX8,0.0,nontox,nontox
A1YQ91,Q003G9,5.887999999999999e-125,nontox,nontox
A1Z746,Q6DIZ8,5.495e-124,nontox,nontox
A1Z9R4,Q2M1K9,4.6630000000000004e-108,nontox,nontox
A1ZA77,Q3SZZ5,1.688e-30,nontox,nontox
A2AKM2,Q5VWC8,1.109e-129,nontox,nontox
A2ALK8,P29074,5.127e-303,nontox,nontox
A2AQ14,O43482,8.135e-90,nontox,nontox
A2AWT3,B1PM81,6.460999999999999e-23,nontox,nontox
A2CI34,Q4VSN2,0.0,nontox,nontox
A2RU54,P42581,1.697e-40,nontox,nontox
A2VDF0,Q8R2K1,5.649000000000001e-78,nontox,nontox
A2VDW9,Q13422,3.7370000000000004e-159,nontox,nontox
A3KFF6,Q6ICG8,1.348e-107,nontox,nontox
A3KMI0,Q6P5D3,2.187e-177,nontox,nontox
A3KPR5,Q8NBI2,1.357e-82,nontox,nontox
A4FUG8,Q91WG2,5.707e-259,nontox,nontox
A4IG66,Q5SNT2,3.454e-198,nontox,nontox
A4IGY9,Q6YI93,0.0,nontox,nontox
A4IHK6,O75387,3.661e-192,nontox,nontox
A4UYK8,Q6R2X3,3.454e-152,nontox,nontox
A5WW08,Q810L3,9.194e-227,nontox,nontox
A6NDA9,Q6PFC5,6.334e-256,nontox,nontox
A6NND4,Q9H208,5.6810000000000005e-65,nontox,nontox
A6PWD2,B1AJZ9,0.0,nontox,nontox
A6QLI6,P07997,0.0,nontox,nontox
A6QNQ6,Q99708,0.0,nontox,nontox
A6QPI1,Q5R4D7,3.552e-244,nontox,nontox
A6QQ70,Q66K74,0.0,nontox,nontox
A7MBP4,Q1LZB4,2.576e-130,nontox,nontox
A8DY01,F1T154,3.143e-05,nontox,nontox
A8E4X8,Q9QXM1,0.0,nontox,nontox
A8E657,Q99K67,0.0,nontox,nontox
A8MQT2,P0DX52,6.170000000000001e-246,nontox,nontox
A8WFR0,Q9UJQ1,7.481e-98,nontox,nontox
A8WHR3,Q9BW85,9.624e-113,nontox,nontox
A8WPG9,Q23681,0.0,nontox,nontox
B0BN85,Q2KIK0,4.692e-192,nontox,nontox
B0FHH8,Q25481,3.618e-05,nontox,nontox
B0JYH6,A0A8M2B818,7.026e-185,nontox,nontox
B0R0D7,Q9WUM3,1.12e-248,nontox,nontox
B0XAA1,P13080,9.895000000000001e-292,nontox,nontox
B1A4F7,P0DRB8,0.0,nontox,nontox
B1AQ75,O76013,1.1819999999999998e-249,nontox,nontox
B2GV05,Q6DDU9,0.0,nontox,nontox
B2KKL4,D8X2C5,2.474e-264,nontox,nontox
B2MW54,P56972,0.05846,nontox,Long chain scorpion toxin family
B2RY71,Q8IWG1,0.0,nontox,nontox
B2RZC4,Q9CZJ6,4.125e-101,nontox,nontox
B3EWF7,Q6ZQT7,0.03882,nontox,nontox
B3EWR8,P83478,6.781e-67,nontox,nontox
B3IXK1,H2N2P1,6.25e-49,nontox,nontox
B3RFR8,Q6T6C2,6.792e-07,nontox,nontox
B3SP85,A6QPN6,3.066e-112,nontox,nontox
B3Y678,Q6Y1S1,1.354e-156,nontox,nontox
B5DF21,Q0IHW3,6.515e-318,nontox,nontox
B5DFC9,Q14112,0.0,nontox,nontox
B5KFD7,Q60760,8.648e-280,nontox,nontox
B6CKP4,Q6L6X6,7.804e-55,nontox,nontox
B6F1W5,Q0VC73,2.064e-77,nontox,nontox
B8JKF4,Q6DJ48,4.2879999999999997e-88,nontox,nontox
B9EJR8,Q86Y56,0.0,nontox,nontox
B9VR26,B1PHQ8,1.14e-204,nontox,nontox
C0HJE0,P02000,5.742e-78,nontox,nontox
C0HMA1,P27469,181.1,nontox,nontox
C3RT17,C3RT18,3.0689999999999996e-22,nontox,nontox
C3RT24,Q2UXR3,2.094e-09,nontox,nontox
C3VMW3,P56750,2.184e-123,nontox,nontox
C5IAW9,Q8IZJ1,0.0,nontox,nontox
C7T2J9,Q9WUP4,5.371000000000001e-193,nontox,nontox
C9D7C2,P91645,0.0,nontox,nontox
D0PRN4,D0PRN3,0.0,nontox,nontox
D3ZGP9,A6NNS2,1.158e-183,nontox,nontox
D3ZTX0,Q78IS1,6.782999999999999e-89,nontox,nontox
D4AE48,Q3TPJ7,8.199e-273,nontox,nontox
D5FM34,P98060,1.0130000000000001e-275,nontox,nontox
E1BP36,Q9D071,0.0,nontox,nontox
E1BUG7,Q68D10,4.454e-147,nontox,nontox
E1C656,Q8C863,7.985e-84,nontox,nontox
E7EKC4,Q1JS93,3.019e-17,nontox,nontox
E7F6T8,Q9BXU7,2.922e-110,nontox,nontox
E7FEV0,Q5ND34,0.0,nontox,nontox
E9P886,Q8CHB8,1.684e-94,nontox,nontox
E9PQX1,D3Z338,2.67e-48,nontox,nontox
E9PT23,Q5RC98,0.0,nontox,nontox
E9Q6D6,Q9NRM2,2.232e-263,nontox,nontox
E9Q6W4,Q8WUU4,5.392e-170,nontox,nontox
E9QHT9,Q96FX8,7.097e-46,nontox,nontox
F1LZF0,Q70JS2,1.036e-242,nontox,nontox
F1N2N9,Q96M63,9.753e-223,nontox,nontox
F1N7G5,Q96M91,3.011e-240,nontox,nontox
F1Q8W0,Q9CS00,1.532e-307,nontox,nontox
F1QWZ4,P34822,7.449e-87,nontox,nontox
F1R0H0,Q0P4G6,1.933e-140,nontox,nontox
F1R7R1,Q9UPR3,0.0,nontox,nontox
F1RRT2,P17209,1.291e-108,nontox,nontox
F1SS88,Q95JL5,0.0,nontox,nontox
F1T150,F1T149,4.293e-29,nontox,nontox
F2Z461,Q8IVU3,0.0,nontox,nontox
F2Z4R5,B0UY98,1.605e-115,nontox,nontox
G4VJD6,P00376,4.043e-40,nontox,nontox
G5EBM5,P48067,1.1089999999999999e-90,nontox,nontox
G5EDQ2,Q6TRW4,0.05962,nontox,nontox
G5EGI7,O44730,3.573e-13,nontox,nontox
G5EGQ2,O45526,1.3299999999999998e-23,nontox,nontox
G7PWZ3,G5EEL5,1.941e-16,nontox,nontox
I0CME7,C0HKM3,1.3299999999999999e-204,nontox,nontox
K7N5M6,P29628,1.5020000000000002e-78,nontox,nontox
M5A8F1,Q9UQF0,0.1096,nontox,nontox
O00534,Q99KC8,0.0,nontox,nontox
O01422,Q6IQT4,1.7339999999999998e-175,nontox,nontox
O01592,O45679,3.1619999999999998e-149,nontox,nontox
O01991,O00418,5.542e-138,nontox,nontox
O02164,A0A8C2M425,1.861e-19,nontox,nontox
O02649,Q9VMN5,6.09e-293,nontox,nontox
O02659,Q9XSW3,7.392999999999999e-94,nontox,nontox
O02666,P25100,7.128e-309,nontox,nontox
O02765,P23510,1.5019999999999999e-68,nontox,nontox
O09030,Q95LF0,3.989e-25,nontox,nontox
O09117,Q16563,7.352e-138,nontox,nontox
O12972,Q6KFX9,1.647e-146,nontox,nontox
O13035,P07602,4.045e-202,nontox,nontox
O13089,Q13422,4.5260000000000005e-225,nontox,nontox
O15403,B1AT66,9.047e-288,nontox,nontox
O15973,P09241,3.8540000000000003e-115,nontox,nontox
O16140,P15348,0.0,nontox,nontox
O18994,O46607,4.4879999999999996e-114,nontox,nontox
O19063,Q3T004,3.419e-111,nontox,nontox
O35215,A6NHG4,5.528999999999999e-41,nontox,nontox
O35296,Q60555,3.825e-208,nontox,nontox
O35893,Q99388,1.412e-56,nontox,nontox
O42099,P45983,7.012e-250,nontox,nontox
O42101,Q9QWM1,3.4579999999999997e-298,nontox,nontox
O42366,Q90423,2.113e-62,nontox,nontox
O42565,Q8QFP8,2.283e-321,nontox,nontox
O42602,P34998,8.948e-226,nontox,nontox
O45228,Q04499,2.836e-150,nontox,nontox
O45782,Q9D668,2.311e-34,nontox,nontox
O46098,Q8K215,1.413e-21,nontox,nontox
O46409,P06727,7.588000000000001e-172,nontox,nontox
O46516,Q5IFP1,1.1560000000000002e-199,nontox,nontox
O54873,Q12904,1.3120000000000002e-162,nontox,nontox
O55081,Q08999,0.0,nontox,nontox
O57429,Q2KHV7,6.133e-201,nontox,nontox
O57478,O42479,1.063e-219,nontox,nontox
O57486,P09838,7.461e-192,nontox,nontox
O57606,P22448,1.6809999999999998e-73,nontox,nontox
O60412,Q8NG98,6.7739999999999995e-133,nontox,nontox
O60732,Q9UBF1,2.633e-93,nontox,nontox
O61235,P90682,1.476e-231,nontox,nontox
O61491,O13127,3.7020000000000005e-162,nontox,nontox
O62139,O62137,0.0,nontox,nontox
O62416,O62415,9.593e-112,nontox,nontox
O70218,Q9NP08,1.7749999999999998e-171,nontox,nontox
O70252,P30519,4.4620000000000004e-182,nontox,nontox
O70280,Q8JG33,5.797e-76,nontox,nontox
O70291,P32298,2.7379999999999998e-294,nontox,nontox
O70570,P15083,0.0,nontox,nontox
O73753,Q90YC9,7.481e-79,nontox,nontox
O73895,O15533,3.4259999999999996e-47,nontox,nontox
O75437,A6NNF4,0.0,nontox,nontox
O75690,Q2TA51,1.036e-74,nontox,nontox
O75711,O88745,9.97e-48,nontox,nontox
O75820,Q8TAQ5,7.834999999999999e-215,nontox,nontox
O76358,O76357,3.762e-77,nontox,nontox
O76511,P07607,4.81e-135,nontox,nontox
O77638,P98201,0.0,nontox,nontox
O77762,P55030,9.253999999999999e-52,nontox,nontox
O88186,P14770,9.344000000000002e-78,nontox,nontox
O88492,Q5RAV8,3.148e-18,nontox,nontox
O88842,Q5R5T1,0.0,nontox,nontox
O88854,O43603,2.994e-200,nontox,nontox
O88910,A8KBF6,4.95e-186,nontox,nontox
O93484,P08123,0.0,nontox,nontox
O95620,Q6P1R4,6.37e-44,nontox,nontox
O97571,P35344,1.201e-172,nontox,nontox
O97972,Q5RFR7,7.376e-160,nontox,nontox
P00031,P00039,9.579e-54,nontox,nontox
P00171,P00172,3.284e-79,nontox,nontox
P00180,P00181,2.26e-286,nontox,nontox
P00258,P00257,1.499e-95,nontox,nontox
P00620,C3W4R6,1.302e-46,nontox,Phospholipase family
P00999,P26461,3.263e-39,nontox,nontox
P01099,P19103,4.5129999999999995e-73,nontox,nontox
P01103,P46200,0.0,nontox,nontox
P01227,Q6EV79,1.52e-70,nontox,nontox
P01263,P01258,4.6880000000000005e-25,nontox,nontox
P01342,P01335,4.131e-23,nontox,nontox
P01357,P05226,2.1870000000000002e-117,nontox,nontox
P01569,P01570,1.039e-91,nontox,nontox
P01743,P23083,4.546e-53,nontox,nontox
P01985,P01989,6.354e-82,nontox,nontox
P01993,P01980,5.082e-83,nontox,nontox
P02001,P08257,5.742e-78,nontox,nontox
P02051,P02036,3.0329999999999998e-89,nontox,nontox
P02080,P21380,2.227e-78,nontox,nontox
P02083,P02073,5.555e-79,nontox,nontox
P02092,P02094,2.7189999999999998e-81,nontox,nontox
P02210,P02211,2.1590000000000001e-78,nontox,nontox
P02350,P48153,1.4810000000000002e-122,nontox,nontox
P02505,P02502,3.8180000000000004e-98,nontox,nontox
P02515,P02516,1.106e-26,nontox,nontox
P02781,P02782,1.12e-22,nontox,nontox
P05013,P01563,1.4750000000000001e-87,nontox,nontox
P05025,P06685,0.0,nontox,nontox
P05377,P09479,1.52e-249,nontox,nontox
P05527,P02836,4.179e-52,nontox,nontox
P05552,Q922P8,1.762,nontox,nontox
P06315,P01593,7.823000000000001e-32,nontox,nontox
P06871,P00761,1.757e-131,nontox,nontox
P06908,P12842,1.047e-119,nontox,nontox
P06911,A2AJB7,2.7369999999999998e-83,nontox,nontox
P07164,Q8T6Z0,9.197e-86,nontox,nontox
P07469,P01376,3.213e-14,nontox,nontox
P07552,Q9CPX8,3.2069999999999995e-33,nontox,nontox
P07666,Q07964,9.141e-207,nontox,nontox
P07744,P19013,1.556e-238,nontox,nontox
P08937,Q99MG7,2.841e-59,nontox,nontox
P09380,B8A5I7,1.02e-67,nontox,nontox
P09421,B3EWD0,1.675e-86,nontox,nontox
P09793,P42072,3.862e-95,nontox,nontox
P0C010,Q9EP75,0.3879,nontox,nontox
P0C242,P22674,1.174e-180,nontox,nontox
P0C595,P0C591,2.6510000000000002e-120,nontox,nontox
P0C597,A4IHU7,1.457e-101,nontox,nontox
P0C7M3,Q6NRH3,0.6455,nontox,nontox
P0C7M7,Q80W40,0.0,nontox,nontox
P0C8R9,Q19T08,9.891e-55,nontox,nontox
P0CAT2,Q08CI8,3.081e-146,nontox,nontox
P0CG39,A0A0A6YYL3,2.3880000000000002e-275,nontox,nontox
P0CW23,Q9P0M2,0.0002368,nontox,nontox
P0DJH7,Q8C4X1,1.418e-24,nontox,nontox
P0DM55,Q98UI9,2.287e-12,nontox,nontox
P0DMJ5,C0HJF3,7.776e-36,nontox,Venom Kunitz-type family
P0DOC0,Q960N3,1.006e-19,nontox,nontox
P0DPT9,D6MKR0,4.16e-24,nontox,Phospholipase family
P0DQJ8,P0DQL0,1.619e-09,nontox,nontox
P0DQP8,Q8AYA2,2.281e-82,nontox,nontox
P0DQX4,Q91YL7,2.588,nontox,nontox
P0DTK0,P69846,0.5981,nontox,nontox
P0DXB8,A0A482WD11,1.045e-91,nontox,nontox
P10061,P11342,7.69e-82,nontox,nontox
P10078,Q8NHY6,0.0,nontox,nontox
P10119,P10118,1.252e-13,nontox,nontox
P10629,P14858,1.127e-131,nontox,nontox
P10888,Q9TTT8,2.305e-98,nontox,nontox
P10999,P11048,1.5409999999999999e-164,nontox,nontox
P11006,P05222,2.866e-12,nontox,nontox
P11012,Q7Z1E6,1.374e-154,nontox,nontox
P11034,P21812,3.306e-116,nontox,nontox
P11069,P02220,6.02e-29,nontox,nontox
P11510,P56657,1.147e-260,nontox,nontox
P11753,P01953,4.0279999999999996e-81,nontox,nontox
P11756,P68087,3.589e-84,nontox,nontox
P11956,Q94550,0.2927,nontox,nontox
P11996,P28514,0.0,nontox,nontox
P11997,P28514,0.0,nontox,nontox
P12020,Q03401,1.775e-110,nontox,nontox
P13273,P01989,4.9629999999999997e-73,nontox,nontox
P13666,Q8BH64,4.029e-62,nontox,nontox
P13698,P20033,1.7619999999999998e-88,nontox,nontox
P13705,P52701,5.818e-83,nontox,nontox
P14000,P50473,6.839e-268,nontox,nontox
P14287,P31096,3.8499999999999995e-88,nontox,nontox
P14388,Q7M2Y5,2.765e-88,nontox,nontox
P14523,P02004,3.481e-76,nontox,nontox
P14639,P49822,2.03e-322,nontox,nontox
P15164,P08257,5.235e-77,nontox,nontox
P15242,Q80UB0,1.058e-202,nontox,nontox
P15265,P0C667,895.8,nontox,Conotoxin family
P15307,Q04864,8.011e-277,nontox,nontox
P16014,O35314,0.0,nontox,nontox
P16215,P13749,3.247e-174,nontox,nontox
P16393,P20715,1.071e-319,nontox,nontox
P16641,O15992,6.478e-185,nontox,nontox
P16708,P46202,1.01e-214,nontox,nontox
P17141,O88553,0.0,nontox,nontox
P17247,Q38L25,8.69e-236,nontox,nontox
P17251,P12272,2.288e-63,nontox,nontox
P17326,P24798,0.0,nontox,nontox
P17719,P00376,1.58e-48,nontox,nontox
P18294,O15992,2.456e-172,nontox,nontox
P18468,P18211,8.172e-130,nontox,nontox
P18709,P02845,0.0,nontox,nontox
P18839,P11916,1.399e-54,nontox,nontox
P18947,Q90508,8.308e-34,nontox,nontox
P18981,P18974,3.6560000000000003e-56,nontox,nontox
Q9W751,P78337,6.0569999999999995e-151,nontox,nontox
Q9WTJ8,Q4R846,1.4189999999999998e-171,nontox,nontox
Q9WUS2,Q9WUX6,6.182e-71,nontox,nontox
Q9XS58,Q04745,2.862e-56,nontox,nontox
Q9XS77,Q6R2X3,1.5180000000000002e-71,nontox,nontox
Q9XSD3,P54107,8.84e-139,nontox,nontox
Q9XSM2,Q9N2D1,1.6879999999999998e-141,nontox,nontox
Q9XSQ6,Q29053,3.773e-106,nontox,nontox
Q9XSV5,Q5SRR4,1.011e-52,nontox,nontox
Q9XTR8,P81139,0.4581,nontox,nontox
Q9XUK7,P50239,2.4369999999999998e-45,nontox,nontox
P42069,O02757,8.962e-115,nontox,nontox
P42290,Q8BLD9,6.825e-195,nontox,nontox
P42557,P41438,1.165e-257,nontox,nontox
P42578,P85838,7e-23,nontox,nontox
P42660,C9WMM5,1.807e-145,nontox,nontox
P42700,O08848,2.834e-279,nontox,nontox
P43118,P43088,7.1380000000000005e-208,nontox,nontox
P43446,O00744,3.545e-155,nontox,nontox
P45722,P83625,1.392e-84,nontox,nontox
P45845,P33072,4.119e-174,nontox,nontox
P45968,Q99549,1.202e-08,nontox,nontox
P46095,P35413,8.433e-117,nontox,nontox
P46156,P83429,2.829e-05,nontox,nontox
P46626,O02662,5.4580000000000004e-216,nontox,nontox
P46872,Q4R628,5.846e-303,nontox,nontox
P47792,O42569,2.799e-78,nontox,nontox
P47842,P11169,3.9679999999999996e-283,nontox,nontox
P47868,Q8WXD2,4.558e-245,nontox,nontox
P48076,Q90Y77,3.668e-34,nontox,Phospholipase family
P48095,Q9XSQ5,2.1999999999999997e-179,nontox,nontox
P48283,Q95323,3.1069999999999997e-119,nontox,nontox
P48650,P0DMT2,4.785e-86,nontox,Phospholipase family
P48972,P10244,0.0,nontox,nontox
P48997,P48998,1.529e-155,nontox,nontox
P49288,P48039,6.453e-149,nontox,nontox
P49701,A3RGC1,1.952e-221,nontox,nontox
P50283,P09564,6.218999999999999e-47,nontox,nontox
P50296,P50295,1.436e-140,nontox,nontox
P50343,P21845,4.9280000000000003e-163,nontox,nontox
P51465,P06637,5.3610000000000004e-46,nontox,nontox
P51804,P51800,0.0,nontox,nontox
P52016,A8X8D0,2.1739999999999997e-59,nontox,nontox
P52205,Q03395,4.976e-192,nontox,nontox
P52897,P52898,7.473e-190,nontox,nontox
P53017,P13263,7.190000000000001e-74,nontox,nontox
P54281,Q2TU62,6.884e-300,nontox,nontox
P54871,P54961,2.817e-100,nontox,nontox
P55025,P54834,6.5019999999999996e-229,nontox,nontox
P55151,O62781,3.426e-104,nontox,nontox
P55937,Q08378,0.0,nontox,nontox
P56208,P02203,5.147e-77,nontox,nontox
P56223,Q07916,3.194e-182,nontox,nontox
P56250,Q9PVM4,4.4670000000000003e-64,nontox,nontox
P56691,P84216,1.758e-51,nontox,nontox
P57110,Q9UP79,0.0,nontox,nontox
P58003,Q4R6P7,8.422e-262,nontox,nontox
P58239,O70367,8.606e-75,nontox,nontox
P58549,P59649,4.3669999999999995e-41,nontox,nontox
P59045,Q96MN2,2.244e-176,nontox,nontox
P59325,Q9VXK6,9.738e-128,nontox,nontox
P59534,P59535,9.924e-101,nontox,nontox
P59647,Q96DB9,3.422e-19,nontox,nontox
P59797,O19097,9.544e-16,nontox,nontox
P59808,O94885,0.0,nontox,nontox
P59889,Q6QQT1,1.1019999999999999e-135,nontox,nontox
P60153,P60154,1.073e-27,nontox,nontox
P60331,P60370,9.298e-150,nontox,nontox
P63057,Q9IAK4,1.932e-217,nontox,nontox
P63313,P21753,3.188e-17,nontox,nontox
P67824,P02066,2.765e-88,nontox,nontox
P69021,P82389,3.654e-16,nontox,nontox
P69161,Q9W6J7,1.511e-78,nontox,nontox
P70079,P12532,3.926e-252,nontox,nontox
P70097,Q9CZB0,2.979e-94,nontox,nontox
P70105,O88174,1.076e-132,nontox,nontox
P70663,P24054,0.0,nontox,nontox
P70668,Q16661,1.367e-32,nontox,nontox
P79251,O95670,6.336e-39,nontox,nontox
P79381,P07687,1.53e-270,nontox,nontox
P79732,P07742,0.0,nontox,nontox
P79741,B5X171,1.919e-299,nontox,nontox
P79928,P51582,1.8599999999999998e-113,nontox,nontox
P80292,P80289,3.0189999999999997e-33,nontox,nontox
P80344,P80345,1.235e-39,nontox,nontox
P80398,Q2UXR3,6.112e-16,nontox,nontox
P80455,P49196,4.194e-38,nontox,nontox
P80476,Q9NFL4,2.495e-292,nontox,nontox
P80721,P80722,7.233e-33,nontox,nontox
P80945,P02016,1.974e-62,nontox,nontox
P81019,P02784,1.331e-34,nontox,nontox
P81401,P01283,4.444e-80,nontox,nontox
P81601,P79896,4.4269999999999994e-215,nontox,nontox
P81646,P08334,4.426e-38,nontox,nontox
P81693,Q9D358,1.309e-84,nontox,nontox
P81706,O18879,1.223e-94,nontox,nontox
P81914,P81915,3.001e-137,nontox,nontox
P82019,O88514,8.999e-16,nontox,nontox
Q7K0Y1,A0JMQ0,2.457e-235,nontox,nontox
Q7K1Y4,B5X9P2,3.769e-139,nontox,nontox
Q7K1Z5,C1BKD1,1.715e-94,nontox,nontox
Q7K2B0,Q5U4F0,2.456e-55,nontox,nontox
Q7K6X4,Q9UKX7,2.535e-08,nontox,nontox
Q7L985,A4IIW9,2.8009999999999995e-227,nontox,nontox
Q7LZB2,P14402,81.83,nontox,nontox
Q7M3V5,B2ZBA1,6.453e-16,nontox,nontox
Q7M4F2,Q7M4F1,7.4390000000000005e-34,nontox,nontox
Q7PYI7,Q6ZZY0,6.302e-126,nontox,nontox
Q7PYT9,P13080,6.970999999999999e-241,nontox,nontox
Q7SX95,Q28DB3,2.578e-58,nontox,nontox
Q7SXF1,Q6P4M0,4.682e-267,nontox,nontox
Q7SXF6,Q4V7M2,7.075000000000001e-128,nontox,nontox
Q7SXU0,Q0VCU8,2.9139999999999998e-92,nontox,nontox
Q7SXY4,Q32KV4,2.718e-129,nontox,nontox
Q7SY21,Q5EAE2,2.2500000000000002e-212,nontox,nontox
Q7SY49,Q63092,8.529000000000001e-197,nontox,nontox
Q19766,Q62760,1.3890000000000002e-32,nontox,nontox
Q19787,O75132,2.004e-05,nontox,nontox
Q19KI0,Q3BCQ4,1.074e-270,nontox,nontox
Q1EHW4,Q8TEE9,5.573e-37,nontox,nontox
Q1HAY7,Q8N2E2,5.173e-21,nontox,nontox
Q1HGE8,Q5CZP2,2.103e-99,nontox,nontox
Q1JPY4,Q28DH2,2.481e-126,nontox,nontox
Q1JUZ2,Q1JUZ1,2.7449999999999997e-82,nontox,nontox
Q1L658,Q1L659,9.528e-253,nontox,nontox
Q1LVF3,Q5RJH6,0.0,nontox,nontox
Q1LZ08,B5X3C4,5.785e-28,nontox,nontox
Q1LZG6,P14635,2.0740000000000002e-244,nontox,nontox
Q1W1Y5,Q9DBD5,0.0,nontox,nontox
Q20053,Q19126,3.64e-138,nontox,nontox
Q20176,Q9DER7,7.343e-267,nontox,nontox
Q20498,Q6GPD0,7.617e-80,nontox,nontox
Q20701,Q21917,8.402e-49,nontox,nontox
Q20826,Q92035,3.215e-52,nontox,other
Q20898,Q5XIY8,0.0009948,nontox,nontox
Q21339,Q93655,7.287e-142,nontox,nontox
Q22125,A1KZ92,4.443e-09,nontox,nontox
Q22639,Q5SPW0,9.267e-97,nontox,nontox
Q22829,Q86XN6,5.277e-19,nontox,nontox
Q22836,Q1JQE0,7.302e-170,nontox,nontox
Q24050,A1A5V9,1.05e-08,nontox,nontox
Q24558,Q803U7,2.9550000000000003e-99,nontox,nontox
Q25619,Q962W7,1.254e-72,nontox,nontox
Q27395,Q64511,0.07412,nontox,nontox
Q28074,Q95LI7,1.6690000000000002e-63,nontox,nontox
Q28281,P10523,2.382e-230,nontox,nontox
Q28343,Q61282,0.0,nontox,nontox
Q28653,Q60996,8.770999999999999e-269,nontox,nontox
Q28686,O70258,4.546e-96,nontox,nontox
Q28798,Q9BG90,2.5380000000000002e-115,nontox,nontox
Q28809,P51445,9.688e-50,nontox,nontox
Q28895,O97763,8.616000000000001e-72,nontox,nontox
Q28BK1,Q8C863,8.231000000000001e-85,nontox,nontox
Q28CZ7,A4D126,2.474e-149,nontox,nontox
Q28F89,Q4V908,5.361e-93,nontox,nontox
Q28IN4,A4FV98,1.94e-83,nontox,nontox
Q29175,Q5RFD5,1.041e-221,nontox,nontox
Q29463,P06872,6.749e-138,nontox,nontox
Q29RT9,Q9H2A7,8.619e-58,nontox,nontox
Q29RU6,P35576,4.964e-215,nontox,nontox
Q2HZX7,Q3B756,6.777e-120,nontox,nontox
Q2KIA2,Q9DCG9,3.3030000000000003e-70,nontox,nontox
Q2KIZ8,Q28CM3,0.0,nontox,nontox
Q2KJ83,P15169,5.466e-260,nontox,nontox
Q2M2I3,Q80XS7,1.079e-205,nontox,nontox
Q2M3G4,Q01613,2.113e-25,nontox,nontox
Q2M3X9,Q3ZCX4,5.5719999999999995e-188,nontox,nontox
Q2NL98,A7YWC8,5.883e-71,nontox,nontox
Q2PZI1,P0CW70,4.237e-307,nontox,nontox
Q2TA14,Q5RBU7,7.814e-269,nontox,nontox
Q2TBI2,Q8WY91,1.2339999999999999e-291,nontox,nontox
Q2TBI5,Q96LZ3,8.047e-94,nontox,nontox
Q2TBQ7,Q8BSE0,1.01e-203,nontox,nontox
Q2V905,Q9GLD3,0.0,nontox,nontox
Q2VQV9,P58780,1.9989999999999999e-181,nontox,nontox
Q2VYF4,Q28DA8,1.6100000000000002e-132,nontox,nontox
Q2XVR3,P02719,0.0,nontox,nontox
Q2YFS2,Q2YFS1,4.784e-109,nontox,nontox
Q2YGT9,G1SKF7,5.296e-153,nontox,nontox
Q2YHT7,Q2YHT5,1.573e-112,nontox,nontox
Q32LN4,Q9D9U9,1.585e-262,nontox,nontox
Q32P12,Q6GX86,0.0,nontox,nontox
Q32PG3,Q86VZ2,2.874e-25,nontox,nontox
Q32PG7,Q9BSA9,1.019e-229,nontox,nontox
Q333S9,Q801M1,2.912e-260,nontox,nontox
Q3B7D5,Q8CB96,2.604e-105,nontox,nontox
Q3B7M6,P33215,0.0,nontox,nontox
Q3HRV5,P51499,5.608e-60,nontox,nontox
Q3I5F7,Q32Q92,2.2639999999999999e-203,nontox,nontox
Q3KR92,Q9PTE6,1.159e-194,nontox,nontox
Q3LRP3,P25918,6.063e-218,nontox,nontox
Q3MHI4,Q9JJT9,9.558999999999999e-198,nontox,nontox
Q3MHZ7,P49048,4.798e-103,nontox,nontox
Q3SWW8,Q06441,0.0,nontox,nontox
Q3SWY0,Q8QZS5,6.173000000000001e-109,nontox,nontox
Q3SWZ3,P61268,1.872e-60,nontox,nontox
Q3SZ57,Q28789,6.009e-319,nontox,nontox
Q3T040,Q9Y2R9,1.517e-134,nontox,nontox
Q3T052,P79263,0.0,nontox,nontox
Q3T0Q3,Q5RCF3,13.63,nontox,nontox
Q3T8J9,Q9DB00,0.0,nontox,nontox
Q3TC46,Q32N92,6.621999999999999e-218,nontox,nontox
Q3THG9,Q7ZYJ9,3.502e-183,nontox,nontox
Q3TLI0,P48553,0.0,nontox,nontox
Q3TQQ9,Q5XI94,0.0,nontox,nontox
Q3TRM8,P52790,0.0,nontox,nontox
Q3TX08,Q9NXH9,0.0,nontox,nontox
Q3U3C9,Q6PCN3,1.665,nontox,nontox
Q3U3T8,O43379,0.0,nontox,nontox
Q3U3W5,A0JMU5,1.461e-320,nontox,nontox
Q3U4B4,Q5VXI9,3.9849999999999997e-224,nontox,nontox
Q3U4N7,Q9H665,2.059e-107,nontox,nontox
Q3UQ22,Q8WTR8,2.621e-209,nontox,nontox
Q3UQ41,Q6ZMR5,3.032e-176,nontox,nontox
Q3UR70,A7MB11,0.0,nontox,nontox
Q3UUD2,Q866R9,2.5909999999999997e-66,nontox,nontox
Q3UW26,P02784,1.8880000000000002e-28,nontox,nontox
Q3UYH7,P32865,1.167e-295,nontox,nontox
Q3UZ57,Q5T1B0,0.0,nontox,nontox
Q3UZD7,Q96KD3,3.659e-171,nontox,nontox
Q3V050,A4IIS8,7.320999999999999e-179,nontox,nontox
Q3V089,D3Z987,0.0,nontox,nontox
Q3ZBH9,Q6NX31,0.0,nontox,nontox
Q3ZBI5,Q86YC3,0.0,nontox,nontox
Q3ZCJ8,P53634,3.387e-282,nontox,nontox
Q497J1,Q3T0W0,3.458e-72,nontox,nontox
Q498E7,B2ZFP3,3.147e-307,nontox,nontox
Q49SQ1,P97468,1.994e-55,nontox,nontox
Q4G0T1,P30205,1.98e-206,nontox,nontox
Q4G0Z9,Q5XI14,0.0,nontox,nontox
Q4H3K6,Q95YM9,2.699e-266,nontox,nontox
Q4JF29,Q80UF7,8.56e-202,nontox,nontox
Q4KLH6,Q6ZQ06,0.0,nontox,nontox
Q4KLP8,Q5FBB7,1.644e-32,nontox,nontox
Q4KM52,Q9YGC1,7.043e-132,nontox,nontox
Q4LAL9,P18242,2.913e-223,nontox,nontox
Q4R5G7,Q5E9H7,2.8960000000000005e-166,nontox,nontox
Q4R6E8,Q5ZML7,1.049e-54,nontox,nontox
Q4R6Y5,Q9VI20,5.307e-32,nontox,nontox
Q4R945,P35761,0.0,nontox,nontox
Q4V7Q6,D3ZHP7,1.496e-222,nontox,nontox
Q4V7Z1,A2CEH0,3.238e-183,nontox,nontox
Q4VC17,Q8TE60,0.0,nontox,nontox
Q503I8,Q9JI78,6.630999999999999e-239,nontox,nontox
Q52KD7,A5PMX1,2.3920000000000002e-194,nontox,nontox
Q53QW1,Q9DA60,6.164999999999999e-60,nontox,nontox
Q53T59,Q3TC93,6.499e-176,nontox,nontox
Q567B1,Q5F3A6,8.984e-144,nontox,nontox
Q568F6,A4Z6H1,2.6259999999999997e-259,nontox,nontox
Q56A55,B2GUP8,6.794e-277,nontox,nontox
Q570Y9,Q3LAC4,1.002e-33,nontox,nontox
Q58CQ9,Q9TSX8,8.826e-272,nontox,nontox
Q58D62,Q9QXC1,5.902000000000001e-132,nontox,nontox
Q58DA1,Q99JL1,6.827e-123,nontox,nontox
Q58FF8,Q9GKX8,7.483e-176,nontox,nontox
Q58HI1,Q9DBD5,6.335e-202,nontox,nontox
Q599T9,P22366,3.386e-146,nontox,nontox
Q59DY6,Q17NZ6,9.824000000000001e-20,nontox,nontox
Q5BK57,Q99L00,4.61e-182,nontox,nontox
Q5BKL8,A5D8Q0,2.9559999999999998e-291,nontox,nontox
Q5BKW9,Q6GM78,1.501e-125,nontox,nontox
Q5CAZ6,P59270,1.5819999999999999e-171,nontox,nontox
Q5DT39,B2KG20,3.7659999999999997e-107,nontox,nontox
Q5DTT1,O17386,1.608,nontox,nontox
Q5DU25,Q8R0S2,6.957e-308,nontox,nontox
Q5DW47,E2ARW3,7.64e-10,nontox,nontox
Q5E951,Q99426,1.265e-141,nontox,nontox
Q5E9K3,O88794,4.4520000000000005e-159,nontox,nontox
Q5E9K8,Q9H6L5,1.1689999999999999e-262,nontox,nontox
Q5EA79,Q5R8U1,7.011e-216,nontox,nontox
Q5EDC3,Q8IZL9,1.498e-104,nontox,nontox
Q5F259,Q8IZ07,1.032e-179,nontox,nontox
Q5F2F2,Q6UXT9,8.921e-276,nontox,nontox
Q5F2N2,Q08C60,1.424e-259,nontox,nontox
Q5F2N3,Q8AWB5,5.937e-187,nontox,nontox
Q5F3E8,Q9H3F6,5.678000000000001e-143,nontox,nontox
Q5F480,Q7SY78,1.2860000000000001e-210,nontox,nontox
Q5FVQ5,Q58CT8,2.967e-86,nontox,nontox
Q5FWH2,Q9H9P5,0.0,nontox,nontox
Q5GC91,Q5GC94,3.321e-121,nontox,nontox
Q5GJ75,Q6DFE2,2.018e-95,nontox,nontox
Q5I2A0,Q91WP6,4.111e-188,nontox,nontox
Q5IGR6,Q9JK82,0.0,nontox,nontox
Q5IGR8,Q5IGR7,0.0,nontox,nontox
Q5IS64,O09008,1.709e-179,nontox,nontox
Q5JR12,Q149T7,1.8169999999999998e-296,nontox,nontox
Q5JU69,A4FUH1,4.0340000000000004e-178,nontox,nontox
Q5K2P9,Q5K2P8,0.0,nontox,nontox
Q5M7T3,A4II71,9.005e-70,nontox,nontox
Q5M929,Q9CWS1,7.049e-214,nontox,nontox
Q5NCR9,Q4FZU3,1.5480000000000001e-268,nontox,nontox
Q5PPM7,Q03395,5.367e-196,nontox,nontox
Q5QE78,C4NYZ3,0.0,nontox,nontox
Q5QJC2,Q96SD1,3.2330000000000004e-258,nontox,nontox
Q5QQ53,Q7KVA1,0.0,nontox,nontox
Q5R1T0,Q13111,5.013e-294,nontox,nontox
Q5R431,Q60665,0.0,nontox,nontox
Q5R4G5,Q5M9P8,1.447e-108,nontox,nontox
Q5R5K4,Q9ERB0,1.394e-132,nontox,nontox
Q5R684,Q8R317,2.654e-309,nontox,nontox
Q5R6Q7,P57769,4.8949999999999996e-179,nontox,nontox
Q5R760,Q99PP9,5.271e-283,nontox,nontox
Q5R7B4,Q0V8E7,0.0,nontox,nontox
Q5R891,Q6DFJ8,3.013e-141,nontox,nontox
Q5R8Z4,Q8C015,9.115e-174,nontox,nontox
Q5RA37,Q5I0E6,2.0920000000000002e-247,nontox,nontox
Q5RAC0,A2VDP5,4.826e-264,nontox,nontox
Q5RAJ7,Q8K203,3.658e-13,nontox,nontox
Q5RAL2,Q8R2Z3,0.0,nontox,nontox
Q5RAU0,Q9EPL9,0.0,nontox,nontox
Q5RAU1,F1MCY2,0.0,nontox,nontox
Q5RAZ4,Q20875,0.0,nontox,nontox
Q5RBQ8,P02706,7.13e-156,nontox,nontox
Q5RC94,P97432,0.0,nontox,nontox
Q5RCJ1,Q80TY0,1.381e-185,nontox,nontox
Q5RCN6,Q9VA27,8.645e-155,nontox,nontox
Q5RD14,Q6K0P9,1.037e-171,nontox,nontox
Q5RDH6,Q9MYZ3,0.0,nontox,nontox
Q5RDL2,Q9VIF6,3.552e-44,nontox,nontox
Q5RDX5,Q8CHT1,0.0,nontox,nontox
Q5REF6,Q28CF8,1.0819999999999999e-284,nontox,nontox
Q5RF29,Q8MHY7,1.0719999999999999e-248,nontox,nontox
Q5RFD2,A4IIS8,1.0470000000000001e-168,nontox,nontox
Q5RFP3,A6QPT7,0.0,nontox,nontox
Q5RFR6,Q5VV43,1.8580000000000002e-280,nontox,nontox
Q5RHH4,Q9UG01,0.0,nontox,nontox
Q5RJA1,Q8HWS3,0.0,nontox,nontox
Q5SRN2,Q80XI3,4.818,nontox,nontox
Q5SS91,Q95LV7,6.644e-174,nontox,nontox
Q5SV85,Q9JKC9,0.0,nontox,nontox
Q5SVL6,Q5ZMV8,0.0,nontox,nontox
Q5SX79,Q01613,5.635e-21,nontox,nontox
Q5T0D9,Q8IWG1,0.6022,nontox,nontox
Q5TBC7,Q0II48,2.522e-75,nontox,nontox
Q5TC79,Q8NCN2,5.858e-112,nontox,nontox
Q5TH74,A6QQ60,5.053000000000001e-184,nontox,nontox
Q5TYV4,Q9H9C1,6.467e-205,nontox,nontox
Q5U258,O95395,7.559e-168,nontox,nontox
Q5U2X2,Q07617,0.0,nontox,nontox
Q5U2Y0,Q91VM3,4.821e-202,nontox,nontox
Q5U3S1,Q1HGK7,1.2190000000000001e-205,nontox,nontox
Q5U3Y7,Q5BJF2,3.645e-96,nontox,nontox
Q5U403,Q62967,3.651e-173,nontox,nontox
Q5U462,A7E379,0.009674,nontox,nontox
Q5U901,Q8N4T0,1.6250000000000002e-244,nontox,nontox
Q5UBV8,O95150,7.16e-103,nontox,nontox
Q5UU75,Q4AE28,6.798999999999999e-215,nontox,nontox
Q5VK71,Q9DBR0,0.0,nontox,nontox
Q5VVH5,Q08AV8,1.961e-74,nontox,nontox
Q5VZ52,Q9DAI9,2.697e-97,nontox,nontox
Q5W1J5,Q58NQ4,1.909e-317,nontox,nontox
Q5XIC2,Q4R5Q4,3.058e-216,nontox,nontox
Q5XID1,Q5EAC7,2.913e-161,nontox,nontox
Q5XIK7,Q1HGK7,2.5299999999999996e-206,nontox,nontox
Q5XIV2,Q9WV66,5.3650000000000004e-43,nontox,nontox
Q5XJQ5,Q4QR75,1.013e-179,nontox,nontox
Q5YB65,Q29422,1.5540000000000001e-155,nontox,nontox
Q5YD76,Q27Q54,6.117e-177,nontox,Phospholipase family
Q5ZHY5,Q9UNE7,5.284e-168,nontox,nontox
Q5ZI87,Q5ZMS3,2.385,nontox,nontox
Q5ZIK0,Q8TCG2,5.587e-224,nontox,nontox
Q5ZIV9,O93510,2.657e-300,nontox,nontox
Q5ZJH9,O60832,6.274e-259,nontox,nontox
Q5ZJJ2,P27694,5.368999999999999e-308,nontox,nontox
Q5ZJT1,Q96FZ2,5.02e-132,nontox,nontox
Q5ZKA6,A7Z063,2.9220000000000003e-222,nontox,nontox
Q5ZKF6,Q3UFY7,7.218000000000001e-128,nontox,nontox
Q5ZL36,Q5BIM5,5.956999999999999e-169,nontox,nontox
Q5ZMH1,Q91Y81,3.573e-196,nontox,nontox
Q5ZMS2,O35264,8.84e-139,nontox,nontox
Q60652,Q60653,7.192000000000001e-155,nontox,nontox
Q60764,Q9UHC7,1.936e-119,nontox,nontox
Q60837,P42701,2.8149999999999997e-215,nontox,nontox
Q60HH3,P24058,2.9959999999999995e-215,nontox,nontox
Q61878,P13727,1.1070000000000001e-72,nontox,nontox
Q61979,Q95Y52,0.164,nontox,nontox
Q62082,Q9BUA6,1.303e-99,nontox,nontox
Q62803,P48794,4.585e-283,nontox,nontox
Q63010,Q91WU0,4.105e-309,nontox,nontox
Q63088,Q9R014,1.229e-184,nontox,nontox
Q63189,P13727,3.202e-65,nontox,nontox
Q63191,Q6UXC1,0.0,nontox,nontox
Q63507,G1SZ12,7.327000000000001e-108,nontox,nontox
Q63HM1,Q566U4,6.053e-89,nontox,nontox
Q64159,P11942,2.552e-80,nontox,nontox
Q641W3,Q58NQ5,0.5779,nontox,nontox
Q64462,P15128,1.178e-308,nontox,nontox
Q64674,P52788,3.271e-14,nontox,nontox
Q64LC9,Q9BDY9,5.478e-229,nontox,nontox
Q66H68,A0A8M1NHK4,4.926e-299,nontox,nontox
Q66HC9,Q9GZS0,0.0,nontox,nontox
Q66HG7,Q9DBN9,0.0,nontox,nontox
Q66HR9,Q2T9T0,1.4100000000000002e-225,nontox,nontox
Q66JK4,Q7K284,4.372e-141,nontox,nontox
Q66KH9,Q9BWU1,8.439000000000001e-209,nontox,nontox
Q66TN7,P79953,9.397e-289,nontox,nontox
Q672K1,Q9HBY0,0.0,nontox,nontox
Q67FW5,Q6GV29,4.72e-210,nontox,nontox
Q67FY3,O00512,1.398e-98,nontox,nontox
Q68EF0,Q8TBN0,3.2729999999999997e-88,nontox,nontox
Q68FB8,Q5F3C1,8.853e-195,nontox,nontox
Q68FF0,Q6NSI8,0.0,nontox,nontox
Q68FF9,A5PJS2,1.1059999999999999e-118,nontox,nontox
Q6A1G2,Q8AWC7,3.429e-243,nontox,nontox
Q6AX73,A0JP80,3.755e-161,nontox,nontox
Q6AXJ2,Q5PR67,6.428e-186,nontox,nontox
Q6AXN6,Q9D9Z1,6.133e-164,nontox,nontox
Q6AXW7,Q8VE01,1.6279999999999998e-107,nontox,nontox
Q6AY14,Q8QZV6,9.254e-200,nontox,nontox
Q6AYE8,Q5T4W7,8.642e-84,nontox,nontox
Q6AYJ5,Q7ZVC2,7.920999999999999e-158,nontox,nontox
Q6AYK5,Q08288,2.3920000000000002e-210,nontox,nontox
Q6AZW8,Q14585,6.944000000000001e-128,nontox,nontox
Q6B0K9,P04239,1.812e-45,nontox,nontox
Q6B457,Q8WN91,0.0,nontox,nontox
Q6DC93,Q5PQ53,8.838e-94,nontox,nontox
Q6DDS9,P13010,7.41e-288,nontox,nontox
Q6DE14,Q8R0K9,1.615e-157,nontox,nontox
Q6DG22,Q5ZKP6,4.773e-156,nontox,nontox
Q6DH94,P50876,3.9499999999999997e-175,nontox,nontox
Q6DHJ3,F7J184,1.11e-210,nontox,nontox
Q6DHQ1,Q5F4C0,6.4740000000000004e-62,nontox,nontox
Q6EIZ0,P02535,8.328e-233,nontox,nontox
Q6EJB6,Q640M1,8.311e-283,nontox,nontox
Q6EV56,Q8WR51,4.827e-109,nontox,nontox
Q6GMC7,Q5ZK84,2.799e-178,nontox,nontox
Q6GNG3,Q8BXZ1,3.7540000000000003e-209,nontox,nontox
Q6GPN6,Q9HBY8,4.124e-172,nontox,nontox
Q6GQK9,Q3UHN9,0.0,nontox,nontox
Q6GV17,Q9BXR5,0.0,nontox,nontox
Q6IE59,Q14B24,1.044e-154,nontox,nontox
Q6IMZ0,Q16649,1.397e-243,nontox,nontox
Q6IQ69,A6NI61,2.076e-115,nontox,nontox
Q6IQE0,Q3UEB3,5.4369999999999995e-245,nontox,nontox
Q6IV26,P86253,0.0005997,nontox,nontox
Q6J2U6,Q6J1I8,3.03e-141,nontox,nontox
Q6L7I9,Q76LU5,2.663e-69,nontox,nontox
Q6MG71,Q53GD3,0.0,nontox,nontox
Q6NL34,Q9BUR4,1.268e-74,nontox,nontox
Q6NRK1,Q9Y2D8,7.787e-178,nontox,nontox
Q9V9E3,Q28BR5,8.019e-242,nontox,nontox
Q9VA12,P18053,1.2860000000000001e-102,nontox,nontox
Q9VAI6,Q1HRL7,3.948e-20,nontox,nontox
Q9VB14,Q9VWG3,7.645000000000001e-70,nontox,nontox
Q9VBL7,O70362,79.95,nontox,nontox
Q9VCA2,Q95R48,1.24e-260,nontox,nontox
Q9VHE6,Q9VHQ7,4.409e-21,nontox,nontox
Q9VHQ2,Q9VHQ7,9.061e-91,nontox,nontox
Q9VJ29,Q8C3S2,1.881e-13,nontox,nontox
Q6PB22,Q6NRY1,1.0940000000000001e-197,nontox,nontox
Q6PDH4,Q86VV4,1.058e-187,nontox,nontox
Q6PEY0,Q02739,2.306e-82,nontox,nontox
Q6PFX2,Q8SYK5,1.112,nontox,nontox
Q6PG34,Q5VV42,1.934e-268,nontox,nontox
Q6PGF3,Q08D69,0.0,nontox,nontox
Q6PIX9,Q9BSJ5,2.914e-126,nontox,nontox
Q6Q7P4,P11171,0.0,nontox,nontox
Q6QLR2,Q6QLR3,7.243e-13,nontox,nontox
Q6QMT2,O54904,1.445e-16,nontox,nontox
Q6R5P0,Q6R5N8,3.176e-42,nontox,nontox
Q6R653,Q8IV45,7.3890000000000004e-301,nontox,nontox
Q6R6L8,P20395,0.0,nontox,nontox
Q6SJ96,Q5UE94,1.394e-135,nontox,nontox
Q6UEH6,Q27452,0.0,nontox,nontox
Q6UFS5,Q05AQ8,6.2390000000000005e-211,nontox,nontox
Q6UWV2,A0JM41,7.228000000000001e-25,nontox,nontox
Q6UX52,Q9CX63,1.472e-65,nontox,nontox
Q6UXU4,D3ZK93,1.314e-191,nontox,nontox
Q6VTH5,Q1JPG1,1.674e-20,nontox,nontox
Q6W3E5,Q95JR7,0.0,nontox,nontox
Q6W5C0,Q10746,5.653e-37,nontox,nontox
Q6W8P9,Q1XAA8,9.053e-179,nontox,nontox
Q6XXM1,Q569M3,2.686e-37,nontox,nontox
Q6ZN28,Q9JJS5,6.124e-199,nontox,nontox
Q6ZNB6,A0JMY5,0.0,nontox,nontox
Q6ZPL9,Q2NL08,0.0,nontox,nontox
Q6ZS27,P17027,2.726e-106,nontox,nontox
Q6ZTI6,Q7TS73,1.5309999999999998e-94,nontox,nontox
Q6ZUX3,Q3TYG6,0.0,nontox,nontox
Q6ZVX7,G3X9C2,2.0040000000000003e-131,nontox,nontox
Q6ZWY6,Q06AA9,9.510999999999999e-94,nontox,nontox
Q71MM5,Q8JIR6,2.331e-61,nontox,nontox
Q75NA5,Q9BLY8,2.725e-314,nontox,nontox
Q75PL7,Q8ISS3,3.23e-146,nontox,nontox
Q791T5,Q791V5,2.048e-91,nontox,nontox
Q7JKY3,Q18253,7.772e-82,nontox,nontox
Q7JUN3,Q9UBJ2,4.231e-214,nontox,nontox
Q7K3M5,Q20875,0.0,nontox,nontox
Q7K4B6,Q8BRH0,6.23e-269,nontox,nontox
Q7KT91,Q9HCG7,5.306e-213,nontox,nontox
Q7M329,O00584,6.132999999999999e-103,nontox,nontox
Q7M4I6,P82971,7.857000000000001e-84,nontox,nontox
Q7QH73,P82600,1.87e-236,nontox,nontox
Q7RTY9,Q920S2,2.076e-111,nontox,nontox
Q7SX85,Q64096,2.101e-19,nontox,nontox
Q7SXW0,Q6P316,5.17e-138,nontox,nontox
Q7SY48,Q9VM75,7.011e-203,nontox,nontox
Q7T2V2,Q6PH37,4.604e-176,nontox,nontox
Q7T3S5,Q99NB2,1.301e-150,nontox,nontox
Q7TMJ8,Q56A20,1.291e-145,nontox,nontox
Q7TN05,Q9Y587,9.479e-30,nontox,nontox
Q7TN73,Q1LW89,0.0,nontox,nontox
Q7TNE1,Q9HAC7,1.263e-254,nontox,nontox
Q7TNG8,Q86WU2,8.961e-274,nontox,nontox
Q7TNK8,Q7Z4H4,1.001e-43,nontox,nontox
Q7TQ65,Q7Z404,0.0,nontox,nontox
Q7TQF2,Q94251,2.801e-43,nontox,nontox
Q7TQH0,O70305,5.253e-156,nontox,nontox
Q7TS74,Q8IYA6,8.528e-258,nontox,nontox
Q7TSN5,Q7TSN6,1.7369999999999998e-245,nontox,nontox
Q7YZT0,P12812,1.615e-37,nontox,nontox
Q7Z340,B2RUI1,8.459999999999999e-276,nontox,nontox
Q7ZT01,Q9UBI1,0.6954,nontox,nontox
Q7ZUA6,Q5U4X7,5.971999999999999e-249,nontox,nontox
Q7ZV55,Q5EBE8,4.581e-197,nontox,nontox
Q7ZVE3,Q29RA5,2.327e-80,nontox,nontox
Q7ZVL2,Q5ZMV9,0.0,nontox,nontox
Q7ZVM1,Q6DIP9,0.0,nontox,nontox
Q7ZVS9,P52160,1.0360000000000001e-156,nontox,nontox
Q7ZW02,Q4KLV1,2.293e-170,nontox,nontox
Q7ZXF5,Q5ZM72,3.235e-310,nontox,nontox
Q7ZZH7,Q28FY7,0.0,nontox,nontox
Q802X2,Q5FWP7,2.604e-105,nontox,nontox
Q803I8,Q9DBY1,1.758e-243,nontox,nontox
Q805E9,Q805D8,5.302000000000001e-26,nontox,nontox
Q80SX5,Q7RTS6,1.301e-320,nontox,nontox
Q80T69,Q6PCB5,9.026999999999999e-215,nontox,nontox
Q80TB7,Q80TC6,0.0,nontox,nontox
Q80UJ1,Q66J54,1.9599999999999998e-179,nontox,nontox
Q80VA5,Q8TF17,0.0,nontox,nontox
Q80VM3,Q6AYP3,1.085e-281,nontox,nontox
Q80VP0,Q7Z6L1,0.0,nontox,nontox
Q80VP5,Q9H3J6,2.261e-77,nontox,nontox
Q80W66,Q9Y661,2.542e-140,nontox,nontox
Q80W88,Q8K3E9,1.1200000000000001e-290,nontox,nontox
Q80WJ6,Q9QYM0,0.0,nontox,nontox
Q80X08,Q5RDC1,0.0,nontox,nontox
Q80XC6,G5EG51,3.432e-13,nontox,nontox
Q80Z32,Q9Z1N2,0.0,nontox,nontox
Q80ZW0,Q8TDR2,1.7429999999999998e-299,nontox,nontox
Q80ZX8,Q07617,0.0,nontox,nontox
Q810A5,Q68EN5,1.289e-259,nontox,nontox
Q865X7,P79161,3.558e-150,nontox,nontox
Q86LG1,O61365,1.0719999999999999e-23,nontox,nontox
Q86QI5,P0DQU0,1.95e-21,nontox,other
Q86S40,Q8VDL4,1.249e-97,nontox,nontox
Q86SC0,Q8BZ20,1.948,nontox,nontox
Q86UB2,P15509,0.2624,nontox,nontox
Q86WK9,Q801G2,2.8559999999999997e-113,nontox,nontox
Q86X83,Q63829,0.00105,nontox,nontox
Q86XR2,Q9ESN0,3.411e-63,nontox,nontox
Q86XW9,A0A1L1SUL6,5.96e-165,nontox,nontox
Q8AXZ4,Q28106,0.0,nontox,nontox
Q8BFS9,Q4R5D4,9e-323,nontox,nontox
Q8BFZ2,Q6IQH6,8.731e-168,nontox,nontox
Q8BG95,O60237,0.0,nontox,nontox
Q8BH86,Q7Z3D6,4.6549999999999994e-299,nontox,nontox
Q8BHB9,Q811Q2,2.932e-310,nontox,nontox
Q8BI22,Q6ZU80,0.0,nontox,nontox
Q8BIR2,Q2TB18,0.0,nontox,nontox
Q8BKN6,Q9Y663,5.377e-215,nontox,nontox
Q8BKT3,P16383,0.0,nontox,nontox
Q8BLR7,P52198,1.1310000000000001e-74,nontox,nontox
Q8BMB0,Q7Z589,0.0,nontox,nontox
Q8BMF3,P40927,2.006e-287,nontox,nontox
Q8BMG1,Q9P246,3.091,nontox,nontox
Q8BMG7,Q9VKB9,1.137e-117,nontox,nontox
Q8BMQ2,P0DXB4,0.08962,nontox,nontox
Q8BPG6,Q8R0F3,2.119e-84,nontox,nontox
Q8BPP0,Q9XSR1,4.3550000000000005e-162,nontox,nontox
Q8BQJ6,Q96GJ1,3.491e-254,nontox,nontox
Q8BT07,Q53EZ4,3.2330000000000002e-201,nontox,nontox
Q8BUH7,Q6UWE0,2.54e-08,nontox,nontox
Q8BYR1,O60294,0.0,nontox,nontox
Q8BZ36,A8WW61,3.122,nontox,nontox
Q8BZ98,A6H7I5,0.0,nontox,nontox
Q8BZJ7,Q9QZ73,5.249e-142,nontox,nontox
Q8C0D0,Q8WWH5,1.427e-166,nontox,nontox
Q8C1F4,Q86X52,3.869e-49,nontox,nontox
Q8C767,A6QNP3,2.199e-170,nontox,nontox
Q8CB62,Q8N137,0.0,nontox,nontox
Q8CB67,Q86VZ4,8.691e-200,nontox,nontox
Q8CC88,A3KMH1,0.0,nontox,nontox
Q8CDM1,Q9ULI0,0.0,nontox,nontox
Q8CFG4,Q5VZB9,1.3520000000000002e-199,nontox,nontox
Q8CFQ3,F1RCY6,1.161e-21,nontox,nontox
Q8CGE9,O14924,0.0,nontox,nontox
Q8CGS5,Q9GL72,0.0,nontox,nontox
Q8CH01,Q99N14,1.252e-45,nontox,nontox
Q8CHP6,Q8IXK0,1.299e-104,nontox,nontox
Q8CHX7,Q52LD8,1.042e-264,nontox,nontox
Q8CI43,P60660,1.8e-77,nontox,nontox
Q8HYC0,Q9H2X3,2.827e-242,nontox,nontox
Q8HZI9,Q61092,0.0,nontox,nontox
Q8HZV3,Q9MYZ3,0.0,nontox,nontox
Q8I7X1,Q86SA8,5.183000000000001e-72,nontox,nontox
Q8IA44,Q8IA42,9.727e-68,nontox,nontox
Q8IFW4,Q9V429,6.802e-35,nontox,nontox
Q8IN41,Q9VIR2,2.082e-09,nontox,nontox
Q8IN43,Q8IN44,2.529e-41,nontox,nontox
Q8ISF8,Q95W86,2.1240000000000003e-84,nontox,nontox
Q8IU29,Q9N0E7,2.312e-182,nontox,nontox
Q8IUR0,F1QMV3,0.2372,nontox,nontox
Q8IWP9,Q9BUN5,8.833e-43,nontox,nontox
Q8IX29,Q9QZM9,1.9670000000000002e-165,nontox,nontox
Q8IZT9,Q8IZU0,1.5760000000000002e-42,nontox,nontox
Q8JG54,Q96B86,1.6579999999999999e-233,nontox,nontox
Q8JGR6,Q3ZBJ1,3.333e-82,nontox,nontox
Q8JH68,Q91197,7.55e-285,nontox,nontox
Q8JJC0,O57311,5.849999999999999e-196,nontox,nontox
Q8JZU0,Q86X67,1.457e-179,nontox,nontox
Q8K2W6,Q5BJ10,4.0879999999999997e-41,nontox,nontox
Q8K349,Q5FVN6,1.1450000000000001e-163,nontox,nontox
Q8MI01,Q8N387,1.5889999999999999e-113,nontox,nontox
Q8MJ76,P28050,0.0,nontox,nontox
Q8MJG0,Q148R9,1.941e-116,nontox,nontox
Q8MJU1,Q8MKI5,2.7059999999999996e-169,nontox,nontox
Q8MSW4,F1QVR8,3.3770000000000003e-84,nontox,nontox
Q8N0T1,A6NGH7,1.045,nontox,nontox
Q8N112,Q8CHL0,8.008,nontox,nontox
Q8N5M4,A4IHU6,4.1169999999999997e-53,nontox,nontox
Q8N8E3,Q9Z221,0.008982,nontox,nontox
Q8N9S9,Q6P8Y7,2.825e-222,nontox,nontox
Q8NCF0,Q7TSQ1,1.568e-238,nontox,nontox
Q8NDX9,Q8K1T4,2.4290000000000002e-65,nontox,nontox
Q8NE28,Q4R793,0.0,nontox,nontox
Q8NG48,Q3U1D0,1.1540000000000001e-264,nontox,nontox
Q8NGN3,Q8NGN5,2.64e-172,nontox,nontox
Q8NHR7,Q9D494,4.8589999999999995e-114,nontox,nontox
Q8QHL5,Q8IXK0,2.735e-160,nontox,nontox
Q8QZY4,Q5DRQ5,5.733e-67,nontox,nontox
Q8R0L1,Q9ULZ2,4.811e-43,nontox,nontox
Q8R143,Q7Z698,0.01595,nontox,nontox
Q8R1V4,Q9BVK6,2.465e-111,nontox,nontox
Q8R1W2,Q6AYL2,6.9340000000000005e-192,nontox,nontox
Q8R2G4,Q13508,1.9260000000000002e-128,nontox,nontox
Q8R2Q0,Q99PP9,9.235999999999999e-33,nontox,nontox
Q8R2R6,Q4PS77,7.036e-175,nontox,nontox
Q8R3S6,Q9VVG4,3.7380000000000004e-193,nontox,nontox
Q8R4Y8,Q86VV8,0.0,nontox,nontox
Q8R523,Q9UJ96,1.4300000000000001e-98,nontox,nontox
Q8R5M5,Q8TDX5,1.301e-208,nontox,nontox
Q8SWR2,Q0V9T6,6.272e-49,nontox,nontox
Q8SXD4,Q7ZWN4,2.0180000000000003e-34,nontox,nontox
Q8TB03,Q8C5K5,4.641999999999999e-187,nontox,nontox
Q8TBP0,Q9HA65,8.859e-50,nontox,nontox
Q8TCV5,Q6V9X0,2.302e-13,nontox,nontox
Q8TDV5,Q7TQP3,1.084e-171,nontox,nontox
Q8TF45,Q8TAU3,1.866e-250,nontox,nontox
Q8VBW5,Q8WY36,0.0,nontox,nontox
Q8VBZ0,Q8N5I4,2.444e-116,nontox,nontox
Q8VCA0,Q8IVM8,3.041e-188,nontox,nontox
Q8VCE6,Q9NPB1,8.128e-126,nontox,nontox
Q8VCP8,Q9Y3D8,3.865e-102,nontox,nontox
Q8VDC1,Q9BQS8,0.0,nontox,nontox
Q8VEM9,Q9Y5Z7,1.186e-29,nontox,nontox
Q8VHD6,O95528,6.114e-253,nontox,nontox
Q8VHK8,O60235,7.309e-185,nontox,nontox
Q8VHM6,A0JN61,5.838e-78,nontox,nontox
Q8VI40,Q495X7,3.0540000000000003e-156,nontox,nontox
Q8VI88,Q6AXT9,4.8399999999999994e-146,nontox,nontox
Q8VIJ4,P13056,0.0,nontox,nontox
Q8VIM9,Q6NXR0,5.895e-12,nontox,nontox
Q8WMD0,Q8K4M5,1.126e-101,nontox,nontox
Q8WPC2,Q8SY61,4.65e-16,nontox,nontox
Q8WTE6,A0A182GD79,3.0599999999999996e-125,nontox,nontox
Q8WUJ1,Q5SSH8,2.5029999999999997e-145,nontox,nontox
Q8WUZ0,Q9BQE9,1.505e-40,nontox,nontox
Q8WVL7,Q9V3Y0,6.33e-40,nontox,nontox
Q8WW14,Q9CQT6,3.2520000000000003e-87,nontox,nontox
Q8WXA2,P50289,1.876e-07,nontox,nontox
Q8WZ94,Q8VG09,5.609e-122,nontox,nontox
Q90487,P02016,2.946e-80,nontox,nontox
Q90600,P06400,0.0,nontox,nontox
Q90693,Q13635,0.0,nontox,nontox
Q90828,Q8K0T2,9.29e-06,nontox,nontox
Q90854,P48548,1.155e-140,nontox,nontox
Q90W78,E4Z7G0,0.06031,nontox,nontox
Q90WN4,Q6F2E4,5.728e-87,nontox,nontox
Q91085,P30083,3.289e-194,nontox,nontox
Q91279,Q90271,3.093e-69,nontox,nontox
Q91559,P20905,1.4670000000000001e-63,nontox,nontox
Q91684,Q9QYV8,0.0,nontox,nontox
Q91756,P20262,2.106e-211,nontox,nontox
Q91V82,Q9WTL0,5.729e-12,nontox,nontox
Q91W64,P00182,1.2999999999999998e-227,nontox,nontox
Q91W82,Q969T4,1.001e-110,nontox,nontox
Q91WD8,Q9QZM6,0.0,nontox,nontox
Q91XT4,Q75N33,0.0,nontox,nontox
Q91ZB0,Q86TB3,0.0,nontox,nontox
Q920A9,Q3B8P2,8.852000000000001e-159,nontox,nontox
Q921A3,P63072,3.75e-87,nontox,nontox
Q921N6,Q9VIF6,8.629e-76,nontox,nontox
Q923K1,Q49KI5,0.0,nontox,nontox
Q923W9,Q9H013,5.067999999999999e-206,nontox,nontox
Q924K2,H2L056,9.268e-39,nontox,nontox
Q924L9,P48760,0.0,nontox,nontox
Q924S4,Q01177,3.523e-19,nontox,nontox
Q68EP9,Q96DT6,1.455e-214,nontox,nontox
Q68EV1,Q7TPB4,6.766e-88,nontox,nontox
Q68F99,Q96MF2,2.939e-161,nontox,nontox
Q68FQ7,Q9D706,0.0,nontox,nontox
Q68Y81,Q9BXW9,0.0,nontox,nontox
Q69DL0,Q5E9E3,5.506e-104,nontox,nontox
Q6AHZ1,Q499R0,0.0,nontox,nontox
Q9VJ62,Q52KK4,1.76e-32,nontox,nontox
Q9VJF2,Q8INZ2,2.534e-95,nontox,nontox
Q9VK13,Q05826,2.823,nontox,nontox
Q9VKA4,D4A6L0,2.736e-38,nontox,nontox
Q9VL00,G5EEV9,5.458,nontox,nontox
Q9VLM7,Q923P0,5.637e-05,nontox,nontox
Q9VMR8,Q9VIR2,1.696e-15,nontox,nontox
Q9VNE7,Q3UU96,0.03871,nontox,nontox
Q9VP47,Q5DW34,0.8109,nontox,nontox
Q9VPS5,Q9VMN5,2.3290000000000003e-207,nontox,nontox
Q9VQD4,O60671,2.668e-36,nontox,nontox
Q9VQE9,Q9V3X5,2.082e-266,nontox,nontox
Q9VRB3,Q9V9L1,4.934e-132,nontox,nontox
Q9VS46,Q6IFX4,0.3094,nontox,nontox
Q9VT67,Q9VYR0,8.191e-26,nontox,nontox
Q9VT90,Q9VHQ7,2.2589999999999997e-51,nontox,nontox
Q9VTE6,P53569,3.6400000000000003e-76,nontox,nontox
Q9VTV1,Q5XJS5,3.2329999999999995e-41,nontox,nontox
A6H5X4,Q5I0E2,3.792e-170,nontox,nontox
A6NHG9,A6NKK0,5.888e-171,nontox,nontox
A6NIM6,Q68F72,1.089e-36,nontox,nontox
A6NJW4,A8WHP9,1.373e-48,nontox,nontox
A6NK59,Q58CT0,8.236000000000001e-216,nontox,nontox
A6NKQ9,P0DN86,1.673e-89,nontox,nontox
A6NMZ2,Q0P561,5.6839999999999996e-68,nontox,nontox
A6NP61,Q7T3U0,3.464e-77,nontox,nontox
A6P331,Q8TCU6,1416.0,nontox,nontox
A6PWV5,A6NKF2,3.2190000000000005e-212,nontox,nontox
A6PWY4,Q9H967,2.496e-269,nontox,nontox
A6QLE7,Q99679,9.109e-149,nontox,nontox
A6QLI8,Q9H0M5,0.09525,nontox,nontox
A6QNM3,Q13416,0.0,nontox,nontox
A6QNX5,Q8BGZ7,1.401e-132,nontox,nontox
A6QP29,Q9BYX2,0.0,nontox,nontox
A6QPU5,Q6PI48,0.0,nontox,nontox
A6QQX5,Q923T7,1.194e-08,nontox,nontox
A6QQZ0,Q96MZ0,7.112e-120,nontox,nontox
A6YLM6,P02691,3.967e-58,nontox,nontox
A7E316,Q9H714,7.045e-311,nontox,nontox
A7E3S5,P57081,6.103e-213,nontox,nontox
A7MB64,Q8IWB1,3.018e-319,nontox,nontox
P69067,P01262,2.508e-14,nontox,nontox
P69107,P45652,4.626e-24,nontox,nontox
P70031,P32238,5.443e-134,nontox,nontox
P67967,P97314,4.945e-108,nontox,nontox
P61953,Q61012,1.659e-30,nontox,nontox
P61963,Q8C0M0,5.226e-09,nontox,nontox
P62025,Q501J7,1.4159999999999999e-80,nontox,nontox
P62313,Q24297,3.343e-15,nontox,nontox
P62562,P56239,8.588e-08,nontox,nontox
P62564,P82021,214.6,nontox,nontox
Q6AZG6,Q1JPX3,7.408000000000001e-272,nontox,nontox
Q6AZI2,Q5U2X6,5.722e-235,nontox,nontox
Q6B0B8,Q7TM95,8.39e-257,nontox,nontox
Q6B858,Q66H07,2.516e-204,nontox,nontox
Q6DBW9,Q8TCZ2,4.118e-34,nontox,nontox
Q6DC03,Q0VA03,1.256e-309,nontox,nontox
Q6DCV0,Q9Y484,4.01e-217,nontox,nontox
Q6DD53,Q6GQI8,1.685e-110,nontox,nontox
Q6DDK1,Q8BW22,1.0460000000000001e-197,nontox,nontox
Q6DE15,Q9BYG0,3.929e-165,nontox,nontox
Q6DE37,Q810K9,7.038e-182,nontox,nontox
Q6DE84,Q90888,6.611e-145,nontox,nontox
Q6DEI8,Q6PBC3,2.885e-68,nontox,nontox
Q6DER6,Q6GM86,3.222e-37,nontox,nontox
Q6AX44,Q8N539,3.728e-214,nontox,nontox
Q6AX53,A8WH34,3.4520000000000002e-223,nontox,nontox
Q6AXU6,P97825,2.202e-84,nontox,nontox
Q6AXZ4,Q8IYX8,1.686e-168,nontox,nontox
Q6AY26,Q8K3A4,5.450000000000001e-131,nontox,nontox
Q6AY87,Q5XJS5,4.0669999999999997e-134,nontox,nontox
Q6AYE4,Q5XIY6,3.241e-155,nontox,nontox
Q6AYG5,Q5R4W0,2.346e-157,nontox,nontox
Q6AYN2,Q0IHF9,1.007e-75,nontox,nontox
Q6AYR4,A4FUH1,4.139e-175,nontox,nontox
Q68A93,Q4PR21,1.771e-30,nontox,nontox
Q68CR1,Q80TS8,0.0,nontox,nontox
Q68EH8,Q8NFF5,1.876e-184,nontox,nontox
P81487,P84925,1.024e-06,nontox,nontox
P81492,Q07558,5.251e-34,nontox,nontox
P81577,P81576,1.14e-32,nontox,nontox
P70389,Q80X72,6.739e-50,nontox,nontox
P79102,P79401,2.814e-274,nontox,nontox
P79139,P82187,3.797e-53,nontox,nontox
P79204,P23946,8.7e-120,nontox,nontox
P79348,P49795,2.611e-71,nontox,nontox
P79724,Q62424,7.381e-106,nontox,nontox
P79894,Q9PWG4,1.659e-120,nontox,nontox
P80002,P80001,2.478e-17,nontox,nontox
P80003,P16354,6.354e-82,nontox,nontox
P80071,P53543,1.292e-42,nontox,nontox
P80079,P80050,2.189e-56,nontox,nontox
P80220,Q9EQZ1,5.966e-39,nontox,nontox
P80229,Q1JPB0,2.194e-200,nontox,nontox
P68512,Q5R5Y0,6.286e-07,nontox,nontox
P69007,,,nontox,
P82142,Q8AYA2,1.516e-81,nontox,nontox
P82204,P30741,1.973e-111,nontox,nontox
P82233,E1B245,0.5565,nontox,nontox
P82352,Q14714,4.269e-127,nontox,nontox
P82418,P0DSJ1,8.898e-11,nontox,nontox
P82470,Q868G6,10.88,nontox,nontox
P80279,P83641,1.224e-10,nontox,nontox
P80361,Q8CHW4,3.63e-06,nontox,nontox
P80363,P10463,4.011e-49,nontox,nontox
P80391,P83429,0.001341,nontox,nontox
P80399,Q2UXV9,9.648e-11,nontox,nontox
P80856,P80226,6.164e-59,nontox,nontox
P80971,Q9I8U0,2.794e-50,nontox,nontox
P81045,Q95JR0,0.2018,nontox,nontox
P81069,Q8TAK5,3.788e-205,nontox,nontox
P81103,Q6GNV7,10.09,nontox,nontox
P81206,O77220,3.609e-44,nontox,nontox
P81476,P84844,4.215e-26,nontox,nontox
P82846,P82839,6.254e-14,nontox,nontox
P82879,P0DQK4,0.0002529,nontox,nontox
P82906,P82904,2.23e-05,nontox,nontox
P82928,Q6AYK9,1.821,nontox,nontox
P82978,P04109,1.681e-09,nontox,nontox
P83039,P11706,7.348e-18,nontox,nontox
P83088,Q9VUL9,5.6640000000000007e-42,nontox,nontox
P83296,P83297,4.096e-104,nontox,nontox
P81768,P01180,6.314e-60,nontox,nontox
P82035,P82044,2.772,nontox,nontox
P82090,P82089,0.01471,nontox,nontox
P83627,O76534,1.367e-14,nontox,nontox
P83877,Q8BUH1,3.081e-30,nontox,nontox
P83921,P85693,0.4877,nontox,nontox
P83926,P85589,0.2582,nontox,nontox
P83965,Q805E8,1.773e-10,nontox,nontox
P84007,,,nontox,
P84115,A7WNV6,1.402e-09,nontox,nontox
P84116,P17235,0.7829,nontox,MCD family
P84211,P84213,1.077,nontox,nontox
P84212,P84213,0.002504,nontox,nontox
P84215,P84950,1.163,nontox,nontox
P84267,P84270,0.005548,nontox,nontox
P84353,,,nontox,
P84370,P82693,0.0002871,nontox,nontox
P84387,P84381,2.93,nontox,nontox
P84568,P85447,4.257e-05,nontox,nontox
P82687,,,nontox,
P82690,P84409,0.01582,nontox,nontox
Q1JS91,E1B248,1.209e-11,nontox,nontox
Q1JS92,A7WNV6,7.756e-21,nontox,nontox
Q1L8W0,Q99592,6.625e-244,nontox,nontox
Q1L981,Q8NAT2,3.186e-113,nontox,nontox
Q1LV46,Q9BUJ0,1.4199999999999999e-67,nontox,nontox
Q1LXC9,Q7TPD0,0.0,nontox,nontox
Q1LY84,A3KNX6,2.689e-111,nontox,nontox
Q1LZD1,Q3UPR7,6.700000000000001e-252,nontox,nontox
Q1RLK6,Q9C0J1,3.284e-185,nontox,nontox
Q1RLU9,Q96Q40,1.537e-166,nontox,nontox
Q1RMI8,O60826,0.0,nontox,nontox
Q1W4C9,P09656,1.133e-06,nontox,nontox
Q20027,A8WGT1,1.459e-49,nontox,nontox
Q20191,P55115,1.032e-97,nontox,nontox
Q20224,Q20223,3.852e-80,nontox,nontox
Q20689,Q5ZL54,1.614,nontox,nontox
Q20762,Q21874,0.0,nontox,nontox
Q20765,Q18192,4.9200000000000004e-36,nontox,nontox
Q21193,P25843,2.6259999999999998e-22,nontox,nontox
Q21808,Q03755,1.13e-87,nontox,nontox
Q21882,Q06S87,1.26e-19,nontox,nontox
Q22058,A0A0G2K344,0.5392,nontox,nontox
Q22252,Q9BWH2,1.082e-09,nontox,nontox
Q22295,Q18081,7.695e-62,nontox,nontox
Q22396,Q93542,4.254e-59,nontox,nontox
Q22401,Q22398,5.547e-89,nontox,nontox
Q22720,Q15283,3.052e-53,nontox,nontox
Q23639,Q93034,3.244e-233,nontox,nontox
Q24039,Q95ZL9,0.09542,nontox,nontox
Q24040,Q95ZL9,0.0169,nontox,nontox
Q24320,P61218,9.597e-44,nontox,nontox
Q24995,P14296,5.340999999999999e-259,nontox,nontox
Q24K00,Q9R060,4.516999999999999e-196,nontox,nontox
Q25054,O76145,6.29e-39,nontox,nontox
Q25489,Q8MZR5,1.479e-136,nontox,nontox
Q25C36,B5MFE9,6.157e-184,nontox,nontox
Q14761,Q64697,7.474e-63,nontox,nontox
Q147U1,A2VDQ7,2.646e-173,nontox,nontox
Q148C3,Q14210,3.6980000000000003e-31,nontox,nontox
Q148F8,P02510,1.671e-37,nontox,nontox
Q148L1,Q8BUV8,1.4160000000000002e-159,nontox,nontox
Q149F1,Q8IZ73,1.7689999999999998e-277,nontox,nontox
Q15032,A0JNC2,6.213e-259,nontox,nontox
Q15615,Q8NGI6,1.38e-121,nontox,nontox
Q16956,Q90593,0.0,nontox,nontox
Q17005,P82174,2.814e-43,nontox,nontox
Q17162,O46037,7.634e-292,nontox,nontox
Q17237,P16241,2.825e-120,nontox,nontox
Q17460,P17656,1.957e-36,nontox,nontox
Q924W9,Q99MB5,3.7739999999999997e-93,nontox,nontox
Q92561,Q96FC7,1.7489999999999998e-175,nontox,nontox
Q93235,P25169,4.4360000000000006e-55,nontox,nontox
Q93903,Q8BTI7,0.4578,nontox,nontox
Q95125,P30987,1.0719999999999999e-164,nontox,nontox
Q95218,Q60997,0.0,nontox,nontox
Q95252,O02662,4.105e-209,nontox,nontox
Q95LL7,Q8BSE0,2.939e-217,nontox,nontox
Q95LU0,Q32KP0,4.204e-135,nontox,nontox
Q95M74,Q95M75,1.315e-273,nontox,nontox
Q95M77,Q95M75,2.726e-269,nontox,nontox
Q95QD1,Q5U4F4,3.8250000000000005e-55,nontox,nontox
Q95QT8,A4III8,3.548e-128,nontox,nontox
Q95WZ4,B7XFU8,4.572e-48,nontox,nontox
Q964Q7,Q27698,5.499e-278,nontox,nontox
Q965W2,Q27521,5.414999999999999e-125,nontox,nontox
Q96AC6,O35231,1.172e-74,nontox,nontox
Q96BN6,A0JNF3,2.588e-268,nontox,nontox
Q96BU1,Q3MHH3,2.468e-175,nontox,nontox
Q96C28,Q8N9K5,1.306e-82,nontox,nontox
Q96CX2,Q5DTY9,3.827e-97,nontox,nontox
Q96DX4,A0A5F9C6I2,1.737e-19,nontox,nontox
Q96EY9,Q6PAT0,5.851e-184,nontox,nontox
Q96FN9,Q68EL2,7.012e-70,nontox,nontox
Q96I36,P86981,14.89,nontox,nontox
Q96I82,Q8BJ66,8.077e-172,nontox,nontox
Q96JC4,A6NK75,3.158e-258,nontox,nontox
Q96LD1,P97281,4.946e-104,nontox,nontox
Q96M69,Q9D5S7,0.0,nontox,nontox
Q96M83,Q8IUD2,0.3695,nontox,nontox
Q96ME1,Q6DIA9,0.05841,nontox,nontox
Q96MT1,Q7TMV1,3.473e-55,nontox,nontox
Q96N03,Q6PDS0,1.174e-82,nontox,nontox
Q96P50,A5PK26,2.444e-202,nontox,nontox
Q96RI9,Q5QD10,4.725e-164,nontox,nontox
Q99614,Q3ZBR5,1.4020000000000002e-155,nontox,nontox
Q99742,Q9QZQ0,1.531e-137,nontox,nontox
Q99KU1,Q6DHR8,0.009075,nontox,nontox
Q99LL5,Q2HJ56,3.7390000000000004e-302,nontox,nontox
Q99LW6,Q8N488,2.947e-59,nontox,nontox
Q99PE2,O14593,3.96e-70,nontox,nontox
Q99PG6,Q7RTX1,0.0,nontox,nontox
Q9BDI7,Q9N0Y2,2.57e-321,nontox,nontox
Q9BPX5,Q6DE18,1.362e-70,nontox,nontox
Q9BSG5,Q4TUC0,2.4660000000000003e-84,nontox,nontox
Q9BSH3,Q9CQM0,8.825e-127,nontox,nontox
Q9BVC5,Q5ZK74,6.543e-79,nontox,nontox
Q9BYD1,Q9VJ38,2.972e-53,nontox,nontox
Q9CPT3,Q3ZBF9,0.0001306,nontox,nontox
Q9CPZ1,Q924U5,1.575,nontox,nontox
Q9CQ52,P08861,4.435e-153,nontox,nontox
Q9CQT9,Q9VPD3,1.995,nontox,nontox
Q9CQX4,Q15004,2.0010000000000003e-55,nontox,nontox
Q9CRA0,Q93070,1.815e-113,nontox,nontox
Q9CSU0,Q5R8Y3,5.1200000000000006e-124,nontox,nontox
Q9CWL8,Q9QZA2,1.591,nontox,nontox
Q9CWQ0,Q9W1X4,7.996,nontox,nontox
Q9CWT6,Q5R6D8,1.905e-43,nontox,nontox
Q9CWX9,Q9VIF6,1.714e-204,nontox,nontox
Q9CX83,Q9P291,6.494e-239,nontox,nontox
Q9CXI0,Q5HYK3,1.292e-183,nontox,nontox
Q9CXK9,Q96EV2,0.0,nontox,nontox
Q9CXP9,A2VDX7,1.091e-192,nontox,nontox
Q9CY21,O43709,1.105e-148,nontox,nontox
Q9CZ91,Q66H19,2.302e-210,nontox,nontox
Q9D0P5,Q9Y3Y4,1.032e-248,nontox,nontox
Q9D0S9,Q9BX68,2.737e-86,nontox,nontox
Q9D106,P27823,1.3199999999999999e-188,nontox,nontox
Q9D1C9,Q9Y3A4,5.618e-149,nontox,nontox
Q9D311,Q1HG44,9.023e-161,nontox,nontox
Q9D3J8,Q3HS82,1.61e-107,nontox,nontox
Q9D3W1,Q9UHP6,7.133e-124,nontox,nontox
Q9D495,Q5XHZ2,2.908e-171,nontox,nontox
Q9D5H4,Q95MP7,1.413e-90,nontox,nontox
Q9D757,A0PJW8,3.919e-50,nontox,nontox
Q9D8S3,Q4R4C9,7.94e-274,nontox,nontox
Q9D975,Q9VX10,2.227e-36,nontox,nontox
Q9D9E0,A6NKX4,1.216e-65,nontox,nontox
Q9D9K8,Q3SYS7,2.111e-64,nontox,nontox
Q9DAK9,P20349,5.528e-11,nontox,nontox
Q9DAR1,Q9DAC0,8.444e-45,nontox,nontox
Q9DAT2,Q2KIH7,2.084,nontox,nontox
Q9DBC0,Q5ZLN2,1.475,nontox,nontox
Q9DBE8,Q9H553,3.687e-233,nontox,nontox
Q9DBK7,P41226,0.0,nontox,nontox
Q9DBW0,Q9VA27,6.84e-150,nontox,nontox
Q9DBX3,Q9UGT4,0.0,nontox,nontox
Q9DBY5,O95503,1.0409999999999999e-227,nontox,nontox
Q9DCI9,Q9BYC8,3.9199999999999994e-88,nontox,nontox
Q9DF50,Q80YR7,2.335e-276,nontox,nontox
Q9DGD4,Q9HCQ7,4.207e-27,nontox,nontox
Q9DGJ0,Q6I7B0,1.794e-76,nontox,nontox
Q9EPZ8,Q8BI21,9.403e-08,nontox,nontox
Q9EQP6,Q5DRQ4,4.278000000000001e-199,nontox,nontox
Q9ER04,Q9H3S3,3.072e-251,nontox,nontox
Q9ER64,B9EJ86,6.566999999999999e-291,nontox,nontox
Q9ER88,Q9D9D8,1.758,nontox,nontox
Q9ERI6,Q9HBH5,3.122e-192,nontox,nontox
Q9ES44,A1A4I1,0.0,nontox,nontox
Q9GL27,P79777,2.136e-231,nontox,nontox
Q9GLF5,Q9MZ37,1.123e-95,nontox,nontox
Q9GYZ0,Q7TSP2,9.881e-239,nontox,nontox
Q9GZ28,Q95W86,2.995e-100,nontox,nontox
Q9GZT6,Q8C3X2,3.375e-130,nontox,nontox
Q9GZZ0,Q01822,9.074e-167,nontox,nontox
Q9H091,Q8C0R7,0.0,nontox,nontox
Q9H0V1,O35567,0.6778,nontox,nontox
Q9H1U4,Q61292,1.056e-52,nontox,nontox
Q9H1Z9,Q8VCF5,2.67e-127,nontox,nontox
Q9H720,Q91YL7,0.0,nontox,nontox
Q9H7C9,Q32PA8,8.08e-71,nontox,nontox
Q9H857,Q3UHB1,7.154e-218,nontox,nontox
Q9HA64,Q8K274,3.5409999999999998e-189,nontox,nontox
Q9HAT1,Q5FB95,5.919e-200,nontox,nontox
Q9HB09,Q6AYK4,0.002347,nontox,nontox
Q9HB40,C9WMM5,9.779e-45,nontox,nontox
Q9HDB9,P63145,0.0,nontox,nontox
Q9I7D3,Q1LZB6,3.208e-21,nontox,nontox
Q9I8G4,Q5ZK74,8.523e-53,nontox,nontox
Q9I930,Q9I925,2.8869999999999998e-93,nontox,nontox
Q9I9B9,Q6IR74,8.924999999999999e-299,nontox,nontox
Q9IAY5,Q9BRJ7,2.921e-108,nontox,nontox
Q9JHN8,Q922E6,1.681,nontox,nontox
Q9JHU2,Q3MHH7,1.198e-274,nontox,nontox
Q9JI38,Q3SX07,6.147e-262,nontox,nontox
Q9JIE6,O94851,2.317,nontox,nontox
Q9JIG4,Q00756,6.589e-17,nontox,nontox
Q9JIT3,O13168,0.0,nontox,nontox
Q9JIY6,Q9QXT3,9.356e-110,nontox,nontox
Q9JJ89,Q5XIB5,1.7939999999999999e-158,nontox,nontox
Q9JJK2,Q90ZL2,1.145e-150,nontox,nontox
Q9JJN5,P15169,6.837999999999999e-255,nontox,nontox
Q9JKB5,A2CG63,0.0,nontox,nontox
Q9JKD3,Q28F21,1.082e-124,nontox,nontox
Q9JLD2,Q99574,2.407e-233,nontox,nontox
Q9JM09,Q06600,9.264e-95,nontox,nontox
Q9JMF3,Q9NFZ3,1.34e-11,nontox,nontox
Q9MYX8,P57786,5.726e-230,nontox,nontox
Q9N0C5,Q9R088,8.021e-137,nontox,nontox
Q9N0V4,P09488,2.238e-130,nontox,nontox
Q9N2D2,P00794,1.083e-203,nontox,nontox
Q9N2J8,P60508,1.488e-69,nontox,nontox
Q9NLC2,Q9EQM3,1.095e-29,nontox,nontox
Q9NQ60,Q9D9V2,1.457e-73,nontox,nontox
Q9NQE7,Q9QXE5,5.996e-250,nontox,nontox
Q9NQR8,Q9D1H6,2.42e-96,nontox,nontox
Q9NRH1,Q4U2V3,0.04512,nontox,nontox
Q9NRN5,B5MFE9,6.567999999999999e-151,nontox,nontox
Q9NS25,Q6PAR5,24.71,nontox,nontox
Q9NSI5,Q7TSN7,1.824e-95,nontox,nontox
Q9NXL6,Q9GYF0,8.509e-110,nontox,nontox
Q9NYW6,Q9NYW3,6.888999999999999e-68,nontox,nontox
Q9NZW5,D3ZAA9,7.207000000000001e-256,nontox,nontox
Q9P104,Q6PKX4,3.885e-146,nontox,nontox
Q9P2C4,Q5FWK6,6.231e-06,nontox,nontox
Q9P2N5,Q6NZN0,3.395e-211,nontox,nontox
Q9P2P1,Q5DTZ0,0.0,nontox,nontox
Q9PT75,Q5DVA5,3.491e-19,nontox,nontox
Q9PT92,Q9PWF7,1.459e-300,nontox,nontox
Q9PTS2,Q8HY31,7.443e-175,nontox,nontox
Q9PTX2,Q28IQ9,4.839e-68,nontox,nontox
Q9PVU6,P83270,1.4189999999999999e-75,nontox,nontox
Q9PW71,Q62767,2.515e-206,nontox,nontox
Q9QUH0,P35754,5.586e-61,nontox,nontox
Q9QWF0,A6QLA6,0.0,nontox,nontox
Q9QXT0,Q2L6L1,5.976e-38,nontox,nontox
Q9QY00,Q8NGI9,1.881e-99,nontox,nontox
Q9QYE2,Q99J94,0.0,nontox,nontox
Q9QYJ7,Q9UII6,5.091e-112,nontox,nontox
Q9QYX2,Q9QYX3,3.449e-71,nontox,nontox
Q9QYZ9,P83748,1.634e-158,nontox,nontox
Q9QZS6,Q9Y662,2.728e-232,nontox,nontox
Q9QZT0,Q86UP6,1.394e-303,nontox,nontox
Q9QZY5,P29017,1.6260000000000002e-102,nontox,nontox
Q9TSM5,Q5BK56,1.584e-133,nontox,nontox
Q9TSZ1,P52115,5.477e-181,nontox,nontox
Q9TYY7,A2AHJ4,9.097,nontox,nontox
Q9U217,Q9TUI8,2.9020000000000003e-72,nontox,nontox
Q9U2C4,Q6WV20,2.621e-124,nontox,nontox
Q9U2G5,Q5F364,0.0,nontox,nontox
Q9U358,Q95Y52,2.7099999999999998e-107,nontox,nontox
Q9U3S9,Q18439,1.936e-57,nontox,nontox
Q9UBG7,O08674,4.579e-303,nontox,nontox
Q9UHF5,Q8TAD2,6.961e-14,nontox,nontox
Q9UHR6,Q9QY66,1.4980000000000001e-207,nontox,nontox
Q9UJK0,Q9BGQ5,1.714,nontox,nontox
Q9UJV8,P42669,5.957e-87,nontox,nontox
Q9UKJ3,Q7Z570,3.8170000000000004e-55,nontox,nontox
Q9UL36,A6NN14,4.103e-112,nontox,nontox
Q9UN71,Q9Y5G0,0.0,nontox,nontox
Q9UNL2,Q96T49,310.3,nontox,nontox
Q9V579,Q90673,5.216e-42,nontox,nontox
Q9V5P6,Q9NPE3,2.912e-23,nontox,nontox
Q9V7U0,P11734,1.813e-07,nontox,nontox
Q9V8I2,Q3T132,1.32e-53,nontox,nontox
Q9VAD6,A2VDR8,3.482e-69,nontox,nontox
Q9VAL0,Q9D958,1.564e-19,nontox,nontox
Q9VB74,Q8N5F7,1.92e-43,nontox,nontox
Q9VCK0,K7IM66,1.948e-253,nontox,nontox
Q9VE51,P79101,4.173e-303,nontox,nontox
Q9VF81,Q8BG19,2.437e-131,nontox,nontox
Q9VGV8,Q9CQ79,4.746e-70,nontox,nontox
Q9VH38,Q3TL26,1.08e-06,nontox,nontox
Q9VHY5,Q4R5A5,2.419e-44,nontox,nontox
Q9VIM5,O15144,4.0639999999999996e-152,nontox,nontox
Q9VIP7,Q568I2,2.348e-64,nontox,nontox
Q9VKH6,Q6GNY7,4.247e-67,nontox,nontox
Q9VKY1,Q96RT7,0.1898,nontox,nontox
Q9VL32,Q09428,1.799e-150,nontox,nontox
Q9VL52,Q9VNP5,5.221e-50,nontox,nontox
Q9VLM5,Q8I7Z2,1.611e-48,nontox,nontox
Q9VMA0,Q9D720,4.004e-15,nontox,nontox
Q9VN50,Q1HR47,2.129e-139,nontox,nontox
Q9VN93,Q9R013,5.257e-86,nontox,nontox
Q9VNI3,Q9NWY4,1.007e-48,nontox,nontox
Q9VNT5,Q9JLT4,6.951000000000001e-168,nontox,nontox
Q9VP05,A1L0Z0,2.094e-52,nontox,nontox
Q9VPI2,Q5IS46,4.334e-18,nontox,nontox
Q9VPY0,Q66H58,1.488e-79,nontox,nontox
Q9VR82,Q9VWL5,1.9300000000000002e-143,nontox,nontox
Q9VRA2,Q9N0E7,3.645e-155,nontox,nontox
Q9VS50,Q8CIB9,1.482e-32,nontox,nontox
Q9VSJ8,O35250,6.307e-103,nontox,nontox
Q9VSU7,Q7ZTY7,1.5909999999999998e-22,nontox,nontox
Q9VT53,O09210,0.02281,nontox,nontox
Q9VTJ4,Q6AYS4,3.842e-157,nontox,nontox
Q9VVE2,Q7ZVT5,4.302e-52,nontox,nontox
Q9VVS4,A3KNK7,1.5540000000000003e-20,nontox,nontox
Q9VW26,Q17QF0,2.549e-37,nontox,nontox
Q9VW87,P48664,0.3102,nontox,nontox
Q9VWI4,Q8IMM9,5.534e-61,nontox,nontox
Q9VWN9,A7E2V4,0.0,nontox,nontox
Q9VWY6,Q7ZYA2,5.071e-49,nontox,nontox
Q9VX25,Q4V908,3.947e-68,nontox,nontox
Q9VZL5,Q5ZLN2,1.3520000000000002e-65,nontox,nontox
Q9W062,P55081,5.562e-128,nontox,nontox
Q9W0G7,O16844,1.28,nontox,nontox
Q9W133,Q6INL7,4.568e-146,nontox,nontox
Q9W1L5,Q9V5E1,2.665e-70,nontox,nontox
Q9W4C3,Q8K387,4.731999999999999e-68,nontox,nontox
Q9W4M8,P86839,4.289,nontox,nontox
Q9W5E4,Q7TPV4,1.067e-10,nontox,nontox
Q9W5G6,P81911,4.205e-10,nontox,nontox
Q9W669,Q9YH32,4.413e-236,nontox,nontox
Q9W679,O12946,3.811e-144,nontox,nontox
Q9W6U8,Q60929,5.034e-274,nontox,nontox
Q9W6V2,Q7Z3B1,6.194e-183,nontox,nontox
Q9W701,P51800,1.9070000000000002e-275,nontox,nontox
Q9W725,Q3SZI5,6.800000000000001e-166,nontox,nontox
Q9WUV3,P00682,2.282e-67,nontox,nontox
Q9WV59,Q2T9Z0,1.617e-244,nontox,nontox
Q9WVL2,P52630,0.0,nontox,nontox
Q9XSC9,Q5REL7,1.289e-191,nontox,nontox
Q9XSK2,P08962,3.3649999999999996e-125,nontox,nontox
Q9XSQ7,O19073,7.564e-112,nontox,nontox
Q9XTT9,P54814,1.359e-216,nontox,nontox
Q9XU98,P58659,2.762e-26,nontox,nontox
Q9XUK2,Q22156,0.0003559,nontox,nontox
Q9XVR6,Q10669,0.1182,nontox,nontox
Q9XWR1,P91599,1.849,nontox,nontox
Q9XXS1,O62415,3.0030000000000002e-71,nontox,nontox
Q9Y194,Q8CHN6,3.46e-132,nontox,nontox
Q9Y2D9,Q6GNP2,3.133e-275,nontox,nontox
Q9Y2L8,Q9Z1D8,0.0,nontox,nontox
Q9Y4I5,Q571G4,6.4130000000000005e-71,nontox,nontox
Q9Y5F9,Q9Y5G0,0.0,nontox,nontox
Q9Y5G3,Q9Y5G2,0.0,nontox,nontox
Q9Y5G7,Q9Y5H0,0.0,nontox,nontox
Q9Y5H1,Q9Y5H0,0.0,nontox,nontox
Q9Y5H8,Q9UN73,0.0,nontox,nontox
Q9Y5Y3,Q9EQQ4,1.233e-213,nontox,nontox
Q9YGW2,P02021,3.738e-46,nontox,nontox
Q9YH12,Q3MHF8,1.773e-221,nontox,nontox
Q9YH33,P50241,1.927e-295,nontox,nontox
Q9YHB5,Q9BPX3,0.0,nontox,nontox
Q9YIC2,Q5R7M1,2.171e-16,nontox,nontox
Q9Z179,Q6GPE9,7.842999999999999e-240,nontox,nontox
Q9Z1V0,Q8NGE1,4.3159999999999996e-103,nontox,nontox
Q9Z209,Q6UX15,2.313e-204,nontox,nontox
Q9Z2H1,Q80ZD1,1.5990000000000002e-156,nontox,nontox
Q9Z2T1,Q9Y2U2,7.472e-149,nontox,nontox
Q9Z321,O96651,0.0,nontox,nontox
V5JFY4,Q9UHF4,6.874e-13,nontox,nontox
W6CW81,O14862,2.1670000000000002e-26,nontox,nontox
A0A075B6S4,P04430,1.908e-52,nontox,nontox
A0A075B6S6,A0A0C4DH68,1.0309999999999999e-53,nontox,nontox
A0A075B6T6,A0A0B4J271,1.073e-43,nontox,nontox
A0A087WSY6,P04433,7.77e-50,nontox,nontox
A0A088SG62,Q9D125,463.5,nontox,nontox
A0A0A0MS02,P03979,4.616e-43,nontox,nontox
A0A0B4J1U6,A0A0A0MS03,5.992e-30,nontox,nontox
A0A0B4J1V0,A0A0B4J1V6,1.244e-48,nontox,nontox
A0A0B4J1X5,P01780,6.235999999999999e-53,nontox,nontox
A0A0B4J277,A0A0B4J266,5.087e-19,nontox,nontox
A0A0B4J2H0,A0A0C4DH31,2.237e-45,nontox,nontox
A0A0C4DH27,A0A0B4J1U4,1.445e-42,nontox,nontox
A0A0J9YX35,P0DP04,2.773e-51,nontox,nontox
A0A0N6WHT4,A0A0R4IVV0,0.0,nontox,nontox
A0A0N7FMT9,P0DY16,1.119e-13,nontox,nontox
A0A0N9LWM6,P0DY03,0.0001176,nontox,nontox
A0A125S9M6,P13648,5.306e-46,nontox,nontox
A0A1B0GX56,A0A0A6YYK7,1.003e-27,nontox,nontox
A0A1L8HCK2,Q6DRC3,2.973e-141,nontox,nontox
A0A1L8I316,E9QDC5,2.63e-25,nontox,nontox
A0A1S4HDQ2,Q7SYB2,2.281,nontox,nontox
A0A291PQF1,A0A291PQH4,8.261e-108,nontox,nontox
A0A3Q1MT14,Q5U2Y9,3.769,nontox,nontox
A0A576,A0A539,1.1620000000000002e-31,nontox,nontox
A0A584,A0A1B0GXF2,9.396e-31,nontox,nontox
A0A6G9KHD1,Q0WYX8,27.93,nontox,nontox
A0A7M6UNN1,O46162,4.206e-06,nontox,nontox
A0A903V9Z8,Q17F11,7.119e-19,nontox,nontox
A0A913XCT1,A0A2B4RP11,3.433e-26,nontox,nontox
A0JM64,Q2NLB0,0.0,nontox,nontox
A0JMA9,Q8IYT4,1.829e-254,nontox,nontox
A0JME2,Q6VMQ6,4.3569999999999996e-51,nontox,nontox
A0JMQ7,Q6IMY1,5.473e-113,nontox,nontox
A0JMV4,Q6DDU9,0.0,nontox,nontox
A0JN92,Q8TCY9,0.0,nontox,nontox
A0JNA8,Q6ZW49,0.0,nontox,nontox
A0JNG4,Q6ZRF8,4.986e-305,nontox,nontox
A0JNH1,Q5ZK13,2.3499999999999998e-39,nontox,nontox
A0JP89,Q6GMD3,6.580999999999999e-175,nontox,nontox
A1A4J8,Q5SUC9,2.0200000000000002e-143,nontox,nontox
A1A4P4,Q9CR59,1.019e-87,nontox,nontox
A1A5S3,Q3T0E9,7.671000000000001e-180,nontox,nontox
A1EA99,P80384,6.873e-18,nontox,nontox
A1L1A6,O44730,2.033e-05,nontox,nontox
A1L1K1,Q6MZQ0,5.433e-213,nontox,nontox
A1L209,B1PM81,4.636e-24,nontox,nontox
A1L2E4,A4QNL8,1.35e-86,nontox,nontox
A1Z9A8,Q32LU7,1.989e-89,nontox,nontox
A1ZB86,Q5U580,4.379e-84,nontox,nontox
A1ZBY1,P0C6P7,7.500999999999999e-130,nontox,nontox
A2A699,A1L3I3,4.5859999999999996e-262,nontox,nontox
A2A7S8,Q8CAF4,9.823e-06,nontox,nontox
A2AE42,Q95245,5.847e-06,nontox,nontox
A2AR02,P30414,3.2720000000000004e-102,nontox,nontox
A2BE76,Q6PAX8,3.5e-148,nontox,nontox
A2RV61,Q14C86,0.0,nontox,nontox
A2VCZ5,Q8NEL9,0.1926,nontox,nontox
A2VD93,Q5RE21,7.23e-255,nontox,nontox
A2VDR9,Q32MQ0,1.61e-301,nontox,nontox
A3FEM2,Q99581,7.179e-85,nontox,nontox
A3KN46,Q6P1Q0,1.5799999999999999e-218,nontox,nontox
A3QP07,Q49HI0,0.0,nontox,nontox
A4D1S0,Q3UM83,4.322e-137,nontox,nontox
A4FUC0,Q9BZE1,5.516e-243,nontox,nontox
A4FUY7,Q9Z223,2.5970000000000003e-96,nontox,nontox
A4FUZ5,Q5R533,3.4139999999999996e-257,nontox,nontox
A4IFD0,P00571,3.6839999999999997e-66,nontox,nontox
A4IFH5,P24298,8.954999999999999e-294,nontox,nontox
A4IGC3,Q6IP02,1.71e-56,nontox,nontox
A4IGI5,Q3U0Y2,8.726e-08,nontox,nontox
A4IHR0,Q4V7N8,2.963e-169,nontox,nontox
A4II83,Q6IQH6,6.51e-165,nontox,nontox
A4ZNR5,Q8VE28,3.048e-75,nontox,nontox
A5A6J9,Q64345,1.902e-157,nontox,nontox
A5D789,Q8N1K5,0.0,nontox,nontox
A5D7B1,Q9HA92,1.339e-255,nontox,nontox
A5D7P8,Q96AH0,6.9629999999999995e-118,nontox,nontox
A5D8S8,O94992,2.207e-68,nontox,nontox
A5PJ93,Q8WU39,8.216e-86,nontox,nontox
A5PJI7,Q64350,1.31e-09,nontox,nontox
A5PK51,Q6XQN6,5.0340000000000005e-307,nontox,nontox
A5PKR8,Q5R9V1,0.0,nontox,nontox
P91455,P08030,4.755e-42,nontox,nontox
P91627,P91629,6.093e-54,nontox,nontox
P92505,P92504,7.422000000000001e-49,nontox,nontox
P97366,O60447,0.0,nontox,nontox
P97493,Q95108,5.525e-92,nontox,nontox
P97816,P02632,1.5249999999999999e-33,nontox,nontox
P98085,A5PN28,9.375999999999999e-171,nontox,nontox
P98181,O42430,2.3690000000000002e-256,nontox,nontox
Q000A9,Q6TN15,0.0,nontox,nontox
Q00400,Q90481,9.932e-28,nontox,nontox
Q00401,Q9EQM3,4.046e-28,nontox,nontox
Q00643,P01152,6.742e-112,nontox,nontox
Q00855,P49278,1.567e-77,nontox,nontox
Q01584,Q9XS65,5.2460000000000005e-46,nontox,nontox
Q02373,Q9DCS9,3.645e-96,nontox,nontox
Q02376,O43677,1.6980000000000003e-36,nontox,nontox
Q04475,Q9PRF8,3.956e-34,nontox,nontox
Q04791,O46421,9.381e-179,nontox,nontox
Q04820,Q5ZME2,1.523e-125,nontox,nontox
Q04948,P02544,5.382e-66,nontox,nontox
Q05623,P70402,1.1959999999999999e-167,nontox,nontox
Q05634,Q16658,6.05e-89,nontox,nontox
Q05973,Q20JQ7,0.0,nontox,nontox
Q059A4,Q4KLZ1,2.447e-19,nontox,nontox
Q05AM5,Q5EBD9,0.0,nontox,nontox
Q05B50,Q5M965,2.133e-176,nontox,nontox
Q06442,P31286,2.821e-216,nontox,nontox
Q06684,P01005,4.883e-15,nontox,nontox
Q06AU9,P11086,7.081e-163,nontox,nontox
Q06AV5,Q7ZXF3,1.649e-48,nontox,nontox
Q06B75,A0A0K8RCY5,2.518e-130,nontox,other
Q07370,P01241,3.669e-102,nontox,nontox
Q075Z2,Q7YR83,3.146e-28,nontox,nontox
Q07886,Q9Y6V7,2.579e-126,nontox,nontox
Q07943,P35035,1.7780000000000002e-63,nontox,nontox
Q08617,Q7YS69,3698.0,nontox,nontox
Q08738,P45589,4.128e-21,nontox,nontox
Q08867,P17108,1.003e-60,nontox,nontox
Q08882,P49868,2.08e-322,nontox,nontox
Q08AF3,Q8CBA2,0.0,nontox,nontox
Q08B78,Q8K2C7,6.687e-13,nontox,nontox
Q08BU1,Q9D7W5,3.332e-127,nontox,nontox
Q08C57,Q6P4F2,7.739e-65,nontox,nontox
P84672,P85690,5.151e-05,nontox,nontox
P84818,Q05588,0.5307,nontox,nontox
P84833,,,nontox,
P84863,,,nontox,
P84928,P86621,9.969e-11,nontox,nontox
P84930,Q800R3,0.0001531,nontox,nontox
P84939,C0HKQ0,0.007155,nontox,nontox
P84987,D2YVI2,7.223e-63,nontox,nontox
P85212,O54916,9.951,nontox,nontox
P85216,Q8N9R8,32.29,nontox,nontox
P85811,B2ZBA1,0.09022,nontox,nontox
P85816,B3A0L0,1.602,nontox,nontox
P86019,P86020,0.5565,nontox,nontox
P86022,C0HL02,1.486e-09,nontox,nontox
P86025,P40841,2.814e-09,nontox,nontox
P86161,P86162,3.911e-10,nontox,nontox
P86431,P05939,6.866e-38,nontox,nontox
P86488,P86493,0.002504,nontox,nontox
P86504,P56236,3.265e-06,nontox,nontox
P86617,P84904,0.0001531,nontox,nontox
P86639,Q90ZK3,2.127e-06,nontox,nontox
P86645,P86654,1.265,nontox,nontox
P86870,P0DMB9,2.2410000000000002e-128,nontox,nontox
P86880,P59743,9.313e-91,nontox,nontox
P86919,C0HJE1,2.63e-67,nontox,nontox
P86929,O96447,3.402e-31,nontox,nontox
P87384,P60041,6.1620000000000004e-46,nontox,nontox
P83485,P83486,2.854e-37,nontox,nontox
P83493,Q29432,9.424e-192,nontox,nontox
P83586,Q9TWW7,0.4337,nontox,nontox
P83587,Q9TWW7,0.08706,nontox,nontox
Q17QD3,Q642J5,2.87e-137,nontox,nontox
Q17QK8,P35270,1.2049999999999999e-136,nontox,nontox
Q17QS4,Q5T9C9,4.373e-234,nontox,nontox
Q17QU7,Q6UX07,4.0780000000000004e-210,nontox,nontox
Q18600,Q09216,2.144e-123,nontox,nontox
Q19707,Q03755,4.66e-173,nontox,nontox
Q19720,O08755,3.058e-46,nontox,nontox
Q19829,P51477,0.1262,nontox,nontox
Q19970,Q8WTT0,1.197e-09,nontox,nontox
Q1ECT8,Q4G0I0,1.008e-45,nontox,nontox
Q1EQW7,P70060,5.516e-178,nontox,nontox
Q1HTZ8,P05221,2.448e-91,nontox,nontox
Q1JPD3,Q8N465,5.615000000000001e-280,nontox,nontox
Q1JQB5,Q71FD7,2.519e-195,nontox,nontox
Q1JQD6,Q4R657,0.0,nontox,nontox
Q0V9F1,A8E5Y3,4.652e-230,nontox,nontox
Q0VA45,A5H447,2.079e-319,nontox,nontox
Q0VAW7,Q9UJU3,0.0,nontox,nontox
Q0VBV7,Q9P2H0,0.0,nontox,nontox
Q0VC13,Q80SY6,3.117e-184,nontox,nontox
Q0VC74,Q5F4B3,4.754e-236,nontox,nontox
Q0VCE9,Q66HZ2,6.604e-182,nontox,nontox
Q0VD24,Q53H47,1.5300000000000002e-172,nontox,nontox
Q0VFC7,Q6PBU7,9.148999999999999e-47,nontox,nontox
Q0VGW4,Q3UVK0,0.0,nontox,nontox
Q0VH32,O08789,6.756999999999999e-175,nontox,nontox
Q0X0E2,Q96MH2,2.713e-135,nontox,nontox
Q0ZB77,K7IM66,1.0799999999999999e-277,nontox,nontox
Q0ZSU5,V5K5P3,1.153e-164,nontox,nontox
Q0ZUP1,Q0ZUP0,6.713e-117,nontox,nontox
Q7ZWS2,Q6AYP7,1.094e-118,nontox,nontox
Q7ZWZ4,Q99592,4.338e-154,nontox,nontox
Q7ZXA8,Q13769,0.0,nontox,nontox
Q7ZXB5,Q6NZZ9,1.1879999999999998e-243,nontox,nontox
Q7ZXG4,Q6A037,1.003e-193,nontox,nontox
Q7ZXP0,Q6GMH3,1.519e-168,nontox,nontox
Q7ZXS7,Q92052,1.32e-151,nontox,nontox
Q7ZYF1,Q6IMK3,2.8220000000000002e-155,nontox,nontox
Q7ZYP6,Q5ZJV4,3.342e-298,nontox,nontox
Q800G8,Q91197,2.151e-287,nontox,nontox
Q800I8,Q805D4,4.085e-18,nontox,nontox
Q801F8,Q8JIR6,2.346e-140,nontox,nontox
Q801R8,Q8N335,6.83e-198,nontox,nontox
Q803C9,Q5PQL5,3.403e-257,nontox,nontox
Q803E1,Q6DE94,2.918e-187,nontox,nontox
C0HMB7,Q5MIU2,9.617e-48,nontox,nontox
C1IBZ3,P70106,15.35,nontox,nontox
C3KHF2,B5XFI8,1.858e-82,nontox,nontox
C4WU37,Q9VY93,2.234e-79,nontox,nontox
C7EMF5,Q5JT82,8.334000000000001e-128,nontox,nontox
C9J3V5,Q9D9U4,2.701e-35,nontox,nontox
C9JI98,A9JSM3,2.364e-78,nontox,nontox
D2Z1D6,D2IT41,2.945e-07,nontox,nontox
D3ZF18,Q7RTR0,6.078,nontox,nontox
D3ZXD8,Q91YL7,2.015,nontox,nontox
D6QY17,Q96RT6,11.38,nontox,nontox
E1AXF9,C5H0C7,7.92e-15,nontox,nontox
E3P6P4,E3P6N6,3.338e-65,nontox,nontox
E5RJM6,A6QPE7,2.3670000000000002e-166,nontox,nontox
E9Q0C6,O75909,0.1475,nontox,nontox
E9Q1U1,P24733,2.329e-05,nontox,nontox
E9Q6P5,Q9ULT0,1.478e-263,nontox,nontox
F1QPR4,F1QR98,1.4440000000000001e-109,nontox,nontox
F5GYI3,F6P6X0,6.866e-21,nontox,nontox
A7XUY5,A7XUX6,1.174e-103,nontox,nontox
A7XV04,A0A0E4BZH1,2.024e-75,nontox,nontox
A7YH32,Q9P2M7,0.0,nontox,nontox
A7YT82,Q9N181,8.727e-286,nontox,nontox
A7YWG4,Q92820,1.017e-154,nontox,nontox
A8CZZ1,B7XFU7,6.892000000000001e-42,nontox,nontox
A8E534,B5XF11,3.455e-195,nontox,nontox
A8KBL7,Q5M8E6,4.465e-158,nontox,nontox
A8MPS7,Q14BV6,4.1740000000000006e-184,nontox,nontox
A8MPX8,Q8BVT6,1.421e-221,nontox,nontox
A8MZ26,Q09665,9.024e-06,nontox,nontox
A9JR86,Q9Y3A0,2.302e-99,nontox,nontox
A9Q1D5,Q6IM78,1.4009999999999999e-291,nontox,nontox
A9QWP9,P18340,5.494e-34,nontox,nontox
A9ULG4,Q6PBN5,1.305e-122,nontox,nontox
A9ZSY2,Q7PIR5,1.098e-195,nontox,nontox
B0BLT0,Q9W3Y0,1.411e-28,nontox,nontox
B0JFB8,Q60846,0.005992,nontox,nontox
B0R0W9,Q0IIM8,0.0,nontox,nontox
B0R1D5,Q0VA03,0.0,nontox,nontox
B0S4Q5,O73737,2.684e-103,nontox,nontox
B0S794,Q5TZF3,2.4889999999999998e-51,nontox,nontox
B0UZC8,Q505H4,1.311e-129,nontox,nontox
B1H116,Q99PM9,1.979e-144,nontox,nontox
B1H1N7,Q6PBN5,1.357e-118,nontox,nontox
B1H1W9,Q0P4V4,0.0,nontox,nontox
B1H3H9,Q2KHY9,5.4469999999999994e-281,nontox,nontox
B1WC15,B1AX39,4.25e-313,nontox,nontox
B2RN74,Q8NGC9,5.799e-119,nontox,nontox
B2RY56,E9Q784,7.838e-09,nontox,nontox
B2RYD2,Q6DEZ7,0.0,nontox,nontox
B3DGU2,Q3LGD4,3.859e-195,nontox,nontox
B3EWJ3,,,nontox,
B3EWJ8,,,nontox,
B3EWK3,,,nontox,
B3EWM1,E2ARW3,0.0107,nontox,nontox
B4F777,P82970,1.27e-27,nontox,nontox
B5A9S9,Q2UXV9,1.084e-07,nontox,nontox
B5G279,Q3ZBJ1,2.703e-80,nontox,nontox
B5SNZ6,Q8N0Z2,2.2739999999999998e-204,nontox,nontox
B5X1Q3,B5X216,1.278e-187,nontox,nontox
B5X2D1,Q6GMI7,1.053e-144,nontox,nontox
B5XB27,Q566U4,1.017e-154,nontox,nontox
B6RLX2,P20229,2.471e-28,nontox,nontox
B7ZS37,Q91YE5,0.0,nontox,nontox
B7ZUF3,Q5ZML9,4.294e-317,nontox,nontox
B9A064,P15814,1.865e-97,nontox,nontox
C0HK21,Q21986,3.079,nontox,nontox
C0HK89,P05224,0.001849,nontox,nontox
C0HKL8,C0HK87,0.003118,nontox,nontox
C0HKN9,C0HKP0,0.00127,nontox,nontox
C0HKP2,C0HK87,0.0004551,nontox,nontox
C0HKP3,C0HKL9,0.0004551,nontox,nontox
C0HKP4,C0HKL9,0.005925,nontox,nontox
C0HKS3,C0HKS4,6.861e-31,nontox,nontox
C0HKU9,Q9NL83,1.73e-08,nontox,nontox
C0HKV9,A0SIX6,3.604e-11,nontox,nontox
C0HL48,P82232,0.005548,nontox,nontox
C0HL65,Q94984,1.837e-22,nontox,nontox
C0HLN5,Q9D2D7,1.391,nontox,nontox
C0HM70,C0H692,0.0001137,nontox,Cnidaria small cysteine-rich protein (SCRiP) family
C4QM85,Q5DC12,5.88e-204,nontox,nontox
C6FG12,Q86WI3,1.4459999999999999e-179,nontox,nontox
C6JUN9,Q90WI7,9.623999999999999e-73,nontox,nontox
C9JUS6,A5LHG2,5.667e-08,nontox,nontox
D3TLL6,Q803D2,7.974999999999999e-198,nontox,nontox
D3YY91,Q96L50,2.2510000000000002e-212,nontox,nontox
D9J143,Q7YT16,5.583e-60,nontox,nontox
E1AWD4,E7EKH2,2.024e-13,nontox,nontox
E1AWD7,E1AWD8,8.456e-13,nontox,nontox
E2AJ76,Q9VIQ0,1.501e-05,nontox,nontox
E2ASG4,C0HKV8,9.79e-15,nontox,nontox
E2RVI8,O73860,1.298e-191,nontox,nontox
E2RYF6,Q5SSG8,3.457e-11,nontox,nontox
E7EKH3,F1T153,6.249e-11,nontox,nontox
E7EKH5,Q2UXR3,4.398e-15,nontox,nontox
E9PYL2,Q2KHR3,1.973e-107,nontox,nontox
E9Q6E9,Q8NDZ2,0.0,nontox,nontox
E9QAF0,B6VQA5,0.0,nontox,nontox
F1LV46,Q6ZQW0,1.263e-198,nontox,nontox
F1P3Y5,A6NL82,9.123e-40,nontox,nontox
F1QGD2,Q2TGI5,4.643e-66,nontox,nontox
F1R3W0,Q5ZJR9,3.6409999999999997e-110,nontox,nontox
F1RDM5,Q5JTC6,6.106e-74,nontox,nontox
F7C0L1,P16563,1.3840000000000001e-55,nontox,nontox
F7F3Q2,G5E8A8,0.0,nontox,nontox
G3V9R3,Q95JD5,2.827e-119,nontox,nontox
G4V4G0,G4V4F9,2.019e-20,nontox,nontox
G4WAW9,Q802G7,1.897e-26,nontox,nontox
G5CTF9,G5CTG5,1.975e-141,nontox,nontox
G5ECJ5,Q28H51,5.129e-12,nontox,nontox
G5EGQ5,Q95YM8,9.364000000000001e-20,nontox,nontox
H2M146,F1QN48,8.911e-115,nontox,nontox
H9IWW7,Q9W1I9,1.4960000000000002e-26,nontox,nontox
H9JBU5,Q9NHW7,9.887,nontox,nontox
H9JIQ1,Q0KHY3,0.0,nontox,nontox
I0DEB4,I0DEB3,1.473e-18,nontox,nontox
I0DEB6,P0DRH5,8.634e-21,nontox,nontox
I3L3R5,O95759,15.16,nontox,nontox
J7FQE8,P35479,3.308e-23,nontox,nontox
J7MFT5,P0CU40,1.266e-47,nontox,nontox
K9N4Q4,Q28105,0.4357,nontox,nontox
L0GAZ8,L0GCI6,1.294e-17,nontox,nontox
L0GCV8,P0DJO4,9.691e-15,nontox,nontox
M3XQV7,Q5TZE1,1.0409999999999999e-231,nontox,nontox
O00479,Q15651,6.127e-13,nontox,nontox
O01671,O61374,2.79e-117,nontox,nontox
O02036,P0C5Y8,3.881,nontox,nontox
O02195,Q1HPW4,1.864e-155,nontox,nontox
O02733,P41690,7.128e-82,nontox,nontox
O13001,Q04645,5.169e-16,nontox,nontox
O14598,Q9H321,1.899e-57,nontox,nontox
O15255,Q9PUQ1,0.2911,nontox,nontox
O15946,P85211,1.915e-16,nontox,nontox
O16391,O17928,5.562e-40,nontox,nontox
O16868,Q3UYI6,4.5780000000000006e-42,nontox,nontox
O17433,P52570,2.329e-132,nontox,nontox
O17617,Q19802,2.297e-72,nontox,nontox
O18087,O45460,4.303e-38,nontox,nontox
O18480,P09623,4.208e-201,nontox,nontox
O18728,Q16658,7.301e-184,nontox,nontox
O18999,Q9BEH0,1.482e-85,nontox,nontox
O35257,P24800,9.611e-87,nontox,nontox
O35403,O46640,7.051e-142,nontox,nontox
O35536,P48307,6.483999999999999e-73,nontox,nontox
O35654,O93610,4.241e-210,nontox,nontox
O35679,O60575,4.181e-25,nontox,nontox
O35680,O15235,3.165e-76,nontox,nontox
O35735,A4PIZ9,1.253e-59,nontox,nontox
O42122,Q5NVK2,1.14e-203,nontox,nontox
O42146,P25785,1.8e-113,nontox,nontox
O42153,P35576,2.643e-122,nontox,nontox
O42196,Q9H3Z4,1.512e-113,nontox,nontox
O42367,P0C1T1,1.595e-94,nontox,nontox
O43246,Q8BLQ7,0.0,nontox,nontox
O44248,Q1HQU2,1.6150000000000002e-154,nontox,nontox
O45348,Q64299,0.02169,nontox,nontox
O46054,Q9VS79,9.885e-116,nontox,nontox
O54792,P35429,3.151e-77,nontox,nontox
O54974,P97590,9.827e-83,nontox,nontox
O57601,P42581,7.528999999999999e-139,nontox,nontox
O57690,P82144,1.0679999999999999e-114,nontox,nontox
O60347,Q6A039,0.0,nontox,nontox
O60431,O43749,8.635e-105,nontox,nontox
O61466,P41870,0.0001195,nontox,nontox
O62675,Q14005,0.0,nontox,nontox
O62677,Q14005,0.0,nontox,nontox
O62827,P53366,2.5549999999999997e-90,nontox,nontox
O62855,P56541,2.935e-195,nontox,nontox
O73592,Q9H2W2,9.311e-28,nontox,nontox
O73761,P79880,4.686e-111,nontox,nontox
O73775,P23142,0.0,nontox,nontox
O76038,Q06A97,1.0580000000000001e-163,nontox,nontox
O76577,Q9XZ58,9.692e-37,nontox,nontox
O76757,Q27580,1.259e-243,nontox,nontox
O76879,Q9VBV3,7.849e-30,nontox,nontox
O77245,P50239,8.392000000000001e-160,nontox,nontox
O77420,O77421,8.666e-77,nontox,nontox
O77473,Q93112,2.6109999999999998e-93,nontox,nontox
O77512,Q2KIR7,2.721e-141,nontox,nontox
O77515,Q28586,3.82e-63,nontox,nontox
O77645,P29258,8.402e-47,nontox,nontox
O77770,P17404,2.231e-202,nontox,nontox
O77808,P32307,1.576e-210,nontox,nontox
O79875,P03892,3.5710000000000004e-168,nontox,nontox
O88201,O75596,8.846e-18,nontox,nontox
O88959,Q9WUK5,4.255e-66,nontox,nontox
O93299,Q92090,9.092e-319,nontox,nontox
O93343,P70339,3.636e-16,nontox,nontox
O93360,Q9W6J7,1.278e-99,nontox,nontox
O93429,P79815,4.732e-269,nontox,nontox
O93533,O95452,1.591e-131,nontox,nontox
O95521,Q5VWM4,2.391e-136,nontox,nontox
O96001,Q9Z2E4,2.869e-77,nontox,nontox
O96650,P07607,9.021000000000001e-128,nontox,nontox
O97176,A0A3G5BID2,3.078e-13,nontox,nontox
O97178,P13095,7.368e-18,nontox,nontox
O97402,Q9VH19,0.8495,nontox,nontox
O97772,P32238,3.5289999999999997e-243,nontox,nontox
O97965,P0DPH9,0.005088,nontox,nontox
P00037,P00039,8.411e-65,nontox,nontox
P00040,P12831,7.685e-64,nontox,nontox
P00174,P00167,1.317e-67,nontox,nontox
P00768,Q7SIG2,5.3369999999999996e-68,nontox,nontox
P00771,Q9R0T7,1.4060000000000001e-42,nontox,nontox
P01209,Q9TWW7,0.004856,nontox,nontox
P01280,P63296,9.655e-05,nontox,nontox
P01327,P30407,2.082e-40,nontox,nontox
P01573,Q61716,1.313e-93,nontox,nontox
P01633,P01634,5.295e-50,nontox,nontox
P01849,P01848,1.068e-52,nontox,nontox
P01885,Q07717,2.912e-51,nontox,nontox
P02251,P16401,2.586e-78,nontox,nontox
P02258,Q6NVM0,1.207e-47,nontox,nontox
P02451,P02449,2.329e-31,nontox,nontox
P02606,P85100,1.052e-94,nontox,nontox
P02622,Q90YK9,5.031e-39,nontox,nontox
P02635,P05946,2.178e-106,nontox,nontox
P02636,P05946,5.791999999999999e-103,nontox,nontox
P02667,Q02862,2.133e-66,nontox,nontox
P02726,Q28913,9.928e-12,nontox,nontox
P02840,P13729,7.316e-28,nontox,nontox
P03997,P02681,4.268e-115,nontox,nontox
P03998,P02681,1.752e-82,nontox,nontox
P04359,Q3SZQ6,5.507e-64,nontox,nontox
P04561,Q7ZZY8,0.0001822,nontox,nontox
P04655,O97944,3.973e-32,nontox,nontox
P05140,A0ZT93,1.324e-63,nontox,nontox
P07187,P91629,3.163e-46,nontox,nontox
P07190,P13080,2.1679999999999998e-188,nontox,nontox
P07435,Q99MG7,8.554e-21,nontox,nontox
P07439,P02707,1.234e-19,nontox,nontox
P07530,Q007T1,4.65e-105,nontox,nontox
P07797,P85838,6.838e-74,nontox,nontox
P08130,Q9PS27,0.08693,nontox,nontox
P08209,P23005,9.548e-114,nontox,nontox
P08251,P30715,2.6599999999999997e-133,nontox,nontox
P08428,P35381,8.045000000000001e-280,nontox,nontox
P08433,P56478,57.82,nontox,nontox
P08611,P08613,0.527,nontox,nontox
P08616,P08615,0.9208,nontox,nontox
P08728,P08727,1.782e-217,nontox,nontox
P08759,P14872,0.0,nontox,nontox
P08776,P11679,4.2990000000000003e-193,nontox,nontox
P08793,P10351,0.0,nontox,nontox
P08924,P83122,2.599e-45,nontox,nontox
P08935,J3RYX9,4.9529999999999996e-54,nontox,nontox
P09318,P09319,3.973e-73,nontox,nontox
P09859,P80110,3.209e-10,nontox,nontox
P09892,O97374,1.1809999999999998e-41,nontox,nontox
P0C263,Q90ZY4,5.05e-66,nontox,nontox
P0C2B8,Q9CZ83,2.716e-50,nontox,nontox
P0C2B9,Q9CPV3,2.937e-81,nontox,nontox
P0C5J2,Q6DFD7,7.878e-107,nontox,nontox
P0C7I6,Q8C963,4.508e-126,nontox,nontox
P0C7U1,Q9NR71,3.188e-90,nontox,nontox
P0C860,Q8N5Y2,5.196e-203,nontox,nontox
P0C8S8,E7EKH1,8.033e-05,nontox,nontox
P0C8T1,P0C8T2,3.716e-08,nontox,nontox
P0C8T3,A0AEI5,9.422e-07,nontox,nontox
P0CE38,P18657,1.373e-22,nontox,nontox
P0CF03,Q09428,20.63,nontox,nontox
P0CJ78,Q3U3I9,0.0,nontox,nontox
P0CJ79,Q96IR2,0.0,nontox,nontox
P0CK96,P0CK97,5.449e-117,nontox,nontox
P0CU44,P0CU50,2.018e-49,nontox,nontox
P0DM44,Q9HBX8,0.0,nontox,nontox
P0DME8,P0DME6,8.931e-18,nontox,nontox
P0DMV4,Q5PPM0,1.353e-118,nontox,nontox
P0DMX0,B1B5I8,3.445e-19,nontox,Venom Kunitz-type family
P0DOX8,P0CG04,1.731e-63,nontox,nontox
P0DP74,Q30KR1,6.889e-14,nontox,nontox
P0DPB5,Q9JIL9,35.61,nontox,nontox
P0DQK1,P0DQJ9,1.175e-05,nontox,nontox
P0DTD4,J7H8J4,0.0381,nontox,nontox
P0DTE1,P01767,1.119e-49,nontox,nontox
P0DTT7,Q0VZ39,0.001348,nontox,nontox
P0DTT9,F7UI88,0.02412,nontox,nontox
P0DUS1,Q9V6X7,0.1988,nontox,nontox
P0DX19,Q5S1U6,1.035e-126,nontox,nontox
P0DY01,P0DY02,2.269e-16,nontox,nontox
P0DY42,P31482,1.5939999999999999e-24,nontox,nontox
P10034,P06885,2.651e-14,nontox,nontox
P10042,P07317,2.137e-131,nontox,nontox
P10075,P17036,3.1129999999999997e-88,nontox,nontox
P10077,Q6P3V2,0.0,nontox,nontox
P10112,A4L9I8,2.0049999999999997e-94,nontox,nontox
P10280,P0DN10,4.452e-37,nontox,Venom Kunitz-type family
P10765,O62781,7.523e-99,nontox,nontox
P11842,P49152,1.99e-93,nontox,nontox
P11858,P24787,7.65e-64,nontox,nontox
P11860,,,nontox,
P12401,P19159,2.617e-131,nontox,nontox
P12855,P12856,2.149e-94,nontox,nontox
P13083,P01298,8.552e-23,nontox,nontox
P13613,P33688,1.2930000000000001e-65,nontox,nontox
P13854,P35834,1.0510000000000001e-30,nontox,nontox
P14318,Q24799,5.677e-57,nontox,nontox
P14591,P07476,1.483e-269,nontox,nontox
P14596,P62543,0.8503,nontox,nontox
P14620,P14621,2.053e-52,nontox,nontox
P14622,P80433,2.6120000000000002e-34,nontox,nontox
P14840,P22574,1.601e-107,nontox,nontox
P15161,P80017,3.939e-62,nontox,nontox
P15862,P02832,5.344e-113,nontox,nontox
P15980,P01906,1.6030000000000002e-122,nontox,nontox
P15983,P01920,1.5840000000000001e-121,nontox,nontox
P16042,P16041,2.132e-58,nontox,nontox
P16108,P98110,6.329e-09,nontox,nontox
P16229,P16041,2.739e-49,nontox,nontox
P16242,Q7T3Q2,5.619e-13,nontox,nontox
P16264,P56730,2.51e-70,nontox,nontox
P16372,Q6P5C7,2.266e-180,nontox,nontox
P16415,Q9H7R0,0.0,nontox,nontox
P16878,O93532,2.174e-191,nontox,nontox
P17487,P50219,5.485e-19,nontox,nontox
P17634,P02679,1.289e-178,nontox,nontox
P18321,P18320,1.765e-76,nontox,nontox
P19872,P61855,0.005846,nontox,nontox
P20348,P20349,2.585e-15,nontox,nontox
P21328,P21329,0.0,nontox,nontox
P21518,B4M8Y0,3.944e-148,nontox,nontox
P22323,O54761,1.11e-161,nontox,nontox
P22334,Q6INW9,6.865e-11,nontox,nontox
P22766,Q5K473,1.871e-35,nontox,nontox
P22797,P80338,3.5890000000000005e-184,nontox,nontox
P22800,Q27913,1.566e-13,nontox,nontox
P23266,O43749,6.349e-151,nontox,nontox
P23267,Q8NGZ6,4.308e-132,nontox,nontox
P23269,P23274,5.984e-155,nontox,nontox
P23271,P23274,3.367e-145,nontox,nontox
P23273,P23274,1.033e-149,nontox,nontox
P23668,Q49I35,1.525e-50,nontox,nontox
P23757,P55771,7.885e-71,nontox,nontox
P23770,P23824,9.427e-267,nontox,nontox
P23775,B2D1U1,8.565e-167,nontox,nontox
P24156,P84173,1.013e-130,nontox,nontox
P24294,Q98996,4.093e-71,nontox,Phospholipase family
P24344,P35453,3.196e-156,nontox,nontox
P24479,P31949,2.365e-44,nontox,nontox
P24710,P14590,3.796e-104,nontox,nontox
P25172,Q8JIR0,1.2630000000000002e-34,nontox,nontox
P25230,Q9GLV5,5.3610000000000004e-46,nontox,nontox
P25691,P78386,1.378e-285,nontox,nontox
P25782,P13277,5.048e-145,nontox,nontox
P26023,Q9CPR1,9666.0,nontox,nontox
P26203,O08692,9.118e-33,nontox,nontox
P26352,P26351,1.079e-16,nontox,nontox
P26788,Q5R7M1,1.363e-18,nontox,nontox
P27780,P80683,5.279e-27,nontox,nontox
P28049,P28048,1.5449999999999998e-241,nontox,nontox
P28512,P01050,5.659000000000001e-20,nontox,other
P28575,Q9VUU5,1.086e-113,nontox,nontox
P28772,P32188,3.596e-114,nontox,nontox
P29377,P02633,1.3529999999999999e-39,nontox,nontox
P29524,P12388,2.451e-238,nontox,nontox
P30123,Q865W6,8.99e-54,nontox,nontox
P31098,P31096,9.619e-131,nontox,nontox
P31297,P68273,9.682e-13,nontox,nontox
P31420,B1ANS9,1.282,nontox,nontox
P31727,P23779,1.081e-19,nontox,nontox
P31745,P13724,0.06095,nontox,nontox
P31888,P10286,9.09e-19,nontox,nontox
P32100,O01802,4.705e-86,nontox,nontox
P32359,P32358,3.276e-168,nontox,nontox
P32429,P46223,8.46e-108,nontox,nontox
P32940,P21451,2.002e-121,nontox,nontox
P33685,P33687,8.608e-79,nontox,nontox
P34171,P31418,1.8069999999999998e-80,nontox,nontox
P34257,Q91XE9,0.1957,nontox,nontox
P34369,Q99PV0,0.0,nontox,nontox
P34474,Q01664,1.162e-15,nontox,nontox
P34508,P34387,2.263e-56,nontox,nontox
P34525,P28687,4.543e-50,nontox,nontox
P34599,Q2L969,3.4630000000000003e-46,nontox,nontox
P34807,Q8TCU6,0.6724,nontox,nontox
P34987,P35896,2.602e-152,nontox,nontox
P34992,P21555,4.762e-191,nontox,nontox
P35302,P24714,4.626e-12,nontox,nontox
P35312,Q9GKM1,5.554e-29,nontox,nontox
P35314,P35297,2.159e-46,nontox,nontox
P35394,Q3ZCM7,1.5879999999999999e-248,nontox,nontox
P35903,Q17043,1.298e-155,nontox,nontox
P36190,O17513,4.336e-14,nontox,nontox
P36241,Q5RB99,1.117e-87,nontox,nontox
P36977,P36978,1.117e-113,nontox,nontox
P37204,P01221,5.479e-43,nontox,nontox
P37883,P29332,3.586e-171,nontox,nontox
P38411,O15975,2.186e-202,nontox,nontox
P38552,Q8K419,9.723e-202,nontox,nontox
P39018,Q7KS38,1.682e-64,nontox,nontox
P39021,P50222,7.171e-156,nontox,nontox
P39035,O97943,2.546e-49,nontox,nontox
P39413,Q8N9F8,2.355e-41,nontox,nontox
P39963,Q659K0,8.574e-122,nontox,nontox
P41092,Q56K03,9.745e-66,nontox,nontox
P41126,Q962U1,1.8920000000000002e-79,nontox,nontox
P41149,P41968,4.621e-111,nontox,nontox
P41157,Q01543,2.129e-261,nontox,nontox
P41158,P19419,2.5129999999999998e-51,nontox,nontox
P41995,Q9N5X6,1.558e-46,nontox,nontox
P42131,Q9GLQ3,4.014e-08,nontox,nontox
P42132,Q9TUC2,5.257e-05,nontox,nontox
P42577,P85837,3.2480000000000004e-79,nontox,nontox
P42860,P67805,2.8790000000000004e-121,nontox,nontox
P42925,Q9NR77,3.071e-92,nontox,nontox
P42994,,,nontox,
P42995,,,nontox,
P42996,,,nontox,
P43507,P25807,1.55e-116,nontox,nontox
P43509,P43508,3.419e-147,nontox,nontox
P43511,Q95P48,4.663e-13,nontox,nontox
P46023,Q8WXD0,4.1980000000000004e-85,nontox,nontox
P46170,P25068,6.605e-14,nontox,nontox
P46419,M1RIR6,1.708e-97,nontox,nontox
P46508,Q96TA2,4.192e-147,nontox,nontox
P46577,Q8VCE2,4.61e-105,nontox,nontox
P46718,Q2YDC9,1.7029999999999998e-188,nontox,nontox
P47939,P47940,2.872e-85,nontox,nontox
P47991,G1SKF7,1.8690000000000003e-42,nontox,nontox
P48040,P48039,1.927e-185,nontox,nontox
P48416,Q09128,8.471e-74,nontox,nontox
P48801,P11487,2.4789999999999998e-93,nontox,nontox
P48804,P48806,1.166e-83,nontox,nontox
P48817,P08879,2.754e-64,nontox,nontox
P49194,P12661,0.0,nontox,nontox
P49673,Q7JP68,1.6469999999999999e-133,nontox,nontox
P49700,P54779,2.966e-273,nontox,nontox
P50143,Q6P502,5.786e-317,nontox,nontox
P50609,P51885,1.9689999999999997e-93,nontox,nontox
P51547,P81926,2.581e-47,nontox,nontox
P51861,P08120,7.238,nontox,nontox
P51887,P51884,7.234e-92,nontox,nontox
P51919,Q8UW80,1.53e-27,nontox,nontox
P51985,P27925,3.021e-14,nontox,nontox
P52015,P52010,1.9120000000000002e-95,nontox,nontox
P52905,C0HKA2,8.139e-64,nontox,nontox
P53356,Q24145,3.901e-129,nontox,nontox
P53614,P0DJI8,2.246e-56,nontox,nontox
P53774,O60479,4.644e-94,nontox,nontox
P53997,Q63945,1.343e-82,nontox,nontox
P54229,P49929,2.036e-69,nontox,nontox
P54361,Q95P51,7.129e-50,nontox,nontox
P54684,P85211,1.248e-15,nontox,nontox
P54797,Q6ICL3,2.409e-165,nontox,nontox
P55320,P55846,4.7360000000000004e-32,nontox,nontox
P55828,Q5XIJ9,1.236,nontox,nontox
P55847,O76534,2.059e-45,nontox,nontox
P55906,Q62009,1.5509999999999998e-190,nontox,nontox
P55954,B0VYY3,8.088e-33,nontox,nontox
P55955,P34500,3.569e-14,nontox,nontox
P56135,Q95339,3.876e-46,nontox,nontox
P56183,P56182,6.422e-161,nontox,nontox
P56203,Q9TST1,1.787e-166,nontox,nontox
P56486,P30987,1.5890000000000002e-168,nontox,nontox
P56921,P0DTM1,0.4136,nontox,nontox
P56923,,,nontox,
P58064,P82931,6.479999999999999e-67,nontox,nontox
P58180,Q8NGI6,2.024e-123,nontox,nontox
P58648,,,nontox,
P58649,,,nontox,
P58854,Q9BSJ2,1.256e-54,nontox,nontox
P58952,P58954,5.207e-82,nontox,nontox
P59235,O61585,1.329e-12,nontox,nontox
P60191,Q9UQ26,1.372e-101,nontox,nontox
P60603,Q8NGS9,17.82,nontox,nontox
P60669,Q9H4M7,0.0,nontox,nontox
Q9QZ23,Q8SY96,5.553e-77,nontox,nontox
Q9QZM8,Q96EF6,2.7980000000000004e-165,nontox,nontox
Q9TS45,P02779,2.074e-19,nontox,nontox
Q9TSJ4,Q865X4,6.724e-87,nontox,nontox
Q9TT06,P12842,8.826999999999999e-138,nontox,nontox
Q9TXI0,Q6DBR4,3.592e-10,nontox,nontox
Q9TZ99,Q8ITW8,1.499e-73,nontox,nontox
Q9U1Q4,Q04462,0.0,nontox,nontox
Q08CK1,Q0V9C9,2.273e-135,nontox,nontox
Q08D19,Q5BJK8,1.228e-144,nontox,nontox
Q08DA0,Q3YEC7,0.0,nontox,nontox
Q08DG8,Q99676,2.149e-244,nontox,nontox
Q08E31,Q8BW22,2.164e-224,nontox,nontox
Q09528,P91829,1.4890000000000001e-36,nontox,nontox
Q09583,P25788,2.208e-70,nontox,nontox
Q09596,P46436,5.325000000000001e-56,nontox,nontox
Q09610,Q09581,6.12e-15,nontox,nontox
Q09936,P37806,1.592e-32,nontox,nontox
Q0D2D2,A2BD94,0.0,nontox,nontox
Q0IH72,Q502K1,9.629e-126,nontox,nontox
Q0IH86,Q32PI0,2.2109999999999999e-97,nontox,nontox
Q0IHW8,Q5SW19,0.0,nontox,nontox
Q0II64,Q95LV7,3.041e-186,nontox,nontox
Q0II73,Q8IVL8,5.225e-210,nontox,nontox
Q0II91,E9Q8D0,8.803e-280,nontox,nontox
Q0KIC3,Q8WWI1,0.005923,nontox,nontox
Q0P3U3,Q8CDF7,6.7830000000000006e-65,nontox,nontox
Q0P487,Q5PQA4,1.5059999999999998e-135,nontox,nontox
Q0P4F7,Q4R4Z9,7.931e-226,nontox,nontox
Q0P4H0,Q5E9J7,7.39e-83,nontox,nontox
Q0P4K0,Q9H4B0,9.883000000000001e-162,nontox,nontox
Q0P5B7,P22760,1.218e-194,nontox,nontox
Q0P5D9,Q6P8H8,1.463e-316,nontox,nontox
Q0P5F2,O95456,1.133e-171,nontox,nontox
O93262,P24405,9.766e-104,nontox,nontox
O93455,L0P329,1.65,nontox,nontox
O93479,Q5R6Z7,4.989e-206,nontox,nontox
O97686,O43555,1.132e-20,nontox,nontox
P01049,Q18158,0.001415,nontox,nontox
P01206,P01202,0.004856,nontox,nontox
P01639,P01643,3.61e-45,nontox,nontox
P01650,P01645,1.8429999999999998e-41,nontox,nontox
P01724,P04211,9.577e-30,nontox,nontox
P01738,P0DTU3,4.957e-12,nontox,nontox
P01802,P01786,4.005e-46,nontox,nontox
P01836,P01835,8.365e-59,nontox,nontox
P01845,P0CG04,4.3050000000000005e-42,nontox,nontox
P01852,P0DSE2,1.314e-90,nontox,nontox
P01863,P01864,3.1389999999999997e-181,nontox,nontox
Q26491,Q26492,1.627e-70,nontox,nontox
Q26626,Q92845,0.0,nontox,nontox
Q27409,Q25434,9.522e-290,nontox,nontox
Q27664,Q95031,8.711e-306,nontox,nontox
Q27712,P51589,1.736e-90,nontox,nontox
Q27774,Q26551,1.234e-111,nontox,nontox
Q27775,P48501,2.694e-145,nontox,nontox
Q28337,Q9GKM1,1.784e-32,nontox,nontox
Q28811,P34205,3.512e-203,nontox,nontox
Q28864,P19761,6.894e-140,nontox,nontox
Q28894,Q14508,7.096e-55,nontox,nontox
Q28996,P49675,1.114e-169,nontox,nontox
Q28C69,Q569R5,5.96e-127,nontox,nontox
Q28C98,Q8N4P3,5.776e-86,nontox,nontox
Q28CQ7,Q4R3E0,5.490000000000001e-222,nontox,nontox
Q28DB5,Q6NYL5,3.387e-265,nontox,nontox
Q28EW0,Q8BKU8,1.7e-203,nontox,nontox
Q28HE5,Q8IZM9,8.737e-192,nontox,nontox
Q28HM1,Q811P6,1.09e-166,nontox,nontox
Q29077,Q61999,1.9950000000000002e-160,nontox,nontox
Q29078,Q28389,1.537e-123,nontox,nontox
Q29496,P79401,3.102e-280,nontox,nontox
Q29RQ1,Q9TUQ3,0.0,nontox,nontox
Q29RS5,Q99969,1.2240000000000001e-71,nontox,nontox
Q29RV1,P08003,0.0,nontox,nontox
Q2EI21,Q13127,2.1480000000000003e-184,nontox,nontox
Q2HJC0,Q3T1H2,3.165e-111,nontox,nontox
Q2HJD5,Q9NTX5,1.422e-168,nontox,nontox
Q2HJJ0,Q9H0B6,4.159e-252,nontox,nontox
Q2KI13,Q7T2D0,0.0,nontox,nontox
Q2KIC0,Q9H0G5,1.112e-251,nontox,nontox
Q2KIC8,Q569C0,6.891000000000001e-63,nontox,nontox
Q2KIF1,O43716,1.152e-70,nontox,nontox
Q2KIG8,O14894,1.2709999999999999e-105,nontox,nontox
Q2KIJ6,Q99PL6,1.709e-226,nontox,nontox
Q2KJ10,Q9D1H0,1.947e-142,nontox,nontox
Q2KJF1,P04217,5.002e-181,nontox,nontox
Q2KJG1,Q8N4H0,7.234e-37,nontox,nontox
Q2M3V2,Q8C0J6,7.21e-38,nontox,nontox
Q2M3W8,Q2KI58,0.0,nontox,nontox
Q2NKV2,Q28DA8,0.858,nontox,nontox
Q2NL27,Q9Y3D9,4.507e-98,nontox,nontox
Q2NL33,Q0VCS6,1.875e-40,nontox,nontox
Q2PE14,Q9CYA6,1.471e-35,nontox,nontox
Q2PQN9,Q00535,1.369e-158,nontox,nontox
Q2QDF0,P49184,1.604e-143,nontox,nontox
Q2T9K6,Q6P9Z4,2.297e-292,nontox,nontox
Q2T9V5,Q8CE96,3.1499999999999998e-267,nontox,nontox
Q2T9W1,Q7Z614,4.98e-160,nontox,nontox
Q2T9W4,Q8TC94,3.3e-225,nontox,nontox
Q2TA16,Q4R7G7,4.301e-257,nontox,nontox
Q2TA20,Q8NHS9,5.731e-181,nontox,nontox
Q2TAF3,Q9HC35,0.0,nontox,nontox
Q2TBF2,Q0IIY2,1.6960000000000001e-183,nontox,nontox
Q2TBH0,Q5EB30,1.41e-92,nontox,nontox
Q2TBH5,O00124,8.783e-130,nontox,nontox
Q2TBI1,A6QPC8,7.817e-97,nontox,nontox
Q2TBR6,Q17435,4.211e-14,nontox,nontox
Q2TUM3,Q8N5I3,4.08e-124,nontox,nontox
Q2UXR1,F1T151,5.0319999999999996e-23,nontox,nontox
Q2WCN5,B3VZU4,2.754e-09,nontox,nontox
Q2WCN6,E1AWD6,6.185e-16,nontox,nontox
Q2WED0,P21730,3.166e-73,nontox,nontox
Q2YDG0,Q9NQ84,4.192e-257,nontox,nontox
Q2YDG3,Q659A1,0.8163,nontox,nontox
Q2YDG7,D5K8A9,5.2749999999999995e-130,nontox,nontox
Q2YDI9,Q95MP7,7.399e-95,nontox,nontox
Q2YDM8,Q4R5T7,2.984e-136,nontox,nontox
Q30KK9,Q95LI0,1.234e-58,nontox,nontox
Q30KQ5,Q95LI0,5.728e-05,nontox,nontox
Q32KN2,Q12983,2.316e-108,nontox,nontox
Q32KS7,Q92766,1.242e-12,nontox,nontox
Q32L17,Q9BXG8,1.073e-100,nontox,nontox
Q32L81,Q96BW9,2.2149999999999998e-188,nontox,nontox
Q32LB6,Q5RCX3,4.9920000000000005e-96,nontox,nontox
Q32LB9,Q8NC60,0.0,nontox,nontox
Q32N32,Q6P2L7,4.763e-86,nontox,nontox
Q32N55,Q32LU7,9.766e-224,nontox,nontox
Q32N87,Q3UMU9,9.675e-147,nontox,nontox
Q32PH1,Q9D0M2,5.605e-205,nontox,nontox
Q32PJ7,Q9GLM4,4.9179999999999995e-88,nontox,nontox
Q33BP8,Q499D0,2.412e-273,nontox,nontox
Q3B7H2,Q3TUH1,2.532e-140,nontox,nontox
Q3B7M5,Q9DC07,1.572e-100,nontox,nontox
Q3B8H2,A2RUW1,8.114999999999999e-145,nontox,nontox
Q3KQW7,Q9UPQ0,0.0,nontox,nontox
Q3LI61,Q7Z4W3,2.868e-14,nontox,nontox
Q3MHN5,P02774,2.522e-254,nontox,nontox
Q3MHX6,Q5RKH6,0.0,nontox,nontox
Q3MHZ8,O00182,5.65e-185,nontox,nontox
Q3MID3,Q8N6H7,4.58e-308,nontox,nontox
Q3SWT4,Q96ST2,0.0,nontox,nontox
Q3SWU3,Q640A2,1.467e-148,nontox,nontox
Q3SWY1,Q3U108,2.622e-270,nontox,nontox
Q3SWY8,Q96AP4,0.0,nontox,nontox
Q3SX30,Q5XIU5,2.822e-163,nontox,nontox
Q3SXZ3,Q15928,1.829e-229,nontox,nontox
Q3SYR5,P55057,9.191e-42,nontox,nontox
Q3SYS1,Q9VJ38,1.542e-56,nontox,nontox
Q3SYS4,Q8NEP3,2.7509999999999997e-237,nontox,nontox
Q3SYW5,Q9H6S1,1.464e-221,nontox,nontox
Q3SYX1,Q3UU67,9.718e-65,nontox,nontox
Q3SZ31,A9JSB3,6.0900000000000004e-58,nontox,nontox
Q3SZA1,O00212,7.005e-68,nontox,nontox
Q3SZK4,Q7YS91,0.0,nontox,nontox
Q3SZL8,Q6IBW4,4.3410000000000004e-293,nontox,nontox
Q3SZX9,Q9H0I3,5.627e-175,nontox,nontox
Q3SZY3,O95997,2.4580000000000003e-109,nontox,nontox
Q3T0L1,Q9H3R5,9.662e-113,nontox,nontox
Q3T0R4,Q6IAN0,6.234e-171,nontox,nontox
Q3T0Z2,P10289,1.172e-64,nontox,nontox
Q3TAA7,Q8N1F8,0.0,nontox,nontox
Q3TPE9,Q8IV38,2.247e-258,nontox,nontox
Q3TZ89,Q9NQW1,0.0,nontox,nontox
Q3U2K0,A7MB40,0.0,nontox,nontox
Q3U3F9,Q9UJ42,6.587e-141,nontox,nontox
Q3UEN2,Q5RCM2,0.0,nontox,nontox
Q3UG50,Q96LB1,6.849e-101,nontox,nontox
Q3UHX0,Q9VWD4,8.025e-08,nontox,nontox
Q3UJK4,O08582,4.1949999999999995e-158,nontox,nontox
Q3UKY7,A1L453,1.6970000000000001e-121,nontox,nontox
Q3UME2,Q24JQ0,3.395e-165,nontox,nontox
Q3URE1,Q58DN7,1.046e-315,nontox,nontox
Q3URJ8,Q0VFH9,2.159e-98,nontox,nontox
Q3UUF8,A5PLL1,9.391e-273,nontox,nontox
Q3UWZ0,Q495X7,2.3889999999999998e-105,nontox,nontox
Q3UX62,B1H228,0.0,nontox,nontox
Q3UXL4,Q5ZK13,1.007e-37,nontox,nontox
Q3UYK3,Q66K14,0.0,nontox,nontox
Q3V0J4,Q4R739,2.275e-156,nontox,nontox
Q3ZBI6,O35115,1.541e-126,nontox,nontox
Q3ZBN4,A1L131,6.2789999999999995e-139,nontox,nontox
Q3ZC48,Q9CR48,5.248e-155,nontox,nontox
Q3ZCC4,Q6DBR4,8.784e-65,nontox,nontox
Q400G9,Q400C9,2.1750000000000003e-247,nontox,nontox
Q499T7,Q8BTU1,6.059999999999999e-94,nontox,nontox
Q499V6,Q8BL97,5.301e-12,nontox,nontox
Q499Z4,Q642B2,1.483e-245,nontox,nontox
Q49LS5,Q9QXY7,4.241e-237,nontox,nontox
Q4FZF2,Q5T0L3,5.385e-103,nontox,nontox
Q4FZU4,Q6UY14,0.0,nontox,nontox
Q4G064,Q5HYK3,1.232e-189,nontox,nontox
Q4G0S7,Q32LM7,1.332e-101,nontox,nontox
Q4G5Y1,Q80YG3,6.187e-112,nontox,nontox
Q4LAL6,Q15699,1.22e-59,nontox,nontox
Q4QQN5,Q8WTS6,7.524999999999999e-215,nontox,nontox
Q4R180,Q9JK30,0.0,nontox,nontox
Q4R2Z0,Q0P4R6,1.555e-240,nontox,nontox
Q4R318,Q9HAW0,1.368e-233,nontox,nontox
Q4R335,Q5ZHX6,3.155e-318,nontox,nontox
Q4R366,Q8JZY4,2.757e-313,nontox,nontox
Q4R3G4,Q9BXT4,9.551e-25,nontox,nontox
Q4R3U8,Q0P466,5.272e-124,nontox,nontox
Q4R5V1,Q6AYM2,4.833e-232,nontox,nontox
Q4R613,Q3T0E9,3.903e-186,nontox,nontox
Q4R6M8,Q2NL26,2.77e-322,nontox,nontox
Q4R786,Q32KV2,1.669e-261,nontox,nontox
Q4R7R2,P09954,8.753e-171,nontox,nontox
Q4R7S2,Q5BKR2,5.685e-171,nontox,nontox
Q4R7W3,Q5JS13,5.309e-221,nontox,nontox
Q4R8B9,D3ZWE7,6.550000000000001e-191,nontox,nontox
Q4V7F3,Q9H4B0,6.6129999999999996e-233,nontox,nontox
Q4V847,Q75QN2,0.0,nontox,nontox
Q4V891,Q9DBS8,1.207e-312,nontox,nontox
Q4V8I3,Q9GLM4,3.209e-87,nontox,nontox
Q4V8K4,Q17QI7,5.573e-212,nontox,nontox
Q4V8K5,A4IIL4,2.841e-229,nontox,nontox
Q4V9P6,Q4V831,8.602999999999999e-151,nontox,nontox
Q4VBV9,Q2T9R6,2.148e-147,nontox,nontox
Q4VYR7,Q8IVH2,6.3660000000000005e-264,nontox,nontox
Q501K5,Q6PGT3,0.0,nontox,nontox
Q502F0,Q68CJ9,2.0210000000000002e-84,nontox,nontox
Q503M4,Q6GM59,1.178e-197,nontox,nontox
Q503N9,Q86TJ2,3.525e-232,nontox,nontox
Q503W7,F6QV99,2.333e-192,nontox,nontox
Q504C1,Q6PFC5,3.596e-153,nontox,nontox
Q504N0,P48052,6.5489999999999994e-239,nontox,nontox
Q505J8,Q1JPX3,1.353e-263,nontox,nontox
Q52LA3,Q6X4M3,5.2509999999999995e-59,nontox,nontox
Q53S58,Q4KM93,8.849000000000001e-165,nontox,nontox
Q562D5,Q5ZLS7,6.085e-279,nontox,nontox
Q566V3,A4QNL8,2.653e-100,nontox,nontox
Q566Y9,Q5ZK82,6.24e-146,nontox,nontox
Q569N2,Q7Z713,1.2669999999999999e-73,nontox,nontox
Q56R16,O35345,5.853e-289,nontox,nontox
Q58CV5,Q8TED4,8.665e-280,nontox,nontox
Q58D15,Q5PQN5,1.3109999999999998e-137,nontox,nontox
Q58DC8,Q9JI69,0.0,nontox,nontox
Q58DG1,Q641W2,8.811e-216,nontox,nontox
Q58DP0,O43709,1.748e-156,nontox,nontox
Q58EK4,Q2KHV4,1.633e-123,nontox,nontox
Q5BJJ7,Q6GL92,5.487e-98,nontox,nontox
Q5BJU6,Q9VL14,5.976999999999999e-22,nontox,nontox
Q5BK71,Q969Q4,1.9129999999999998e-94,nontox,nontox
Q5BLC7,A7MC48,1.234e-113,nontox,nontox
Q5CZV0,A4IF75,5.2180000000000004e-70,nontox,nontox
Q5D1Z3,Q9UGY1,1.9339999999999998e-103,nontox,nontox
Q5D8V5,A5PJR4,1.591e-157,nontox,nontox
Q5E9G4,Q9UDY6,7.166e-279,nontox,nontox
Q5E9T8,Q03426,1.586e-214,nontox,nontox
Q5E9W5,Q9H3Q3,2.3460000000000004e-78,nontox,nontox
Q5E9Y6,Q6AYG3,2.804e-251,nontox,nontox
Q5EA37,P13994,5.398999999999999e-215,nontox,nontox
Q5EA90,Q96A25,1.06e-131,nontox,nontox
Q5EAJ6,A2VE53,1.639e-35,nontox,nontox
Q5EG55,Q8N488,1.578e-95,nontox,nontox
Q5F334,Q5E9X4,1.25e-117,nontox,nontox
Q5F339,A5PJG7,4.715e-144,nontox,nontox
Q5F3F5,Q7ZYA0,0.0,nontox,nontox
Q5F416,Q6DBR4,3.648e-71,nontox,nontox
Q5F486,O95817,4.48e-11,nontox,nontox
Q5F4B2,Q6A028,0.0,nontox,nontox
Q5FVL2,Q9Y3B6,2.904e-50,nontox,nontox
Q5FVQ4,Q6INX3,8.463e-146,nontox,nontox
Q5FY69,Q6R4Q5,0.0,nontox,nontox
Q5G8A8,P0DQH6,1.375e-40,nontox,Long (4 C-C) scorpion toxin superfamily
Q5GFD9,O55091,4.442e-181,nontox,nontox
Q5GH77,Q5GH22,4.5580000000000003e-116,nontox,nontox
Q5H9M0,Q4VA55,5.359e-270,nontox,nontox
Q5H9R4,Q5XID7,2.9909999999999998e-61,nontox,nontox
Q5HZX7,Q8BVA5,5.045e-185,nontox,nontox
Q5I0K7,Q9NP73,1.575e-69,nontox,nontox
Q5IRJ7,Q2NKT1,9.906e-73,nontox,nontox
Q5J3E5,Q9EQ48,2.484e-141,nontox,nontox
Q5J602,Q8K3I8,3.2889999999999997e-29,nontox,nontox
Q5JU67,Q0VFN8,4.2019999999999996e-92,nontox,nontox
Q5JZQ7,Q9UBY8,3.212e-172,nontox,nontox
Q5K2N9,Q7SYF8,1.584e-134,nontox,nontox
Q5KQS5,Q5KQS3,5.379e-192,nontox,nontox
Q5KT10,Q5EDF9,1.594e-62,nontox,nontox
Q5KT11,Q5EDF9,4.364e-54,nontox,nontox
Q5M8F9,A0JPQ8,1.0700000000000001e-197,nontox,nontox
Q5M8J0,Q6AXK4,9.162999999999999e-127,nontox,nontox
Q5M8L8,Q96D96,1.499e-62,nontox,nontox
Q5M8V2,Q5PQ04,4.7170000000000005e-160,nontox,nontox
Q5M9G9,Q969Z0,2.116e-314,nontox,nontox
Q5MCW4,Q3ZCX4,3.2989999999999997e-306,nontox,nontox
Q5NCY3,Q6P9G0,2.237e-135,nontox,nontox
Q5NVC1,Q29RM1,1.248e-173,nontox,nontox
Q5PQN4,Q9D067,0.0,nontox,nontox
Q5PQQ9,Q6IQY5,2.816e-315,nontox,nontox
Q5PXT2,Q2LAP6,9.685e-124,nontox,nontox
Q5R4D0,P79138,1.749e-202,nontox,nontox
Q5R4G0,Q8CHN6,0.0,nontox,nontox
Q5R4T8,Q5ZLK1,1.817e-276,nontox,nontox
Q5R4U3,Q3UKC1,0.0,nontox,nontox
Q5R4V9,Q811P6,1.31e-195,nontox,nontox
Q5R5J7,Q3SZE9,5.584e-173,nontox,nontox
Q5R5M4,Q5ZJU0,1.727e-265,nontox,nontox
Q5R5R7,Q8BG31,1.1620000000000001e-102,nontox,nontox
Q5R6J8,Q68FH4,8.697999999999999e-273,nontox,nontox
Q5R6R6,B2RXZ1,5.909e-301,nontox,nontox
Q5R7B0,Q9GZQ3,0.5665,nontox,nontox
Q5R7E7,Q3T1H2,1.539e-121,nontox,nontox
Q5R7S6,O76080,1.528e-62,nontox,nontox
Q5R7X2,P29341,5.88e-09,nontox,nontox
Q5R824,Q9CZ42,3.984e-171,nontox,nontox
Q5R8C5,Q8R0W1,2.347e-207,nontox,nontox
Q5R8H1,Q8VD31,8.953e-179,nontox,nontox
Q5R8V1,P53565,8.531e-231,nontox,nontox
Q5R9S5,Q3ZCX4,2.395e-218,nontox,nontox
Q5RAJ8,Q6NWD4,2.798e-147,nontox,nontox
Q5RAL8,O54901,5.873e-120,nontox,nontox
Q5RAS8,Q9VMD0,0.513,nontox,nontox
Q5RBG2,Q8C006,9.07e-280,nontox,nontox
Q5RBS5,Q6AXW0,6.464e-131,nontox,nontox
Q5RBY9,Q29RZ4,4.668e-250,nontox,nontox
Q5RCA2,Q5U5D4,0.0,nontox,nontox
Q5RCM6,Q9JLY0,3.505e-292,nontox,nontox
Q5RCR9,Q58DC0,1.096e-181,nontox,nontox
Q5RD23,Q2EN81,3.864e-115,nontox,nontox
Q5RD97,Q8K2Y0,0.0,nontox,nontox
Q5REM7,P41498,6.025e-97,nontox,nontox
Q5RET7,Q863Y9,1.1089999999999999e-261,nontox,nontox
Q5RF14,A6H611,0.0,nontox,nontox
Q5RF36,A4FV58,8.850999999999999e-284,nontox,nontox
Q5RFB3,Q11136,1.224e-304,nontox,nontox
Q5RFT1,Q5RKH7,2.0500000000000002e-209,nontox,nontox
Q5RG82,Q9Y6Y0,0.0,nontox,nontox
Q5RHU7,Q8TC05,4.125e-91,nontox,nontox
Q5RJB0,A3KNX5,1.284e-29,nontox,nontox
Q5S3G4,P12075,5.488e-70,nontox,nontox
Q5SP50,Q8BL97,2.026e-10,nontox,nontox
Q5SRH9,A2ACP1,0.0,nontox,nontox
Q5SSK3,Q4KM51,2.1949999999999998e-213,nontox,nontox
Q5SV17,Q5VUY0,2.761,nontox,nontox
Q5SV97,P48746,0.4513,nontox,nontox
Q5SWD9,Q6QR59,3.171,nontox,nontox
Q5SZD1,Q9BZG1,6.521,nontox,nontox
Q5SZD4,E9Q5L8,6.35e-166,nontox,nontox
Q5SZI1,Q9Y5Y6,1.282e-05,nontox,nontox
Q5T0B9,Q9EQJ4,6.049000000000001e-104,nontox,nontox
Q5TC63,Q9D3N8,5.538000000000001e-184,nontox,nontox
Q5TGI4,Q6P549,1.132e-07,nontox,nontox
Q5TYP4,Q9NSG2,5.313999999999999e-224,nontox,nontox
Q5TYQ8,Q7TMD5,5.399e-160,nontox,nontox
Q5U243,Q66HD5,8.83e-181,nontox,nontox
Q5U247,Q5ZJ43,0.0,nontox,nontox
Q5U3T0,Q9DGD1,6.879e-130,nontox,nontox
Q5U575,Q6NYM1,2.48e-303,nontox,nontox
Q5U680,Q70HW3,9.467000000000001e-154,nontox,nontox
Q5VFH6,H2B3G5,1.5110000000000002e-69,nontox,nontox
Q5VVM6,Q8WP33,0.0,nontox,nontox
Q5W5W9,A0JNL8,1.9069999999999998e-47,nontox,nontox
Q5WQV8,Q3Y5G8,3.7089999999999996e-83,nontox,nontox
Q5XFX8,Q9HB65,9.771e-176,nontox,nontox
Q5XG24,Q6PG31,1.068e-105,nontox,nontox
Q5XGM3,O35490,2.853e-236,nontox,nontox
Q5XGS8,Q58DC5,0.0,nontox,nontox
Q5XH36,Q4V7M2,7.609e-216,nontox,nontox
Q5XHI3,Q6XK22,8.662e-125,nontox,nontox
Q5XHY5,Q0V9S0,0.0,nontox,nontox
Q5XI96,Q3ZBI3,8.24e-150,nontox,nontox
Q5XJW2,Q9CR59,9.368e-117,nontox,nontox
Q5XXR2,P56942,7.848e-79,nontox,nontox
Q5ZHN4,Q9EPK2,2.1810000000000002e-184,nontox,nontox
Q5ZHP8,Q6P1Q9,1.2780000000000001e-160,nontox,nontox
Q5ZI34,Q6AXX6,1.75e-108,nontox,nontox
Q5ZIE4,O43529,9.992e-212,nontox,nontox
Q5ZIE8,Q6VMQ6,0.0,nontox,nontox
Q5ZIH3,Q6NXT4,4.5110000000000004e-275,nontox,nontox
Q5ZIQ3,P91277,6.538000000000001e-69,nontox,nontox
Q5ZIR1,Q9Y371,4.0570000000000003e-199,nontox,nontox
Q5ZIU8,Q9BVA0,0.0,nontox,nontox
Q5ZJ27,Q9UJC3,0.0,nontox,nontox
Q5ZJ54,Q3MHL7,6.314e-313,nontox,nontox
Q5ZJ60,A2VDC2,3.0980000000000004e-178,nontox,nontox
Q5ZK55,Q3SZ27,7.275e-85,nontox,nontox
Q5ZK62,A5PK26,4.076e-221,nontox,nontox
Q5ZKA2,P41252,9.418e-79,nontox,nontox
Q5ZKA5,Q9H903,1.551e-145,nontox,nontox
Q5ZKE5,Q66JA6,6.406e-193,nontox,nontox
Q5ZKK5,Q2T9U2,1.868e-236,nontox,nontox
Q5ZKU0,Q9CWV6,7.729e-71,nontox,nontox
Q5ZL00,Q8N766,0.0,nontox,nontox
Q5ZM35,Q6GMH3,1.067e-174,nontox,nontox
Q5ZM45,A1A5G2,4.182e-38,nontox,nontox
Q5ZMD4,Q8IWR1,1.435e-148,nontox,nontox
Q5ZML3,Q13242,1.831e-87,nontox,nontox
Q60489,P54709,1.594e-156,nontox,nontox
Q61116,Q14590,2.026e-319,nontox,nontox
Q61184,P48039,2.577e-194,nontox,nontox
Q61211,P41214,4.841e-311,nontox,nontox
Q61333,Q2M3D2,9.55e-37,nontox,nontox
Q61765,P02534,1.689e-231,nontox,nontox
Q61900,Q24118,20.57,nontox,nontox
Q62396,A6NM28,2.422e-166,nontox,nontox
Q62421,Q99963,4.923e-197,nontox,nontox
Q62445,P08047,7.836e-118,nontox,nontox
Q62850,Q5J3K5,9.052e-162,nontox,nontox
Q63244,Q9C009,1.503e-174,nontox,nontox
Q63ZE4,Q8N4F4,5.67e-210,nontox,nontox
Q63ZR0,Q5ZJ06,5.1180000000000005e-191,nontox,nontox
Q6DF94,Q5RBY6,1.337e-103,nontox,nontox
Q6DFG0,Q71M21,0.0,nontox,nontox
Q6DFT4,Q2MHH0,9.557e-42,nontox,nontox
Q6DG03,Q66HG1,5.042e-251,nontox,nontox
Q6DGK9,Q5M9F0,1.667e-117,nontox,nontox
Q6DGN6,Q0V9A3,8.927e-91,nontox,nontox
Q6DGP4,Q4V786,5.0650000000000003e-116,nontox,nontox
Q6DGQ1,Q9BH04,3.175e-90,nontox,nontox
Q6DGT7,Q6P881,6.842000000000001e-64,nontox,nontox
Q6DHR3,Q5RC04,3.379e-279,nontox,nontox
Q6DI37,Q5ZJJ8,3.314e-184,nontox,nontox
Q6DIM3,Q4R7T7,1.293e-225,nontox,nontox
Q6DIT8,Q5RK30,1.943e-136,nontox,nontox
Q6DIV5,Q5RDI1,0.0,nontox,nontox
Q6DJ08,Q96DW6,6.2099999999999996e-127,nontox,nontox
Q6DJ95,Q6PA41,0.0,nontox,nontox
Q6DKE0,Q642M9,1.5040000000000002e-132,nontox,nontox
Q6DRC4,O75821,8.204e-163,nontox,nontox
Q6DRF9,B2ZZS9,3.161e-171,nontox,nontox
Q6DRI7,Q8N8A6,7.461e-182,nontox,nontox
Q6DV14,P0CB50,2.071e-122,nontox,nontox
Q6GL11,Q7ZVC4,3.634e-110,nontox,nontox
Q6GLJ6,Q6QGC0,8.333e-194,nontox,nontox
Q6GLQ4,Q6MG07,4.375e-12,nontox,nontox
Q6GLX4,Q6XK22,2.059e-54,nontox,nontox
Q6GMF8,Q96CC6,0.0,nontox,nontox
Q6GN01,Q0P4G6,3.941e-304,nontox,nontox
Q6GQ76,Q803R5,0.0,nontox,nontox
Q6GR35,Q29S16,4.065e-87,nontox,nontox
Q6IEE8,Q8IYM2,1.757e-274,nontox,nontox
Q6ING7,Q8NFF5,4.0859999999999996e-195,nontox,nontox
Q6ING9,Q8N3J5,2.79e-176,nontox,nontox
Q6IR85,Q96LI5,0.0,nontox,nontox
Q6IRC5,Q95YJ5,2.113e-183,nontox,nontox
Q6IV20,P24330,0.1699,nontox,other
Q6JEL3,Q9VUU5,1.38e-111,nontox,nontox
Q6JHY2,Q9UHB7,14.52,nontox,nontox
Q6K1J1,P06133,6.666e-270,nontox,nontox
Q6L6Q5,Q6L6Q6,1.555e-52,nontox,nontox
Q6NRD5,Q8CDF7,6.6029999999999995e-105,nontox,nontox
Q6NRE4,Q9H706,0.0,nontox,nontox
Q6NRE8,Q5RB81,1.5429999999999998e-215,nontox,nontox
Q6NRM7,Q9CQ10,2.197e-109,nontox,nontox
Q6NRM8,Q9WUK6,1.871e-293,nontox,nontox
Q6NRW2,B3DLE8,3.837e-319,nontox,nontox
Q6NS23,Q9CWH5,1.2079999999999999e-228,nontox,nontox
Q6NT04,Q9Y4A0,7.8e-67,nontox,nontox
Q6NT89,Q80ZI1,9.708000000000001e-108,nontox,nontox
Q6NTL4,O95267,0.0,nontox,nontox
Q6NUN7,Q2T9M9,0.0,nontox,nontox
Q6NV12,Q6PFM1,1.212e-283,nontox,nontox
Q6NVE3,Q2KI39,6.3849999999999996e-145,nontox,nontox
Q6NVQ1,Q5XJX0,1.6259999999999999e-94,nontox,nontox
Q6NXA9,Q6GL77,6.374e-84,nontox,nontox
Q6NXH9,A7YWK3,1.003e-265,nontox,nontox
Q6NXK2,Q9HCE3,0.0,nontox,nontox
Q6NYD4,Q8BGS0,2.686e-134,nontox,nontox
Q6NZR5,Q9CZU3,1.856e-172,nontox,nontox
Q6P0D1,Q8BJM5,3.262e-197,nontox,nontox
Q6P0E7,Q6VUC0,2.5620000000000003e-172,nontox,nontox
Q6P1V4,B5ME19,0.0,nontox,nontox
Q6P280,A2VDQ7,1.9349999999999998e-185,nontox,nontox
Q6P4P1,Q8BYY9,9.739e-167,nontox,nontox
Q6P4P2,Q7ZYA0,0.0,nontox,nontox
Q6P4W5,Q7ZX41,3.0190000000000005e-247,nontox,nontox
Q6P560,Q2M218,2.028e-202,nontox,nontox
Q6P6B1,Q8K0S2,9.953e-77,nontox,nontox
Q6P6J0,Q5E9J7,1.006e-105,nontox,nontox
Q6P9J5,Q5T7N3,0.0,nontox,nontox
Q6P9R1,Q8N8A6,2.041e-303,nontox,nontox
Q6PAM1,P40222,9.569999999999999e-284,nontox,nontox
Q6PAX7,O93277,0.0,nontox,nontox
Q6PAY6,Q2V057,3.53e-131,nontox,nontox
Q6PB70,Q4V8U5,3.362e-76,nontox,nontox
Q6PCS4,A7YY57,6.128e-263,nontox,nontox
Q6PD24,Q8IZ07,3.6669999999999997e-181,nontox,nontox
Q6PFT9,Q7Z5R6,2.6709999999999998e-164,nontox,nontox
Q6PG95,Q96RY5,0.0,nontox,nontox
Q6PGZ0,Q96MT8,1.455e-88,nontox,nontox
Q6PID6,Q9D6K7,8.478e-139,nontox,nontox
Q6PUF3,Q6Q7D2,2.072e-82,nontox,nontox
Q6R5J1,A7MBM2,0.0,nontox,nontox
Q6SJ94,Q28DH2,4.361e-121,nontox,nontox
Q6TA48,Q8R1M8,3.485e-117,nontox,nontox
Q6TEN6,A4D1P6,7.394e-307,nontox,nontox
Q6TGY8,Q15006,3.0819999999999997e-164,nontox,nontox
Q6TH47,Q63ZM7,5.983e-167,nontox,nontox
Q6UN27,E2RDM9,1.229e-35,nontox,nontox
Q6UWN8,P01001,3.6710000000000003e-34,nontox,nontox
Q6UWX4,Q9D2G9,0.0,nontox,nontox
Q6UX82,A2VE33,1.765e-50,nontox,nontox
Q6UXD7,Q28FF3,4.463999999999999e-137,nontox,nontox
Q6UY18,A4IIW9,6.755e-142,nontox,nontox
Q6V7V2,Q9BST9,2.746e-309,nontox,nontox
Q6X7V3,P51461,1.911e-58,nontox,nontox
Q6XIN1,Q60FS1,4.431e-90,nontox,nontox
Q6XL69,Q2KNE5,3.185e-158,nontox,nontox
Q6YJI5,Q05B63,3.7240000000000005e-247,nontox,nontox
Q6ZM28,B0BNL4,1.567e-59,nontox,nontox
Q6ZM89,A6NI28,0.0,nontox,nontox
Q6ZMB5,Q4QQS1,1.5340000000000002e-225,nontox,nontox
Q6ZMN8,Q52QT8,3.855e-16,nontox,nontox
Q6ZMV5,Q6DFT3,8.052e-312,nontox,nontox
Q6ZN19,Q6ZNA1,0.0,nontox,nontox
Q6ZNC4,Q9H8N7,5.1810000000000004e-71,nontox,nontox
Q6ZNG1,Q8N4W9,0.0,nontox,nontox
Q6ZNM6,A8SMG2,1.817e-76,nontox,nontox
Q6ZNR0,Q8C581,6.719e-81,nontox,nontox
Q6ZU69,Q32LN6,1.4e-70,nontox,nontox
Q6ZUJ4,Q9D9C7,1.2020000000000001e-123,nontox,nontox
Q6ZV50,Q8HWS3,2.413e-41,nontox,nontox
Q701R0,Q96JF0,2.7939999999999996e-255,nontox,nontox
Q70AG8,Q08C60,9.236e-257,nontox,nontox
Q70IB3,Q5GAN6,9.226e-101,nontox,nontox
Q70TH4,Q711S8,1.418e-84,nontox,nontox
Q75UQ2,Q9UEE9,3.4529999999999996e-137,nontox,nontox
Q75W95,G3UXB3,3.594e-82,nontox,nontox
Q762D5,A2VE55,5.912e-113,nontox,nontox
Q765P2,Q765P3,9.551e-80,nontox,nontox
Q765P4,Q765P3,1.903e-70,nontox,nontox
Q766D5,Q76KP1,0.0,nontox,nontox
Q767F1,Q9VJK8,5.863e-57,nontox,nontox
Q803V3,Q6DJ05,1.3329999999999999e-248,nontox,nontox
Q803Z2,Q5F384,5.101e-173,nontox,nontox
Q80TF3,O14917,3e-300,nontox,nontox
Q80TM6,A0JNC2,0.0,nontox,nontox
Q80U44,Q7Z3T8,0.0,nontox,nontox
Q80U49,A0JM08,0.0,nontox,nontox
Q80VD1,Q52LJ0,1.783e-216,nontox,nontox
Q80W31,Q3ZCX4,5.909e-284,nontox,nontox
Q80WC1,Q4G0F8,2.663e-153,nontox,nontox
Q80WC7,O95081,1.602e-243,nontox,nontox
Q80X76,Q91WP6,3.338e-190,nontox,nontox
Q80XA6,Q8NFH8,0.0,nontox,nontox
Q80YW0,O08967,6.153e-194,nontox,nontox
Q80ZE4,Q801G2,1.804e-112,nontox,nontox
Q80ZM7,P52656,2.404e-47,nontox,nontox
Q811P0,Q495N2,2.564e-214,nontox,nontox
Q862A9,Q862A8,6.999e-180,nontox,nontox
Q863H2,O76036,4.603e-104,nontox,nontox
Q864J4,P41968,1.061e-82,nontox,nontox
Q86B91,Q7Z6I6,2.782,nontox,nontox
Q86NG3,Q9XVS3,5.537e-107,nontox,nontox
Q86V71,P17038,4.405e-314,nontox,nontox
Q86VE3,Q9JHW6,4.2600000000000005e-55,nontox,nontox
Q86XU0,Q9H7R5,2.653e-180,nontox,nontox
Q8AVG0,Q12979,0.0,nontox,nontox
Q8AVX5,Q9EPK2,6.807e-175,nontox,nontox
Q8AWZ0,P09632,2.1350000000000002e-123,nontox,nontox
Q8AXP2,Q76M96,0.0,nontox,nontox
Q8BFZ1,Q5HYJ1,6.393999999999999e-206,nontox,nontox
Q8BH27,Q61292,6.918e-55,nontox,nontox
Q8BHA1,Q50LG9,5.589e-266,nontox,nontox
Q8BHB4,Q12788,4.031e-27,nontox,nontox
Q8BHL3,P58802,2.868e-173,nontox,nontox
Q8BJ51,Q6PB15,3.286e-210,nontox,nontox
Q8BLR5,Q8NDX1,0.0,nontox,nontox
Q8BM88,Q24940,1.185e-38,nontox,nontox
Q8BP56,Q32M88,0.0,nontox,nontox
Q8BQ30,D3YWE6,3.892,nontox,nontox
Q8BSA9,Q5R5S9,7.439999999999999e-114,nontox,nontox
Q8BU04,Q8N806,2.7420000000000004e-251,nontox,nontox
Q8BVC4,Q9H2F9,9.007e-136,nontox,nontox
Q8BVW0,Q8TET4,0.0,nontox,nontox
Q8BW56,Q53E76,5.91e-224,nontox,nontox
Q8BWS5,Q6ZVF9,6.258e-234,nontox,nontox
Q8BWZ3,Q9VDQ7,7.910000000000001e-128,nontox,nontox
Q8BX35,Q9JLL3,1.281e-54,nontox,nontox
Q8BYK8,P61129,0.0,nontox,nontox
Q8BZ33,Q04205,1.562e-86,nontox,nontox
Q8BZ34,O95125,3.4889999999999996e-80,nontox,nontox
Q8BZS9,Q7L7V1,0.0,nontox,nontox
Q8C0N0,C0HKC8,2.519e-112,nontox,nontox
Q8C2R7,Q5F380,1.16e-155,nontox,nontox
Q8C3L1,Q9Y2M2,1.027e-181,nontox,nontox
Q8C561,Q7ZYA0,0.0,nontox,nontox
Q8C5L7,Q5M9F1,3.0390000000000004e-225,nontox,nontox
Q8C6G8,Q5SP67,0.0,nontox,nontox
Q8C8K3,Q5FB95,40.17,nontox,nontox
Q8C9S4,Q13439,5.524e-07,nontox,nontox
Q8CC36,P49754,0.5669,nontox,nontox
Q8CCJ4,A4IGN8,4.7339999999999994e-114,nontox,nontox
Q8CDT5,Q60767,0.6193,nontox,nontox
Q8CES1,Q08DM6,0.143,nontox,nontox
Q8CF94,O88298,7.486e-226,nontox,nontox
Q8CFA2,P48728,6.372e-241,nontox,nontox
Q8CFE2,Q9NWY4,1.475e-211,nontox,nontox
Q8CGA2,Q9P2M4,0.0,nontox,nontox
Q8CHN3,Q28631,1.339e-33,nontox,nontox
Q8CJI3,Q8VI23,0.0,nontox,nontox
Q8HDG8,Q99969,1.375e-61,nontox,nontox
Q8HXX6,Q60648,1.327e-83,nontox,nontox
Q8HYN8,P34974,2.797e-163,nontox,nontox
Q8I6S2,Q8I6S3,6.976e-30,nontox,nontox
Q8I7H9,P34500,1.7069999999999998e-29,nontox,nontox
Q8INX3,Q6DBR4,2.908e-17,nontox,nontox
Q8IRS9,Q6AXU1,0.6993,nontox,nontox
Q8IYB9,P17038,2.261e-297,nontox,nontox
Q8K010,Q9WUZ9,0.3414,nontox,nontox
Q8K013,Q3MHG6,6.13e-200,nontox,nontox
Q8K015,Q9BU64,2.92e-118,nontox,nontox
Q8K025,O75474,1.384e-99,nontox,nontox
Q8K031,Q92502,0.0,nontox,nontox
Q8K088,Q9HCK0,4.061e-105,nontox,nontox
Q8K0C8,Q49B96,1.531e-44,nontox,nontox
Q8K0E7,Q58CW5,9.142e-258,nontox,nontox
Q8K1K4,Q8AYS7,1.29e-243,nontox,nontox
Q8K1N4,Q86XZ4,3.3190000000000003e-268,nontox,nontox
Q8K2T4,Q6UW78,1.364e-26,nontox,nontox
Q8K2W3,A4FUW8,0.0,nontox,nontox
Q8K4G2,Q86Y22,5.542e-298,nontox,nontox
Q8MI69,Q14508,9.735e-55,nontox,nontox
Q8MJN0,Q864V5,4.8e-102,nontox,nontox
Q8MJU5,P28050,0.0,nontox,nontox
Q8MJV2,P48146,2.051e-161,nontox,nontox
Q8MJZ2,Q6PI73,1.691e-282,nontox,nontox
Q8MPM1,Q7JQD3,1.1729999999999999e-139,nontox,nontox
Q8MYN5,O01530,5.821e-88,nontox,nontox
Q8MZJ6,Q7ZVN5,5.398e-262,nontox,nontox
Q8N127,Q13606,3.279e-105,nontox,nontox
Q8N283,Q9EP71,3.8859999999999996e-54,nontox,nontox
Q8N349,Q8VGD6,1.798e-101,nontox,nontox
Q8N3T6,Q8CEF9,0.0,nontox,nontox
Q8N5U1,Q99N10,2.3379999999999999e-29,nontox,nontox
Q8N5W9,Q5SVD0,1.337e-110,nontox,nontox
Q8N7X2,A2RSX4,3.725e-89,nontox,nontox
Q8N957,Q64632,0.0002347,nontox,nontox
Q8N9U0,Q91XT6,1.091e-285,nontox,nontox
Q8NCR9,Q6AYR5,1.1849999999999998e-103,nontox,nontox
Q8NDY3,Q8BGK2,1.939e-210,nontox,nontox
Q8NEG5,Q9D9X6,3.0669999999999998e-291,nontox,nontox
Q8NFR7,Q6P5U8,2.733e-237,nontox,nontox
Q8NFU4,O15056,12.19,nontox,nontox
Q8NGA1,Q96RA2,3.152e-103,nontox,nontox
Q8NGF4,Q13606,6.012e-105,nontox,nontox
Q8NGG5,Q8VGR8,1.1629999999999998e-88,nontox,nontox
Q8NGJ1,Q8NGI6,7.69e-127,nontox,nontox
Q8NGL1,Q13606,2.55e-104,nontox,nontox
Q8NGL2,Q13606,2.375e-98,nontox,nontox
Q8NGN1,A6NJZ3,2.544e-85,nontox,nontox
Q8NGN2,Q8NGC3,5.437e-98,nontox,nontox
Q8NGR9,O43749,3.1800000000000003e-108,nontox,nontox
Q8NGS1,Q8NGS2,1.45e-152,nontox,nontox
Q8NGS3,Q8NGS2,3.419e-147,nontox,nontox
Q8NGU9,P97926,2.987e-20,nontox,nontox
Q8NGY9,Q8VGD6,5.17e-96,nontox,nontox
Q8NGZ4,Q5TZ20,4.507e-127,nontox,nontox
Q8NGZ9,Q6IEZ7,1.8649999999999997e-139,nontox,nontox
Q8NH61,Q8NGK0,4.562e-104,nontox,nontox
Q8NH64,Q8NGJ6,5.293e-140,nontox,nontox
Q8NH93,P23274,2.975e-92,nontox,nontox
Q8NHB7,Q8VGQ7,2.358e-140,nontox,nontox
Q8QFQ4,A7WNV6,4.81e-23,nontox,nontox
Q8QFQ5,A7WNV4,1.553e-18,nontox,nontox
Q8QZS1,Q6NVY1,9.8e-212,nontox,nontox
Q8QZZ7,Q9Y3C4,6.153e-92,nontox,nontox
Q8R100,A4FUN9,2.202e-92,nontox,nontox
Q8R105,A5D8V6,1.293e-165,nontox,nontox
Q8R189,Q8IY49,2.037e-161,nontox,nontox
Q8R2N0,A5PJN1,1.645e-87,nontox,nontox
Q8R2Y8,Q3ZBL5,2.231e-95,nontox,nontox
Q8R3Q0,Q0IHF9,8.246e-80,nontox,nontox
Q8R536,P35270,1.758e-126,nontox,nontox
Q8SPX7,P14755,3.7899999999999997e-171,nontox,nontox
Q8SQ26,P14755,1.2679999999999999e-169,nontox,nontox
Q8SQ41,Q9GMY3,1.502e-163,nontox,nontox
Q8SZZ8,Q0VCQ7,0.000661,nontox,nontox
Q8T4E1,P49048,9.161999999999999e-103,nontox,nontox
Q8T940,Q07961,3.867e-37,nontox,nontox
Q8TAA1,P00678,6.84e-06,nontox,nontox
Q8TAV5,Q60584,8.476,nontox,nontox
Q8TEQ0,Q9D3S3,0.0,nontox,nontox
Q8TF32,Q9H8G1,2.349e-320,nontox,nontox
Q8UVJ7,Q8WN91,0.0,nontox,nontox
Q8UW72,Q28HA8,6.866e-84,nontox,nontox
Q8VC26,F1NZP5,8.801e-27,nontox,nontox
Q8VCG9,Q21227,32.96,nontox,nontox
Q8VCR7,Q6DGG1,1.531e-120,nontox,nontox
Q8VCU1,Q5RCL7,7.387000000000001e-250,nontox,nontox
Q8VCZ3,Q9H5L6,1.232e-17,nontox,nontox
Q8VD57,Q5U3Y5,1.88e-57,nontox,nontox
Q8VED5,Q148H7,3.577e-253,nontox,nontox
Q8VEX6,A6NKK0,2.053e-145,nontox,nontox
Q8VFK7,Q8NGC0,1.598e-107,nontox,nontox
Q8VIG0,Q8WYQ9,0.0,nontox,nontox
Q8WMS3,P19103,8.006e-80,nontox,nontox
Q8WP23,Q804A9,9.647000000000001e-30,nontox,nontox
Q8WSV4,P21663,2.673e-11,nontox,nontox
Q8WTU2,A1L0T3,0.0,nontox,nontox
Q8WV15,Q66IQ1,6.0449999999999995e-92,nontox,nontox
Q8WVF2,B9TQX4,4.341e-52,nontox,nontox
Q8WVI7,Q9ERT9,8.946e-19,nontox,nontox
Q90421,P53412,6.889000000000001e-212,nontox,nontox
Q90701,P28347,2.122e-197,nontox,nontox
Q90875,Q0VCU1,0.0,nontox,nontox
Q90X48,Q6DCG9,1.741e-143,nontox,nontox
Q90X85,Q9PVW7,1.476e-277,nontox,nontox
Q90XN9,Q90XP0,1.814e-101,nontox,nontox
Q90Y90,Q8K0D2,2.865e-18,nontox,nontox
Q90Z04,Q4KMG0,0.0,nontox,nontox
Q91012,Q5R4H1,0.0,nontox,nontox
Q91041,P00764,1.437e-105,nontox,nontox
Q91154,P17667,1.925e-120,nontox,nontox
Q91205,Q90477,1.461e-137,nontox,nontox
Q91312,Q7M2W6,2.189e-82,nontox,nontox
Q91318,A2IBH5,2.275e-120,nontox,nontox
Q91957,Q5PZ43,0.0,nontox,nontox
Q91W45,Q9ULR5,2.4709999999999997e-68,nontox,nontox
Q91WE1,Q9NRS6,1.2929999999999998e-188,nontox,nontox
Q920A6,C9WMM5,1.302e-46,nontox,nontox
Q92116,O42430,5.499e-303,nontox,nontox
Q92125,P20072,1.237e-174,nontox,nontox
Q921K8,A6NFQ2,0.0,nontox,nontox
Q921L7,Q6SKR2,1.135e-06,nontox,nontox
Q922H9,Q9VAU9,9.417e-125,nontox,nontox
Q923B0,Q9BVM4,5.479e-70,nontox,nontox
Q923D3,Q5RAF8,4.621e-82,nontox,nontox
Q925Q4,Q9BEH3,0.005088,nontox,nontox
Q925U0,Q2Q0J1,4.559e-28,nontox,nontox
Q93702,Q07981,1.18,nontox,nontox
Q93704,Q8SWR3,4.079e-47,nontox,nontox
Q94130,Q94129,2.752e-189,nontox,nontox
Q95120,Q13316,1.659e-166,nontox,nontox
Q95JK4,Q9D4D7,1.9420000000000002e-160,nontox,nontox
Q95JM8,Q32KY1,0.0,nontox,nontox
Q95KD0,Q7TMV3,0.0,nontox,nontox
Q95L88,P12842,3.9540000000000006e-123,nontox,nontox
Q95LI8,P19377,5.232000000000001e-69,nontox,nontox
Q95MH6,O42329,8.918e-88,nontox,nontox
Q95NN1,O77457,1.247e-177,nontox,nontox
Q95ZY2,Q95ZY4,6.6420000000000005e-108,nontox,nontox
Q961G1,Q96JB2,2.614e-197,nontox,nontox
Q965E2,P80384,2.577e-39,nontox,nontox
Q969W3,Q5XKR9,5.47e-11,nontox,nontox
Q96C34,Q0VDN7,0.0,nontox,nontox
Q96C57,Q3UY34,2.5079999999999998e-88,nontox,nontox
Q96CS4,Q7TNU6,3.329e-127,nontox,nontox
Q96DC7,P52171,8.073e-05,nontox,nontox
Q96DS6,Q9H2W1,9.933e-57,nontox,nontox
Q96E16,Q80ZU4,1.51e-57,nontox,nontox
Q96ES6,Q99J27,3.011e-07,nontox,nontox
Q96H79,Q8BFR1,1.8159999999999998e-141,nontox,nontox
Q96JQ2,Q8C5W0,0.0,nontox,nontox
Q96K75,Q9HBT8,1.756e-123,nontox,nontox
Q96MF6,Q3THF9,2.67e-92,nontox,nontox
Q96MR9,P10076,3.6409999999999996e-228,nontox,nontox
Q96MW1,Q5BK07,1.703e-111,nontox,nontox
Q96NS5,Q8VHS5,5.809e-252,nontox,nontox
Q96P67,Q8BZR0,2.796e-177,nontox,nontox
Q96R08,Q8WZ84,1.419e-104,nontox,nontox
Q96R27,Q8VGD6,2.098e-106,nontox,nontox
Q96RD1,A6NCV1,2.4e-132,nontox,nontox
Q96SF2,Q9N358,6.382e-53,nontox,nontox
Q96SL8,Q9WTJ4,4.153e-283,nontox,nontox
Q98919,Q98892,1.544e-114,nontox,nontox
Q98925,P23906,4.433e-189,nontox,nontox
Q98TT6,O60516,1.7720000000000003e-42,nontox,nontox
Q99J23,Q8N2G8,5.4949999999999996e-235,nontox,nontox
Q99J25,Q6IN84,1.3339999999999999e-164,nontox,nontox
Q99JT6,Q96CP7,9.642e-141,nontox,nontox
Q99KN2,Q28DW0,1.0149999999999999e-204,nontox,nontox
Q99L20,P30711,5.695e-122,nontox,nontox
Q99L27,Q9DCZ1,3.378e-183,nontox,nontox
Q99LB0,Q03615,6.117e-14,nontox,nontox
Q99LL3,Q8NET6,2.917e-48,nontox,nontox
Q99LP6,Q9HAV7,4.388e-121,nontox,nontox
Q99ME3,Q9Y6H5,0.0,nontox,nontox
Q99MF5,P20809,2.658e-95,nontox,nontox
Q99ML4,Q5VUD6,3.318e-263,nontox,nontox
Q99MP3,P10093,3.5639999999999996e-47,nontox,nontox
Q99NI3,A4IFA3,0.0,nontox,nontox
Q99P81,Q80W57,2.356e-218,nontox,nontox
Q9BG88,B2RZ59,1.545e-71,nontox,nontox
Q9BL07,O62146,5.623e-168,nontox,nontox
Q9BLC4,H2L008,7.469e-36,nontox,nontox
Q9BR10,P50415,0.5978,nontox,nontox
Q9BV97,Q96H86,2.642e-176,nontox,nontox
Q9BXW7,Q60591,0.8442,nontox,nontox
Q9BY19,Q99N10,2.929e-98,nontox,nontox
Q9BY89,Q8BRV5,1.344e-110,nontox,nontox
Q9BYD9,Q8BXF8,5.444e-196,nontox,nontox
Q9BZW5,Q9BZW4,1.983e-118,nontox,nontox
Q9C0B7,Q8C3S2,0.0,nontox,nontox
Q9CPQ8,Q28852,8.289e-57,nontox,nontox
Q9CPT0,Q6AYK4,1.853e-183,nontox,nontox
Q9CPY1,P0C2B6,1.419e-73,nontox,nontox
Q9CQ18,Q2M2U4,1.285e-63,nontox,nontox
Q9CQ25,A5PJV8,6.245999999999999e-53,nontox,nontox
Q9CQA0,Q9NSP4,1.066e-91,nontox,nontox
Q9CQA9,Q9BSD7,3.288e-98,nontox,nontox
Q9CQL5,Q9H0U6,5.308e-98,nontox,nontox
Q9CQS9,Q9NVX0,1.212e-106,nontox,nontox
Q9CQT1,Q9BV20,7.179e-197,nontox,nontox
Q9CR08,Q9GZQ3,0.571,nontox,nontox
Q9CRA7,A6QNS9,2.252e-17,nontox,nontox
Q9CSV6,Q587I9,2.297e-87,nontox,nontox
Q9CWD3,A4FUG7,2.033e-144,nontox,nontox
Q9CXA2,Q96EM0,4.8739999999999996e-213,nontox,nontox
Q9CXD9,Q8N6Y2,2.952e-260,nontox,nontox
Q9CXX9,A1L131,1.7369999999999998e-148,nontox,nontox
Q9CY16,P28776,1.324,nontox,nontox
Q9CYC3,Q6GL42,6.248e-279,nontox,nontox
Q9CZD5,Q9H2K0,4.8540000000000004e-98,nontox,nontox
Q9CZV2,Q6ZNX1,7.876e-122,nontox,nontox
Q9CZW2,Q5U2W4,1.909e-192,nontox,nontox
Q9D075,Q5RJK3,6.681e-175,nontox,nontox
Q9D081,Q6AY85,1.807e-115,nontox,nontox
Q9D0F6,P35249,1.132e-64,nontox,nontox
Q9D0Y8,Q7JWG9,5.489e-12,nontox,nontox
Q9D113,Q5SXM8,1.276e-71,nontox,nontox
Q9D1G2,Q9VIT2,2.1999999999999999e-44,nontox,nontox
Q9D1I5,Q96PE7,1.251e-87,nontox,nontox
Q9D1P0,Q9VJ38,1.155e-53,nontox,nontox
Q9D2R4,P27869,4.24e-115,nontox,nontox
Q9D2R8,P82926,7.328e-54,nontox,nontox
Q9D3J9,Q9HAI6,3.819e-156,nontox,nontox
Q9D3L0,Q5FVQ7,9.344e-77,nontox,nontox
Q9D3P9,P01156,4.626e-76,nontox,nontox
Q9D4J3,Q96PD2,5.969e-58,nontox,nontox
Q9D4K5,G3X6E2,3.6390000000000004e-178,nontox,nontox
Q9D529,Q6ICG8,6.704e-107,nontox,nontox
Q9D572,Q8R512,2.495e-277,nontox,nontox
Q9D593,Q96A05,1.1849999999999998e-103,nontox,nontox
Q9D5D8,Q9Y232,8.824999999999999e-146,nontox,nontox
Q9D5K1,B8JI67,8.047e-25,nontox,nontox
Q9D5K4,Q3MHH3,2.686e-153,nontox,nontox
Q9D5U5,Q08623,1.403e-101,nontox,nontox
Q9D695,O75635,2.0909999999999998e-189,nontox,nontox
Q9D7Z3,Q9UMY1,7.824999999999999e-103,nontox,nontox
Q9D871,E9QA28,1.9700000000000002e-31,nontox,nontox
Q9D8B4,Q80W89,1.249e-82,nontox,nontox
Q9D8M4,Q6DKI1,1.243e-130,nontox,nontox
Q9D903,Q99848,2.599e-158,nontox,nontox
Q9D9D9,Q5VU69,1.445e-42,nontox,nontox
Q9D9N8,Q9W1W9,6.664e-37,nontox,nontox
Q9D9W0,Q9H0A9,7.288000000000001e-184,nontox,nontox
Q9DA57,P41440,0.4459,nontox,nontox
Q9DAF3,Q2T9Z1,4.6860000000000003e-194,nontox,nontox
Q9DAY2,Q920I0,9.361000000000001e-96,nontox,nontox
Q9DB42,Q9W3Y0,1.448e-19,nontox,nontox
Q9DB52,Q6NZE7,6.445e-76,nontox,nontox
Q9DC48,E9Q349,7.089e-41,nontox,nontox
Q9DCL4,A6NJ78,4.96e-205,nontox,nontox
Q9DCQ7,P12725,2.365e-75,nontox,nontox
Q9DCS1,Q4G068,1.554e-130,nontox,nontox
Q9DCX1,Q9BW92,1.436,nontox,nontox
Q9DEQ4,Q8N474,1.9059999999999998e-169,nontox,nontox
Q9DFS4,Q9DCI3,1.228e-70,nontox,nontox
Q9DG25,Q9HBV1,4.875e-152,nontox,nontox
Q9DG67,Q6PFE3,0.0,nontox,nontox
Q9EP72,Q0IHY5,6.543e-111,nontox,nontox
Q9EQB9,Q9HBT7,0.0,nontox,nontox
Q9ESD6,Q96FZ5,2.27e-82,nontox,nontox
Q9ESG6,Q15391,2.412e-181,nontox,nontox
Q9ESY6,Q6UXK5,1.4359999999999999e-241,nontox,nontox
Q9ET62,Q17R60,5.428e-300,nontox,nontox
Q9GK37,B2D1U1,6.2430000000000004e-176,nontox,nontox
Q9GKK4,Q9R0N0,7.290000000000001e-225,nontox,nontox
Q9GL32,Q05215,2.415e-284,nontox,nontox
Q9GL50,Q9CWR7,1.4479999999999999e-179,nontox,nontox
Q9GLC3,P54709,1.667e-163,nontox,nontox
Q9GLJ9,Q5SUA5,1.828,nontox,nontox
Q9GLL9,Q8MJI9,3.6880000000000005e-128,nontox,nontox
Q9GMS5,Q17R60,1.968e-319,nontox,nontox
Q9GMY7,P81497,2.438e-214,nontox,nontox
Q9GP32,P53445,5.936e-147,nontox,nontox
Q9GTD4,O45666,4.163e-25,nontox,nontox
Q9GV28,Q2PQM7,7.427e-142,nontox,nontox
Q9GYV9,Q7ZV35,1.496e-63,nontox,nontox
Q9GZN8,Q68FA2,2.1560000000000002e-78,nontox,nontox
Q9GZU3,Q6DF19,9.139e-242,nontox,nontox
Q9H114,Q80Y72,2.991e-58,nontox,nontox
Q9H1Q7,A6QL70,2.0940000000000002e-122,nontox,nontox
Q9H1Z4,Q5RE95,3.309e-19,nontox,nontox
Q9H425,Q58CU6,4.3660000000000005e-160,nontox,nontox
Q9H8G2,P11046,14.79,nontox,nontox
Q9HAH1,Q15935,5.187e-121,nontox,nontox
Q9HC57,Q8JG33,2.431e-82,nontox,nontox
Q9I9A3,Q9IAL1,3.746e-133,nontox,nontox
Q9I9H2,A6NMT0,1.657e-142,nontox,nontox
Q9IA96,Q96HF1,3.4329999999999997e-158,nontox,nontox
Q9IBE5,P29971,8.582e-84,nontox,nontox
Q9JHH9,Q9P299,6.851e-115,nontox,nontox
Q9JII2,Q9JII4,1.6330000000000002e-109,nontox,nontox
Q9JIX0,Q9VYX1,3.1739999999999996e-22,nontox,nontox
Q9JIZ0,Q9JIY7,1.042e-97,nontox,nontox
Q9JJW3,Q9VR93,0.3217,nontox,nontox
Q9JKA3,Q7TQA4,2.765e-87,nontox,nontox
Q9JKA5,P97792,1.237e-28,nontox,nontox
Q9JKE7,Q7TQA9,6.245999999999999e-51,nontox,nontox
Q9JKT2,Q9JKU1,1.768e-176,nontox,nontox
Q9JM93,Q66PJ3,1.727e-86,nontox,nontox
Q9JMD2,Q9UHJ3,0.0,nontox,nontox
Q9MZ08,P50895,4.2e-310,nontox,nontox
Q9MZR8,P79339,1.368e-37,nontox,nontox
Q9N0C7,P32188,1.647e-11,nontox,nontox
Q9Z1D7,O43309,1.522e-214,nontox,nontox
Q9Z1P7,Q1LZH7,9.799000000000001e-84,nontox,nontox
Q9Z268,O95294,0.0,nontox,nontox
Q9Z2W0,Q2HJH1,4.692e-295,nontox,nontox
T1SH39,Q9BRA2,6.994000000000001e-55,nontox,nontox
V5NAL9,Q6R5N8,1.892e-36,nontox,nontox
A0A0D9SF12,A8I499,3.49,nontox,nontox
A0A0U1RRK4,Q91715,6.656e-06,nontox,nontox
A0A125S9M4,P13648,2.812e-27,nontox,nontox
A0A1B0GTD5,O44451,5.087,nontox,nontox
A0A1B0GTH6,Q8CH19,5.267e-151,nontox,nontox
A0A1B0GTL2,Q9Y6M0,14.65,nontox,nontox
A0A1B0GTY4,Q9P2K1,2.943,nontox,nontox
A0A1B0GUJ8,Q2KIT6,1.874e-35,nontox,nontox
A0A1B0GVS7,Q8BX65,3.193e-11,nontox,nontox
A0A1D1V3Z0,Q501J7,14.53,nontox,nontox
A0A1W2PPW3,A6NLC8,5.013e-109,nontox,nontox
A0A2R8Y7D0,Q96CB5,6.569e-08,nontox,nontox
A0A2R8YCJ5,Q9NS64,6.696e-05,nontox,nontox
A0A6B9L664,A0A6B9L4T1,2.636e-13,nontox,nontox
A0A6B9L8Y4,O88700,0.1615,nontox,nontox
A0A6I8MX38,A5D7H1,14.68,nontox,nontox
A0A6J1WQD0,P01507,2.865e-17,nontox,nontox
A0JM13,Q52KB6,0.0,nontox,nontox
A0JM24,Q6NXP6,2.995e-79,nontox,nontox
A0JM56,Q6ZRR7,0.0,nontox,nontox
A0JMD0,Q5SW19,0.0,nontox,nontox
A0JP94,Q86XA9,0.0,nontox,nontox
A0JPG1,Q5W0V3,0.0,nontox,nontox
A0JPQ7,Q8N9M1,2.234e-182,nontox,nontox
A0PJR5,Q9D7J9,5.462e-103,nontox,nontox
A1A5F2,Q9P2D3,0.0,nontox,nontox
A1A5Q4,Q29RL1,0.0,nontox,nontox
A1L1J9,Q9BU23,0.0,nontox,nontox
A1L2I9,A0JMW6,0.0,nontox,nontox
A1L2L5,Q8R3K3,7.51e-117,nontox,nontox
A1L2Y1,Q8NA03,1.0799999999999999e-47,nontox,nontox
A1L3F5,Q8IY22,0.0,nontox,nontox
A1L443,Q8IVF1,0.0,nontox,nontox
A1Z8J0,Q8AVL0,6.3080000000000005e-108,nontox,nontox
A2A3L6,Q9R080,2.747e-13,nontox,nontox
A2A6H3,Q5MNV8,5.738000000000001e-256,nontox,nontox
A2ADZ8,Q4KMZ1,2.3980000000000001e-122,nontox,nontox
A2AWH2,A4IHZ3,2.101e-90,nontox,nontox
A2CI97,A2CI98,1.78e-60,nontox,nontox
A2IAB1,Q6NZM9,1.536,nontox,nontox
A2RUQ5,Q92858,0.597,nontox,nontox
A2RUW7,Q63HM2,0.0,nontox,nontox
A2VCV0,Q5TC84,1.065e-135,nontox,nontox
A2VDP0,Q5ZK74,2.344e-75,nontox,nontox
A2VE00,Q96EE4,4.7329999999999996e-73,nontox,nontox
A2VE23,Q6E0U4,6.770999999999999e-107,nontox,nontox
A3KQA5,Q8AVY1,4.268e-118,nontox,nontox
A3KQV2,A4IIL4,2.188e-204,nontox,nontox
A3RJ36,P25068,1.736e-16,nontox,nontox
A3RLE1,P07316,2.432e-109,nontox,nontox
A4D1E1,A2AKY4,6.827e-72,nontox,nontox
A4FUI1,B5FX56,5.214e-72,nontox,nontox
A4IFR8,Q149G0,1.039e-91,nontox,nontox
A4IGY3,Q6DD06,7.861e-242,nontox,nontox
A4IHW3,Q5RA79,2.1329999999999998e-90,nontox,nontox
A4IHY1,O95456,2.84e-79,nontox,nontox
A4II40,Q3SZR5,1.437e-46,nontox,nontox
A4QPB2,O75197,1.086e-129,nontox,nontox
A5D7C3,A0JM41,1.078e-25,nontox,nontox
A5D7F6,Q8IZL2,0.0,nontox,nontox
A5D7I0,Q3SY00,7.061000000000001e-209,nontox,nontox
A5D7U0,Q3V1H1,1.375e-157,nontox,nontox
A5D8Q8,Q9CWR1,9.799000000000001e-98,nontox,nontox
A5PJK1,Q6ZT21,1.9339999999999998e-245,nontox,nontox
A5PJW2,Q9CQE2,7.785e-88,nontox,nontox
A5PKL6,Q4R6Y8,0.0,nontox,nontox
A5PLF5,Q9BRN9,1.146e-91,nontox,nontox
A5PLH4,Q9BX74,1.883e-81,nontox,nontox
A5X2X1,Q2ES47,9.733e-25,nontox,nontox
A6H684,Q9DGD1,1.141e-67,nontox,nontox
A6H6A4,A6NIV6,4.119e-245,nontox,nontox
A6H7B4,Q9H9R9,2.0710000000000002e-72,nontox,nontox
A6H7I7,Q80X91,8.930999999999999e-139,nontox,nontox
A6H8I2,Q7T2D0,0.0,nontox,nontox
A6MGY1,B5KF94,5.865e-23,nontox,nontox
A6NCL2,Q3URS3,5.1470000000000003e-48,nontox,nontox
A6NCN8,Q3TTI8,1.4169999999999999e-133,nontox,nontox
A6NFA0,Q32LN6,2.812e-95,nontox,nontox
A6NGB0,H7C350,0.7041,nontox,nontox
A6NGK3,Q8WTP9,2.066e-24,nontox,nontox
A6NHN6,Q92617,6.82e-144,nontox,nontox
A6NLE4,Q9DAL0,1.314e-44,nontox,nontox
A6NMK7,O19137,2.5450000000000003e-84,nontox,nontox
A6NNA2,Q80WV7,4.624e-289,nontox,nontox
A6QP06,Q9HCH5,0.0,nontox,nontox
A6QP24,Q80VY2,8.018e-130,nontox,nontox
A6QPF4,Q3C1V0,1.603e-96,nontox,nontox
A6QPF8,Q63ZG0,5.1119999999999996e-185,nontox,nontox
A6QPH9,Q9UJ78,0.0,nontox,nontox
A6QQ92,A8MV23,1.77e-171,nontox,nontox
A6QQY4,Q8N7B1,4.66e-164,nontox,nontox
A6QR00,Q8TF50,0.0,nontox,nontox
A7E346,Q6ZN01,9.903e-198,nontox,nontox
A7RS11,Q9NWY4,7.775e-94,nontox,nontox
A7X3Z0,Q90WI7,4.21e-64,nontox,nontox
A7X409,A3FM55,1.072e-57,nontox,nontox
A7X413,A3FM55,2.4149999999999997e-53,nontox,nontox
A8MQ14,O43345,0.0,nontox,nontox
A8WGS4,F1NZP5,4.452e-35,nontox,nontox
A9Q1J7,Q8QZY3,2.46,nontox,nontox
A9UL59,Q6ICI0,8.220999999999999e-45,nontox,nontox
A9YME1,P35779,4.9309999999999997e-54,nontox,nontox
B0BM24,Q3B820,5.604e-116,nontox,nontox
B0BMZ3,E9PW74,1.2219999999999999e-118,nontox,nontox
B0M2T7,,,nontox,
B0M3A2,,,nontox,
B0S5Y3,C1BKZ7,3.6780000000000006e-162,nontox,nontox
B0UXS1,Q8IWF2,8.289999999999999e-224,nontox,nontox
B1H349,Q5RCU4,0.0,nontox,nontox
B2GUE2,Q2T9W6,1.712e-192,nontox,nontox
B2MVX9,Q96DW6,6.87e-181,nontox,nontox
B2RU40,C9JH25,0.0,nontox,nontox
B2RXF0,B9EJI9,5.2770000000000005e-192,nontox,nontox
B2RZ86,Q95JI9,4.9709999999999996e-161,nontox,nontox
B3A063,,,nontox,
B3A0C6,,,nontox,
B3A0E1,,,nontox,
B3A0E8,B3A0A9,0.003959,nontox,nontox
B3A0N9,O46162,2.071e-17,nontox,nontox
B3A0Q7,B3A0Q3,13.97,nontox,nontox
B3DLD3,P35713,1.819e-88,nontox,nontox
B4DX44,A8MUV8,3.316e-252,nontox,nontox
B4E2M5,Q5ZLC8,5.071e-17,nontox,nontox
B5DE73,Q6ICH7,5.6760000000000004e-207,nontox,nontox
B5X5B4,A1A5Z3,2.721e-141,nontox,nontox
B6CZ45,B6CZ61,3.078e-113,nontox,nontox
B7TWP7,B5X392,1.9550000000000001e-56,nontox,nontox
B7Z6K7,Q96IR2,1.466e-253,nontox,nontox
B9URJ1,A0A1S4EWW7,2.741e-43,nontox,nontox
B9WZ56,O01683,2.046,nontox,nontox
C0H8I2,Q5ZK17,4.6429999999999996e-173,nontox,nontox
C0HJB8,C0HKQ1,3.99e-07,nontox,nontox
C0HJK1,,,nontox,
C0HJK2,,,nontox,
C0HK85,C0HKN6,0.0003994,nontox,nontox
C0HKU1,E2ADG2,4.745e-50,nontox,nontox
C0HLB9,P21872,5.3,nontox,nontox
C0HLC3,P86684,1.39e-08,nontox,nontox
P02532,P70694,1.5840000000000002e-132,nontox,nontox
P02613,P04112,2.867e-78,nontox,nontox
P02626,P80080,5.73e-39,nontox,nontox
P02658,P02659,2.875e-35,nontox,nontox
P02842,P13730,3.807e-18,nontox,nontox
P04069,O02350,2.911e-85,nontox,nontox
P04096,P84950,0.002504,nontox,nontox
P04212,P0DSE2,1.185e-43,nontox,nontox
P04375,P83990,2.348e-14,nontox,nontox
P04459,P25692,2.003e-33,nontox,nontox
P04944,P04945,3.7359999999999994e-53,nontox,nontox
P04946,P01644,1.898e-59,nontox,nontox
P05047,Q17NX6,6.454e-12,nontox,nontox
P05548,Q15746,7.116e-23,nontox,nontox
P05945,P54357,2.2840000000000002e-26,nontox,nontox
P06198,O96064,1.162e-228,nontox,nontox
P06322,P01739,2.281e-13,nontox,nontox
P06323,P01739,1.683e-14,nontox,nontox
P06582,P02513,5.796e-32,nontox,nontox
P06706,P09860,4.0699999999999996e-47,nontox,nontox
P07095,Q6AZV1,2.941,nontox,nontox
P07216,Q9XST5,5.726e-18,nontox,nontox
P08335,P02449,4.997e-45,nontox,nontox
P08520,Q5R7M1,7.831e-29,nontox,nontox
P08608,P22689,50.99,nontox,nontox
P08610,P22690,50.99,nontox,nontox
P09116,P39037,6.834e-56,nontox,nontox
P09472,P01295,6.583e-06,nontox,nontox
P0C5W9,P0C5X0,0.0001344,nontox,nontox
P0C5X1,P0C5X2,1.13e-11,nontox,nontox
P0C7I2,A2AED3,4.855,nontox,nontox
P0C8A8,Q30KK0,0.02177,nontox,nontox
P0CF04,,,nontox,
P0CG23,A3KN32,2.437e-50,nontox,nontox
P0CJ71,P0CJ72,4.154e-06,nontox,nontox
P0CJ73,P0CJ72,5.83e-05,nontox,nontox
P0CJ74,P0CJ77,6.194e-06,nontox,nontox
P0CJ75,P0CJ72,2.528e-07,nontox,nontox
P0CL85,Q99M76,1.35e-59,nontox,nontox
P0DJG4,Q5PQR6,2.373e-154,nontox,nontox
P0DL22,Q5BIM1,3.549,nontox,nontox
P0DMA4,P41272,731.6,nontox,nontox
P0DMB2,Q8VCU0,2.895,nontox,nontox
P0DME7,P0DME6,7.575000000000001e-20,nontox,nontox
P0DMQ5,C9JVW0,9.442e-06,nontox,nontox
P0DMR2,Q8MKG2,0.0009676,nontox,nontox
P0DO97,Q91VW5,0.2171,nontox,nontox
P0DQS0,A0A0R4IKU3,5.318,nontox,nontox
P0DRE1,,,nontox,
P0DRE6,P84189,6.643e-05,nontox,Non-disulfide-bridged peptide (NDBP) superfamily
P0DRE9,P85840,0.1878,nontox,nontox
P0DRF4,,,nontox,
P0DRF5,,,nontox,
P0DRJ6,Q5SSH8,40.93,nontox,nontox
P0DSI3,P35779,8.372000000000001e-85,nontox,nontox
P0DSJ9,Q21346,3.091,nontox,nontox
P0DTF9,Q19981,3.95,nontox,nontox
P12082,P01032,2.1100000000000003e-36,nontox,nontox
P12101,P35753,4.221e-32,nontox,nontox
P13049,,,nontox,
P13230,Q91V33,8.406e-39,nontox,nontox
P13438,Q9JL96,0.01188,nontox,nontox
P13736,,,nontox,
P13737,,,nontox,
P14662,P01511,1.627e-13,nontox,nontox
P15063,P09416,2.256e-58,nontox,nontox
P15159,Q09665,9.19e-60,nontox,nontox
P15206,P07818,6.351999999999999e-125,nontox,nontox
P15469,P80592,1.498e-79,nontox,nontox
P15506,O15130,1.112e-05,nontox,nontox
P15844,P62184,5.959e-21,nontox,nontox
P15845,O97341,2.9680000000000003e-31,nontox,nontox
P16463,P07915,0.04132,nontox,nontox
P17668,P16041,1.398e-53,nontox,nontox
P18207,P18208,3.131e-26,nontox,nontox
P18312,P83403,6.855e-13,nontox,nontox
P19398,P07852,2.137e-12,nontox,nontox
P19448,Q01380,5.342000000000001e-69,nontox,nontox
P19852,,,nontox,
P20404,G5EEI8,9.271,nontox,nontox
P20760,P20759,2.396e-195,nontox,nontox
P20761,P01867,1.308e-161,nontox,nontox
P21797,P06708,1.392e-61,nontox,nontox
P22074,P26461,4.12e-11,nontox,nontox
P22103,P21996,2.199,nontox,nontox
P22395,Q8R3N1,115.0,nontox,nontox
P23544,P22765,1.871e-68,nontox,nontox
P23834,P82373,1.765e-07,nontox,nontox
P24047,,,nontox,
P25456,P25066,2.6670000000000003e-221,nontox,nontox
P27591,P08962,1.623e-32,nontox,nontox
P28499,P25421,0.03825,nontox,nontox
P30250,P81740,2.199,nontox,nontox
P30842,P30841,8.378e-281,nontox,nontox
P30933,P04812,2.5209999999999998e-23,nontox,nontox
P31370,P70030,3.636e-72,nontox,nontox
P32070,P14202,2.868e-50,nontox,nontox
P33048,P39037,3.2120000000000004e-70,nontox,nontox
P36963,P36965,5.252000000000001e-116,nontox,nontox
P37364,P80407,7.851e-17,nontox,nontox
P38496,P85825,0.04429,nontox,nontox
P38981,A3RLT6,3.305e-133,nontox,nontox
P39080,Q8CF02,0.9075,nontox,nontox
P39698,P24494,7.724e-80,nontox,nontox
P40754,Q9D565,9.217,nontox,nontox
P41333,P19850,0.4877,nontox,nontox
P41488,P23739,2965.0,nontox,nontox
P41489,,,nontox,
P41854,Q9N4V0,9.349000000000001e-26,nontox,nontox
P41862,,,nontox,
P41863,,,nontox,
P41865,,,nontox,
P42560,P85471,50.99,nontox,nontox
P43305,P19753,3.201e-36,nontox,nontox
P45640,Q9PWG4,4.8300000000000004e-108,nontox,nontox
P47947,Q1A7B3,2.227e-68,nontox,nontox
P48155,P62083,7.926000000000001e-84,nontox,nontox
P48249,O93337,3.092e-95,nontox,nontox
P49154,P27952,4.327e-144,nontox,nontox
P49197,Q8I7N7,5.284e-35,nontox,nontox
P49900,P05089,4.806e-150,nontox,nontox
P50342,P27435,1.111e-155,nontox,nontox
P53018,P13263,7.539e-67,nontox,nontox
P53770,Q64205,8.754e-118,nontox,nontox
P56272,P00791,4.5669999999999995e-130,nontox,nontox
P56924,P86158,3.737e-05,nontox,nontox
P58468,Q9NSI2,4.8600000000000004e-85,nontox,nontox
P58706,,,nontox,
P59866,B8XH47,16.82,nontox,Short scorpion toxin superfamily
P61110,Q62781,1.89e-15,nontox,nontox
P61874,P55944,0.009779,nontox,nontox
P62085,P62083,2.449e-83,nontox,nontox
P63295,P04092,1.515e-13,nontox,nontox
P69844,P69843,0.1588,nontox,nontox
P69845,P69846,0.02433,nontox,nontox
P70112,P54368,5.38e-124,nontox,nontox
P79697,P21919,1.8470000000000002e-58,nontox,nontox
P80026,P02624,7.740999999999999e-53,nontox,nontox
P80223,P01377,4.276e-06,nontox,nontox
P80518,P80519,3.81e-66,nontox,nontox
P80681,P80683,1.841e-63,nontox,nontox
P80956,E1AXF5,2.056e-07,nontox,nontox
P81022,Q7ZZY8,0.004419,nontox,nontox
P81026,P01278,3.071e-18,nontox,nontox
P81225,P82166,2.1199999999999998e-47,nontox,nontox
P81578,P81576,2.5760000000000003e-32,nontox,nontox
P81583,P81584,7.492e-40,nontox,nontox
P81807,,,nontox,
P81811,,,nontox,
P81821,,,nontox,
P82034,P82043,0.7671,nontox,nontox
P82038,P15289,2.567,nontox,nontox
P82041,P82042,0.004539,nontox,nontox
P82081,A5D7L5,540.5,nontox,nontox
P82082,,,nontox,
P82084,A6QR55,17010.0,nontox,nontox
P82085,Q58T58,214.6,nontox,nontox
P82100,,,nontox,
P82120,P82119,5.642e-16,nontox,nontox
P82156,,,nontox,
P82158,,,nontox,
P82165,P80676,7.626e-12,nontox,nontox
P82399,P69024,1.256e-07,nontox,nontox
P83087,Q58T39,4.537e-05,nontox,nontox
P83242,O02826,1.604e-16,nontox,nontox
P84214,P84213,0.0002871,nontox,nontox
P84240,,,nontox,
P84242,,,nontox,
P84615,P84617,9.414e-76,nontox,nontox
P84816,P0DQJ7,0.01058,nontox,nontox
P84937,A0A5P9NYS6,6.083e-07,nontox,nontox
P84947,,,nontox,
P85094,Q32KX0,1.009e-101,nontox,nontox
P85449,,,nontox,
P85467,,,nontox,
P85473,,,nontox,
P85650,P85545,5.151e-05,nontox,nontox
P85789,P85589,11.62,nontox,nontox
P85866,Q01978,432.8,nontox,nontox
P85877,,,nontox,
P86515,O35451,20.18,nontox,nontox
P86559,P86596,1.602,nontox,nontox
P86560,P86566,0.3283,nontox,nontox
P86572,P86566,0.3283,nontox,nontox
P86608,Q6PHB0,731.6,nontox,nontox
P86609,F7UI88,1.458,nontox,nontox
P86660,P86671,1.865,nontox,nontox
P86678,,,nontox,
P86785,H2A0L2,8.633e-69,nontox,nontox
P86821,P0C8W6,1.188e-10,nontox,nontox
P86959,H2A0N9,1.0419999999999999e-22,nontox,nontox
P86962,Q9VRX2,3.305,nontox,nontox
P86967,Q148V8,341.5,nontox,nontox
P86969,P54320,97.25,nontox,nontox
P91800,Q6XSH4,9.526e-43,nontox,nontox
P91964,Q06202,1.373e-22,nontox,nontox
P97817,Q01850,8.201e-245,nontox,nontox
Q01384,Q01382,6.374e-68,nontox,nontox
Q01493,Q9D709,5.001,nontox,nontox
Q01642,Q96LB8,69.35,nontox,nontox
Q01644,A5PKD8,9160.0,nontox,nontox
Q05702,A2AVQ5,0.1609,nontox,nontox
Q05A13,A5PJJ7,8.844e-153,nontox,nontox
Q05AM4,Q6DH69,7.161e-234,nontox,nontox
Q05AV0,Q503T5,3.222e-106,nontox,nontox
Q05AX3,Q9JK23,1.946e-78,nontox,nontox
Q05B89,Q9BX66,0.5486,nontox,nontox
Q05C16,A6H694,1.555e-174,nontox,nontox
Q07160,P06581,6.768999999999999e-29,nontox,nontox
Q07FY3,Q5EAY2,1.777e-129,nontox,nontox
Q08AV6,Q640P7,7.182e-222,nontox,nontox
Q08CH7,Q1JPG1,2.317e-181,nontox,nontox
Q08CI4,Q6NRF4,1.035e-188,nontox,nontox
Q08CZ0,Q7Z3V4,0.0,nontox,nontox
Q08D18,Q8N699,2.821e-63,nontox,nontox
Q08D99,Q96HV5,3.877e-143,nontox,nontox
Q08DG4,Q96CD0,5.605e-205,nontox,nontox
Q08E93,Q157S1,12.21,nontox,nontox
Q09443,Q9D864,1.935e-84,nontox,nontox
Q0D285,Q96I45,8.702e-36,nontox,nontox
Q0IH73,Q32L94,1.6590000000000002e-165,nontox,nontox
Q0IHU9,Q5R4Q8,2.181e-158,nontox,nontox
Q0IHV2,Q6MZP7,0.0,nontox,nontox
Q0II74,Q3UNB8,7.417e-62,nontox,nontox
Q0II90,Q96LP2,3.489e-201,nontox,nontox
Q0IIZ5,Q5ZIL9,3.229e-271,nontox,nontox
Q0IJ12,A6NLU5,2.026e-89,nontox,nontox
Q0P457,Q5I0L7,9.208e-83,nontox,nontox
Q0P4B9,Q3UGS4,1.0520000000000001e-26,nontox,nontox
Q0P4G7,Q6DDK3,7.538e-181,nontox,nontox
Q0P4K8,Q8NCF5,2.337e-48,nontox,nontox
Q0P4X6,Q8NCP5,1.057e-253,nontox,nontox
Q0P5M9,Q14728,2.072e-237,nontox,nontox
Q0V8J4,Q9Y334,0.0,nontox,nontox
Q0V947,Q6GMB1,9.984e-198,nontox,nontox
Q0V987,A1L2W9,1.079e-35,nontox,nontox
Q0V9M0,Q8R555,0.0,nontox,nontox
Q0V9S3,Q5EAQ1,2.1149999999999999e-22,nontox,nontox
Q0V9V7,Q17QK1,1.8359999999999998e-224,nontox,nontox
Q0V9W6,Q8K2J9,1.249e-278,nontox,nontox
Q0VAA2,A0JPI9,1.79e-215,nontox,nontox
Q0VAY3,Q4R7Z5,7.302e-115,nontox,nontox
Q0VC33,A1L157,3.764e-148,nontox,nontox
Q0VCV7,Q8BG31,4.378e-98,nontox,nontox
Q0VD00,Q8K0E1,1.887e-182,nontox,nontox
Q0VD31,Q58DG6,2.13e-24,nontox,nontox
Q0VGK2,Q1LXE6,8.082999999999999e-262,nontox,nontox
Q10416,Q8CE23,1.914,nontox,nontox
Q10996,Q9VHM6,22.29,nontox,nontox
Q14236,A1Z9G2,16.1,nontox,nontox
Q147U7,Q8CEZ1,1.203e-99,nontox,nontox
Q148E7,Q9NRS6,3.9810000000000004e-199,nontox,nontox
Q15195,P00747,1.73e-43,nontox,nontox
Q156A1,,,nontox,
Q15846,Q3ZRW9,6.689e-209,nontox,nontox
Q16S34,Q1HRL7,0.06611,nontox,nontox
Q16ZR8,Q0PXX8,2.576e-118,nontox,nontox
Q17077,Q17078,1.897e-86,nontox,nontox
Q17598,Q5F3I6,5.13e-84,nontox,nontox
Q17QT7,Q921M7,2.5480000000000003e-166,nontox,nontox
Q19077,Q9VER6,12.21,nontox,nontox
Q19374,Q2V0C9,9.267e-12,nontox,nontox
Q1A5X6,P49109,10.12,nontox,nontox
Q1A7B1,P47948,8.332e-72,nontox,nontox
Q1AMT3,Q8JJ04,4.887e-49,nontox,nontox
Q1ECY2,Q92826,8.109e-101,nontox,nontox
Q1EGL1,Q8K4Z0,2.5e-323,nontox,nontox
Q1HQF8,Q8INQ7,3.79e-30,nontox,nontox
Q1JQE2,Q96CW6,9.279e-132,nontox,nontox
Q1L899,Q8CD60,4.758e-72,nontox,nontox
Q1LUC1,Q91VK1,3.54e-233,nontox,nontox
Q1LUE5,Q0P678,8.367e-217,nontox,nontox
Q1LXS2,Q7SYV1,5.997e-104,nontox,nontox
Q1LY80,Q5EAX9,3.636e-176,nontox,nontox
Q1LZ79,Q9NWZ8,5.295e-76,nontox,nontox
Q1RML4,Q8N5J4,1.482e-144,nontox,nontox
Q1RML7,Q8BGS0,1.76e-161,nontox,nontox
Q1RMM5,Q5R4H5,3.675e-75,nontox,nontox
Q1RMQ5,Q9NRS6,4.972,nontox,nontox
Q1RMR1,Q9UKU9,9.143999999999999e-187,nontox,nontox
Q1RMS0,Q9C0I3,0.0,nontox,nontox
Q1T765,Q96H22,1.507e-126,nontox,nontox
Q1T7B7,Q6IPU0,1.0700000000000001e-64,nontox,nontox
Q202I6,Q98SJ7,2.0439999999999998e-66,nontox,nontox
Q21175,P02587,17.2,nontox,nontox
Q21268,Q91ZG2,9.001e-53,nontox,nontox
Q23307,Q8AV28,1.104,nontox,nontox
Q23312,P02362,8.993e-67,nontox,nontox
Q23570,A6QPN6,2.118e-15,nontox,nontox
Q24437,O76021,21.7,nontox,nontox
Q24JV9,Q07797,6.839999999999999e-107,nontox,nontox
Q24JY7,Q9H2X8,4.9409999999999996e-29,nontox,nontox
Q24K03,Q9NXG2,7.064999999999999e-196,nontox,nontox
Q25504,Q7M4F4,7.911e-14,nontox,nontox
Q27377,E0X9F6,1.072e-30,nontox,nontox
Q27388,P34174,3.9179999999999996e-66,nontox,nontox
Q27709,Q8T6Z0,4.017e-121,nontox,nontox
Q28008,O75596,2.0829999999999998e-105,nontox,nontox
Q28988,P35479,8.349e-50,nontox,nontox
Q28BK4,Q9WV03,2.499e-179,nontox,nontox
Q28DV7,Q5ZJV4,1.269e-288,nontox,nontox
Q28E02,Q5VWJ9,1.121e-229,nontox,nontox
Q28EC1,A4IFE4,8.959999999999999e-286,nontox,nontox
Q28EE8,Q9NP64,0.007786,nontox,nontox
Q28HU3,Q1T7B8,8.615e-66,nontox,nontox
Q28I33,Q6DJM3,1.357e-208,nontox,nontox
Q28I39,Q96LU5,6.055e-79,nontox,nontox
Q28IG6,Q6DCQ0,1.6989999999999998e-206,nontox,nontox
Q29RJ0,Q6PI47,1.5269999999999998e-224,nontox,nontox
Q29RS0,Q95JI9,3.379e-154,nontox,nontox
Q2HJA2,Q9NXF7,1.188e-98,nontox,nontox
Q2KHT9,Q5R7P6,1.537e-122,nontox,nontox
Q2KI52,Q96M11,7.407e-165,nontox,nontox
Q2KI75,Q8CCX5,2.4290000000000004e-156,nontox,nontox
Q2KI85,Q921U8,1.274e-68,nontox,nontox
Q2KIP3,Q96KD3,5.969e-187,nontox,nontox
Q2KIS9,P40239,2.012e-26,nontox,nontox
Q2KJ69,Q6AXM9,1.396e-201,nontox,nontox
Q2KJF9,P29540,3.144e-155,nontox,nontox
Q2NKS3,Q9BT73,8.387e-61,nontox,nontox
Q2T9K2,Q6VUC0,6.3889999999999996e-195,nontox,nontox
Q2T9U5,Q4R9F7,0.0,nontox,nontox
Q2TBJ0,Q8N5I9,4.898000000000001e-78,nontox,nontox
Q2TBJ9,Q96KC9,2.939e-148,nontox,nontox
Q2TBQ4,Q6UE05,1.079e-89,nontox,nontox
Q2TBT3,Q86YB7,3.015e-161,nontox,nontox
Q2UXV8,Q1JS93,4.569e-14,nontox,nontox
Q2YDE2,Q5T0L3,7.882e-116,nontox,nontox
Q2YDE8,D3YV92,1.728e-130,nontox,nontox
Q2YDF7,Q96MG2,2.4429999999999997e-103,nontox,nontox
Q2YDG1,Q8VIJ6,17.02,nontox,nontox
Q2YDM3,Q5J8X5,6.944000000000001e-57,nontox,nontox
Q32KG4,Q86TG7,2.052e-09,nontox,nontox
Q32KM6,Q8C5T4,9.439e-147,nontox,nontox
Q32KN0,Q9XSR1,4.9900000000000004e-160,nontox,nontox
Q32KP2,Q53EV4,6.123e-179,nontox,nontox
Q32L19,Q5XGY9,6.389e-101,nontox,nontox
Q32L49,A1L3C1,2.748e-94,nontox,nontox
Q32LD3,Q6UWN0,9.657e-108,nontox,nontox
Q32LE6,Q8CGW9,8.116e-201,nontox,nontox
Q32LP9,Q92828,1.914e-316,nontox,nontox
Q32PG9,Q5BJ29,3.489e-12,nontox,nontox
Q3B807,Q5VWI1,2.984e-294,nontox,nontox
Q3B8H0,Q9CPV0,5.049e-60,nontox,nontox
Q3BCR6,Q8HX86,4.548e-144,nontox,nontox
Q3C2C4,D3GME4,4.086e-54,nontox,nontox
Q3I5G5,Q6ZQN5,4.586e-139,nontox,nontox
Q3KQ71,Q2YDS5,1.051e-71,nontox,nontox
Q3MIP1,Q3TNL8,2.5e-14,nontox,nontox
Q3SZ22,Q9H2W6,3.7510000000000002e-143,nontox,nontox
Q3SZ85,Q6GMV3,6.003e-79,nontox,nontox
Q3T021,Q9BWV2,3.06e-136,nontox,nontox
Q3T067,Q8NBX0,1.855e-258,nontox,nontox
Q3T086,O75865,3.291e-90,nontox,nontox
Q3T090,Q3KRG3,1.35e-40,nontox,nontox
Q3T0A0,Q96SE0,3.1870000000000002e-211,nontox,nontox
Q3T0D6,P56470,1.916e-175,nontox,nontox
Q3T0E5,Q9HDC9,5.136999999999999e-241,nontox,nontox
Q3T0G5,O94903,3.767e-158,nontox,nontox
Q3T0M2,Q6P4A7,7.242e-130,nontox,nontox
Q3T0Z4,Q53R12,2.468e-112,nontox,nontox
Q3T0Z5,Q9DB98,7.257e-111,nontox,nontox
Q3T142,Q9D0Q7,4.897999999999999e-171,nontox,nontox
Q3TKR3,Q66X19,0.0,nontox,nontox
Q3TPR7,Q810F5,3.38e-274,nontox,nontox
Q3TS39,O60500,0.2303,nontox,nontox
Q3UG61,Q7TN45,1.619e-100,nontox,nontox
Q3UGP9,Q32NT4,2.1999999999999997e-139,nontox,nontox
Q3UJB3,A6NHZ5,5.572e-270,nontox,nontox
Q3UPL6,Q99N10,3.729e-29,nontox,nontox
Q3URF8,Q8BNL5,2.035e-40,nontox,nontox
Q3URK1,Q86UF4,1.273e-86,nontox,nontox
Q3UU94,Q9CR33,0.0002874,nontox,nontox
Q3V0C1,Q5H9K5,9.039e-204,nontox,nontox
Q3V0E1,Q5VYM1,8.657e-253,nontox,nontox
Q3V0M2,Q1X8D7,0.0,nontox,nontox
Q3V125,Q13439,0.001494,nontox,nontox
Q3ZBP0,Q5JVS0,2.071,nontox,nontox
Q3ZC34,Q8VC70,3.3690000000000006e-207,nontox,nontox
Q3ZCD2,Q969K7,2.578e-113,nontox,nontox
Q3ZCU0,Q6UX73,7.75e-05,nontox,nontox
Q402B2,Q6P2C0,4.0939999999999997e-289,nontox,nontox
Q4AC99,Q3UX83,1.9740000000000002e-201,nontox,nontox
Q4GXH5,Q4GXH7,6.406e-99,nontox,nontox
Q4GXH6,Q4GXH7,3.252e-99,nontox,nontox
Q4KL18,Q58DS4,1.523e-142,nontox,nontox
Q4KLF3,Q5I0L7,1.5340000000000002e-87,nontox,nontox
Q4KUS1,Q8IUA0,2.583e-93,nontox,nontox
Q4L0E8,Q9NS28,3.820000000000001e-124,nontox,nontox
Q4QR06,Q2YDF9,2.615e-125,nontox,nontox
Q4R3M1,Q6ICG8,3.061e-122,nontox,nontox
Q4R3R9,Q5ZKT9,4.484e-119,nontox,nontox
Q4R4E4,Q5ZIH2,5.498e-119,nontox,nontox
Q4R5T4,Q9JIT1,5.6649999999999997e-185,nontox,nontox
Q4R6M4,Q6AYP3,3.554e-237,nontox,nontox
Q4R815,Q8IYD9,7.135e-190,nontox,nontox
Q4R842,Q8C5T4,2.048e-148,nontox,nontox
Q4R882,Q9BUY5,1.065e-159,nontox,nontox
Q4V348,Q5TYW1,0.0,nontox,nontox
Q4V7A5,Q9CR33,1.634,nontox,nontox
Q4V7J0,Q3MHH3,1.136e-06,nontox,nontox
Q4V7Q1,Q7JWG9,3.202e-11,nontox,nontox
Q4V7R4,Q66K99,1.9570000000000001e-258,nontox,nontox
Q4V7W3,O94992,4.8099999999999997e-67,nontox,nontox
Q4V8F4,Q7Z6M1,1.863e-214,nontox,nontox
Q4V8S3,Q63ZZ0,6.455e-48,nontox,nontox
Q4V8Y7,D4AB98,4.104e-245,nontox,nontox
Q4V922,D3ZK93,5.171e-137,nontox,nontox
Q4V9Y5,Q9H0B8,3.764e-243,nontox,nontox
Q502B0,Q9CQN7,2.1029999999999997e-53,nontox,nontox
Q502X0,Q5BJS9,1.864e-08,nontox,nontox
Q504L8,Q90888,2.71e-157,nontox,nontox
Q505F5,Q9WUA2,4.62e-21,nontox,nontox
Q52KV5,Q8WVC0,4.627999999999999e-245,nontox,nontox
Q538Z0,Q5FWK6,4.261,nontox,nontox
Q561M0,Q9DBQ7,9.115e-34,nontox,nontox
Q561Y0,A4QNE6,1.214e-213,nontox,nontox
Q566V0,Q2YDE7,1.05e-83,nontox,nontox
Q568D2,Q6P656,5.329e-68,nontox,nontox
Q568T4,A4IGP0,4.2639999999999995e-94,nontox,nontox
Q569T7,Q5TF39,1.301e-156,nontox,nontox
Q56JZ9,P60984,3.4600000000000004e-72,nontox,nontox
Q56R10,Q56R11,1.89e-15,nontox,nontox
Q9VXY4,Q4V7N4,1.072e-21,nontox,nontox
Q9W3M2,Q9W3L5,1.5129999999999999e-171,nontox,nontox
Q9XVA4,I0IUP3,36.76,nontox,nontox
Q9Z1R4,Q01755,2.077,nontox,nontox
Q91XA8,Q5U374,1.7200000000000002e-25,nontox,nontox
Q99JT5,Q17QQ9,2.6760000000000002e-104,nontox,nontox
Q9CR22,Q69YG0,2.769e-79,nontox,nontox
Q9CRC3,Q5JV73,11.49,nontox,nontox
Q9CYZ6,Q96EN9,4.873e-59,nontox,nontox
Q9CZB9,Q5BJH2,3.113e-84,nontox,nontox
Q9D4Y8,Q8R0X7,0.9538,nontox,nontox
Q9D7E4,Q9UFG5,2.03e-38,nontox,nontox
Q9D937,Q62361,65.82,nontox,nontox
Q9GQ60,Q9ULK2,3.312,nontox,nontox
Q9U408,Q5ZKC9,5.84e-79,nontox,nontox
Q9U6V6,Q9TVP3,1.6920000000000002e-64,nontox,nontox
Q7T0S2,Q96RS6,2.788e-267,nontox,nontox
Q80SW5,Q9H816,4.451,nontox,nontox
Q8BQN5,Q56UN5,0.7497,nontox,nontox
Q8C353,Q8N6L7,1.7720000000000002e-65,nontox,nontox
Q8C3M9,Q0P641,5.3070000000000006e-71,nontox,nontox
Q8C552,Q8K0T2,0.8479,nontox,nontox
Q8C8J0,A1A5R9,2.129e-310,nontox,nontox
Q8CDI7,Q8NCX0,0.0,nontox,nontox
Q8CI70,Q5FVI3,9.592e-13,nontox,nontox
Q8K207,Q8K5B3,63.74,nontox,nontox
Q8N3U1,Q8TE56,14.73,nontox,nontox
Q8N7H1,Q402U7,0.4578,nontox,nontox
Q8N812,P28797,1.216,nontox,nontox
Q8N9G6,Q5PR19,2.049e-88,nontox,nontox
Q8NA97,Q7Z6I6,0.01877,nontox,nontox
Q8NFD4,O08597,1.198,nontox,nontox
Q8TEV8,A5WUY6,25.78,nontox,nontox
Q8VCE4,Q66H24,1.126e-90,nontox,nontox
Q8WU49,Q9NPC3,0.6729,nontox,nontox
P03954,P00791,1.994e-211,nontox,nontox
P03971,P03972,3.1749999999999997e-259,nontox,nontox
P04000,O18913,1.174e-226,nontox,nontox
P04053,P09838,1.104e-270,nontox,nontox
P04080,Q29290,1.693e-49,nontox,nontox
P04167,P12791,4.244e-283,nontox,nontox
P04182,Q17QF0,2.1709999999999998e-40,nontox,nontox
P04186,P00751,0.0,nontox,nontox
P04253,P14750,1.57e-265,nontox,nontox
P04370,P06906,1.1780000000000001e-55,nontox,nontox
P04625,P22448,7.961e-73,nontox,nontox
P04640,P86546,1.2889999999999998e-29,nontox,nontox
P04773,Q9QY94,4.712999999999999e-249,nontox,nontox
P04799,P24453,1.24e-314,nontox,nontox
P04818,P07607,3.428e-190,nontox,nontox
P01721,P01700,2.202e-34,nontox,nontox
P01730,Q9XS78,4.084e-157,nontox,nontox
P01731,P07725,2.176e-86,nontox,nontox
P01854,P0DOX4,9.721e-272,nontox,nontox
P01859,P01860,5.596e-237,nontox,nontox
P01898,P01897,2.8379999999999997e-171,nontox,nontox
P01942,B3EWC7,8.713e-82,nontox,nontox
P01958,P01962,3.081e-81,nontox,nontox
P02077,P21380,2.7380000000000004e-85,nontox,nontox
P02091,P02090,5.162e-84,nontox,nontox
P02130,C0HJE1,1.2959999999999999e-73,nontox,nontox
P02133,P08423,2.5119999999999997e-66,nontox,nontox
P00750,Q8SQ23,0.0,nontox,nontox
P00752,Q07276,2.854e-119,nontox,nontox
P00758,P36373,1.4709999999999999e-136,nontox,nontox
P00973,Q29599,1.4209999999999999e-173,nontox,nontox
P01025,Q2UVX4,0.0,nontox,nontox
P01033,P20414,3.606e-112,nontox,nontox
P01040,Q8WNR9,9.959e-44,nontox,nontox
P01112,P08556,4.875e-106,nontox,nontox
P01130,P01131,0.0,nontox,nontox
Q58CT4,Q5ZKJ5,1.4019999999999998e-228,nontox,nontox
Q58CZ0,O76075,4.0370000000000005e-172,nontox,nontox
Q58D13,Q14181,3.337e-314,nontox,nontox
Q58DC7,Q8CDZ2,2.099e-131,nontox,nontox
Q5BIZ0,Q5RCN7,5.029e-185,nontox,nontox
Q5BJB7,P0C2C4,7.558e-72,nontox,nontox
Q5BJT1,Q8BLB8,3.619e-95,nontox,nontox
Q5BKY6,Q29552,2.792,nontox,nontox
Q5BL33,A6H7B8,2.163e-56,nontox,nontox
Q5BL87,A6QNP3,1.877e-112,nontox,nontox
Q5BLY4,P37088,9.009,nontox,nontox
Q5D016,Q5RAM7,6.971e-52,nontox,nontox
Q5D231,Q5D232,3.489e-24,nontox,nontox
Q5D233,P81803,2.4669999999999998e-39,nontox,nontox
Q5DBT1,Q5C6R9,4.4339999999999996e-73,nontox,nontox
Q5DF86,Q5DC74,4.0460000000000005e-72,nontox,nontox
Q5DVH6,Q8JHJ1,3.56e-58,nontox,nontox
Q5E9C0,Q4R3P6,9.566999999999999e-29,nontox,nontox
Q5E9V5,G5ED84,5.596000000000001e-26,nontox,nontox
Q5EA33,Q9V3Y0,1.606e-42,nontox,nontox
Q5EA48,Q5VZI3,7.139000000000001e-199,nontox,nontox
Q5EA49,Q5R9W0,4.7629999999999996e-114,nontox,nontox
Q5EA71,Q13405,3.304e-100,nontox,nontox
Q5EB20,Q96MK2,3.245e-171,nontox,nontox
Q5F204,A3KMX7,2.365e-225,nontox,nontox
Q5F410,Q96B42,5.758000000000001e-57,nontox,nontox
Q5F414,Q6DDB9,1.575e-118,nontox,nontox
Q5F478,Q8N8A2,0.0,nontox,nontox
Q5FVR8,Q640P7,0.0,nontox,nontox
Q5FVY2,Q6IMA7,4.1970000000000004e-116,nontox,nontox
Q5GAM7,Q5GAN3,4.9929999999999995e-67,nontox,nontox
Q5GAM8,Q5GAN4,4.103e-58,nontox,nontox
Q5GH68,Q5GH22,2.6510000000000003e-211,nontox,nontox
Q5HZP1,Q3ZBI3,2.164e-90,nontox,nontox
Q5HZQ9,Q63HM2,0.0,nontox,nontox
Q5I0R4,Q9BRQ4,2.2739999999999998e-107,nontox,nontox
Q5I6E4,P35225,3.46e-67,nontox,nontox
Q5ISC6,Q9NRV9,4.158e-111,nontox,nontox
Q5JTZ5,Q69ZT9,0.49,nontox,nontox
Q5K2P4,Q5K2P6,1.845e-216,nontox,nontox
Q5M7D4,Q2L6L1,3.161e-52,nontox,nontox
Q5M7F8,Q3SZR5,9.538e-46,nontox,nontox
Q5M8L6,Q6RG78,3.685e-58,nontox,nontox
Q5NVP9,A5A6J5,4.012e-126,nontox,nontox
Q5NVQ6,Q6GU68,2.442e-244,nontox,nontox
Q5PPY2,Q969J3,1.912e-96,nontox,nontox
Q5PRC1,Q86WI0,1.597e-79,nontox,nontox
Q5Q995,Q8INQ7,6.292e-24,nontox,nontox
Q5R4K8,O94892,1.481e-289,nontox,nontox
Q5R4W7,Q3ZBC2,2.677e-91,nontox,nontox
Q5R503,Q8R3K3,2.881e-175,nontox,nontox
Q5R561,Q6DF11,4.322e-102,nontox,nontox
Q5R655,Q8C2E4,0.0,nontox,nontox
Q5R6Z4,Q91XD3,1.1920000000000001e-128,nontox,nontox
Q5R7P1,Q5RZ65,2.47e-72,nontox,nontox
Q5R815,Q5ZKN5,1.763e-30,nontox,nontox
Q5R8F6,Q9BXR3,0.1373,nontox,nontox
Q5R8R3,A6NFQ2,0.0,nontox,nontox
Q5R987,Q8VCR3,2.8940000000000002e-74,nontox,nontox
Q5R9N7,O46504,0.0001107,nontox,nontox
Q5R9S6,Q8WMQ3,5.046e-36,nontox,nontox
Q5RA30,Q6PKX4,8.663e-133,nontox,nontox
Q5RAA7,Q5F3P8,0.06043,nontox,nontox
Q5RAP5,Q68FT3,0.0,nontox,nontox
Q5RAT2,Q9N0T1,7.971e-34,nontox,nontox
Q5RB75,Q8R1N4,3.4059999999999995e-206,nontox,nontox
Q5RC03,Q32KX0,2.268e-110,nontox,nontox
Q5RDC3,Q8BL74,0.0,nontox,nontox
Q5RDK1,Q3URQ0,0.0,nontox,nontox
Q5RDQ4,Q3U6N9,2.5980000000000002e-71,nontox,nontox
Q5REK8,Q9Z1L1,1.653e-17,nontox,nontox
Q5RFJ3,Q9R110,3.368e-255,nontox,nontox
Q5RGJ5,Q8AVL0,1.0069999999999999e-241,nontox,nontox
Q5RJN9,Q8BHN9,1.669e-182,nontox,nontox
Q5RJP7,Q5BIP2,4.8739999999999996e-213,nontox,nontox
Q5SPX3,Q68DV7,2.736e-14,nontox,nontox
Q5SQH8,Q6MG12,4.744e-97,nontox,nontox
Q5T0U0,Q8BVN0,1.272e-108,nontox,nontox
Q5T5F5,Q5TEC3,39.8,nontox,nontox
Q5T6C5,Q9ULK2,1.429e-77,nontox,nontox
Q5TAA0,Q8C159,1.887e-321,nontox,nontox
Q5TYQ3,Q0V9D9,2.882e-101,nontox,nontox
Q5TYS5,Q5XH17,2.854e-161,nontox,nontox
Q5U309,A7MB73,1.43e-320,nontox,nontox
Q5U3P0,Q5JVF3,2.733e-231,nontox,nontox
Q5U3U6,Q6DJL7,4.928e-102,nontox,nontox
Q5U3W3,Q5NVC2,1.6799999999999997e-206,nontox,nontox
Q5U3Z3,Q32KX0,1.492e-90,nontox,nontox
Q5U425,Q96HG1,5.714e-21,nontox,nontox
Q5U4Q0,Q9BTA9,5.975e-306,nontox,nontox
Q5U4Z8,Q2TBR2,3.319e-68,nontox,nontox
Q5UAS2,A8CAG3,2.859e-98,nontox,nontox
Q5VTL7,A2AED3,0.0,nontox,nontox
Q5VZQ5,A6NK06,0.2321,nontox,nontox
Q5XFQ6,O14948,2.065e-143,nontox,nontox
Q5XFZ0,Q05B49,1.138e-97,nontox,nontox
P02538,P50446,1.2249999999999998e-281,nontox,nontox
P02639,Q7LZT1,3.431e-34,nontox,nontox
P02641,Q8MKI3,1.3080000000000002e-128,nontox,nontox
P02651,P06727,9.676e-136,nontox,nontox
P02655,P18658,1.703e-38,nontox,nontox
P01201,P01191,2.987e-120,nontox,nontox
P01282,P01283,8.356e-80,nontox,nontox
P01303,Q9PW68,1.303e-37,nontox,nontox
P01567,P01570,5.721e-89,nontox,nontox
P01568,P01570,6.505e-87,nontox,nontox
P01579,Q8MKF5,1.302e-78,nontox,nontox
P01580,Q7TSP4,2.3749999999999997e-45,nontox,nontox
P01581,Q7TSP4,5.911e-51,nontox,nontox
P01701,P01700,3.4820000000000002e-50,nontox,nontox
Q71SY6,Q6GPK2,1.065e-120,nontox,nontox
Q7M4G0,Q7M4G1,3.4419999999999995e-53,nontox,nontox
P02754,P33688,2.669e-66,nontox,nontox
P02778,P48973,5.689e-31,nontox,nontox
P02789,P09571,1.621e-230,nontox,nontox
P02803,O19000,1.247e-30,nontox,nontox
P03897,P18930,3.561e-20,nontox,nontox
P03911,O78755,7.01e-210,nontox,nontox
P02283,P02284,6.413e-61,nontox,nontox
P02470,P02497,2.3679999999999996e-103,nontox,nontox
P02533,Q61781,1.5469999999999997e-249,nontox,nontox
Q66I74,Q7ZVJ8,7.16e-63,nontox,nontox
Q66IK8,A6QLD5,9.848e-90,nontox,nontox
Q66J99,Q6PBM8,1.305e-75,nontox,nontox
Q6AXP1,Q922C1,3.728e-269,nontox,nontox
Q6AXP4,Q9DAQ4,8.579e-314,nontox,nontox
Q6AXY2,Q96EK2,0.3144,nontox,nontox
Q6DC60,Q8IW50,4.6659999999999997e-97,nontox,nontox
Q6DIL6,Q6GQ34,6.425999999999999e-281,nontox,nontox
Q6INB0,Q0V9N5,2.767e-80,nontox,nontox
Q6NTM6,A6QQM8,3.772e-58,nontox,nontox
Q6NXA8,Q0II29,1.418e-35,nontox,nontox
Q6NYT3,Q6PBC9,1.7409999999999999e-75,nontox,nontox
Q6P4L6,Q5ZLT5,9.044e-72,nontox,nontox
Q6P566,Q9VZZ4,1.118,nontox,nontox
Q6PBU0,A4QNC6,1.3009999999999998e-60,nontox,nontox
Q6ZPA2,Q6NZN1,1.53,nontox,nontox
Q6ZQY7,P82600,0.2255,nontox,nontox
Q6ZR03,Q02413,0.2284,nontox,nontox
P07516,Q9ERT9,4.004e-06,nontox,nontox
P07663,Q25637,4.2529999999999996e-136,nontox,nontox
P07686,P06865,4.191e-198,nontox,nontox
P07700,O42574,6.905000000000001e-166,nontox,nontox
P07768,P14410,0.0,nontox,nontox
P07812,Q63449,9.711e-264,nontox,nontox
P07882,P19835,1.246e-319,nontox,nontox
P08049,Q495T6,1.618e-264,nontox,nontox
P08059,P06745,0.0,nontox,nontox
P08071,K9IMD0,5e-324,nontox,other
P08118,O02826,7.462000000000001e-32,nontox,nontox
P08151,P47806,0.0,nontox,nontox
P08171,P18167,7.022999999999999e-232,nontox,nontox
P08174,Q61475,1.2940000000000001e-108,nontox,nontox
P08218,P08217,8.103000000000001e-156,nontox,nontox
P08246,Q3UP87,5.878999999999999e-113,nontox,nontox
P08250,P02648,6.576e-70,nontox,nontox
P08255,O61303,7.431e-149,nontox,nontox
P08311,P28293,8.551e-102,nontox,nontox
P08317,P19874,1.436e-23,nontox,nontox
P08482,P41984,2.891e-143,nontox,nontox
P08510,P63141,1.5290000000000001e-192,nontox,nontox
P08730,P13646,8.844999999999999e-219,nontox,nontox
P08887,O18796,6.718999999999999e-233,nontox,nontox
P08910,Q802V6,2.091e-229,nontox,nontox
P08912,Q920H4,7.784e-311,nontox,nontox
P08921,P08920,1.113e-158,nontox,nontox
P09034,Q7ZWM4,1.0269999999999999e-231,nontox,nontox
P09081,P0C1T1,7.593e-12,nontox,nontox
P09225,Q06600,1.456e-83,nontox,nontox
P09481,Q07263,8.081e-273,nontox,nontox
P09603,Q9HBB8,0.005646,nontox,nontox
P09668,O46427,1.395e-197,nontox,nontox
P09809,P02648,4.938e-127,nontox,nontox
P09875,P06133,5.58e-247,nontox,nontox
P09933,Q8HYB7,0.0,nontox,nontox
P09972,P53448,2.916e-203,nontox,nontox
P0C1R0,P0C1R1,12.65,nontox,MCD family
P0C548,Q2KI18,5.274e-281,nontox,nontox
P0DJI6,Q61666,2.262,nontox,nontox
P0DL28,Q8N3Y1,6.169999999999999e-308,nontox,nontox
P0DML3,Q14406,3.7830000000000003e-109,nontox,nontox
P0DOC7,Q8CJH6,1.81e-52,nontox,nontox
P0DOV1,Q8CGE8,3.557e-228,nontox,nontox
P0DP99,B3DFW5,2.134e-18,nontox,nontox
P0DTE4,Q80X89,2.765e-277,nontox,nontox
P10039,Q80YX1,0.0,nontox,nontox
O88379,Q9NRL2,0.0,nontox,nontox
O88413,O75386,4.539000000000001e-199,nontox,nontox
O88444,P32870,1.812e-234,nontox,nontox
O88480,Q9Y6J0,0.0,nontox,nontox
O88507,P51641,3.5700000000000004e-168,nontox,nontox
O88509,P0DOY1,0.0,nontox,nontox
O88551,Q3B7N4,1.089e-83,nontox,nontox
O88582,Q9PW70,1.324e-49,nontox,nontox
O88764,O43293,3.0449999999999998e-235,nontox,nontox
O88870,O76090,1.0259999999999999e-232,nontox,nontox
O88875,G5ED00,0.008211,nontox,nontox
O88952,O88951,1.332e-105,nontox,nontox
O89026,Q9HCK4,0.0,nontox,nontox
O89039,P31392,6.200999999999999e-54,nontox,nontox
O75888,Q9D777,5.0420000000000003e-123,nontox,nontox
O75911,Q7T2D1,1.8569999999999997e-53,nontox,nontox
O75940,Q6DEY1,5.851e-127,nontox,nontox
O75947,P13620,9.88e-94,nontox,nontox
O76003,Q5XJ54,1.845e-154,nontox,nontox
O76024,P56695,0.0,nontox,nontox
O76081,P49795,2.2870000000000003e-71,nontox,nontox
O76083,O70628,0.0,nontox,nontox
O76878,A0PJT0,3.9200000000000003e-35,nontox,nontox
O77051,Q61502,7.534000000000001e-26,nontox,nontox
O77510,P51742,5.16e-138,nontox,nontox
O77742,Q99983,6.013999999999999e-228,nontox,nontox
O77819,Q28021,0.0,nontox,nontox
O88188,O95711,2.005e-69,nontox,nontox
O88202,Q86U10,7.012e-289,nontox,nontox
O70337,Q13323,2.5750000000000002e-28,nontox,nontox
O70344,Q9TTJ7,0.0,nontox,nontox
O70377,O00161,9.806e-113,nontox,nontox
O70444,Q9PU85,1.9959999999999998e-175,nontox,nontox
O70445,Q99728,0.0,nontox,nontox
O70451,Q63344,1.1120000000000001e-272,nontox,nontox
O70497,P57756,2.583e-185,nontox,nontox
O70551,O54781,8.680000000000001e-234,nontox,nontox
O70600,Q8WXG1,7.192999999999999e-198,nontox,nontox
O73875,O73878,0.0,nontox,nontox
O75106,Q812C9,0.0,nontox,nontox
O75167,Q501J7,1.633e-87,nontox,nontox
O55197,O09047,4.985e-254,nontox,nontox
O57460,Q9DER7,0.0,nontox,nontox
O60244,O60602,0.0144,nontox,nontox
O60259,Q9QYN3,3.0400000000000003e-84,nontox,nontox
O60291,Q9D074,5.501e-311,nontox,nontox
O60296,Q8R2H7,0.0,nontox,nontox
O60308,Q80V31,0.0,nontox,nontox
O60449,Q60767,0.0,nontox,nontox
O60504,Q9R1Z8,0.0,nontox,nontox
O60682,O35437,2.758e-53,nontox,nontox
O60687,Q6GP28,5.599000000000001e-209,nontox,nontox
Q14AK4,Q9H8X9,5.599e-110,nontox,nontox
Q14CS0,P0C627,2.7829999999999998e-189,nontox,nontox
Q14CZ7,Q58CX2,0.0,nontox,nontox
Q15003,Q8C156,0.0,nontox,nontox
Q15008,Q9V3G7,1.0510000000000001e-178,nontox,nontox
Q15022,Q0VA03,0.0,nontox,nontox
Q15036,Q5RID7,6.61e-236,nontox,nontox
Q14376,P18645,4.468e-202,nontox,nontox
Q14493,P97440,3.903e-150,nontox,nontox
Q14587,Q96IR2,2.133e-294,nontox,nontox
Q14627,Q95LF0,9.283e-185,nontox,nontox
Q14657,Q9CR70,3.118e-33,nontox,nontox
Q14699,Q6A0D4,2.372e-238,nontox,nontox
Q14746,Q9VF78,1.2130000000000001e-102,nontox,nontox
Q14764,Q6PF69,0.0,nontox,nontox
Q13936,O73700,0.0,nontox,nontox
Q13951,Q95ZL9,0.0001874,nontox,nontox
Q15262,Q6YI48,0.0,nontox,nontox
Q15274,Q3T063,3.6499999999999996e-169,nontox,nontox
Q15287,Q6PG31,1.4679999999999999e-105,nontox,nontox
Q15329,Q61502,1.11e-179,nontox,nontox
Q15398,Q8K4R9,3.3540000000000005e-258,nontox,nontox
Q15399,Q704V6,0.0,nontox,nontox
Q15465,Q62226,6.430999999999999e-249,nontox,nontox
Q15475,Q6DHF9,1.614e-157,nontox,nontox
Q15543,O75486,1.401e-07,nontox,nontox
Q15555,Q7ZXP1,8.75e-180,nontox,nontox
Q15643,P10587,1.273e-08,nontox,nontox
Q15654,Q9Z1Y4,9.765e-285,nontox,nontox
Q15672,P13903,8.445e-66,nontox,nontox
Q15697,O43309,1.064e-58,nontox,nontox
Q15735,Q9JMC1,0.0,nontox,nontox
Q15738,Q3ZBE9,3.012e-212,nontox,nontox
Q147X3,Q8CES0,4.930999999999999e-190,nontox,nontox
Q14929,P52736,6.14e-201,nontox,nontox
Q14956,Q99P91,6.018e-265,nontox,nontox
Q14993,Q0VF58,0.0,nontox,nontox
Q22000,Q08499,3.948e-191,nontox,nontox
Q22036,O08688,1.792e-134,nontox,nontox
Q22067,P33097,2.2000000000000003e-143,nontox,nontox
Q22197,P49918,0.01632,nontox,nontox
Q22453,Q9CY97,3.889e-70,nontox,nontox
Q22703,Q08639,3.131e-67,nontox,nontox
Q22942,Q9Y259,2.094e-84,nontox,nontox
Q23221,G5EG11,1.3930000000000001e-128,nontox,nontox
Q23357,Q9VPC0,2.519e-106,nontox,nontox
Q16512,A7MBL8,0.0,nontox,nontox
Q16584,D3ZG83,2.238e-221,nontox,nontox
Q16602,Q0P4Y4,1.0800000000000001e-251,nontox,nontox
Q16610,Q62894,2.5710000000000003e-251,nontox,nontox
Q16619,Q63086,9.91e-91,nontox,nontox
Q19555,Q99M76,2.7380000000000003e-165,nontox,nontox
Q19691,Q60707,7.821e-97,nontox,nontox
Q19849,P48984,1.5300000000000001e-72,nontox,nontox
Q19872,Q5SX40,0.1077,nontox,nontox
Q19905,Q5F3T9,2.373e-196,nontox,nontox
Q1AGV7,Q1AGV6,7.952e-77,nontox,nontox
Q1ECV4,A4Q9E5,1.463e-199,nontox,nontox
Q1EHB4,Q49B93,0.0,nontox,nontox
Q1HG70,Q90321,1.209e-219,nontox,nontox
Q1JPD6,Q4KMD7,2.4319999999999998e-136,nontox,nontox
Q1JQ73,Q28GD4,2.549e-150,nontox,nontox
Q1LU99,Q9Y4F9,0.0,nontox,nontox
Q1LVI2,A6XGL0,2.017e-96,nontox,nontox
Q1LWH4,Q9Y2M0,3.374e-262,nontox,nontox
Q1RPP5,Q9Y694,2.793e-316,nontox,nontox
Q1W617,Q9ULL8,0.0,nontox,nontox
Q1W675,P20715,0.0,nontox,nontox
P46822,P46824,6.101e-193,nontox,nontox
P46844,Q9CY64,6.094000000000001e-172,nontox,nontox
P46896,P20303,2.9729999999999998e-276,nontox,nontox
P47750,P14763,0.0,nontox,nontox
P47787,Q2KIG5,7.265e-303,nontox,nontox
P47807,O88329,0.0,nontox,nontox
P47820,P12821,0.0,nontox,nontox
P47855,P41238,1.5119999999999999e-127,nontox,nontox
P47872,P97751,2.7239999999999997e-134,nontox,nontox
P47932,P01347,2.6740000000000002e-79,nontox,nontox
P48029,Q91502,3.158e-275,nontox,nontox
P48030,Q05928,1.084e-15,nontox,nontox
P48034,Q06278,0.0,nontox,nontox
P48056,P48055,0.0,nontox,nontox
P48061,Q8UUJ9,5.7210000000000004e-34,nontox,nontox
Q6TS35,P57786,3.075e-237,nontox,nontox
Q6TUI4,A0A974H8H3,0.0,nontox,nontox
Q6TXD4,M0R4F8,0.0,nontox,nontox
Q6UUV7,Q91X84,0.0,nontox,nontox
Q96I76,Q8BIY1,1.208e-289,nontox,nontox
Q96IK5,Q99N64,1.594e-132,nontox,nontox
Q96IL0,Q148E1,3.803e-105,nontox,nontox
Q96IQ9,Q32KV8,4.933e-165,nontox,nontox
Q96IY4,Q9JHH6,1.386e-236,nontox,nontox
Q96IZ5,Q8JZV4,8.655e-233,nontox,nontox
Q96IZ7,Q9HCX4,94.76,nontox,nontox
Q96J01,O60907,5.969e-21,nontox,nontox
Q96JA1,Q6P1C6,9.615e-318,nontox,nontox
Q96JB3,Q9JLZ6,0.0,nontox,nontox
Q96K21,Q9VB70,4.996e-07,nontox,nontox
Q96K30,Q2HJ75,2.1909999999999998e-125,nontox,nontox
Q96K58,P35789,5.389e-126,nontox,nontox
Q96KB5,Q9JJ78,5.206e-190,nontox,nontox
Q96KC8,Q61712,1.911e-286,nontox,nontox
Q13064,Q9UHC7,2.333e-141,nontox,nontox
Q13112,Q5R1S9,2.497e-259,nontox,nontox
Q13113,Q9CQH0,1.1250000000000001e-57,nontox,nontox
Q13158,Q9JHX4,1.522e-08,nontox,nontox
Q13261,Q60819,3.361e-64,nontox,nontox
Q13291,Q95MM9,3.398e-131,nontox,nontox
Q13322,Q60760,1.255e-293,nontox,nontox
Q13336,Q8VHL0,1.2449999999999999e-218,nontox,nontox
Q13347,Q5EBE8,4.6830000000000005e-207,nontox,nontox
Q13361,Q28022,2.693e-78,nontox,nontox
Q13410,P18892,2.5070000000000002e-292,nontox,nontox
Q13459,Q9QY06,0.0,nontox,nontox
Q13470,O54967,9.16e-109,nontox,nontox
Q13478,Q9NP60,1.737e-55,nontox,nontox
Q13480,Q9UQC2,4.159e-117,nontox,nontox
Q96B97,Q9Y5K6,5.204e-101,nontox,nontox
Q96BD0,Q8BGD4,4.1660000000000004e-160,nontox,nontox
Q96BD6,Q96A44,2.8350000000000002e-142,nontox,nontox
Q92989,Q7K284,7.503e-154,nontox,nontox
Q92994,P29054,2.935e-14,nontox,nontox
Q93227,Q68FA7,5.1670000000000004e-20,nontox,nontox
Q93367,Q5RB68,0.332,nontox,nontox
Q93654,Q7Z6J2,7.028e-06,nontox,nontox
Q94071,Q8C8U0,3.514e-70,nontox,nontox
Q94521,A4II32,0.8122,nontox,nontox
Q94527,P19838,8.825e-57,nontox,nontox
Q94535,Q01081,1.265e-112,nontox,nontox
Q9V7A4,Q9W1M8,5.979e-276,nontox,nontox
Q9V7W1,A0A8C2M425,1.305e-58,nontox,nontox
Q9V8F5,Q9VHP0,1.795,nontox,nontox
Q6PIJ4,O35904,9.312,nontox,nontox
Q6PIZ9,Q3UU67,4.964e-81,nontox,nontox
Q6PL18,Q9ULI0,0.0,nontox,nontox
Q6PL24,Q3UHI4,9.418000000000001e-172,nontox,nontox
Q6Q473,Q14CN2,0.0,nontox,nontox
Q6Q629,P81425,4.994e-142,nontox,nontox
Q6QA32,P37058,4.6719999999999997e-82,nontox,nontox
Q6QIX3,Q9BRI3,8.631e-116,nontox,nontox
Q6QLQ5,Q2IAL7,3.227e-39,nontox,nontox
Q6R0H7,Q63803,0.0,nontox,nontox
Q6R2P8,Q8K203,2.016e-12,nontox,nontox
Q6R3M4,Q9UNA4,0.0,nontox,nontox
Q6R5A3,Q704Y3,0.0,nontox,nontox
Q6RI63,Q96EK7,0.0,nontox,nontox
Q6NXS1,Q4R615,1.04e-35,nontox,nontox
Q6NYH1,A8WGF4,0.0,nontox,nontox
Q6NZQ4,Q6ZW49,0.0,nontox,nontox
Q6P050,Q2HJF2,3.697e-64,nontox,nontox
Q6P0Q8,Q60592,0.0,nontox,nontox
Q6P158,Q6P5D3,0.0,nontox,nontox
Q6P1K2,Q2T9N4,3.275e-94,nontox,nontox
Q6P1W0,Q6GPU3,0.0,nontox,nontox
Q6P2E9,Q7ZXT3,0.0,nontox,nontox
Q6P2K6,Q5SP90,0.0,nontox,nontox
Q6P2P2,A0JMU5,0.0,nontox,nontox
Q6P3G4,Q960Z0,39.55,nontox,nontox
Q6P3S1,Q3U1T9,0.0,nontox,nontox
Q6P4I2,Q9CWR1,8.529e-201,nontox,nontox
Q6P4T1,Q92543,0.0,nontox,nontox
Q6P5Z2,A7MBL8,8.156999999999999e-262,nontox,nontox
Q6P6J4,Q6NS38,9.245000000000002e-128,nontox,nontox
Q6P6L0,Q4L180,0.0,nontox,nontox
Q9N3S2,Q9CWP8,1.372,nontox,nontox
Q9N4G9,P62309,2.552e-29,nontox,nontox
Q9N4K2,Q2V0C9,1.7890000000000002e-116,nontox,nontox
Q9NJD8,Q9DCZ1,2.87e-155,nontox,nontox
Q9NNZ6,Q62100,9.045e-33,nontox,nontox
Q9NVM1,Q8K2Y3,3.626e-88,nontox,nontox
Q9NXJ0,Q99N10,1.1630000000000002e-25,nontox,nontox
Q9P290,A6NKX4,2.586e-75,nontox,nontox
Q9P2S6,Q9Y575,3.026e-09,nontox,nontox
Q96N77,O95125,1.859e-83,nontox,nontox
Q96NB3,Q3MHS2,2.788e-186,nontox,nontox
Q96NY9,Q91ZJ0,5.187e-295,nontox,nontox
Q924S8,Q66JG9,1.17e-177,nontox,nontox
Q924X6,Q14114,0.0,nontox,nontox
Q92526,Q3MHL7,8.603e-297,nontox,nontox
Q92536,D3ZMM8,5.088e-305,nontox,nontox
Q92541,Q9W261,1.393e-100,nontox,nontox
Q925E7,Q00005,3.283e-259,nontox,nontox
Q925I4,Q49HI0,0.0,nontox,nontox
Q92619,Q6DE55,0.0,nontox,nontox
Q92674,Q8AYS7,4.347e-268,nontox,nontox
Q92692,P32507,1.458e-239,nontox,nontox
Q9UKJ1,Q9UKJ0,5.4550000000000006e-102,nontox,nontox
Q9UKJ8,Q9JI76,0.0,nontox,nontox
Q9UKP4,Q68SA9,0.0,nontox,nontox
Q9WUV2,Q9R2B6,1.872e-86,nontox,nontox
Q9WV06,Q9TU71,6.938000000000001e-78,nontox,nontox
Q9WV07,Q9BYJ1,0.0,nontox,nontox
Q9WV78,Q9BX97,1.958e-160,nontox,nontox
Q9WVH3,P98177,1.0060000000000001e-290,nontox,nontox
Q9WVH4,Q6EUW1,5.452e-277,nontox,nontox
Q9WVK3,Q99MZ7,2.108e-180,nontox,nontox
Q9WVP6,P25500,0.0,nontox,nontox
Q9WVS4,Q9UQ07,1.802e-233,nontox,nontox
Q9XSC2,P11169,2.9810000000000004e-271,nontox,nontox
Q9XT27,P00450,0.0,nontox,nontox
Q9XTA3,Q594P2,8.619e-260,nontox,nontox
Q9XTA8,P78380,1.5049999999999998e-135,nontox,nontox
Q9XUB3,Q6TEL1,0.2564,nontox,nontox
Q9XUB9,Q8JZW4,2.613e-136,nontox,nontox
Q9XUC4,Q9XTQ7,7.46e-85,nontox,nontox
Q9XUJ7,Q8K1Y2,8.845e-156,nontox,nontox
Q9XW70,Q8K2G4,3.881e-126,nontox,nontox
Q9XWD6,Q80T91,8.897e-201,nontox,nontox
Q9XWR6,P51157,1.8519999999999998e-60,nontox,nontox
Q9XWU2,Q6ZPS6,3.441,nontox,nontox
Q9XXH8,A5PK26,1.8170000000000002e-84,nontox,nontox
Q9XYT4,Q61663,125.3,nontox,nontox
Q9XYU0,Q7ZXB1,0.0,nontox,nontox
Q9XZ25,Q5ZMV9,2.999e-143,nontox,nontox
Q9Y091,Q7SXL7,1.089e-54,nontox,nontox
Q9Y219,Q90Y57,0.0,nontox,nontox
Q9Y228,P0C219,4.833e-27,nontox,nontox
Q9Y234,O46419,1.741e-229,nontox,nontox
Q9Y240,P26258,6.023e-18,nontox,nontox
Q9Y243,Q98TY9,4.3569999999999995e-269,nontox,nontox
Q5XGR0,Q08DL4,4.177e-123,nontox,nontox
Q5XGR4,P61228,8.975e-48,nontox,nontox
Q5XHI4,A6QLU7,9.51e-283,nontox,nontox
Q5XI62,Q569E4,4.081e-181,nontox,nontox
Q5XI74,Q6IND4,3.9960000000000003e-250,nontox,nontox
Q5XIM5,Q9UKY7,4.864e-87,nontox,nontox
Q5XJ56,Q28I29,5.669e-82,nontox,nontox
Q5XJA2,Q6ZUS6,1.363e-131,nontox,nontox
Q5XJD3,O75909,0.0001305,nontox,nontox
Q5XJP1,Q53HC9,5.973e-235,nontox,nontox
Q5XK94,Q568N3,1.159e-86,nontox,nontox
Q5ZID0,Q0VCN1,1.0670000000000001e-131,nontox,nontox
Q5ZIJ8,Q96BW1,8.527e-132,nontox,nontox
Q5ZIK6,Q80Y55,1.035e-179,nontox,nontox
Q5ZIK9,Q28104,1.5590000000000002e-168,nontox,nontox
Q5ZJC7,Q6NU91,1.266e-200,nontox,nontox
Q5ZK32,Q3SZZ5,2.468e-77,nontox,nontox
Q5ZKL5,Q32N48,2.593e-223,nontox,nontox
Q5ZKN3,Q8N3S3,0.0,nontox,nontox
Q5ZKQ6,A7YWS7,6.432e-305,nontox,nontox
Q5ZLC1,Q2KI49,1.5849999999999998e-41,nontox,nontox
Q5ZM41,Q3URQ0,0.0,nontox,nontox
Q5ZM86,Q810U0,8.432e-93,nontox,nontox
Q5ZMI4,Q6PF69,0.0,nontox,nontox
Q5ZMS1,Q7ZYA2,7.514e-130,nontox,nontox
Q61858,O95872,2.458e-172,nontox,nontox
Q63317,P05533,1.48e-38,nontox,nontox
Q63750,Q16540,1.5020000000000002e-78,nontox,nontox
Q63ZJ3,Q5XJX1,2.348e-141,nontox,nontox
Q640K1,Q5ZIG0,7.692e-223,nontox,nontox
Q641M3,Q96B42,9.792999999999998e-41,nontox,nontox
Q641X9,Q9BYD2,3.0669999999999997e-135,nontox,nontox
Q642H7,Q5ZL77,3.412e-242,nontox,nontox
Q64507,Q2TA51,1.288e-89,nontox,nontox
Q66H43,Q3SX20,3.5619999999999997e-137,nontox,nontox
Q66H56,Q6NXR4,3.748e-231,nontox,nontox
Q66H86,Q29RB4,7.508e-82,nontox,nontox
Q66HY7,Q8N5X7,1.111e-100,nontox,nontox
Q66IC9,Q4V7T8,1.06e-86,nontox,nontox
Q66IV5,Q6DJ71,3.7530000000000005e-131,nontox,nontox
Q66J74,Q5ZII9,0.0,nontox,nontox
Q66J85,Q9H8U3,7.846e-126,nontox,nontox
Q66JD1,Q1L987,8.451e-117,nontox,nontox
Q66JF7,Q8K2P2,4.743e-117,nontox,nontox
Q66KL0,Q9I8W5,4.1669999999999997e-103,nontox,nontox
Q66KL9,Q6DRG1,1.402e-121,nontox,nontox
Q66KU1,O75596,3.534e-79,nontox,nontox
Q66QC7,P04101,5.355e-11,nontox,nontox
Q66RP5,P41496,2.648e-30,nontox,nontox
Q68EV5,Q2T9Y1,3.0649999999999996e-93,nontox,nontox
Q68EV9,Q8VC33,1.29e-70,nontox,nontox
Q68F60,Q6NU18,1.1629999999999999e-151,nontox,nontox
Q68FE7,A7E2I7,1.0649999999999999e-219,nontox,nontox
Q68FQ8,Q8BLA1,3.969e-174,nontox,nontox
Q69YL0,P08607,41.74,nontox,nontox
Q6A4L1,Q8VI23,1.6789999999999999e-255,nontox,nontox
Q6AX59,Q8R0P8,1.131e-201,nontox,nontox
Q6AXQ7,A6NCM1,0.0,nontox,nontox
Q6AXS8,Q68CL5,1.0380000000000001e-163,nontox,nontox
Q6AXY3,Q3SZT4,4.757e-37,nontox,nontox
Q6AY27,Q96EF6,2.2560000000000004e-131,nontox,nontox
Q6AY45,Q2T9P9,1.252e-150,nontox,nontox
Q6AYA8,Q99K99,8.624e-180,nontox,nontox
Q6AYF5,Q5RCQ0,4.761e-149,nontox,nontox
Q6AZ51,Q8BH06,0.0,nontox,nontox
Q6AZD1,Q7T392,7.803e-07,nontox,nontox
Q6AZN4,Q0VC21,3.84e-157,nontox,nontox
Q6DBX1,Q5ZKY9,2.3979999999999996e-94,nontox,nontox
Q6DCF2,Q9D071,0.0,nontox,nontox
Q6DCP1,Q4R510,1.613e-200,nontox,nontox
Q6DCP3,P09383,3.747e-58,nontox,nontox
Q6DCP8,Q9BZW4,1.603e-110,nontox,nontox
Q6DDJ5,Q5ZKI7,1.477e-246,nontox,nontox
Q6DDV0,Q9NPC7,1.861e-238,nontox,nontox
Q6DDY9,Q5ZMU0,1.188e-103,nontox,nontox
Q6DE92,Q8IUK5,2.575e-150,nontox,nontox
Q6DFN1,Q2HJI2,4.688e-62,nontox,nontox
Q6DG19,Q0VC03,5.717999999999999e-171,nontox,nontox
Q6DGM8,P15407,8.917e-14,nontox,nontox
Q6DGV7,Q6DIY8,4.2499999999999995e-93,nontox,nontox
Q6DHN0,Q6P2H8,7.034e-75,nontox,nontox
Q6DHN3,P61228,6.194e-46,nontox,nontox
Q6DIJ5,Q5ZKF4,7.824e-111,nontox,nontox
Q6DIR8,Q803E0,0.0,nontox,nontox
Q6DJ58,Q8R3W7,6.926e-79,nontox,nontox
Q6DJC8,Q6P2H8,2.3169999999999997e-90,nontox,nontox
Q6DJE5,Q9H9R9,2.523e-43,nontox,nontox
Q6DKE6,Q6IQU4,6.6980000000000005e-106,nontox,nontox
Q6DRL8,Q08C81,2.516e-114,nontox,nontox
Q6E3D4,O01835,1.935e-304,nontox,nontox
Q6E3D5,O01835,3.174e-302,nontox,nontox
Q6EV23,Q86FP7,8.464999999999999e-88,nontox,nontox
Q6GL38,Q91WB7,2.3359999999999999e-97,nontox,nontox
Q6GLP7,Q9H8M2,7.835e-219,nontox,nontox
Q6GLQ1,P70124,3.687e-140,nontox,nontox
Q6GLZ1,Q6DH65,1.15e-93,nontox,nontox
Q6GNJ8,Q9VKM6,5.553e-53,nontox,nontox
Q6GNP0,Q6PBN4,3.5720000000000002e-71,nontox,nontox
Q6GPQ3,Q8NHS3,7.774e-220,nontox,nontox
Q6GPQ6,Q5ZMC0,7.351e-81,nontox,nontox
Q6GPV5,Q9P0P0,4.759e-65,nontox,nontox
Q6GQ68,A6QNP3,1.164e-108,nontox,nontox
Q6GQ95,Q62276,1.5379999999999998e-88,nontox,nontox
Q6GQL1,Q6DFS4,1.427e-226,nontox,nontox
Q6GR43,Q6P011,4.557e-83,nontox,nontox
Q6ING4,Q5TB30,3.1e-272,nontox,nontox
Q6INP9,O75815,0.0,nontox,nontox
Q6INX1,Q9Y2Y6,1.517e-122,nontox,nontox
Q6K1L7,Q8N9N8,4.214e-49,nontox,nontox
Q6NRB7,Q8NAN2,1.3140000000000001e-251,nontox,nontox
Q6NRK8,B0BLZ5,1.938e-114,nontox,nontox
Q6NRK9,Q8N1B3,3.6620000000000004e-116,nontox,nontox
Q6NRS6,Q9DC58,1.312e-98,nontox,nontox
Q6NRW0,Q0P4G8,0.0,nontox,nontox
Q6NSI3,E9PV82,1.586e-147,nontox,nontox
Q6NTW1,Q80Y55,3.52e-153,nontox,nontox
Q6NU27,Q8N5X7,2.985e-100,nontox,nontox
Q6NU95,Q9H6T3,1.2040000000000001e-208,nontox,nontox
Q6NV38,Q502G2,5.827e-118,nontox,nontox
Q6NV74,Q5PR69,6.082e-16,nontox,nontox
Q6NWH5,Q8IQ56,2.775e-39,nontox,nontox
Q6NXZ1,A5PL33,0.0,nontox,nontox
Q6NYD7,Q5E948,8.525e-56,nontox,nontox
Q6NZZ4,Q9CPV0,6.443e-48,nontox,nontox
Q6P047,Q2NL11,8.846e-131,nontox,nontox
Q6P0D9,B5X9P2,3.556e-205,nontox,nontox
Q6P0S3,Q8VCZ2,9.802e-102,nontox,nontox
Q6P3E0,Q9P016,7.548e-119,nontox,nontox
Q6P3P1,Q66HA4,3.6410000000000004e-301,nontox,nontox
Q6P3V7,Q692V3,0.0,nontox,nontox
Q6P3X8,Q96JS3,2.451e-165,nontox,nontox
Q6P4L9,Q9HCF6,0.3348,nontox,nontox
Q6P4U0,Q9UPZ6,0.0,nontox,nontox
Q6P7G9,Q99527,2.396e-17,nontox,nontox
Q6P7K0,Q5RBU3,7.346e-119,nontox,nontox
Q6P7N1,Q8BGS0,1.493e-139,nontox,nontox
Q6P870,Q5F3I0,1.3610000000000001e-182,nontox,nontox
Q6P882,A1L2U9,5.295e-133,nontox,nontox
Q6P8A1,Q24JY3,3.997e-44,nontox,nontox
Q6P950,Q7TMB3,3.253e-114,nontox,nontox
Q6PAV5,Q7ZXV6,1.142e-222,nontox,nontox
Q6PAW0,Q96BJ3,9.914e-169,nontox,nontox
Q6PBT9,Q9H6B1,3.0739999999999997e-118,nontox,nontox
Q6PBU5,Q9D3N8,2.33e-147,nontox,nontox
Q6PC40,F1NY98,0.2808,nontox,nontox
Q6PCF9,Q5RC98,4.553e-252,nontox,nontox
Q6PIY5,Q969F9,1.549,nontox,nontox
Q6PUR6,A6H7F2,1.066e-153,nontox,nontox
Q6QEJ7,Q68HB4,3.614e-67,nontox,nontox
Q6T311,Q9QXJ4,6.417e-32,nontox,nontox
Q6TEQ0,Q6IND4,4.882e-217,nontox,nontox
Q6TXF5,Q8K0B3,0.0,nontox,nontox
Q6UJB9,Q6UE05,5.9370000000000004e-74,nontox,nontox
Q6UWW0,O97921,3.2619999999999996e-22,nontox,nontox
Q6X4M2,Q802F3,7.973e-67,nontox,nontox
Q6ZN08,P35789,7.595e-311,nontox,nontox
Q6ZRK6,Q8CDM4,0.0,nontox,nontox
Q6ZUU3,Q96NJ1,3.772,nontox,nontox
Q6ZWI9,O75677,1.734e-43,nontox,nontox
Q78HU7,P04921,1.276e-33,nontox,nontox
Q7JH06,P02319,5.963e-14,nontox,nontox
Q7M2P1,P0DPH9,2.4,nontox,nontox
Q7M427,P01362,4.631e-15,nontox,nontox
Q7M710,Q7TQA4,7.544e-85,nontox,nontox
Q7SYS9,Q0V9P1,9.712e-168,nontox,nontox
Q7SZ59,Q08AT1,1.036e-98,nontox,nontox
Q7T320,Q8BRM2,1.7190000000000003e-58,nontox,nontox
Q7T370,Q6DIS2,6.745e-62,nontox,nontox
Q7T3B0,Q7L2H7,3.231e-215,nontox,nontox
Q7TNB4,Q8WNV3,5.462000000000001e-115,nontox,nontox
Q7TPD7,Q2VPJ9,1.056e-152,nontox,nontox
Q7TPX9,Q3ZCW2,3.755e-85,nontox,nontox
Q7YQI4,Q96HP8,9.904999999999999e-73,nontox,nontox
Q7YWX9,Q62577,100.3,nontox,nontox
Q7Z4S9,Q9D413,3.7780000000000004e-108,nontox,nontox
Q7Z5U6,Q32KQ2,2.279e-213,nontox,nontox
Q7ZTZ2,Q3SZ12,1.507e-84,nontox,nontox
Q7ZV00,Q8N6M0,4.676e-106,nontox,nontox
Q7ZV20,Q3T062,3.254e-62,nontox,nontox
Q7ZVH1,Q9NXK6,9.624e-113,nontox,nontox
Q7ZVM9,Q5ZHV8,9.810999999999999e-94,nontox,nontox
Q7ZVP1,Q0P4S5,7.327e-305,nontox,nontox
Q7ZWE7,Q9UGY1,9.148999999999999e-47,nontox,nontox
Q7ZXY0,Q4R6E3,1.451e-255,nontox,nontox
Q7ZY11,Q5ZKC1,1.611e-304,nontox,nontox
Q7ZYF2,J3SFJ3,2.3739999999999997e-80,nontox,nontox
Q7ZYR8,Q5PQR4,7.579e-152,nontox,nontox
Q7ZZC6,Q9NSP4,1.746e-29,nontox,nontox
Q802W4,Q6NVM6,0.0,nontox,nontox
Q805D6,Q8AYR6,5.344e-48,nontox,nontox
Q80VG1,Q96GD3,1.5809999999999999e-88,nontox,nontox
Q80VM8,Q5R6R8,1.553e-158,nontox,nontox
Q80YR3,Q1XH10,0.0,nontox,nontox
Q80ZW2,B0BLZ5,3.2120000000000004e-70,nontox,nontox
Q865X2,Q9XT84,3.816e-60,nontox,nontox
Q868F8,C0HKS0,6.349e-09,nontox,nontox
Q8AVM3,O60487,2.9489999999999996e-23,nontox,nontox
Q8AWY2,P31260,1.297e-82,nontox,nontox
Q8BG50,Q2TBG9,1.9920000000000002e-166,nontox,nontox
Q8BG94,Q3MHX1,1.018e-114,nontox,nontox
Q8BGV4,Q6NXR4,8.989999999999999e-233,nontox,nontox
Q8BH88,Q5ZLD2,8.654e-269,nontox,nontox
Q8BHH9,P26009,4.578,nontox,nontox
Q8BJ83,Q9BRN9,4.015e-135,nontox,nontox
Q8BKE6,Q6UW02,7.049e-253,nontox,nontox
Q8BLQ0,A6QLD5,5.278e-196,nontox,nontox
Q8BM86,Q80SV1,4.112e-79,nontox,nontox
Q8BP07,Q6QAJ8,6.426e-83,nontox,nontox
Q8BQS4,Q5RA67,5.891,nontox,nontox
Q8BQU3,Q9NRP4,1.5260000000000001e-65,nontox,nontox
Q8BR63,Q8N128,6.005000000000001e-106,nontox,nontox
Q8BRJ4,Q9H7J1,4.4040000000000005e-160,nontox,nontox
Q8BSI6,O88708,0.1449,nontox,nontox
Q8BU40,Q66X19,0.0,nontox,nontox
Q8BUM6,P0C2L3,7.669e-95,nontox,nontox
Q8BV66,Q8TCB0,2.114e-140,nontox,nontox
Q8BVA2,Q5M828,3.82,nontox,nontox
Q8BW66,Q6ZT89,1.201e-176,nontox,nontox
Q8BXX9,A6NNP5,1.665e-86,nontox,nontox
Q8BYG0,Q8VDU0,1.182e-09,nontox,nontox
Q8BZE1,Q4A3R3,7.873e-173,nontox,nontox
Q8BZG5,Q5E9V4,2.5480000000000002e-275,nontox,nontox
Q8C4H2,D3YXJ0,0.003224,nontox,nontox
Q8C5U9,Q9H347,2.269e-302,nontox,nontox
Q8C6C7,Q9H8W3,9.443e-110,nontox,nontox
Q8C739,Q2KJ38,1.8140000000000002e-194,nontox,nontox
Q8C7B8,Q9H7M6,0.0,nontox,nontox
Q8C8T8,Q3KRG3,8.349e-39,nontox,nontox
Q8CAA5,Q96GL9,7.58e-91,nontox,nontox
Q8CB49,Q2KIC5,0.2683,nontox,nontox
Q8CB59,Q96MY7,6.462e-274,nontox,nontox
Q8CBW4,Q8BGW4,1.759e-272,nontox,nontox
Q8CE47,Q28FF3,4.221e-146,nontox,nontox
Q8CE97,A8K5M9,1.081e-97,nontox,nontox
Q8CEF8,A6NCQ9,4.387e-114,nontox,nontox
Q8CG80,Q7M4L6,1.795e-141,nontox,nontox
Q8CHR9,Q8WWB5,8.804e-147,nontox,nontox
Q8CI12,Q921U8,4.1229999999999995e-68,nontox,nontox
Q8CIL4,Q3KRF3,2.068e-135,nontox,nontox
Q8I7X7,Q6P8C4,2.578e-57,nontox,nontox
Q8ISQ3,Q9DFQ7,4.938e-63,nontox,nontox
Q8IT98,Q8ISP0,1.042e-88,nontox,nontox
Q8IVJ8,Q86UC2,0.3448,nontox,nontox
Q8IWA6,Q8C4J0,5.273e-261,nontox,nontox
Q8IXL9,Q2M2U5,1.994e-72,nontox,nontox
Q8IZ63,Q7Z5R6,0.2091,nontox,nontox
Q8JFV4,Q5PRF0,0.0,nontox,nontox
Q8JZW8,Q9UL41,2.8370000000000003e-223,nontox,nontox
Q8K124,Q8TD55,5.523e-220,nontox,nontox
Q8K2D0,Q28J76,5.762e-202,nontox,nontox
Q8K2Q5,Q9BUK0,1.776e-46,nontox,nontox
Q8K2W9,Q9H972,9.208999999999999e-299,nontox,nontox
Q8N0U7,Q8CDU5,0.8809,nontox,nontox
Q8N0W5,A4FU69,0.02927,nontox,nontox
Q8N4W6,Q8CHS2,5.081e-184,nontox,nontox
Q8N5N4,Q8C5S3,3.5069999999999996e-22,nontox,nontox
Q8N6G2,Q0VB26,5.956e-107,nontox,nontox
Q8N755,Q8K209,11.45,nontox,nontox
Q8N7L0,Q8CC14,2.312e-35,nontox,nontox
Q8N7R1,Q96KW2,9.439e-38,nontox,nontox
Q8N8L6,Q9QXJ4,1.7339999999999998e-141,nontox,nontox
Q8N9V3,Q5FVN8,9.215e-278,nontox,nontox
Q8NA57,Q6AYU0,4.645e-223,nontox,nontox
Q8NA70,Q5HY64,6.121e-265,nontox,nontox
Q8NC38,Q6NZL8,4.663,nontox,nontox
Q8NCS4,Q3U0Y2,8.548e-52,nontox,nontox
Q8NEQ5,Q3U7U4,2.079e-27,nontox,nontox
Q8QZW3,Q642A7,0.0,nontox,nontox
Q8R0F9,Q9UDX3,4.499e-231,nontox,nontox
Q8R0I4,P61228,6.952999999999999e-44,nontox,nontox
Q8R2I5,Q7TNV8,3.442e-32,nontox,nontox
Q8R2L5,P82917,7.481e-73,nontox,nontox
Q8R344,Q07283,0.5894,nontox,nontox
Q8T0W0,Q8T0W5,1.03e-19,nontox,nontox
Q8T0W3,C8CK77,0.08406,nontox,Conotoxin family
Q8T634,P85197,6.145e-40,nontox,nontox
Q8T7J9,P0C227,6.056e-16,nontox,nontox
Q8T938,Q68HB4,3.3860000000000005e-42,nontox,nontox
Q8TAC1,Q8K2P6,2.536e-95,nontox,nontox
Q8UVV7,Q7SYB5,0.3598,nontox,nontox
Q8VC12,O54697,1.498,nontox,nontox
Q8VD63,Q0P5N2,6.452e-101,nontox,nontox
Q8VDY9,B3A0Q3,2.716,nontox,nontox
Q8VE52,Q5TC84,1.866e-226,nontox,nontox
Q8VIH7,Q96J86,6.051e-64,nontox,nontox
Q8VII2,Q2NKZ5,5.048e-35,nontox,nontox
Q8WW59,Q91WK1,1.508e-118,nontox,nontox
Q8WXS4,P19518,0.4328,nontox,nontox
Q90229,Q64205,6.839e-106,nontox,nontox
Q90VW7,P83545,0.006699,nontox,nontox
Q90W97,Q90W96,1.546e-30,nontox,nontox
Q90X25,Q62424,2.2669999999999998e-135,nontox,nontox
Q90YW0,P50882,4.045e-76,nontox,nontox
Q90YW2,P46223,1.752e-108,nontox,nontox
Q90ZK5,Q90ZK3,1.585e-17,nontox,nontox
Q91482,P05939,2.897e-42,nontox,nontox
Q91499,Q01628,1.069e-21,nontox,nontox
Q91712,P10157,2.7810000000000002e-217,nontox,nontox
Q91WC7,Q9H841,4.501e-205,nontox,nontox
Q91WM2,Q8VD52,0.3615,nontox,nontox
Q91YN1,Q9BPY3,5.8569999999999996e-89,nontox,nontox
Q91YP0,O46504,7.389e-05,nontox,nontox
Q91Z58,Q5T0Z8,0.0,nontox,nontox
Q91ZC5,Q91WW3,4.517e-148,nontox,nontox
Q91ZC7,Q91WW5,7.817e-138,nontox,nontox
Q91ZT7,Q8WXI3,1.192e-271,nontox,nontox
Q925T0,Q9N287,1.53e-96,nontox,nontox
Q92623,Q3V038,4.159e-118,nontox,nontox
Q94738,Q5RDM4,1.979e-245,nontox,nontox
Q95337,P18175,3.662e-69,nontox,nontox
Q95J40,Q2T9S6,1.471,nontox,nontox
Q95J53,Q32L18,8.078e-248,nontox,nontox
Q95JS9,Q15431,0.00441,nontox,nontox
Q95JV5,Q69Z99,1.425e-320,nontox,nontox
Q95SK3,Q96JB5,5.287000000000001e-78,nontox,nontox
Q95V39,Q9U9L2,2.193e-147,nontox,nontox
Q962R2,P17704,8.654999999999999e-66,nontox,nontox
Q962T1,P62912,1.557e-64,nontox,nontox
Q96AQ2,Q2HJ59,1.854e-111,nontox,nontox
Q96F83,Q8BHN9,1.332e-105,nontox,nontox
Q96IM9,Q2KIW3,6.561000000000001e-65,nontox,nontox
Q96LR7,Q1JPL0,3.7529999999999996e-73,nontox,nontox
Q96M60,Q4R7D5,8.981999999999999e-241,nontox,nontox
Q98ST5,Q9H336,1.31e-295,nontox,nontox
Q99J19,P58511,5.607e-21,nontox,nontox
Q99JU7,Q7Z465,4.129e-188,nontox,nontox
Q99LG1,Q07157,1.228,nontox,nontox
Q99MP5,P12872,1.7489999999999998e-23,nontox,nontox
Q99N93,Q3T0J3,1.027e-142,nontox,nontox
Q99NG9,Q7Z4W3,1.83e-08,nontox,nontox
Q9BR11,Q96MP5,2.3019999999999996e-53,nontox,nontox
Q9CR40,Q9VUU5,1.8589999999999998e-134,nontox,nontox
Q9CR78,Q7ZYM8,7.400000000000001e-109,nontox,nontox
Q9CR92,Q2M329,2.497e-168,nontox,nontox
Q9CTN8,Q66IV3,2.3660000000000002e-122,nontox,nontox
Q9CU24,Q8N1K5,1.692e-43,nontox,nontox
Q9CWB7,P12309,1.507,nontox,nontox
Q9CWV4,Q6AY37,7.792999999999999e-175,nontox,nontox
Q9CY24,Q7T392,1.4500000000000001e-30,nontox,nontox
Q9CY86,Q5SSQ6,3.8889999999999996e-61,nontox,nontox
Q9CZG3,Q9NX08,1.3899999999999999e-89,nontox,nontox
Q9D0B5,P22978,3.103e-21,nontox,nontox
Q9D0E3,Q9N012,1.9990000000000002e-115,nontox,nontox
Q9D0E5,Q568G4,1.951e-46,nontox,nontox
Q9D0J8,P26350,0.007252,nontox,nontox
Q9D162,Q9P0B6,1.884e-40,nontox,nontox
Q9D1A0,Q7RTV5,2.376e-130,nontox,nontox
Q9D1F3,Q8TE69,6.273e-81,nontox,nontox
Q9D1U0,A4D1Z8,2.305e-70,nontox,nontox
Q9D267,P11590,2.373e-35,nontox,nontox
Q9D3H0,Q96HE8,1.88e-44,nontox,nontox
Q9D3X5,A5PK71,1.767e-14,nontox,nontox
Q9D4C6,Q6IND7,1.339e-124,nontox,nontox
Q9D4H7,Q496Y0,0.0,nontox,nontox
Q9D541,Q08BR4,1.012,nontox,nontox
Q9D722,Q8SPP9,0.1228,nontox,nontox
Q9D727,Q5I0X4,2.9789999999999995e-22,nontox,nontox
Q9D7D2,P35577,6.516e-110,nontox,nontox
Q9D820,Q6NRL0,1.655e-81,nontox,nontox
Q9D8X1,Q9VF71,6.601e-49,nontox,nontox
Q9D9G2,Q96S96,3.588e-64,nontox,nontox
Q9D9H3,O95983,2.961e-20,nontox,nontox
Q9D9H8,Q8N8R5,1.098e-178,nontox,nontox
Q9D9L5,Q2TA43,8.263e-214,nontox,nontox
Q9D9M5,Q2KI06,5.111e-134,nontox,nontox
Q9D9R3,Q9BWV2,1.997e-119,nontox,nontox
Q9DBW3,A4II32,0.2113,nontox,nontox
Q9DCC7,Q32KX0,2.545e-89,nontox,nontox
Q9GKM2,P01886,7.316e-43,nontox,nontox
Q9GKQ1,P24714,1.722e-13,nontox,nontox
Q9GP40,P00129,1.395e-17,nontox,nontox
Q9GUC9,Q90375,0.2216,nontox,nontox
Q9GYZ9,Q674M7,3.859e-43,nontox,nontox
Q9H2J1,O14628,5.737e-09,nontox,nontox
Q9H607,Q8N4S9,9.157e-27,nontox,nontox
Q9I8J9,Q6E211,7.495e-69,nontox,nontox
Q9JJB1,A0A1B0GTZ2,8.614e-06,nontox,nontox
Q9JJF6,P0CG25,2.192e-203,nontox,nontox
Q9JK88,O75830,3.367e-192,nontox,nontox
Q9N3X2,Q4GXU6,1.229e-114,nontox,nontox
Q9NAR7,P54398,7.852999999999999e-61,nontox,nontox
Q9NAS5,Q8WR63,2.369e-135,nontox,nontox
Q9NFP5,Q9WUZ7,2.001e-14,nontox,nontox
Q9NFQ4,P80384,2.62e-64,nontox,nontox
Q9NGJ7,Q11085,1.119e-12,nontox,nontox
Q9NK57,A2VDP5,0.5056,nontox,nontox
Q9NQ32,Q6AW68,0.1369,nontox,nontox
Q9NQR7,Q8N715,0.1732,nontox,nontox
Q9P1F3,Q8K4K7,9.25e-07,nontox,nontox
Q9P2X7,Q3TCH7,1.924,nontox,nontox
Q9QVY8,A7XYH5,6.639e-23,nontox,nontox
Q9TVD0,P39037,3.4750000000000004e-76,nontox,nontox
Q9U1I1,A1Z6W3,3.5289999999999997e-181,nontox,nontox
Q9U3W6,Q9Y106,6.5969999999999995e-198,nontox,nontox
Q9U5M4,P39921,1.0859999999999999e-51,nontox,nontox
Q9UK00,Q8BGK9,1.695e-78,nontox,nontox
Q9ULG3,E7FBY6,5.681,nontox,nontox
Q9ULN7,Q5R6R8,7.799e-26,nontox,nontox
Q9V771,Q9V770,1.464e-292,nontox,nontox
Q9V784,Q5U3I0,3.0330000000000002e-71,nontox,nontox
Q9VD25,Q66L49,2.077,nontox,nontox
Q9VE01,Q9VE00,1.131e-277,nontox,nontox
Q9VFB2,P82664,5.6210000000000004e-36,nontox,nontox
Q9VG17,Q6R7M4,1.41e-75,nontox,nontox
Q9VGR7,Q91WN1,1.328e-46,nontox,nontox
Q9VHN5,Q7ZUU1,3.9730000000000003e-84,nontox,nontox
Q9VKH0,Q2TBH9,3.3439999999999998e-134,nontox,nontox
Q9VL31,Q86UA6,7.204e-05,nontox,nontox
Q9VL59,Q28H71,8.211999999999999e-53,nontox,nontox
Q9VM60,Q803A6,1.297e-102,nontox,nontox
Q9VMS7,Q9VMS9,1.8440000000000002e-272,nontox,nontox
Q9VN19,A0MT11,4.998e-66,nontox,nontox
Q9VNA0,O60830,2.208e-56,nontox,nontox
Q9VPF9,Q7ZTY6,6.642e-28,nontox,nontox
Q9VQ66,Q8K3T3,21.28,nontox,nontox
Q9VW56,Q03958,5.704e-24,nontox,nontox
Q9VXN0,Q568B7,2.357e-108,nontox,nontox
Q9VY28,P82663,2.446e-56,nontox,nontox
Q9W130,Q9V4I1,2.386e-125,nontox,nontox
Q9W3C2,Q9NZM5,3.3389999999999997e-22,nontox,nontox
Q9W5B9,P52656,4.439e-30,nontox,nontox
Q9XVF7,Q6PBF0,8.342e-130,nontox,nontox
Q9XW12,B5X9P2,9.805e-78,nontox,nontox
Q9Y123,Q0D2E8,1.483e-94,nontox,nontox
Q9YGT4,P15861,1.383e-99,nontox,nontox
Q9Z180,Q9Y6X0,0.0,nontox,nontox
Q9Z2V9,O08918,5.813e-27,nontox,nontox
R9UC10,D2XUU4,1.054e-08,nontox,nontox
R9UFJ8,D2XUU4,2.93e-31,nontox,nontox
W4VSC2,P83893,2.4920000000000003e-25,nontox,nontox
X6R8D5,A0A3Q1LFG5,9.764e-61,nontox,nontox
A0A0U1RQS6,O35392,12.26,nontox,nontox
A0A1B0GV96,Q96PX9,0.3352,nontox,nontox
A0A1B0GVQ3,A0A1W2PQ72,26.72,nontox,nontox
A0JME6,Q5PQ71,8.406000000000001e-78,nontox,nontox
A3KNM4,Q8CF25,8.79e-54,nontox,nontox
A4D250,Q9BWU0,0.6882,nontox,nontox
A5PLI4,Q6IND7,1.852e-107,nontox,nontox
A6NCS6,Q9CYS6,1.77e-108,nontox,nontox
A6QPA3,Q96Q07,1.531e-23,nontox,nontox
A7MB05,B9VTT2,0.1522,nontox,nontox
A7MBF6,Q2QCI8,4.74,nontox,nontox
A8MTZ7,Q66H53,3.265e-52,nontox,nontox
A8MY62,Q63ZV0,1.817,nontox,nontox
A8MYJ7,Q8C0Q3,1.151e-236,nontox,nontox
A9UMQ3,O43325,2.058e-49,nontox,nontox
B3A0E7,B0M2U0,1.265,nontox,nontox
B3A0H7,,,nontox,
B5FYC7,O43325,1.316e-58,nontox,nontox
B9A014,F1MIW6,3.381e-138,nontox,nontox
C0HLK7,Q7K4B3,76.54,nontox,nontox
C9J3I9,P25979,2.846,nontox,nontox
C9JFL3,Q9Y4F4,836.8,nontox,nontox
D3Z070,Q8C147,1.092,nontox,nontox
E9PRG8,Q5M775,119.4,nontox,nontox
F1MQW7,Q7TST3,0.1663,nontox,nontox
H2A0K8,P86950,7.396e-22,nontox,nontox
H2A0M4,H2A0N3,6.596e-21,nontox,nontox
O18518,Q6PAL0,0.24,nontox,nontox
P01158,,,nontox,
P01358,Q924H9,4640.0,nontox,nontox
P01697,P01696,2.0239999999999997e-53,nontox,nontox
P01787,P01786,1.2009999999999998e-53,nontox,nontox
P01874,P0DOX6,6.032999999999999e-241,nontox,nontox
P0C230,,,nontox,
P0C7U9,O02665,3.523,nontox,nontox
P0CJ08,Q8CGR7,0.2527,nontox,nontox
P0DKL9,Q3UKZ7,6.081e-90,nontox,nontox
P0DRD9,G5EDJ0,0.8863,nontox,nontox
P0DW90,P0DTL5,8.585e-100,nontox,nontox
P19469,P13396,3.925e-07,nontox,nontox
P37363,Q27906,5.41e-20,nontox,nontox
P56842,P56845,3.705e-52,nontox,nontox
P56844,P56845,1.638e-30,nontox,nontox
P80938,P80936,0.05115,nontox,nontox
P81847,P56236,9.085e-05,nontox,nontox
P83358,P20249,359.0,nontox,nontox
P83474,Q9UMD9,0.006346,nontox,nontox
P85195,Q9JM58,42.06,nontox,nontox
P86593,P85806,40.93,nontox,nontox
P86949,P86950,1.024e-61,nontox,nontox
P86951,P86950,3.982e-79,nontox,nontox
P86983,Q6IQ16,0.4105,nontox,nontox
Q08C33,B5X0W9,9.704e-163,nontox,nontox
Q0II65,Q9D9B0,1.282e-109,nontox,nontox
Q0P4D1,Q5R8X9,2.118e-70,nontox,nontox
Q0VCM2,Q99640,0.5478,nontox,nontox
Q148C7,Q8WWF1,1.0830000000000001e-42,nontox,nontox
Q17Q97,Q96EN9,1.003e-77,nontox,nontox
Q17QP0,Q8CC14,3.3929999999999996e-33,nontox,nontox
Q21045,Q9MYN8,2.942,nontox,nontox
Q22634,F1NPG5,0.586,nontox,nontox
Q2KIX3,Q69YG0,8.011e-86,nontox,nontox
Q2TBK0,Q5TEZ5,5.934000000000001e-159,nontox,nontox
Q2YDG2,Q810M1,5.477e-133,nontox,nontox
Q2YDL7,Q8N9R6,3.0259999999999996e-53,nontox,nontox
Q2YDP6,Q5T0J7,2.804e-83,nontox,nontox
Q32L10,Q5REM8,2.079e-107,nontox,nontox
Q32L72,Q5SVJ3,2.0880000000000002e-72,nontox,nontox
Q32LF5,Q8IZU8,5.407,nontox,nontox
Q32PB5,Q8C5S3,2.717e-19,nontox,nontox
Q3KQ10,Q2TBH1,1.452e-48,nontox,nontox
Q3KR64,Q9D454,1.836e-262,nontox,nontox
Q3SZV0,Q8VBW8,1.239e-92,nontox,nontox
Q3T0S0,Q5BJH2,2.7380000000000004e-85,nontox,nontox
Q4KL78,Q4VXA5,2.253e-36,nontox,nontox
Q4R744,Q62796,0.928,nontox,nontox
Q4R9C9,Q9D9B0,2.393e-116,nontox,nontox
Q4V7Q8,Q6QAJ8,1.61e-57,nontox,nontox
Q5EBF2,Q66H45,3.039e-62,nontox,nontox
Q5R6I3,Q17QQ9,3.183e-121,nontox,nontox
Q5T0J3,Q5EA84,0.1958,nontox,nontox
Q5XGG3,Q32LH3,4.856e-83,nontox,nontox
Q5XHI2,Q8K039,1.0549999999999999e-47,nontox,nontox
O95948,P70512,2.264e-168,nontox,nontox
O95971,Q9UQ72,0.02672,nontox,nontox
O95972,Q6PX77,8.988e-181,nontox,nontox
O95996,Q21227,4.294e-28,nontox,nontox
O96006,O75132,4.5900000000000003e-32,nontox,nontox
O96008,Q6P825,2.9999999999999997e-179,nontox,nontox
O96017,O61267,5.154e-88,nontox,nontox
O97394,Q58EX2,0.0,nontox,nontox
O97756,Q64666,1.737e-111,nontox,nontox
P00156,Q9MIZ2,8.783e-210,nontox,nontox
P00325,P00327,2e-223,nontox,nontox
P00348,P34439,2.427e-85,nontox,nontox
P00488,Q8BH61,0.0,nontox,nontox
P00504,P33097,7.342e-235,nontox,nontox
P00539,P50118,6.914000000000001e-156,nontox,nontox
P00558,P51903,6.6860000000000006e-251,nontox,nontox
P00591,P50903,1.091e-246,nontox,nontox
P00684,Q9QYX3,9.308000000000001e-63,nontox,nontox
P00690,P04746,8.549e-316,nontox,nontox
P00714,P29752,1.674e-72,nontox,nontox
P05107,P32592,0.0,nontox,nontox
P05161,P59669,2.957e-18,nontox,nontox
P05179,Q64458,4.773e-284,nontox,nontox
P05524,P11487,4.231e-112,nontox,nontox
P05545,P05544,7.940999999999999e-224,nontox,nontox
P05623,Q3SZR5,1.926,nontox,nontox
P05709,Q61045,1.128e-149,nontox,nontox
P06199,P17200,1.465e-167,nontox,nontox
P06296,P49926,5.148e-84,nontox,nontox
P06493,P51958,6.686000000000001e-172,nontox,nontox
P06596,P04054,1.208e-80,nontox,nontox
P06728,P06727,6.162e-133,nontox,nontox
P06731,P13688,6.439e-178,nontox,nontox
P06766,O57383,3.3459999999999998e-189,nontox,nontox
P06800,P04157,0.0,nontox,nontox
P06850,P49926,8.615e-87,nontox,nontox
P07099,P07687,7.577e-273,nontox,nontox
P07141,P0C644,1.095,nontox,nontox
P07237,P09102,5.0939999999999997e-281,nontox,nontox
P07305,Q6NVM0,1.202e-69,nontox,nontox
P07339,P18242,2.834e-225,nontox,nontox
O89110,Q9JHX4,2.5350000000000003e-244,nontox,nontox
O94778,Q866S3,9.476e-30,nontox,nontox
O94804,O55098,0.0,nontox,nontox
O94823,B1AWN4,0.0,nontox,nontox
O94830,Q9Y6Y8,3.412e-242,nontox,nontox
O94856,O42414,0.0,nontox,nontox
O94907,O54908,1.2050000000000002e-143,nontox,nontox
O94919,Q8C522,3.3749999999999996e-241,nontox,nontox
O94941,Q925F4,4.373e-282,nontox,nontox
O94953,Q91VY5,0.0,nontox,nontox
O94956,Q9JHI3,0.0,nontox,nontox
O95155,Q09349,1.836e-102,nontox,nontox
O95168,Q9CQC7,1.925e-62,nontox,nontox
O95171,O15231,3.366e-12,nontox,nontox
O95196,Q9ERQ6,1.365e-307,nontox,nontox
O95214,O89013,1.4670000000000001e-58,nontox,nontox
O95229,Q9CQU5,1.2319999999999998e-66,nontox,nontox
O95232,Q7TNC4,5.796e-35,nontox,nontox
O95243,Q9Z2D7,4.4749999999999996e-219,nontox,nontox
O95255,Q5F364,0.0,nontox,nontox
O95388,O54775,5.741e-219,nontox,nontox
O95400,Q9VKV5,1.047e-48,nontox,nontox
O95425,O46385,0.0,nontox,nontox
O95427,Q9R1S3,0.0,nontox,nontox
O95477,F1MWM0,0.0,nontox,nontox
O95490,Q80TR1,0.0,nontox,nontox
O95497,Q9TSX8,4.924e-277,nontox,nontox
O95498,Q9TSX8,2.1450000000000002e-216,nontox,nontox
O95727,Q149L7,8.024e-160,nontox,nontox
O95749,A0A7D0AGU9,4.823e-119,nontox,nontox
O95750,O35622,2.839e-52,nontox,nontox
O95754,Q9C0C4,7.602000000000001e-123,nontox,nontox
O95786,Q9GLV6,0.0,nontox,nontox
O95866,D7PDD4,6.686e-99,nontox,nontox
O95870,Q80YU0,1.213e-168,nontox,nontox
O95905,Q9CS74,0.0,nontox,nontox
O95944,Q6UXN2,2.81e-27,nontox,nontox
O75298,Q5IS59,6.784e-50,nontox,nontox
O75360,Q8MJI9,1.1849999999999998e-103,nontox,nontox
O75414,B3DL53,4.186e-66,nontox,nontox
O75449,Q1HGK7,3.718e-281,nontox,nontox
O75478,Q7KSD8,1.228e-58,nontox,nontox
O75558,Q9D3G5,2.362e-153,nontox,nontox
O75570,Q8K126,5.08e-232,nontox,nontox
O75628,P55041,1.389e-74,nontox,nontox
O75674,F1LM81,2.67e-240,nontox,nontox
O75676,Q5F3L1,0.0,nontox,nontox
O75695,Q9EPK2,2.4910000000000002e-208,nontox,nontox
O75762,Q8BLA8,0.0,nontox,nontox
O75800,F1QN74,9.298e-153,nontox,nontox
O60784,O88746,5.2309999999999995e-284,nontox,nontox
O60882,P79287,3.419e-291,nontox,nontox
O60884,P31689,2.12e-135,nontox,nontox
O60890,A6NI28,4.878e-232,nontox,nontox
O60895,Q9WUP0,8.926e-56,nontox,nontox
O60939,O70255,5.519000000000001e-20,nontox,nontox
O61219,Q4V8K3,3.1110000000000003e-78,nontox,nontox
O62138,O62137,0.0,nontox,nontox
O62305,Q00168,8.146e-201,nontox,nontox
O62471,Q149M9,8.643e-37,nontox,nontox
O70212,P46098,1.128e-259,nontox,nontox
Q14108,P27615,3.283e-289,nontox,nontox
Q14119,P56270,1.7060000000000002e-85,nontox,nontox
Q14135,Q80V24,2.026e-150,nontox,nontox
Q14140,Q9JJG5,2.3690000000000002e-163,nontox,nontox
Q14154,Q5TEA6,9.474e-10,nontox,nontox
Q14164,Q6DFJ6,2.659e-198,nontox,nontox
Q14190,Q61045,3.026e-211,nontox,nontox
Q14232,P34604,1.6180000000000002e-70,nontox,nontox
Q14314,P12804,5.501e-226,nontox,nontox
Q7JXA8,Q61686,1.639e-11,nontox,nontox
Q7JYX0,O76483,1.503e-30,nontox,nontox
Q7K175,Q8CAE2,4.609e-44,nontox,nontox
Q7K4H4,A3KP59,3.906e-108,nontox,nontox
Q7K4N3,Q09161,1.7e-313,nontox,nontox
Q7K738,Q5R5I4,9.677e-77,nontox,nontox
Q7KBL8,Q5ISW5,6.592e-93,nontox,nontox
Q7KN79,Q4V838,3.097e-87,nontox,nontox
Q7KQZ4,P42284,3.247e-268,nontox,nontox
Q7KRU8,A0A7E5WTY7,1.6700000000000001e-63,nontox,nontox
Q7KTX7,E0VIU9,4.349e-174,nontox,nontox
Q7KZI7,O08678,4.415e-318,nontox,nontox
Q7L190,Q8CCG4,9.547e-81,nontox,nontox
Q7L5L3,Q99LY2,6.3450000000000005e-168,nontox,nontox
Q7L5N7,Q9D5U0,7.172e-208,nontox,nontox
Q7L8A9,Q86V25,5.661e-112,nontox,nontox
Q7L8S5,Q6IE21,1.762e-111,nontox,nontox
Q7LBE3,A0FKN5,3.772e-148,nontox,nontox
Q7M6Y6,Q7Z745,0.0,nontox,nontox
Q7PEV7,F5HKX0,6.025e-74,nontox,nontox
Q7PRG3,Q0IG34,4.4089999999999996e-218,nontox,nontox
Q7Q2B7,Q9VH48,2.591e-215,nontox,nontox
Q7Q2T8,P91887,7.788e-138,nontox,nontox
Q7QCC7,Q178U6,9.334e-274,nontox,nontox
Q7QIJ8,Q9V3N1,1.252e-87,nontox,nontox
Q7RTT9,Q8R139,8.142e-306,nontox,nontox
Q7RTU4,A3KNX5,3.711e-29,nontox,nontox
Q7RTZ1,Q7M761,6.702e-289,nontox,nontox
Q6ZPE2,Q6NTN5,0.0,nontox,nontox
Q6ZPI0,Q6GQJ2,0.0,nontox,nontox
Q6ZPY7,Q5ZIX8,0.0,nontox,nontox
Q6ZQB6,O43314,0.0,nontox,nontox
Q6ZQJ5,P51530,0.0,nontox,nontox
Q6ZQK5,A5PK26,5.082999999999999e-224,nontox,nontox
Q6ZSS7,A1DWM3,0.0,nontox,nontox
Q6ZTQ4,Q9Y5G6,5.297e-29,nontox,nontox
Q6ZUI0,A2RVA7,1.077,nontox,nontox
Q6ZV65,Q5HY64,6.524999999999999e-29,nontox,nontox
Q6ZVK8,Q641Y7,1.874e-179,nontox,nontox
Q6ZWJ1,Q9QZQ1,1.863e-09,nontox,nontox
Q6WN19,Q5IS59,1.26e-50,nontox,nontox
Q6WV16,Q8IA42,1.333e-201,nontox,nontox
Q6X786,Q6X782,2.3539999999999997e-189,nontox,nontox
Q6XD76,M0QWB7,1.405e-26,nontox,nontox
Q6XR72,Q60738,2.387e-71,nontox,nontox
Q6XV80,Q9DE07,1.529e-153,nontox,nontox
Q6XZF7,M0R4F8,0.0,nontox,nontox
Q6Y7W8,Q4KME6,0.0,nontox,nontox
Q6ZMJ4,A6QL48,5.546e-98,nontox,nontox
Q6ZMM2,O95428,5.816e-61,nontox,nontox
Q6ZMP0,Q3UTY6,0.0,nontox,nontox
Q6ZMS7,Q9UDV6,2.177e-97,nontox,nontox
Q6ZNE9,Q3TYX8,1.1909999999999999e-198,nontox,nontox
Q6UW88,Q924X1,1.969e-70,nontox,nontox
Q6UX34,Q9CXL7,8.866e-36,nontox,nontox
Q6UX40,Q9CPV0,8.232000000000001e-79,nontox,nontox
Q6UX71,Q8IUK5,1.701e-153,nontox,nontox
Q6UXH1,Q2KIT5,3.832e-190,nontox,nontox
Q6UXZ0,Q3T113,8.181e-116,nontox,nontox
P49069,P24348,3.698,nontox,nontox
P49070,Q96QB1,1.575,nontox,nontox
P49115,Q9N1U3,0.0,nontox,nontox
Q18007,Q09388,4.069e-71,nontox,nontox
Q18234,B5DGM4,0.803,nontox,nontox
Q18235,Q9VTU0,11.49,nontox,nontox
Q18807,O76437,4.53e-22,nontox,nontox
Q18885,Q4KLF5,8.772e-59,nontox,nontox
Q18P97,P25874,3.23e-140,nontox,nontox
Q18PE0,Q18PE1,1.1639999999999999e-276,nontox,nontox
Q19131,P57740,2.734e-10,nontox,nontox
Q19253,Q9XUS7,4.9789999999999995e-67,nontox,nontox
Q19336,Q86SE9,6.489e-30,nontox,nontox
Q9ULJ6,Q8CIE2,2.888e-316,nontox,nontox
Q9ULK0,O43424,0.0,nontox,nontox
Q9ULL4,D3ZLH5,0.0,nontox,nontox
Q9ULT6,Q5SSZ7,0.0,nontox,nontox
Q9ULV0,P70569,0.0,nontox,nontox
Q9ULW2,Q9PWH2,0.0,nontox,nontox
Q9ULZ3,Q9EPB4,1.545e-81,nontox,nontox
Q9UM44,Q7Z7D3,6.426e-16,nontox,nontox
Q9UM54,Q01989,0.0,nontox,nontox
Q9UMS0,Q8SY96,5.893e-78,nontox,nontox
Q9UMS6,Q91YE8,0.0,nontox,nontox
Q9UN74,Q9UN72,0.0,nontox,nontox
Q9UIL1,Q78YZ6,1.002e-47,nontox,nontox
Q9UJ14,P07314,2.332e-69,nontox,nontox
Q9UJ98,O70576,0.0,nontox,nontox
Q9UJA3,Q9CWV1,0.0,nontox,nontox
Q9UJA9,Q6AX80,8.992e-135,nontox,nontox
Q9UJT2,P60531,3.557e-298,nontox,nontox
Q71F23,Q4V8G7,2.106e-115,nontox,nontox
Q71F56,O43390,0.1173,nontox,nontox
Q76EQ0,A0JNI4,5.08e-191,nontox,nontox
Q76HN1,Q91ZJ9,3.233e-280,nontox,nontox
Q76JQ2,P0C5E4,0.3124,nontox,nontox
Q789F3,P54843,1.4e-169,nontox,nontox
Q78Y63,Q32LN3,3.703e-141,nontox,nontox
Q794F9,Q7YQK3,4.41e-260,nontox,nontox
Q6RVD6,A4FV58,0.2527,nontox,nontox
Q6SJQ7,Q566E6,2.7369999999999996e-137,nontox,nontox
Q6T264,Q96JK9,9.567e-113,nontox,nontox
P23738,P16453,0.0,nontox,nontox
P23800,P25183,1.0380000000000001e-211,nontox,nontox
P23812,Q90471,2.879e-54,nontox,nontox
P24053,P28336,1.377e-225,nontox,nontox
P24343,Q90471,7.157999999999999e-66,nontox,nontox
P24485,Q58DM3,4.217e-113,nontox,nontox
P24540,P07032,1.912e-38,nontox,nontox
P24789,P31000,6.521000000000001e-216,nontox,nontox
P25489,P05023,0.0,nontox,nontox
Q9XWQ6,Q8HY81,1.105,nontox,nontox
Q9XWS2,Q96A65,3.852e-90,nontox,nontox
Q9XXD2,Q9DAA6,1.191e-22,nontox,nontox
Q9XYN0,P27716,3.7240000000000005e-178,nontox,nontox
Q9XYN1,Q9V427,1.907e-201,nontox,nontox
Q9YGH2,P37038,2.4959999999999997e-60,nontox,nontox
Q9YGK7,Q9PWG4,6.644e-118,nontox,nontox
Q9YGT5,Q9PVQ9,3.075e-57,nontox,nontox
Q9YI98,P54368,1.474e-88,nontox,nontox
Q9Z0H1,U4PCM1,4.739e-08,nontox,nontox
Q9Z0S3,Q95KM6,1.289e-60,nontox,nontox
Q7SXN5,Q8WQC9,1.692e-267,nontox,nontox
Q7T019,Q32PN7,9.381e-65,nontox,nontox
Q7T3A4,P51153,1.628e-99,nontox,nontox
Q7TMR0,Q5RBU7,2.294e-268,nontox,nontox
Q7TN60,Q7Z403,0.0,nontox,nontox
Q7TNK7,Q9QUT0,6.29e-251,nontox,nontox
Q7TNN9,Q3BCQ4,3.69e-237,nontox,nontox
Q7TNT2,Q0P5J1,1.333e-317,nontox,nontox
Q7TPD1,Q94251,5.675e-312,nontox,nontox
Q7TPD3,Q9HCK4,0.0,nontox,nontox
Q6P788,Q9Y2D1,1.75e-143,nontox,nontox
Q6P7E4,Q679P3,6.2620000000000005e-192,nontox,nontox
Q6P7W0,Q8BUH8,1.1770000000000001e-79,nontox,nontox
Q6P949,O75151,0.0,nontox,nontox
Q6P9P6,P52732,0.0,nontox,nontox
Q6PAL1,Q8NBI3,1.8810000000000002e-162,nontox,nontox
Q6PCB0,A6QLN9,4.8690000000000005e-208,nontox,nontox
Q6PCB7,Q6P1M0,8.706e-268,nontox,nontox
Q6PDN3,Q15746,0.0,nontox,nontox
Q6PDY2,Q96SZ5,8.473e-155,nontox,nontox
Q6PE15,Q5I0K5,3.633e-182,nontox,nontox
Q6PF06,Q08DP1,2.149e-174,nontox,nontox
Q6PFY1,X2JAU8,2.8950000000000003e-48,nontox,nontox
Q6PGD0,Q6UW56,8.703e-111,nontox,nontox
Q6PGN1,A4IH36,1.501e-57,nontox,nontox
Q99575,Q0V8F1,5.476,nontox,nontox
Q99608,P25233,3.5919999999999995e-164,nontox,nontox
Q99689,P97578,7.523000000000001e-85,nontox,nontox
Q99700,O70305,0.0,nontox,nontox
Q99735,Q2KJG4,1.664e-82,nontox,nontox
Q99766,A6QNS9,3.621e-16,nontox,nontox
Q99788,B1PHQ8,8.091e-206,nontox,nontox
Q99832,Q2T9X2,1.546e-86,nontox,nontox
Q99944,Q6AZ60,2.725e-43,nontox,nontox
Q99959,Q9CQ73,0.0,nontox,nontox
Q99986,Q80X41,3.262e-231,nontox,nontox
Q99J39,O95822,1.427e-290,nontox,nontox
Q99J79,Q92466,1.361e-231,nontox,nontox
Q99JB0,Q99612,6.182e-81,nontox,nontox
Q99JB6,Q6U8D7,9.351e-252,nontox,nontox
Q99JB7,Q9BXJ7,3.705e-175,nontox,nontox
Q99K30,Q5RC07,0.0,nontox,nontox
Q99KV1,Q9VPQ2,1.101e-142,nontox,nontox
Q99KW3,Q6WCQ1,3.156e-113,nontox,nontox
Q99KY4,Q80TZ3,3.4009999999999995e-224,nontox,nontox
Q99MQ4,Q3ZBN5,2.8340000000000004e-212,nontox,nontox
Q99MV7,Q99MV1,6.926e-29,nontox,nontox
Q99N01,Q8BGD4,2.315e-160,nontox,nontox
Q99N50,Q9HCH5,0.0,nontox,nontox
Q9UKV0,Q9UQL6,0.0,nontox,nontox
Q9UL25,Q8WQ53,3.377e-85,nontox,nontox
Q9UL54,Q6GPK9,0.0,nontox,nontox
Q9ULD5,Q9UDV7,2.554e-112,nontox,nontox
Q9ULG1,Q9VDY1,0.0,nontox,nontox
Q9UHA7,Q9NZH8,2.7990000000000003e-55,nontox,nontox
Q9UHB4,Q1JPJ0,0.0,nontox,nontox
Q9UHB9,Q9VSS2,4.8439999999999997e-138,nontox,nontox
Q9UHC1,P40692,2.661e-24,nontox,nontox
Q9UHK6,P70473,3.977e-201,nontox,nontox
Q9UHN1,Q0VC30,3.242e-276,nontox,nontox
Q9UHQ1,Q6GP25,1.696e-191,nontox,nontox
Q9UHR4,Q8BKX1,3.464e-113,nontox,nontox
Q9UHV9,Q9VTE5,9.479e-30,nontox,nontox
Q9UI42,Q6P8K8,6.319000000000001e-234,nontox,nontox
Q9UI46,Q32KS2,0.0,nontox,nontox
Q9Y3D2,Q4FZX5,1.327e-89,nontox,nontox
Q9Y3L3,Q6ZT62,0.0,nontox,nontox
Q9Y3Q8,Q3B8N7,5.133e-204,nontox,nontox
Q9Y3R4,Q64393,1.484e-176,nontox,nontox
Q9Y3S1,Q3UH66,0.0,nontox,nontox
Q9Y3Y2,Q9JJW6,0.1257,nontox,nontox
Q9Y458,Q8K402,1.249e-238,nontox,nontox
Q9Y462,A7Y7X5,0.0,nontox,nontox
Q9Y4F3,B2GUN4,0.0,nontox,nontox
Q9Y4J8,O70585,3.1679999999999997e-291,nontox,nontox
Q9Y4R8,Q08CY4,2.7009999999999998e-248,nontox,nontox
Q9Y4X4,O95600,5.04e-76,nontox,nontox
Q9Y576,Q8WXK4,4.782e-54,nontox,nontox
Q9Y592,P14105,1.699e-07,nontox,nontox
Q9Y5A9,E7F1H9,3.071e-271,nontox,nontox
Q9Y5E1,Q91Y02,0.0,nontox,nontox
Q9Y5E3,Q9Y5E6,0.0,nontox,nontox
Q9Y5I2,Q91Y11,0.0,nontox,nontox
Q9VUQ8,Q96GG9,1.643e-104,nontox,nontox
Q9VUX3,C5H5C4,1.563e-100,nontox,nontox
Q9VUY9,Q08DP0,8.296999999999999e-218,nontox,nontox
Q9VV43,Q5PPN5,3.638e-28,nontox,nontox
Q9VVD9,Q922Q5,1.336e-119,nontox,nontox
Q9VW09,Q86Y13,0.05274,nontox,nontox
Q9VWS4,O19131,0.1571,nontox,nontox
Q9VWW0,P79145,6.328999999999999e-22,nontox,nontox
Q9VXA8,Q5HZT0,5.4639999999999996e-33,nontox,nontox
Q9VXF1,P16298,1.134e-259,nontox,nontox
Q9VYS4,Q641A1,9.324e-55,nontox,nontox
Q9VYV3,Q8NBS9,2.114e-99,nontox,nontox
Q9VYY3,Q5M7A4,2.477e-155,nontox,nontox
Q9VZ23,P52301,1.016e-126,nontox,nontox
Q9VZF4,Q93794,2.372e-138,nontox,nontox
Q9VZJ9,Q6NTT6,7.873999999999999e-41,nontox,nontox
Q0VCM6,O75387,2.975e-193,nontox,nontox
Q10029,Q23682,0.0,nontox,nontox
Q10663,Q922J3,0.9861,nontox,nontox
Q10924,Q02360,3.875e-33,nontox,nontox
Q11005,Q5RES1,2.557e-92,nontox,nontox
Q12999,Q5U1V9,4.064e-117,nontox,nontox
Q14BT6,Q9UNA3,3.585e-174,nontox,nontox
Q14C87,Q8CEF9,0.0,nontox,nontox
Q15695,Q62377,8.474e-197,nontox,nontox
Q15937,Q96NI8,6.804000000000001e-160,nontox,nontox
Q16S21,P18486,8.601e-201,nontox,nontox
Q17392,Q13619,1.097e-111,nontox,nontox
Q17577,P08659,3.988e-59,nontox,nontox
Q17QH7,Q9JMG6,1.084e-136,nontox,nontox
Q18012,Q8C1B1,8.361,nontox,nontox
Q18026,P70712,1.7399999999999999e-149,nontox,nontox
Q18053,G5EEQ5,1.981e-05,nontox,nontox
Q18184,Q6UUV9,1.644,nontox,nontox
Q18225,P39055,8.913,nontox,nontox
Q18511,Q8K1A0,2.063e-47,nontox,nontox
Q18590,Q02575,4.095e-24,nontox,nontox
Q18973,Q9Y2Q3,5.6520000000000005e-30,nontox,nontox
Q19291,A2A9A2,7.368e-33,nontox,nontox
Q19443,O02662,0.4742,nontox,nontox
O15989,P51544,2.236e-187,nontox,nontox
O16130,G1SYU7,7.964e-20,nontox,nontox
O16327,Q96JM4,1.671,nontox,nontox
O16812,Q27575,4.59e-92,nontox,nontox
O16887,P35440,0.1252,nontox,nontox
O17473,Q9GKL8,1.3600000000000001e-76,nontox,nontox
O18873,P53715,8.148e-64,nontox,nontox
O19104,Q00597,1.495e-266,nontox,nontox
O45946,Q4PM04,1.485e-74,nontox,nontox
O54762,O54761,1.4849999999999998e-196,nontox,nontox
O54831,Q9R006,3.169e-95,nontox,nontox
O61703,P16036,5.538e-143,nontox,nontox
O75071,Q8BGQ6,1.605e-239,nontox,nontox
A0A8B6XWY5,A0A8B7DWS6,6.9719999999999995e-81,Actinoporin family,Actinoporin family
C9EIC7,A0A2Z5Z9H5,4.463e-102,Actinoporin family,Actinoporin family
P0DKQ8,Q76CA2,4.2520000000000005e-34,Actinoporin family,Actinoporin family
Q5I4B8,P0C1F8,9.122999999999999e-81,Actinoporin family,Actinoporin family
P0C8X6,P0C8L2,1.296e-12,Short scorpion toxin superfamily,nontox
P0CJ24,B8XH38,4.996e-10,Short scorpion toxin superfamily,Short scorpion toxin superfamily
P15220,P86402,3.628e-16,Short scorpion toxin superfamily,Short scorpion toxin superfamily
P24663,P0C182,1.475e-16,Short scorpion toxin superfamily,Short scorpion toxin superfamily
P46110,P59886,1.665e-21,Short scorpion toxin superfamily,Short scorpion toxin superfamily
P46112,P24662,4.32e-21,Short scorpion toxin superfamily,Short scorpion toxin superfamily
P55928,C0HJN0,4.855e-12,Short scorpion toxin superfamily,Short scorpion toxin superfamily
P83112,P0CB56,9.579e-11,Short scorpion toxin superfamily,Short scorpion toxin superfamily
P86270,Q5G8B7,2.362e-10,Short scorpion toxin superfamily,nontox
B8XH30,B8XH47,7.92e-15,Short scorpion toxin superfamily,Short scorpion toxin superfamily
P59867,Q6XLL8,9.82e-18,Short scorpion toxin superfamily,Short scorpion toxin superfamily
Q9NII7,P45696,5.49e-20,Short scorpion toxin superfamily,Short scorpion toxin superfamily
P0DL45,P45660,3.628e-16,Short scorpion toxin superfamily,Short scorpion toxin superfamily
P0DL62,D5K8A9,0.08892,Short scorpion toxin superfamily,nontox
R4GUQ3,A0A6P3CW73,0.04357,Short scorpion toxin superfamily,nontox
C0HJQ5,P80671,2.519e-12,Short scorpion toxin superfamily,Short scorpion toxin superfamily
C0HJS9,P0C167,5.269e-16,Short scorpion toxin superfamily,Short scorpion toxin superfamily
D9U2B2,P59886,0.0001594,Short scorpion toxin superfamily,Short scorpion toxin superfamily
H2ER22,H2ETQ6,6.615e-19,Short scorpion toxin superfamily,Short scorpion toxin superfamily
P0C8X8,P0DP36,0.8616,Short scorpion toxin superfamily,Short scorpion toxin superfamily
P0CI47,P0DL37,2.542e-05,Short scorpion toxin superfamily,Short scorpion toxin superfamily
P0DJ40,P0DJ33,0.0006637,Short scorpion toxin superfamily,Short scorpion toxin superfamily
P0DQU5,P0DQU3,0.0002133,Short scorpion toxin superfamily,Short scorpion toxin superfamily
P58490,Q6XLL6,9.769e-15,Short scorpion toxin superfamily,Short scorpion toxin superfamily
R4GUQ1,Q8K3V7,5.582,Short scorpion toxin superfamily,nontox
Q0GY40,L0G8Z0,2.235e-28,Long chain scorpion toxin family,Long chain scorpion toxin family
Q5WR03,P0C2F4,9.815e-38,Long chain scorpion toxin family,Long chain scorpion toxin family
A9XE59,B8XH40,3.481e-43,Long chain scorpion toxin family,Long chain scorpion toxin family
P0CI49,P69939,4.298e-25,Long chain scorpion toxin family,Long chain scorpion toxin family
P01387,P07526,9.206e-39,Three-finger toxin family,Three-finger toxin family
P0C553,P0C552,7.071999999999999e-22,Three-finger toxin family,Three-finger toxin family
P15816,O12962,5.456e-37,Three-finger toxin family,Three-finger toxin family
P19958,P68415,1.0400000000000001e-36,Three-finger toxin family,Three-finger toxin family
P25670,Q53B59,1.239e-37,Three-finger toxin family,Three-finger toxin family
A7X6I4,A7X3M3,3.409e-15,Three-finger toxin family,Three-finger toxin family
A7X6J0,A7X3M3,3.679e-16,Three-finger toxin family,Three-finger toxin family
A8HDJ7,A8HDJ8,1.205e-34,Three-finger toxin family,Three-finger toxin family
F8J2E1,F8J2E5,4.697e-36,Three-finger toxin family,Three-finger toxin family
F8J2E2,A8S6B0,1.44e-37,Three-finger toxin family,Three-finger toxin family
P01400,C1IC49,1.159e-38,Three-finger toxin family,Three-finger toxin family
P01424,P01426,8.676999999999999e-38,Three-finger toxin family,Three-finger toxin family
P19003,P62390,1.2560000000000001e-25,Three-finger toxin family,Three-finger toxin family
P19004,P62390,3.175e-16,Three-finger toxin family,Three-finger toxin family
P49122,P62390,5.6909999999999997e-33,Three-finger toxin family,Three-finger toxin family
P34075,P01426,1.601e-33,Three-finger toxin family,Three-finger toxin family
P81782,C0HKZ8,3.135e-36,Three-finger toxin family,Three-finger toxin family
P82462,Q53B49,1.507e-26,Three-finger toxin family,Three-finger toxin family
P86097,Q9YGJ6,2.5780000000000004e-20,Three-finger toxin family,Three-finger toxin family
P86098,P86424,1.359e-33,Three-finger toxin family,Three-finger toxin family
Q9W7J7,Q9W7J6,2.971e-27,Three-finger toxin family,Three-finger toxin family
Q9W7K1,Q9W7J6,1.8569999999999998e-29,Three-finger toxin family,Three-finger toxin family
U3EPL2,C6JUP1,2.3949999999999998e-29,Three-finger toxin family,Three-finger toxin family
A0A2P1BSS8,P84716,2.3119999999999996e-22,Three-finger toxin family,Three-finger toxin family
A7X3R6,A7X3M3,1.133e-15,Three-finger toxin family,Three-finger toxin family
A0S864,A0S865,1.272e-43,Three-finger toxin family,Three-finger toxin family
P01398,O12962,2.297e-38,Three-finger toxin family,Three-finger toxin family
P28375,P81946,2.159e-34,Three-finger toxin family,Three-finger toxin family
P01448,P01454,6.396e-35,Three-finger toxin family,Three-finger toxin family
Q9YGJ0,P86099,1.083e-16,Three-finger toxin family,Three-finger toxin family
A0A4P1LYC9,P01416,1.791e-13,Three-finger toxin family,Three-finger toxin family
A2CKF6,Q8AY51,8.251e-35,Three-finger toxin family,Three-finger toxin family
C0HJR2,P86424,1.1490000000000002e-31,Three-finger toxin family,Three-finger toxin family
P01383,Q2VBP8,5.442e-34,Three-finger toxin family,Three-finger toxin family
P01384,P01385,1.592e-37,Three-finger toxin family,Three-finger toxin family
Q2VBN4,P62390,2.361e-21,Three-finger toxin family,Three-finger toxin family
A0A1X9QHL1,C0HM68,1.63e-14,Sea anemone type 3 (BDS) potassium channel toxin family,Sea anemone type 3 (BDS) potassium channel toxin family
P69930,C0HK75,1.5590000000000002e-25,Sea anemone type 3 (BDS) potassium channel toxin family,Sea anemone type 3 (BDS) potassium channel toxin family
P84919,C0HL54,1.883e-12,Sea anemone type 3 (BDS) potassium channel toxin family,Sea anemone type 3 (BDS) potassium channel toxin family
P0DRC5,P01493,2.363e-27,Long (4 C-C) scorpion toxin superfamily,Long (4 C-C) scorpion toxin superfamily
P15221,P19855,2.939e-12,Long (4 C-C) scorpion toxin superfamily,Long (4 C-C) scorpion toxin superfamily
C0HLZ1,C0HLZ0,2.569e-43,Long (4 C-C) scorpion toxin superfamily,Long (4 C-C) scorpion toxin superfamily
P09982,P0DQN9,7.335e-33,Long (4 C-C) scorpion toxin superfamily,Long (4 C-C) scorpion toxin superfamily
P0C910,P01480,1.906e-37,Long (4 C-C) scorpion toxin superfamily,Long (4 C-C) scorpion toxin superfamily
P0DUH8,P01494,4.6459999999999997e-23,Long (4 C-C) scorpion toxin superfamily,Long (4 C-C) scorpion toxin superfamily
P0DUI0,P58779,4.842e-18,Long (4 C-C) scorpion toxin superfamily,Long (4 C-C) scorpion toxin superfamily
P0DUI1,F8UWP3,2.843e-26,Long (4 C-C) scorpion toxin superfamily,Long (4 C-C) scorpion toxin superfamily
P15223,C0HLF8,1.018e-39,Long (4 C-C) scorpion toxin superfamily,Long (4 C-C) scorpion toxin superfamily
P19856,P0C5H1,3.9620000000000004e-42,Long (4 C-C) scorpion toxin superfamily,Long (4 C-C) scorpion toxin superfamily
P54135,Q86BW9,1.2750000000000001e-36,Long (4 C-C) scorpion toxin superfamily,Long (4 C-C) scorpion toxin superfamily
E7CLP2,E7CLP4,5.646e-38,Long (4 C-C) scorpion toxin superfamily,Long (4 C-C) scorpion toxin superfamily
O61668,P01497,2.747e-34,Long (4 C-C) scorpion toxin superfamily,Long (4 C-C) scorpion toxin superfamily
O61705,P45697,6.01e-35,Long (4 C-C) scorpion toxin superfamily,Long (4 C-C) scorpion toxin superfamily
P01496,P0DSO4,1.807e-42,Long (4 C-C) scorpion toxin superfamily,Long (4 C-C) scorpion toxin superfamily
M1JBC0,P01480,1.4979999999999998e-41,Long (4 C-C) scorpion toxin superfamily,Long (4 C-C) scorpion toxin superfamily
P18926,P45662,1.646e-44,Long (4 C-C) scorpion toxin superfamily,Long (4 C-C) scorpion toxin superfamily
P82814,P82812,5.508e-32,Long (4 C-C) scorpion toxin superfamily,Long (4 C-C) scorpion toxin superfamily
Q9UAC9,P86406,1.5759999999999999e-41,Long (4 C-C) scorpion toxin superfamily,Long (4 C-C) scorpion toxin superfamily
Q17254,P56678,1.084e-33,Long (4 C-C) scorpion toxin superfamily,Long (4 C-C) scorpion toxin superfamily
Q68PH3,P45664,8.495999999999999e-41,Long (4 C-C) scorpion toxin superfamily,Long (4 C-C) scorpion toxin superfamily
Q95WD1,P01494,5.604999999999999e-22,Long (4 C-C) scorpion toxin superfamily,Long (4 C-C) scorpion toxin superfamily
Q9BKJ1,Q26292,5.367e-38,Long (4 C-C) scorpion toxin superfamily,Long (4 C-C) scorpion toxin superfamily
D9U2A1,P0CI58,6.861e-31,Long (4 C-C) scorpion toxin superfamily,Long (4 C-C) scorpion toxin superfamily
D9U2A5,P0CI82,1.619e-11,Long (4 C-C) scorpion toxin superfamily,Long (4 C-C) scorpion toxin superfamily
H1ZZI9,A0A218QWY4,7.089e-21,Long (4 C-C) scorpion toxin superfamily,Long (4 C-C) scorpion toxin superfamily
P0CI52,D9U2A0,7.087e-30,Long (4 C-C) scorpion toxin superfamily,Long (4 C-C) scorpion toxin superfamily
P0CI55,M1J7U4,8.805e-32,Long (4 C-C) scorpion toxin superfamily,Long (4 C-C) scorpion toxin superfamily
C0HK26,P16041,0.03529,Cnidaria small cysteine-rich protein (SCRiP) family,nontox
C1KIY9,C0HM26,0.1223,Cnidaria small cysteine-rich protein (SCRiP) family,nontox
P84900,A0A5Q0MUM5,8.205e-11,other,other
P0DTJ2,P05486,1.306e-48,Vasopressin/oxytocin family,Vasopressin/oxytocin family
A0A0K1YW63,Q7YWA6,0.001073,other,nontox
A0A2D0TC04,O14638,0.0,other,nontox
C0HJY4,C0HJY5,0.1978,other,other
O18423,O18425,1.3489999999999998e-175,other,other
P0DQQ4,O14638,0.0,other,nontox
Q9NJS1,Q7Q3R9,0.001556,other,other
R4ZCU1,P0DMZ9,8.728e-61,other,nontox
A0A1L1QJU3,P60514,1.201e-13,other,other
A0A3G5BIC2,P81765,0.0004686,other,nontox
B8QG00,P60252,7.781e-14,other,other
I1VC85,Q7YWA9,2.6270000000000004e-26,other,nontox
P83562,P0DL75,8.884e-30,other,other
Q06B72,A0A0K8RCY5,2.963e-101,other,other
Q06B74,A0A0K8RCY5,4.721e-130,other,other
Q5WPS9,D3TS87,6.091e-32,other,nontox
A0A158RFT4,A0A146B485,4.322e-16,other,other
A0A1R3S3A8,P0DMZ8,1.338e-09,other,nontox
A0A3G5BIB4,A0A3G5BIB1,5.522e-28,other,other
C0HJY8,C0HJZ0,1.53e-05,other,other
D8VNT0,D8VNS7,2.0049999999999997e-188,other,other
L0GBR1,P60254,4.11e-14,other,other
P0C2P6,P01211,1.969e-12,other,nontox
P0CH47,C0HLL3,7.040999999999999e-196,other,nontox
P0DKM7,P0DKT1,5.178e-15,other,other
P0DKT5,P0DKT1,2.1200000000000003e-20,other,other
P0DP47,P60514,1.476e-13,other,other
P0DP56,P01210,1.4539999999999999e-27,other,nontox
P0DPT1,P0DM30,4.559e-17,other,other
P0DRI6,P0DQR5,2.458e-09,other,other
P0DSL3,P0DSK9,1.612e-15,other,other
P0DXA0,Q7M429,1.088e-10,other,nontox
P0DV16,P0DSJ3,6.797,other,nontox
P0DXX3,P00519,3.242,other,nontox
P86465,P0DMZ8,1.223e-05,other,nontox
P86719,P86716,5.915e-79,other,other
Q66S25,Q66S21,1.33e-198,other,other
A0A0P0BQD2,A0A0P0CC97,7.697e-51,other,other
P0C845,P0C847,5.06e-29,other,other
P0CI13,A4QNB6,0.07355,other,nontox
P0DKN0,P0DN45,1.346,other,Teretoxin family
P0DMD7,A7RMN1,3.728e-19,other,other
P00987,Q8AY45,2.714e-24,Venom Kunitz-type family,Venom Kunitz-type family
C1IC53,B2KTG1,2.306e-31,Venom Kunitz-type family,nontox
P0DJ49,P0DJ46,3.643e-21,Venom Kunitz-type family,nontox
P0DN06,P0DN10,1.411e-36,Venom Kunitz-type family,Venom Kunitz-type family
P0DN07,P0DN10,8.154e-38,Venom Kunitz-type family,Venom Kunitz-type family
C1IC51,C1IC50,1.09e-27,Venom Kunitz-type family,Venom Kunitz-type family
P0DMW7,B1B5I8,6.354e-24,Venom Kunitz-type family,Venom Kunitz-type family
Q6ITB9,Q6ITB4,9.284e-40,Venom Kunitz-type family,nontox
Q95NY5,A0A1S4GYJ6,1.14e-157,PBP/GOBP family,PBP/GOBP family
Q95V94,Q9UB30,5.004e-54,PBP/GOBP family,PBP/GOBP family
P0DOZ7,P0DUQ4,3.376e-12,FARP (FMRFamide related peptide) family,FARP (FMRFamide related peptide) family
P0DX48,Q4KMD7,28.3,FARP (FMRFamide related peptide) family,nontox
Q2HZ28,Q9I8F8,1.764e-82,Phospholipase family,nontox
Q8QG87,P81243,8.139e-78,Phospholipase family,Phospholipase family
A0A5C1ZXT8,Q9TWL9,7.056e-18,Phospholipase family,Phospholipase family
A4USB4,P0DM60,2.992e-148,Phospholipase family,Phospholipase family
A8CG90,P24293,1.102e-67,Phospholipase family,nontox
P00602,P00605,2.074e-79,Phospholipase family,Phospholipase family
P0C8L9,Q6T178,9.234e-75,Phospholipase family,Phospholipase family
P0DKR3,A8CG86,1.0619999999999999e-73,Phospholipase family,Phospholipase family
Q9PUI0,Q9PUH8,1.887e-83,Phospholipase family,Phospholipase family
P70090,P0C616,9.637e-66,Phospholipase family,Phospholipase family
P86456,Q9PVE9,7.699e-71,Phospholipase family,Phospholipase family
Q2YHJ9,Q90249,2.1639999999999998e-60,Phospholipase family,Phospholipase family
Q6H3C9,A8E2V8,7.746e-74,Phospholipase family,Phospholipase family
Q8UVZ7,P0C616,1.331e-76,Phospholipase family,Phospholipase family
F8QN50,B5U6Y4,3.717e-59,Phospholipase family,Phospholipase family
A0A193CHJ5,P0CAS3,6.239e-82,Phospholipase family,Phospholipase family
A0A5C2A2T2,Q9TWL9,7.056e-18,Phospholipase family,Phospholipase family
A4VBF0,A8CG86,1.164e-74,Phospholipase family,Phospholipase family
K9USW8,P0CE79,1.3409999999999999e-157,Phospholipase family,Phospholipase family
P00625,P20476,1.529e-73,Phospholipase family,nontox
P0DPS4,P31854,3.56e-70,Phospholipase family,Phospholipase family
P0DQQ0,P86804,1.38e-66,Phospholipase family,Phospholipase family
P14421,P0CAS3,4.677e-65,Phospholipase family,Phospholipase family
P23026,Q9I842,1.159e-58,Phospholipase family,nontox
P80966,Q9DF33,4.7929999999999995e-68,Phospholipase family,Phospholipase family
Q1W694,A0A0D4WV12,1.893e-109,Phospholipase family,Phospholipase family
Q26241,Q94733,9.84e-95,Calycin superfamily,Calycin superfamily
G3CJS0,Q18NS6,4.835e-35,Calycin superfamily,Calycin superfamily
Q8MMJ7,P0DME6,7.396e-19,Non-disulfide-bridged peptide (NDBP) superfamily,nontox
P82428,P0DSM3,0.02763,Non-disulfide-bridged peptide (NDBP) superfamily,Non-disulfide-bridged peptide (NDBP) superfamily
P86828,,,Non-disulfide-bridged peptide (NDBP) superfamily,
D9U2B5,N0EAL3,2.696e-19,Non-disulfide-bridged peptide (NDBP) superfamily,Non-disulfide-bridged peptide (NDBP) superfamily
Q0EAE5,E2S066,3.341e-10,Sea anemone type 1 potassium channel toxin family,Sea anemone type 1 potassium channel toxin family
C0HJC3,C0HJC2,1.749e-14,Sea anemone type 1 potassium channel toxin family,Sea anemone type 1 potassium channel toxin family
A0A330KUG5,A0A330KW27,8.916999999999999e-23,Sea anemone type 1 potassium channel toxin family,Sea anemone type 1 potassium channel toxin family
P0DUS3,P0DUS2,4.722e-16,Limacoditoxin family,Limacoditoxin family
P0DUS7,A0A6B9KZ83,3.215e-09,Limacoditoxin family,Venom Ptu1-like knottin family
Q1ELU9,C0HJV7,8.402e-06,Cationic peptide family,nontox
B3EWV6,B3EWV7,1.702e-08,Cationic peptide family,Cationic peptide family
B3EWW6,B3EWW5,7.087e-06,Cationic peptide family,Cationic peptide family
C0HJV3,P0CAZ4,3.188e-17,Cationic peptide family,Cationic peptide family
C0HLF5,Q91VE0,498.9,Cationic peptide family,nontox
P0C2U8,P0DV70,4.784e-05,Cationic peptide family,nontox
P83249,P83251,4.547e-14,Cationic peptide family,Cationic peptide family
P83620,P83619,7.703e-14,Cationic peptide family,Cationic peptide family
Q3HXY4,Q5YF89,1.709e-129,other,other
E3P6S4,P69928,2.888e-07,Sea anemone sodium channel inhibitory toxin family,Sea anemone sodium channel inhibitory toxin family
P0C1F5,Q7M425,2.6370000000000003e-28,Sea anemone sodium channel inhibitory toxin family,Sea anemone sodium channel inhibitory toxin family
Q76CA0,D2KX91,5.646e-38,Sea anemone sodium channel inhibitory toxin family,Sea anemone sodium channel inhibitory toxin family
Q9NJQ2,P0DMZ1,2.564e-18,Sea anemone sodium channel inhibitory toxin family,Sea anemone sodium channel inhibitory toxin family
B1NWU2,P0DL50,2.199e-16,Sea anemone sodium channel inhibitory toxin family,Sea anemone sodium channel inhibitory toxin family
Q6TGQ8,O93364,3.822e-285,Flavin monoamine oxidase family,Flavin monoamine oxidase family
X2JCV5,A6MFL0,1.29e-297,Flavin monoamine oxidase family,Flavin monoamine oxidase family
X5IWS1,Q9XZK3,1.373e-07,Conotoxin family,Conotoxin family
C3VVN5,P0CE28,3.147e-43,Conotoxin family,Conotoxin family
P0C1W3,X5IWT5,3.121e-10,Conotoxin family,Conotoxin family
C0HLK1,Q8BU25,10.02,Conotoxin family,nontox
C6ZJQ2,P69657,6.655e-06,Conotoxin family,Conotoxin family
D2DGD4,D2DGD3,5.314e-19,Conotoxin family,Conotoxin family
A0A3G3C7U2,A0A3G3C7V7,5.2210000000000005e-20,Conotoxin family,Conotoxin family
A0A3G3C7V0,E2DIH6,6.202e-16,Conotoxin family,Conotoxin family
B3SVF1,B3SVF0,4.833e-19,Conotoxin family,Conotoxin family
C7DQB8,P69498,7.271e-24,Conotoxin family,Conotoxin family
C7DQX6,P69495,7.396e-19,Conotoxin family,Conotoxin family
C8CK79,C8CK76,7.209000000000001e-34,Conotoxin family,Conotoxin family
D5KR59,Q9QZA6,0.01591,Conotoxin family,nontox
D6C4J7,Q6DDW2,0.02788,Conotoxin family,nontox
O77256,P85013,0.1763,Conotoxin family,Conotoxin family
P0C1N2,Q9BPJ5,6.642e-19,Conotoxin family,Conotoxin family
P0C253,S4UKA9,3.199e-15,Conotoxin family,Conotoxin family
P0C254,P69496,3.012e-07,Conotoxin family,Conotoxin family
P0C609,P0DW72,6.243e-05,Conotoxin family,nontox
P0C636,Q9U6Z6,8.356e-12,Conotoxin family,Conotoxin family
Q9BPH6,Q9BPH8,9.596e-21,Conotoxin family,Conotoxin family
Q9BPI6,Q9BPI7,2.692e-21,Conotoxin family,Conotoxin family
Q9U6Z5,Q3YEH3,5.39e-06,Conotoxin family,Conotoxin family
Q9XYZ0,Q9BP99,1.4520000000000003e-26,Conotoxin family,Conotoxin family
Q9XYZ1,Q9BP81,6.831e-13,Conotoxin family,Conotoxin family
P0DQQ6,P01520,0.03459,Conotoxin family,Conotoxin family
P58846,Q9BPJ1,6.625e-21,Conotoxin family,Conotoxin family
P58925,P0DKQ9,1.396e-16,Conotoxin family,Conotoxin family
P69746,P0C1W9,1.53e-05,Conotoxin family,Conotoxin family
X1WB75,P0DUR0,1.635e-06,Conotoxin family,Conotoxin family
A0A2I6EDL2,A0A2I6EDL3,1.821e-18,Conotoxin family,Conotoxin family
A0A3G3C7S6,Q9U656,3.052e-22,Conotoxin family,Conotoxin family
A0A3G3C7T5,A0A3G3C7V7,9.078999999999999e-23,Conotoxin family,Conotoxin family
Q3YEH1,Q9BPG8,2.505e-13,Conotoxin family,Conotoxin family
Q5I2P0,Q9BH51,2.934e-13,Conotoxin family,Conotoxin family
Q5K0C2,Q5K0B8,9.54e-27,Conotoxin family,Conotoxin family
Q6PTD0,P0DJC4,9.648e-11,Conotoxin family,Conotoxin family
Q9BH86,Q9BPF1,2.138e-10,Conotoxin family,Conotoxin family
Q9BHB7,Q9BPC6,1.263e-19,Conotoxin family,Conotoxin family
Q9BP59,Q9BP62,1.0790000000000002e-25,Conotoxin family,Conotoxin family
Q9BP65,Q3YEF0,1.245e-26,Conotoxin family,Conotoxin family
Q9BP77,Q8IS41,9.435e-27,Conotoxin family,Conotoxin family
Q9BP88,Q9BP91,7.935e-26,Conotoxin family,Conotoxin family
Q9BP98,Q9BP78,5.06e-05,Conotoxin family,Conotoxin family
Q9BPA6,Q9BPB7,2.329e-20,Conotoxin family,Conotoxin family
Q9BPC2,Q3YEF9,5.794e-06,Conotoxin family,Conotoxin family
Q9BPD7,Q9BHA6,1.76e-14,Conotoxin family,Conotoxin family
Q9BPE1,Q9BPD9,9.006e-14,Conotoxin family,Conotoxin family
Q9BPE2,Q9BH81,1.959e-21,Conotoxin family,Conotoxin family
Q9BPE3,Q9BHA6,7.892e-20,Conotoxin family,Conotoxin family
Q9BPF2,Q1A3R0,3.197e-12,Conotoxin family,Conotoxin family
P0DJC6,Q3YEF1,1.234e-11,Conotoxin family,Conotoxin family
P0DKM1,C7DQX7,7.009e-06,Conotoxin family,Conotoxin family
P0DM16,W4VS70,4.938e-36,Conotoxin family,Conotoxin family
P0DMA3,P0DMA2,1.857e-15,Conotoxin family,Conotoxin family
P0DPJ8,,,Conotoxin family,
P0DPK9,P0DL85,1.115e-06,Conotoxin family,Conotoxin family
P0DPL3,Q9BPJ6,3.751e-06,Conotoxin family,Conotoxin family
P0DTZ3,D6C4K0,2.47e-07,Conotoxin family,Conotoxin family
P0DUQ8,P0DUQ7,1.392e-18,Conotoxin family,Conotoxin family
P0DW17,P0DQT5,2.824e-29,Conotoxin family,Conotoxin family
P0DW20,P0DW21,4.094e-23,Conotoxin family,Conotoxin family
Q9BP56,P0DM21,3.537e-17,Conotoxin family,Conotoxin family
Q9BPB1,Q9BPA7,2.327e-15,Conotoxin family,Conotoxin family
Q9GU57,Q9GU58,1.473e-32,Conotoxin family,Conotoxin family
X5I9Z2,F2XFS9,3.903e-14,Conotoxin family,Conotoxin family
A0A125S9E0,D2DGD7,1.047e-05,Conotoxin family,Conotoxin family
A0A125S9E6,A0A2I6EDN1,2.641e-13,Conotoxin family,Conotoxin family
A0A3G1VU77,A0A3G1VU73,2.7610000000000002e-46,Conotoxin family,Conotoxin family
B6V6L0,Q9Y561,0.5075,Conotoxin family,nontox
P0C668,Q9U6Z6,1.05e-12,Conotoxin family,Conotoxin family
P0C901,P56638,5.418e-07,Conotoxin family,Conotoxin family
P0CY63,P0CY60,2.929e-10,Conotoxin family,Conotoxin family
P0CY64,Q2I2R0,1.842e-11,Conotoxin family,Conotoxin family
P05482,P0CH16,1.094,Conotoxin family,Conotoxin family
P05485,P0C8V8,2.387e-10,Conotoxin family,Conotoxin family
P0C2C6,P0C1W9,0.01369,Conotoxin family,Conotoxin family
P0C351,D4HRK4,5.529e-07,Conotoxin family,Conotoxin family
P0C831,P0DKQ5,5.0679999999999996e-23,Conotoxin family,Conotoxin family
P0CB08,P0CB07,3.439e-18,Conotoxin family,Conotoxin family
P0CH15,P0DOZ8,1.734e-05,Conotoxin family,Conotoxin family
P0DJL6,Q1A3R0,1.601,Conotoxin family,Conotoxin family
P0DOW6,Q9BPD0,0.5079,Conotoxin family,Conotoxin family
P0DPM0,P0C1W4,8.999e-16,Conotoxin family,Conotoxin family
P0DPM1,P69657,1.151e-14,Conotoxin family,Conotoxin family
P0DPQ2,,,Conotoxin family,
P0DQQ5,A0A3G3C7S0,0.107,Conotoxin family,Conotoxin family
P0DQX0,P0CE26,8.501999999999998e-22,Conotoxin family,Conotoxin family
P0DQX1,A0A0A0VBX4,3.2799999999999998e-22,Conotoxin family,Conotoxin family
P0DTJ9,W4VSG7,1.553e-07,Conotoxin family,Conotoxin family
P58919,P0C8V8,2.209e-08,Conotoxin family,Conotoxin family
P58922,Q9BPB7,6.811000000000001e-30,Conotoxin family,Conotoxin family
P58926,P49337,1.458,Conotoxin family,nontox
P69762,Q9U654,2.352e-18,Conotoxin family,Conotoxin family
P85011,P85009,0.01582,Conotoxin family,Conotoxin family
P85012,B1AS42,2.803,Conotoxin family,nontox
P0DW74,Q5K0D0,1.0690000000000001e-30,Conotoxin family,Conotoxin family
P24159,Q9U656,7.277e-15,Conotoxin family,Conotoxin family
P58842,P58841,0.001102,Conotoxin family,Conotoxin family
P69499,P69494,7.442e-17,Conotoxin family,Conotoxin family
P69748,P69754,3.996e-28,Conotoxin family,Conotoxin family
Q0N4U7,Q0N4U4,2.554e-21,Conotoxin family,Conotoxin family
Q1A3Q1,Q9BHA6,4.479e-13,Conotoxin family,Conotoxin family
Q2I2Q2,Q9BH51,1.175e-15,Conotoxin family,Conotoxin family
Q2I2Q9,Q9BPC8,6.0820000000000005e-28,Conotoxin family,Conotoxin family
Q2I2R3,Q9BP78,9.691e-15,Conotoxin family,Conotoxin family
Q3YED6,A0A2L2P6T9,3.067e-30,Conotoxin family,Conotoxin family
Q3YEE2,Q9BP94,1.922e-08,Conotoxin family,Conotoxin family
Q3YEE5,Q9BP94,3.595e-05,Conotoxin family,Conotoxin family
Q3YEG0,Q9BHA0,1.3350000000000002e-34,Conotoxin family,Conotoxin family
Q3YEG3,Q3YEE6,6.455e-11,Conotoxin family,Conotoxin family
Q3YEG6,P0DW75,6.594e-19,Conotoxin family,Conotoxin family
Q3YEG7,Q9BP78,4.069e-19,Conotoxin family,Conotoxin family
P59939,Q86QU1,1.0670000000000001e-20,other,other
Q86QU2,Q86QU6,1.1229999999999998e-22,other,other
Q86QV1,Q86QV0,2.4900000000000002e-20,other,other
Q86QV2,C0HJW3,3.337e-19,other,other
Q86QV5,Q86QU6,3.504e-23,other,other
P83059,Q7T3L1,6.381e-43,Bradykinin-related peptide family,Bradykinin-related peptide family
Q90WZ1,Q7T3L1,1.17e-123,Bradykinin-related peptide family,Bradykinin-related peptide family
C0HKA8,,,Bradykinin-related peptide family,
P12797,P86093,0.2582,Bradykinin-related peptide family,nontox
P84825,,,Bradykinin-related peptide family,
P86628,,,Bradykinin-related peptide family,
P86157,P86816,0.1367,Bradykinin-related peptide family,Bradykinin-related peptide family
B6DCZ1,B6DCZ3,2.262e-32,Neurotoxin family,Neurotoxin family
B6DD01,B6DCZ3,3.2900000000000002e-21,Neurotoxin family,Neurotoxin family
B6DD02,B6DD10,3.5609999999999997e-22,Neurotoxin family,Neurotoxin family
D2Y283,D2Y260,1.586e-48,Neurotoxin family,Neurotoxin family
D5J6X1,P0DUC1,7.279e-15,Neurotoxin family,Neurotoxin family
P0DJA9,Q7YT39,1.5590000000000002e-25,Neurotoxin family,Neurotoxin family
P0DQJ6,A0A3F2YLP5,1.381e-20,Neurotoxin family,Neurotoxin family
P0DW96,A0A3F2YLP5,2.821e-21,Neurotoxin family,Neurotoxin family
P15969,B6DD30,2.356e-19,Neurotoxin family,Neurotoxin family
P31328,Q5Y4Y5,7.4959999999999995e-22,Neurotoxin family,Neurotoxin family
P59368,P84034,2.03e-29,Neurotoxin family,Neurotoxin family
P60992,P0DOC5,9.618e-17,Neurotoxin family,Neurotoxin family
P81792,P84014,7.355e-35,Neurotoxin family,Neurotoxin family
P83256,P83257,1.854e-19,Neurotoxin family,Neurotoxin family
P83580,P0DMQ3,2.5710000000000004e-26,Neurotoxin family,Neurotoxin family
P85079,P81791,3.24e-08,Neurotoxin family,Neurotoxin family
Q5Y4U6,Q5Y4U7,4.739e-30,Neurotoxin family,Neurotoxin family
A0A1D0BRB0,B1P1H2,0.009683,Neurotoxin family,Neurotoxin family
A0A452CSQ9,W4VRV1,8.803e-31,Neurotoxin family,Neurotoxin family
P0C202,D2Y2C4,4.738e-13,Neurotoxin family,Neurotoxin family
P0C246,B1P1G8,6.622e-17,Neurotoxin family,Neurotoxin family
P0C2V1,P0C2V2,9.325e-25,Neurotoxin family,Neurotoxin family
P0CH70,P0DQN1,8.15e-19,Neurotoxin family,Neurotoxin family
P0CH71,B3FIS0,2.7230000000000004e-20,Neurotoxin family,Neurotoxin family
P0DL74,P0DP94,3.505e-17,Neurotoxin family,Neurotoxin family
P0DM67,B1P1A4,3.414e-22,Neurotoxin family,Neurotoxin family
P60991,P84837,4.148e-15,Neurotoxin family,Neurotoxin family
P61232,Q75WH2,2.189e-10,Neurotoxin family,Neurotoxin family
P61791,P61792,4.005e-14,Neurotoxin family,Neurotoxin family
P81744,P33034,6.368e-44,Neurotoxin family,Neurotoxin family
P83258,P60177,2.07e-08,Neurotoxin family,Neurotoxin family
P83892,P83910,2.276e-14,Neurotoxin family,Neurotoxin family
P83895,P0DL48,0.01769,Neurotoxin family,Neurotoxin family
A0A4V8GZX0,D2Y1X6,4.228e-16,Neurotoxin family,Neurotoxin family
C0HKG7,A0A059T2H4,1.139e-80,Neurotoxin family,other
P56855,P0DOC5,1.855e-17,Neurotoxin family,Neurotoxin family
P61230,P61231,1.207e-15,Neurotoxin family,Neurotoxin family
P83561,Q75WH2,1.2e-19,Neurotoxin family,Neurotoxin family
A0A088BP94,P61789,2.703e-17,Neurotoxin family,Neurotoxin family
B1P1B9,P83974,2.23e-09,Neurotoxin family,Neurotoxin family
B1P1G0,B1P1G1,5.7e-43,Neurotoxin family,Neurotoxin family
Q8MTX1,Q9UBU2,1.272e-06,Neurotoxin family,nontox
S0F215,P0C2L6,3.159e-29,Neurotoxin family,Neurotoxin family
W4VRV3,P83558,3.0480000000000003e-20,Neurotoxin family,Neurotoxin family
W4VRV4,W4VS49,9.101e-27,Neurotoxin family,Neurotoxin family
A3F7X1,P0DUC0,1.638e-35,Neurotoxin family,Neurotoxin family
B1P1J5,W4VRX8,1.022e-11,Neurotoxin family,Neurotoxin family
B3FIQ7,D2Y299,5.0890000000000006e-36,Neurotoxin family,Neurotoxin family
P84031,P84011,1.339e-25,Neurotoxin family,nontox
P68422,Q86C49,1.3080000000000002e-20,Neurotoxin family,Neurotoxin family
P84028,O76199,5.081e-25,Neurotoxin family,Neurotoxin family
Q5Y4U2,P33034,4.491e-16,Neurotoxin family,Neurotoxin family
B1P1B3,B1P1B0,2.162e-21,Neurotoxin family,Neurotoxin family
B1P1B4,D2Y2C4,3.759e-12,Neurotoxin family,Neurotoxin family
B1P1D0,B1P1C2,4.288e-16,Neurotoxin family,Neurotoxin family
B1P1F1,B1P1F2,3.067e-30,Neurotoxin family,Neurotoxin family
B1P1F9,B1P1D7,4.61e-26,Neurotoxin family,Neurotoxin family
B1P1I0,P60976,3.017e-05,Neurotoxin family,Neurotoxin family
B3EWN0,B1P1F2,9.82e-18,Neurotoxin family,Neurotoxin family
B3EWT0,B3EWT1,1.3549999999999999e-44,Neurotoxin family,Neurotoxin family
A0A6B9L4Z7,A0A6B9KZ83,0.02577,Venom Ptu1-like knottin family,Venom Ptu1-like knottin family
A0A6G9KJK9,A0A6G9KHD6,3.9720000000000004e-20,Formicidae venom family,Formicidae venom family
A0A348G5W2,Q9V3U2,367.2,Formicidae venom family,nontox
P0DSI5,P0DSI6,3.015e-06,Formicidae venom family,Formicidae venom family
P0DRD6,P0DXU3,7.288e-14,Formicidae venom family,Formicidae venom family
P0DXT1,P0DRD2,2.2669999999999996e-22,Formicidae venom family,Formicidae venom family
A0A0B5ABD5,A0A0B5AC95,1.755e-45,Insulin family,Insulin family
A0A0B5ADT3,A0A0B5A8Q6,4.0649999999999996e-29,Insulin family,Insulin family
C7DT09,P86146,9.189e-05,MCD family,MCD family
P04205,P0DQZ5,1.02e-14,MCD family,nontox
P0C1Q5,P0C1Q6,0.09022,MCD family,MCD family
P21654,P17238,4.869e-09,MCD family,MCD family
P01517,Q0IHN5,2.204,MCD family,nontox
P0C931,P0CJ37,0.007505,MCD family,MCD family
P10521,P07493,0.03103,MCD family,MCD family
P69034,P0DX35,0.446,MCD family,MCD family
S4S3G3,S4S2C7,1.13e-11,MCD family,MCD family
P0DN51,P0DN49,1.155e-15,Teretoxin family,Teretoxin family
P0DN60,P84704,1.592e-17,Teretoxin family,Conotoxin family
P84809,D9U2A2,1.613e-18,Long (3 C-C) scorpion toxin superfamily,Long (3 C-C) scorpion toxin superfamily
A0A7S8MU86,Q68PG4,0.001354,Long (3 C-C) scorpion toxin superfamily,Long (4 C-C) scorpion toxin superfamily
A0F0C2,A0A7S8MV32,2.944e-15,Long (3 C-C) scorpion toxin superfamily,Long (3 C-C) scorpion toxin superfamily
Q9BLM1,P56678,9.216e-12,Long (3 C-C) scorpion toxin superfamily,Long (4 C-C) scorpion toxin superfamily
Q9BLM2,Q86SD9,4.398e-15,Long (3 C-C) scorpion toxin superfamily,Long (4 C-C) scorpion toxin superfamily
