{
    "chi2_statistic": 121.44580785339578,
    "p_value": 2.4123694008757215e-12,
    "degrees_of_freedom": 32,
    "expected": [
        [
            22.45645933014354,
            155.74641148325358,
            11.590430622009569,
            8.692822966507178,
            10.866028708133971,
            28.251674641148327,
            29.700478468899522,
            37.6688995215311,
            120.97511961722488,
            13.763636363636364,
            11.590430622009569,
            60.12535885167464,
            49.98373205741627,
            27.527272727272727,
            13.039234449760766,
            10.866028708133971,
            144.15598086124402
        ],
        [
            4.865071770334929,
            33.74162679425837,
            2.5110047846889954,
            1.8832535885167465,
            2.354066985645933,
            6.120574162679426,
            6.43444976076555,
            8.160765550239235,
            26.208612440191388,
            2.981818181818182,
            2.5110047846889954,
            13.025837320574162,
            10.828708133971292,
            5.963636363636364,
            2.8248803827751194,
            2.354066985645933,
            31.230622009569377
        ],
        [
            3.678468899521531,
            25.51196172248804,
            1.8985645933014355,
            1.4239234449760765,
            1.7799043062200957,
            4.627751196172249,
            4.865071770334929,
            6.170334928229665,
            19.816267942583732,
            2.2545454545454544,
            1.8985645933014355,
            9.848803827751196,
            8.18755980861244,
            4.509090909090909,
            2.135885167464115,
            1.7799043062200957,
            23.613397129186602
        ]
    ]
}