{
    "chi2_statistic": 2.2264217799902473,
    "p_value": 1.0,
    "degrees_of_freedom": 60,
    "expected": [
        [
            7.6993996795943875,
            13.29896308293576,
            35.697216696301254,
            509.5602697040649,
            16.098744784606446,
            6.999454254176716,
            7.6993996795943875,
            7.6993996795943875,
            23.798144464200835,
            9.09929053042973,
            9.799235955847402,
            23.098199038783164,
            154.6879390173054,
            17.49863563544179,
            41.296780099642625,
            48.296234353819344,
            275.07855218914494,
            20.99836276253015,
            7.6993996795943875,
            60.895252011337426,
            118.99072232100417,
            83.29350562470292,
            128.0900128514339,
            65.09492456384346,
            11.199126806682745,
            180.58591975775929,
            6.999454254176716,
            33.59738042004824,
            85.39334190095593,
            37603.86803513899,
            144.88870306145802
        ],
        [
            1.6501065084590603,
            2.8501839691565585,
            7.650493811946552,
            109.20704892347236,
            3.450222699505308,
            1.500096825871873,
            1.6501065084590603,
            1.6501065084590603,
            5.100329207964368,
            1.9501258736334348,
            2.1001355562206223,
            4.95031952537718,
            33.15213985176839,
            3.7502420646796826,
            8.85057127264405,
            10.350668098515923,
            58.95380525676461,
            4.500290477615619,
            1.6501065084590603,
            13.050842385085295,
            25.50164603982184,
            17.85115222787529,
            27.451771913455275,
            13.950900480608418,
            2.400154921394997,
            38.70249810749432,
            1.500096825871873,
            7.20046476418499,
            18.30118127563685,
            8059.12018731405,
            31.05200429554777
        ],
        [
            1.6504938119465522,
            2.850852947907681,
            7.652289491752196,
            109.23268137246272,
            3.4510325158882456,
            1.500448919951411,
            1.6504938119465522,
            1.6504938119465522,
            5.101526327834797,
            1.9505835959368343,
            2.100628487931975,
            4.951481435839656,
            33.159921130926186,
            3.7511222998785274,
            8.852648627713325,
            10.353097547664737,
            58.96764255409045,
            4.501346759854233,
            1.6504938119465522,
            13.053905603577276,
            25.507631639173987,
            17.85534214742179,
            27.45821523511082,
            13.954174955548122,
            2.4007182719222575,
            38.71158213474641,
            1.500448919951411,
            7.2021548157667725,
            18.305476823407215,
            8061.011777546961,
            31.059292642994208
        ]
    ]
}