{
    "chi2_statistic": 17.327521252160224,
    "p_value": 1.0,
    "degrees_of_freedom": 120,
    "expected": [
        [
            2.0993081351337075,
            3.498846891889513,
            7.697463162156929,
            13.295618189180148,
            6.297924405401123,
            35.68823829727303,
            5.59815502702322,
            2.79907751351161,
            509.43210745911307,
            2.79907751351161,
            16.09469570269176,
            3.498846891889513,
            4.198616270267415,
            2.79907751351161,
            6.997693783779026,
            7.697463162156929,
            7.697463162156929,
            23.792158864848687,
            2.0993081351337075,
            9.097001918912733,
            3.498846891889513,
            9.796771297290636,
            23.092389486470786,
            154.64903262151648,
            17.494234459447565,
            41.28639332429625,
            2.79907751351161,
            5.59815502702322,
            2.0993081351337075,
            48.284087108075276,
            3.498846891889513,
            275.0093657025157,
            20.99308135133708,
            2.79907751351161,
            7.697463162156929,
            60.87993591887752,
            4.898385648645318,
            118.96079432424344,
            5.59815502702322,
            4.198616270267415,
            2.79907751351161,
            3.498846891889513,
            83.2725560269704,
            2.79907751351161,
            5.59815502702322,
            2.0993081351337075,
            2.79907751351161,
            128.05779624315616,
            65.07855218914494,
            3.498846891889513,
            11.19631005404644,
            180.54049962149887,
            2.79907751351161,
            6.997693783779026,
            33.58893016213932,
            5.59815502702322,
            2.79907751351161,
            85.37186416210412,
            2.79907751351161,
            37594.410083974435,
            37.087777054028834
        ],
        [
            0.45039874654507683,
            0.7506645775751281,
            1.6514620706652818,
            2.8525253947854865,
            1.3511962396352306,
            7.6567786912663065,
            1.201063324120205,
            0.6005316620601024,
            109.29676249493865,
            0.6005316620601024,
            3.453057056845589,
            0.7506645775751281,
            0.9007974930901537,
            0.6005316620601024,
            1.5013291551502561,
            1.6514620706652818,
            1.6514620706652818,
            5.104519127510871,
            0.45039874654507683,
            1.951727901695333,
            0.7506645775751281,
            2.101860817210359,
            4.954386211995845,
            33.179374328820664,
            3.7533228878756404,
            8.857842015386511,
            0.6005316620601024,
            1.201063324120205,
            0.45039874654507683,
            10.359171170536767,
            0.7506645775751281,
            59.00223579740506,
            4.503987465450768,
            0.6005316620601024,
            1.6514620706652818,
            13.061563649807228,
            1.0509304086051794,
            25.522595637554353,
            1.201063324120205,
            0.9007974930901537,
            0.6005316620601024,
            0.7506645775751281,
            17.86581694628805,
            0.6005316620601024,
            1.201063324120205,
            0.45039874654507683,
            0.6005316620601024,
            27.47432353924969,
            13.962361142897382,
            0.7506645775751281,
            2.40212664824041,
            38.73429220287661,
            0.6005316620601024,
            1.5013291551502561,
            7.206379944721229,
            1.201063324120205,
            0.6005316620601024,
            18.316215692833126,
            0.6005316620601024,
            8065.7407531292365,
            7.957044522296358
        ],
        [
            0.45029311832121544,
            0.750488530535359,
            1.65107476717779,
            2.8518564160343645,
            1.3508793549636462,
            7.654983011460662,
            1.2007816488565746,
            0.6003908244282873,
            109.27113004594828,
            0.6003908244282873,
            3.4522472404626514,
            0.750488530535359,
            0.9005862366424309,
            0.6003908244282873,
            1.500977061070718,
            1.65107476717779,
            1.65107476717779,
            5.1033220076404415,
            0.45029311832121544,
            1.9512701793919336,
            0.750488530535359,
            2.1013678854990054,
            4.9532243015333695,
            33.17159304966287,
            3.752442652676795,
            8.855764660317236,
            0.6003908244282873,
            1.2007816488565746,
            0.45029311832121544,
            10.356741721387955,
            0.750488530535359,
            58.98839850007922,
            4.502931183212154,
            0.6003908244282873,
            1.65107476717779,
            13.058500431315247,
            1.0506839427495027,
            25.516610038202206,
            1.2007816488565746,
            0.9005862366424309,
            0.6003908244282873,
            0.750488530535359,
            17.861627026741544,
            0.6003908244282873,
            1.2007816488565746,
            0.45029311832121544,
            0.6003908244282873,
            27.467880217594143,
            13.959086667957678,
            0.750488530535359,
            2.401563297713149,
            38.72520817562453,
            0.6003908244282873,
            1.500977061070718,
            7.204689893139447,
            1.2007816488565746,
            0.6003908244282873,
            18.31192014506276,
            0.6003908244282873,
            8063.849162896326,
            7.9551784236748055
        ]
    ]
}