{
    "absolute": {
        "train": 39749,
        "val": 8528,
        "test": 8526,
        "total": 56803
    },
    "relative": {
        "train": 0.6997693783779025,
        "val": 0.1501329155150256,
        "test": 0.15009770610707182
    }
}